date,equity,cash,returns,drawdown
2015-01-02,100000,100000,0,0
2015-01-05,100000,100000,0,0
2015-01-06,100000,100000,0,0
2015-01-07,100000,100000,0,0
2015-01-08,100000,100000,0,0
2015-01-09,100000,100000,0,0
2015-01-12,100000,100000,0,0
2015-01-13,100000,100000,0,0
2015-01-14,100000,100000,0,0
2015-01-15,100000,100000,0,0
2015-01-16,100000,100000,0,0
2015-01-20,100000,100000,0,0
2015-01-21,100000,100000,0,0
2015-01-22,100000,100000,0,0
2015-01-23,100000,100000,0,0
2015-01-26,100000,100000,0,0
2015-01-27,100000,100000,0,0
2015-01-28,100000,100000,0,0
2015-01-29,100000,100000,0,0
2015-01-30,100000,100000,0,0
2015-02-02,100000,100000,0,0
2015-02-03,100000,100000,0,0
2015-02-04,100000,100000,0,0
2015-02-05,100000,100000,0,0
2015-02-06,100000,100000,0,0
2015-02-09,100000,100000,0,0
2015-02-10,100000,100000,0,0
2015-02-11,100000,100000,0,0
2015-02-12,100000,100000,0,0
2015-02-13,100000,100000,0,0
2015-02-17,100000,100000,0,0
2015-02-18,100000,100000,0,0
2015-02-19,100000,100000,0,0
2015-02-20,100000,100000,0,0
2015-02-23,100000,100000,0,0
2015-02-24,100000,100000,0,0
2015-02-25,100000,100000,0,0
2015-02-26,100000,100000,0,0
2015-02-27,100000,100000,0,0
2015-03-02,100000,100000,0,0
2015-03-03,100000,100000,0,0
2015-03-04,100000,100000,0,0
2015-03-05,100000,100000,0,0
2015-03-06,100000,100000,0,0
2015-03-09,100000,100000,0,0
2015-03-10,100000,100000,0,0
2015-03-11,100000,100000,0,0
2015-03-12,100000,100000,0,0
2015-03-13,100000,100000,0,0
2015-03-16,100000,100000,0,0
2015-03-17,100000,100000,0,0
2015-03-18,100000,100000,0,0
2015-03-19,100000,100000,0,0
2015-03-20,100000,100000,0,0
2015-03-23,100000,100000,0,0
2015-03-24,100000,100000,0,0
2015-03-25,100000,100000,0,0
2015-03-26,100000,100000,0,0
2015-03-27,100000,100000,0,0
2015-03-30,100000,100000,0,0
2015-03-31,100000,100000,0,0
2015-04-01,100000,100000,0,0
2015-04-02,100000,100000,0,0
2015-04-06,100000,100000,0,0
2015-04-07,100000,100000,0,0
2015-04-08,100000,100000,0,0
2015-04-09,100000,100000,0,0
2015-04-10,100000,100000,0,0
2015-04-13,100000,100000,0,0
2015-04-14,100000,100000,0,0
2015-04-15,100000,100000,0,0
2015-04-16,100000,100000,0,0
2015-04-17,100000,100000,0,0
2015-04-20,100000,100000,0,0
2015-04-21,100000,100000,0,0
2015-04-22,100000,100000,0,0
2015-04-23,100000,100000,0,0
2015-04-24,100000,100000,0,0
2015-04-27,100000,100000,0,0
2015-04-28,100000,100000,0,0
2015-04-29,100000,100000,0,0
2015-04-30,100000,100000,0,0
2015-05-01,100000,100000,0,0
2015-05-04,100000,100000,0,0
2015-05-05,100000,100000,0,0
2015-05-06,100000,100000,0,0
2015-05-07,100000,100000,0,0
2015-05-08,100000,100000,0,0
2015-05-11,100000,100000,0,0
2015-05-12,100000,100000,0,0
2015-05-13,100000,100000,0,0
2015-05-14,100000,100000,0,0
2015-05-15,100000,100000,0,0
2015-05-18,100000,100000,0,0
2015-05-19,100000,100000,0,0
2015-05-20,100000,100000,0,0
2015-05-21,100000,100000,0,0
2015-05-22,100000,100000,0,0
2015-05-26,100000,100000,0,0
2015-05-27,100000,100000,0,0
2015-05-28,100000,100000,0,0
2015-05-29,100000,100000,0,0
2015-06-01,100000,100000,0,0
2015-06-02,100000,100000,0,0
2015-06-03,100000,100000,0,0
2015-06-04,100000,100000,0,0
2015-06-05,100000,100000,0,0
2015-06-08,100000,100000,0,0
2015-06-09,100000,100000,0,0
2015-06-10,100000,100000,0,0
2015-06-11,100000,100000,0,0
2015-06-12,100000,100000,0,0
2015-06-15,100000,100000,0,0
2015-06-16,100000,100000,0,0
2015-06-17,100000,100000,0,0
2015-06-18,100000,100000,0,0
2015-06-19,100000,100000,0,0
2015-06-22,100000,100000,0,0
2015-06-23,100000,100000,0,0
2015-06-24,100000,100000,0,0
2015-06-25,100000,100000,0,0
2015-06-26,100000,100000,0,0
2015-06-29,100000,100000,0,0
2015-06-30,100000,100000,0,0
2015-07-01,100000,100000,0,0
2015-07-02,100000,100000,0,0
2015-07-06,100000,100000,0,0
2015-07-07,100000,100000,0,0
2015-07-08,100000,100000,0,0
2015-07-09,100000,100000,0,0
2015-07-10,100000,100000,0,0
2015-07-13,100000,100000,0,0
2015-07-14,100000,100000,0,0
2015-07-15,100000,100000,0,0
2015-07-16,100000,100000,0,0
2015-07-17,100000,100000,0,0
2015-07-20,100000,100000,0,0
2015-07-21,100000,100000,0,0
2015-07-22,100000,100000,0,0
2015-07-23,100000,100000,0,0
2015-07-24,100000,100000,0,0
2015-07-27,100000,100000,0,0
2015-07-28,100000,100000,0,0
2015-07-29,100000,100000,0,0
2015-07-30,100000,100000,0,0
2015-07-31,100000,100000,0,0
2015-08-03,100000,100000,0,0
2015-08-04,100000,100000,0,0
2015-08-05,100000,100000,0,0
2015-08-06,100000,100000,0,0
2015-08-07,100000,100000,0,0
2015-08-10,100000,100000,0,0
2015-08-11,100000,100000,0,0
2015-08-12,100000,100000,0,0
2015-08-13,100000,100000,0,0
2015-08-14,100000,100000,0,0
2015-08-17,100000,100000,0,0
2015-08-18,100000,100000,0,0
2015-08-19,100000,100000,0,0
2015-08-20,100000,100000,0,0
2015-08-21,100000,100000,0,0
2015-08-24,100000,100000,0,0
2015-08-25,100000,100000,0,0
2015-08-26,100000,100000,0,0
2015-08-27,100000,100000,0,0
2015-08-28,100000,100000,0,0
2015-08-31,100000,100000,0,0
2015-09-01,100000,100000,0,0
2015-09-02,100000,100000,0,0
2015-09-03,100000,100000,0,0
2015-09-04,100000,100000,0,0
2015-09-08,100000,100000,0,0
2015-09-09,100000,100000,0,0
2015-09-10,100000,100000,0,0
2015-09-11,100000,100000,0,0
2015-09-14,100000,100000,0,0
2015-09-15,100000,100000,0,0
2015-09-16,100000,100000,0,0
2015-09-17,100000,100000,0,0
2015-09-18,100000,100000,0,0
2015-09-21,100000,100000,0,0
2015-09-22,100000,100000,0,0
2015-09-23,100000,100000,0,0
2015-09-24,100000,100000,0,0
2015-09-25,100000,100000,0,0
2015-09-28,100000,100000,0,0
2015-09-29,100000,100000,0,0
2015-09-30,100000,100000,0,0
2015-10-01,100000,100000,0,0
2015-10-02,100000,100000,0,0
2015-10-05,100000,100000,0,0
2015-10-06,100000,100000,0,0
2015-10-07,100000,100000,0,0
2015-10-08,100000,100000,0,0
2015-10-09,100000,100000,0,0
2015-10-12,100000,100000,0,0
2015-10-13,100000,100000,0,0
2015-10-14,100000,100000,0,0
2015-10-15,100000,100000,0,0
2015-10-16,100000,100000,0,0
2015-10-19,100000,100000,0,0
2015-10-20,100000,100000,0,0
2015-10-21,100000,100000,0,0
2015-10-22,100000,100000,0,0
2015-10-23,100000,100000,0,0
2015-10-26,100000,100000,0,0
2015-10-27,100000,100000,0,0
2015-10-28,100000,100000,0,0
2015-10-29,100000,100000,0,0
2015-10-30,100000,100000,0,0
2015-11-02,100000,100000,0,0
2015-11-03,100000,100000,0,0
2015-11-04,100000,100000,0,0
2015-11-05,100000,100000,0,0
2015-11-06,100000,100000,0,0
2015-11-09,100000,100000,0,0
2015-11-10,100000,100000,0,0
2015-11-11,100000,100000,0,0
2015-11-12,100000,100000,0,0
2015-11-13,100000,100000,0,0
2015-11-16,100000,100000,0,0
2015-11-17,100000,100000,0,0
2015-11-18,100000,100000,0,0
2015-11-19,100000,100000,0,0
2015-11-20,100000,100000,0,0
2015-11-23,100000,100000,0,0
2015-11-24,100000,100000,0,0
2015-11-25,100000,100000,0,0
2015-11-27,100000,100000,0,0
2015-11-30,100000,100000,0,0
2015-12-01,100000,100000,0,0
2015-12-02,100000,100000,0,0
2015-12-03,100000,100000,0,0
2015-12-04,100000,100000,0,0
2015-12-07,100000,100000,0,0
2015-12-08,100000,100000,0,0
2015-12-09,100000,100000,0,0
2015-12-10,100000,100000,0,0
2015-12-11,100000,100000,0,0
2015-12-14,100000,100000,0,0
2015-12-15,100000,100000,0,0
2015-12-16,100000,100000,0,0
2015-12-17,100000,100000,0,0
2015-12-18,100000,100000,0,0
2015-12-21,100000,100000,0,0
2015-12-22,100000,100000,0,0
2015-12-23,100000,100000,0,0
2015-12-24,100000,100000,0,0
2015-12-28,100000,100000,0,0
2015-12-29,100000,100000,0,0
2015-12-30,100000,100000,0,0
2015-12-31,100000,100000,0,0
2016-01-04,100000,100000,0,0
2016-01-05,99668.4114702345415,312.8636442345415,-0.003315885297654585,-0.003315885297654585
2016-01-06,100099.1026512345415,312.8636442345415,0.004321240548000744510712237,0
2016-01-07,99206.5027482345415,312.8636442345415,-0.0089171618861559434128385986,-0.0089171618861559434128385986
2016-01-08,96964.1566962345415,312.8636442345415,-0.0226028132217361560880768623,-0.0313184221633113322232651641
2016-01-11,97681.0811532345415,312.8636442345415,0.007393705895323283853300868,-0.0241562754705691467599400139
2016-01-12,99325.9785102345415,312.8636442345415,0.016839467147375365067546939,-0.0077235871303833802266225991
2016-01-13,94132.8100842345415,312.8636442345415,-0.0522840902641084608937654311,-0.0596038566678041700245306249
2016-01-14,95566.2064802345415,312.8636442345415,0.015227383467223897123582253,-0.0452840839821863769628358967
2016-01-15,93314.1172752345415,312.8636442345415,-0.0235657486882226284426021849,-0.0677826793277084334520630374
2016-01-19,93864.0748172345415,312.8636442345415,0.005893615650650944900607729,-0.0622885487367863252429432713
2016-01-20,92793.5352112345415,312.8636442345415,-0.0114052112918012420730234789,-0.0729833459691848599263360486
2016-01-21,92123.9443212345415,312.8636442345415,-0.0072159217608828899054231538,-0.0796726256157066642521340032
2016-01-22,94777.0668232345415,312.8636442345415,0.028799488792496871630983133,-0.0531676677116981358648742953
2016-01-25,92949.8541772345415,312.8636442345415,-0.0192790588192381145497052988,-0.0714217039378407149236119772
2016-01-26,93881.2360792345415,312.8636442345415,0.010020262110622179558389147,-0.0621171060210629556004026566
2016-01-27,91739.2831192345415,312.8636442345415,-0.0228155598440589296959211232,-0.0835154293153585701661619567
2016-01-28,94256.4239902345415,312.8636442345415,0.027437982785721627046720967,-0.0583689414415339028963748315
2016-01-29,95158.8074942345415,312.8636442345415,0.009573708250309725845418316,-0.0493540404074648354395043895
2016-02-01,95790.4322622345415,312.8636442345415,0.006637585995792020897266079,-0.0430440460991171566587737713
2016-02-02,93666.5845389800305,310.3797039800305,-0.0221718147950339686640243020,-0.0642614962760125953636125528
2016-02-03,92018.5690039800305,310.3797039800305,-0.0175944873309025840182050588,-0.0807253355248220321902474410
2016-02-04,92287.1375909800305,310.3797039800305,0.002918634683271196544495522,-0.0780423086056322856683524906
2016-02-05,88628.8069139800305,310.3797039800305,-0.0396407427133979967565078882,-0.1145893962428348066202996711
2016-02-08,86688.0309189800305,310.3797039800305,-0.0218978012068203534763561694,-0.1339779416303199963898257015
2016-02-09,86909.7188939800305,310.3797039800305,0.002557307769595008998355271,-0.1317632566918105513250453416
2016-02-10,87556.3884459800305,310.3797039800305,0.007440704678712208045403709,-0.1253029634936474557046801581
2016-02-11,88077.3403599800305,310.3797039800305,0.005949901808951536577454389,-0.1200986020138537604734652829
2016-02-12,89100.1532559800305,310.3797039800305,0.011612667819210610632135302,-0.1098805993653816120402410294
2016-02-16,91803.9389159800305,310.3797039800305,0.030345465874027923611193159,-0.0828695114696136104573364625
2016-02-17,93732.9591579800305,310.3797039800305,0.021012390805643540356283086,-0.0635984072248423510412661255
2016-02-18,92184.8233499800305,310.3797039800305,-0.0165164507971068170302968429,-0.0790644380582456966715167278
2016-02-19,92745.1169139800305,310.3797039800305,0.006077937166217082883483562,-0.0734670495786288937167872315
2016-02-22,94136.8577529800305,310.3797039800305,0.015006082102315130237591305,-0.0595634200541055248516883132
2016-02-23,92422.0615959800305,310.3797039800305,-0.0182159910361541230764581592,-0.0766944043644713789549069345
2016-02-24,94020.3051009800305,310.3797039800305,0.017292878749953321157488771,-0.0607277926499927521555078493
2016-02-25,95508.2960429800305,310.3797039800305,0.015826272212176535157093045,-0.0458626150151396157242703016
2016-02-26,95070.6904199800305,310.3797039800305,-0.0045818598083152014950815214,-0.0502343387510127157377351038
2016-02-29,94557.3488999800305,310.3797039800305,-0.0053995770697812907168986877,-0.0553626716371584124716731913
2016-03-01,96778.5295149800305,310.3797039800305,0.023490301291647878355139074,-0.0331728561825779537332253591
2016-03-02,96769.3125854044535,403.5654214044535,-0.0000952373385064746387207111,-0.0332649342265509415953046254
2016-03-03,96704.8059544044535,403.5654214044535,-0.0006666021414905599169578585,-0.0339093618916495400321777024
2016-03-04,96267.1191134044535,403.5654214044535,-0.0045260091955136734645170716,-0.0382818970034276067453891704
2016-03-07,94556.1187784044535,403.5654214044535,-0.0177734656522172419111169476,-0.0553749606741527099292821733
2016-03-08,94770.2246714044535,403.5654214044535,0.002264326156425313861362181,-0.0532360214895929031804982494
2016-03-09,95521.7693724044535,403.5654214044535,0.007930177475106986411341435,-0.0457280151129669978877719245
2016-03-10,95914.5243484044535,403.5654214044535,0.004111680285870668393647630,-0.0418043538053483118846581847
2016-03-11,97508.4206264044535,403.5654214044535,0.016617882315823782782137360,-0.0258811713213508674738872149
2016-03-14,97894.7302344044535,403.5654214044535,0.003961807662541409616458106,-0.0220218998816659327034160812
2016-03-15,98568.9726634044535,403.5654214044535,0.006887423126715374218397880,-0.0152861508974897549927415523
2016-03-16,99314.2695044044535,403.5654214044535,0.007561170831566404047153390,-0.0078405612642163730898943520
2016-03-17,99450.9147644044535,403.5654214044535,0.001375887480035685784034797,-0.0064754615142605753821809358
2016-03-18,98941.6520784044535,403.5654214044535,-0.0051207441098598691329194096,-0.0115630464427126704047435718
2016-03-21,98792.6586374044535,403.5654214044535,-0.0015058717726072831958339415,-0.0130515057500765255313109633
2016-03-22,99119.2209504044535,403.5654214044535,0.003305532187351807687919090,-0.0097891157350750029963105459
2016-03-23,99251.0605924044535,403.5654214044535,0.001330111765769099617211464,-0.0084720245873216020689065698
2016-03-24,99293.8798094044535,403.5654214044535,0.000431423268874135290599761,-0.0080442563469889111109129787
2016-03-28,99775.0050514044535,403.5654214044535,0.004845467242528184789812901,-0.0032377672850805605290730917
2016-03-29,101058.8664464044535,403.5654214044535,0.012867565321981691073310191,0
2016-03-30,101373.1705574044535,403.5654214044535,0.003110109207158859263797113,0
2016-03-31,101027.2930854044535,403.5654214044535,-0.0034119231952416878743392672,-0.0034119231952416878743392672
2016-04-01,101829.1886274044535,403.5654214044535,0.007937414905515774017538718,0
2016-04-04,101319.0940412160310,59.6708762160310,-0.0050093160228829018871716766,-0.0050093160228829018871716766
2016-04-05,100048.1753322160310,59.6708762160310,-0.0125437235797133904502057818,-0.0174902041270818199792066120
2016-04-06,100739.8910612160310,59.6708762160310,0.006913826531099802578263177,-0.0106973018333101869509896716
2016-04-07,99779.6637882160310,59.6708762160310,-0.0095317481772588398780055198,-0.0201270860233177848083480442
2016-04-08,99737.8651902160310,59.6708762160310,-0.0004189089881954123253992775,-0.0205375635942718470554275270
2016-04-11,99263.2138252160310,59.6708762160310,-0.0047589886157555515544351678,-0.0251988141786869032224129307
2016-04-12,100216.7526272160310,59.6708762160310,0.009606164915020821617924712,-0.0158347132283295129550743467
2016-04-13,100041.4713292160310,59.6708762160310,-0.0017490219290182683983731379,-0.0175560398966717173764017905
2016-04-14,99581.9030902160310,59.6708762160310,-0.0045937772894968215076917295,-0.0220691686487977082239106182
2016-04-15,100348.6935692160310,59.6708762160310,0.007700098664566870751349034,-0.0145390047602715457570763731
2016-04-18,100836.2471382160310,59.6708762160310,0.004858594084871741765179044,-0.0097510497979279814200198610
2016-04-19,98692.3888662160310,59.6708762160310,-0.0212607899722945658033548705,-0.0308045247484594150438044909
2016-04-20,98059.6485252160310,59.6708762160310,-0.0064112374649044192684038829,-0.0370182670902079359284594782
2016-04-21,96418.3365382160310,59.6708762160310,-0.0167378938399716653079433122,-0.0531365531054839840025051871
2016-04-22,95539.7749212160310,59.6708762160310,-0.0091119765030563084179317751,-0.0617643505851897186425235894
2016-04-25,96022.4150202160310,59.6708762160310,0.005051719029043081537305695,-0.0570246477013143281956333845
2016-04-26,95669.9808972160310,59.6708762160310,-0.0036703317962352900479228906,-0.0604856801199223686216990344
2016-04-27,95218.3221792160310,59.6708762160310,-0.0047210077159442930246257603,-0.0649211344733163698130336919
2016-04-28,94346.8580842160310,59.6708762160310,-0.0091522731660800106154710085,-0.0734792316824447750941100536
2016-04-29,95213.1726822160310,59.6708762160310,0.009182230501271266409908356,-0.0649717044235380310917002409
2016-05-02,96913.0455502160310,59.6708762160310,0.017853337097310099335499959,-0.0482783290670881499690481125
2016-05-03,96305.0238382852795,104.2661542852795,-0.0062738892218148451886880374,-0.0542493254005217604636302929
2016-05-04,96589.0462792852795,104.2661542852795,0.002949196518313816012949562,-0.0514601208038000364890256945
2016-05-05,96498.9535252852795,104.2661542852795,-0.0009327429710766438113613744,-0.0523448647089061808464708667
2016-05-06,97692.3155492852795,104.2661542852795,0.012366579951432401486809236,-0.0406256117119433799841845371
2016-05-09,98645.0786312852795,104.2661542852795,0.009752692180986700432774632,-0.0312691286166475514746423389
2016-05-10,99599.0542052852795,104.2661542852795,0.009670787303700792187504723,-0.0219007384049704215434092530
2016-05-11,98935.0922762852795,104.2661542852795,-0.0066663477308880558526234062,-0.0284210881980877299267423016
2016-05-12,99726.1568842852795,104.2661542852795,0.007995793906886747986360571,-0.0206525434550423426749131808
2016-05-13,99094.2927932852795,104.2661542852795,-0.0063359915867726407581688686,-0.0268576807002383787837868514
2016-05-16,99568.7544462852795,104.2661542852795,0.004787981624630454584247554,-0.0221982931572808575574953423
2016-05-17,97212.0349212852795,104.2661542852795,-0.0236692679154823425105689321,-0.0453421437247571010371831366
2016-05-18,95723.9956682852795,104.2661542852795,-0.0153071505416474212944642130,-0.0599552352465286514480283754
2016-05-19,95073.5436762852795,104.2661542852795,-0.0067950777384390358378068220,-0.0663429125006411250076641735
2016-05-20,94922.9249602852795,104.2661542852795,-0.0015842337434359213901085669,-0.0678220435634557139237609872
2016-05-23,94845.4394792852795,104.2661542852795,-0.0008162989186481462028120537,-0.0685829794212825037629535498
2016-05-24,95948.7909982852795,104.2661542852795,0.011633153107387704341369442,-0.0577476626140633989610245322
2016-05-25,95713.3906442852795,104.2661542852795,-0.0024533957286049272674050818,-0.0600593804738740646369533208
2016-05-26,96126.1754782852795,104.2661542852795,0.004312717700432295533283078,-0.0560056819266884435717115803
2016-05-27,96364.3396522852795,104.2661542852795,0.002477620406876593510582573,-0.0536668223402544529622593464
2016-05-31,95911.1157692852795,104.2661542852795,-0.0047032323848778825668744409,-0.0581176471883081629514094273
2016-06-01,96320.1161812852795,104.2661542852795,0.004264369241453230068250681,-0.0541011130539103850132796782
2016-06-02,96495.0229556975325,406.0104456975325,0.001815890401160426354597258,-0.0523834643446366495666891424
2016-06-03,96413.9486686975325,406.0104456975325,-0.0008401913851787210987623711,-0.0531796435943471902512256644
2016-06-06,95980.1550836975325,406.0104456975325,-0.0044992824273863460376722669,-0.0574396557858148211146762666
2016-06-07,96535.7900086975325,406.0104456975325,0.005789060504387286312358828,-0.0519831169241227960591626850
2016-06-08,96768.5848666975325,406.0104456975325,0.002411487573458776361145396,-0.0496969859911561964298634174
2016-06-09,97309.7471116975325,406.0104456975325,0.005592333976418813173104832,-0.0443825741580213358419729434
2016-06-10,96326.7885836975325,406.0104456975325,-0.0101013367846049954914397015,-0.0540355876136884513277512149
2016-06-13,95508.1241056975325,406.0104456975325,-0.0084988245745228945732169962,-0.0620751732083013455565201269
2016-06-14,95641.2048426975325,406.0104456975325,0.001393397035551880084560676,-0.0607682715350792820560837327
2016-06-15,95243.8322856975325,406.0104456975325,-0.0041548259210406682915868458,-0.0646706158663691651440078744
2016-06-16,96155.1086956975325,406.0104456975325,0.009567825948734357255356154,-0.0557215471142416866234334751
2016-06-17,95519.4267916975325,406.0104456975325,-0.0066110049962269309372493486,-0.0619641766840988714447522200
2016-06-20,96110.0031336975325,406.0104456975325,0.006182787751520849729035434,-0.0561645002852135420391941407
2016-06-21,96709.4078296975325,406.0104456975325,0.006236652548706870222218757,-0.0502781262103572965934556435
2016-06-22,96512.2909766975325,406.0104456975325,-0.0020382386514776005215594732,-0.0522138860416690778572773651
2016-06-23,97695.2892476975325,406.0104456975325,0.012257488233137370256647581,-0.0405964089022938419050714342
2016-06-24,95770.1856146975325,406.0104456975325,-0.0197051838202666516525789375,-0.0595016330226980838837343531
2016-06-27,94849.9465716975325,406.0104456975325,-0.0096088259315096698380502445,-0.0685387181198520802741121541
2016-06-28,96253.1740186975325,406.0104456975325,0.014794182787855274106631213,-0.0547585096559071862073679581
2016-06-29,97404.5191346975325,406.0104456975325,0.011961632722639847527681300,-0.0434518781142104281358425028
2016-06-30,99387.5558116975325,406.0104456975325,0.020358774876325022039645069,-0.0239777302423661304371577174
2016-07-01,99125.7073316975325,406.0104456975325,-0.0026346203793974521152962690,-0.0265491784050153501364200468
2016-07-05,99249.6498429918100,639.1633209918100,0.001250356891573416009236916,-0.0253320174616262571831165038
2016-07-06,99857.9702759918100,639.1633209918100,0.006129194752448333815176285,-0.0193580875776726525848870621
2016-07-07,98913.7146019918100,639.1633209918100,-0.0094559870523126498375209018,-0.0286310248044932954723349027
2016-07-08,100551.4701339918100,639.1633209918100,0.016557416113528717614361157,-0.0125476644824093355503592002
2016-07-11,100595.9203069918100,639.1633209918100,0.000442063879730122897450813,-0.0121111474719218583881957287
2016-07-12,100541.1215259918100,639.1633209918100,-0.0005447415842786545921547144,-0.0126492916105392258448285198
2016-07-13,100638.1323559918100,639.1633209918100,0.000964887088263888503873430,-0.0116966096604260313673284443
2016-07-14,100474.4244579918100,639.1633209918100,-0.0016266984905970697072167553,-0.0133042812937433829452578946
2016-07-15,100308.6481399918100,639.1633209918100,-0.0016499354825297934723463208,-0.0149322655704970718240964362
2016-07-18,100367.6285249918100,639.1633209918100,0.000587989032786947253441258,-0.0143530565461002389770542215
2016-07-19,100492.0707929918100,639.1633209918100,0.001239864584117512947792785,-0.0131309878084680717488675916
2016-07-20,100782.4011849918100,639.1633209918100,0.002889087563914020513691580,-0.0102798368181334029595702307
2016-07-21,99890.3217399918100,639.1633209918100,-0.0088515398969561919166309658,-0.0190403843293596878667845317
2016-07-22,101304.8315249918100,639.1633209918100,0.014160628981473095168662716,-0.0051493791660393096571370201
2016-07-25,101422.4876569918100,639.1633209918100,0.001161406916421102176277920,-0.0039939527741969202621960645
2016-07-26,100887.7774579918100,639.1633209918100,-0.0052721069198023997601783965,-0.0092450031479411124476434664
2016-07-27,99800.8889739918100,639.1633209918100,-0.0107732424222801856705705136,-0.0199186469101137850662287227
2016-07-28,101255.5616509918100,639.1633209918100,0.014575748692770550785312425,-0.0056332274090050834541854997
2016-07-29,100830.7793299918100,639.1633209918100,-0.0041951505090075139371236825,-0.0098047456811803546365562138
2016-08-01,101176.3140729918100,639.1633209918100,0.003426877638911809312580691,-0.0064114677059985994171440320
2016-08-02,100409.5282013087430,609.1996443087430,-0.0075787092928675311422175235,-0.0139415863489817589019175845
2016-08-03,99281.8974323087430,609.1996443087430,-0.0112303163773386040275545558,-0.0250153343008193127679134049
2016-08-04,99265.5695443087430,609.1996443087430,-0.0001644598705532647113619859,-0.0251756801527316180924925240
2016-08-05,98275.3464423087430,609.1996443087430,-0.0099754940866782454334818872,-0.0349000343909181864028491506
2016-08-08,98094.2729453087430,609.1996443087430,-0.0018425119173331719420437839,-0.0366782425789707540376382405
2016-08-09,98605.0816983087430,609.1996443087430,0.005207324930017016855102924,-0.0316619131759244232321158044
2016-08-10,98949.6911093087430,609.1996443087430,0.003494844333219701393366100,-0.0282777223005464955077601447
2016-08-11,98900.1241043087430,609.1996443087430,-0.0005009313767866523289516049,-0.0287644884789687444590598978
2016-08-12,99294.0756903087430,609.1996443087430,0.003983327519230452264263725,-0.0248957393382731556888411908
2016-08-15,98753.9468453087430,609.1996443087430,-0.0054396885337310956969846814,-0.0302000028041870887249000953
2016-08-16,97594.1987423087430,609.1996443087430,-0.0117438152099041219769756390,-0.0415891547618202512341868287
2016-08-17,97949.7065513087430,609.1996443087430,0.003642714562765105481025009,-0.0380979376187591201142185568
2016-08-18,98486.1878163087430,609.1996443087430,0.005477109466570748713747849,-0.0328294947269768988253144775
2016-08-19,98366.6570303087430,609.1996443087430,-0.0012136807064046639164886823,-0.0340033309090304172300785985
2016-08-22,98569.1908083087430,609.1996443087430,0.002058967785573878703042253,-0.0320143748864004407091393768
2016-08-23,98508.8871843087430,609.1996443087430,-0.0006117897844700252516510785,-0.0326065786033587724460190737
2016-08-24,97230.0483053087430,609.1996443087430,-0.0129819645267874200669551853,-0.0451652456833774832303220968
2016-08-25,97289.8941363087430,609.1996443087430,0.000615507572433576878963622,-0.0445775376616728481130820648
2016-08-26,96125.7995403087430,609.1996443087430,-0.0119652159798738854629636802,-0.0560093737755738556557954036
2016-08-29,97104.7572553087430,609.1996443087430,0.010184130791957579392914131,-0.0463956497717223593120975629
2016-08-30,95394.5036903087430,609.1996443087430,-0.0176124590940831581253090429,-0.0631909673820576487708396061
2016-08-31,95217.5697903087430,609.1996443087430,-0.0018547598986876950946543518,-0.0649285232084858211755345314
2016-09-01,95448.6055103087430,609.1996443087430,0.002426397990505265410693879,-0.0626596676562201002492291515
2016-09-02,96037.3580903188085,517.6533283188085,0.006168268010437076635187539,-0.0568779012693315048126290756
2016-09-06,96963.2436633188085,517.6533283188085,0.009640889664303825732483327,-0.0477853651755024706350986598
2016-09-07,96753.7734493188085,517.6533283188085,-0.0021603053495955042418510504,-0.0498424395450769621782135779
2016-09-08,95954.2642313188085,517.6533283188085,-0.0082633388807186508363221368,-0.0576939134571929097295127879
2016-09-09,92416.3109283188085,517.6533283188085,-0.0368712462269627460731589479,-0.0924379131952784165286273941
2016-09-12,93879.7029503188085,517.6533283188085,0.015834780757858382292110338,-0.0780668665265812123576284556
2016-09-13,92096.8694703188085,517.6533283188085,-0.0189906169701397167649397128,-0.0955749455364556037450461414
2016-09-14,91958.2965773188085,517.6533283188085,-0.0015046428157328365168032724,-0.0969357821970229552069273445
2016-09-15,92799.0831593188085,517.6533283188085,0.009143129149777846832749439,-0.0886789494231072254081145277
2016-09-16,92505.7936713188085,517.6533283188085,-0.0031604782936968931466499289,-0.0915591598220445435441455735
2016-09-19,93248.5779173188085,517.6533283188085,0.008029597028691819224375144,-0.0842647459510093325824286443
2016-09-20,93230.0793113188085,517.6533283188085,-0.0001983794971801312959005567,-0.0844464090502576911424023066
2016-09-21,95501.2348783188085,517.6533283188085,0.024360759786721164196838802,-0.0621428279492610506876411974
2016-09-22,96204.4700333188085,517.6533283188085,0.007363623683987065754962914,-0.0552368006649510969852565297
2016-09-23,95349.3382033188085,517.6533283188085,-0.0088886912396465507140218014,-0.0636345090384209941162318380
2016-09-26,95174.6722033188085,517.6533283188085,-0.0018318533016721077744371543,-0.0653497932546107868085222574
2016-09-27,95496.8653393188085,517.6533283188085,0.003385282329228394192786692,-0.0621857384257059554233704062
2016-09-28,96122.6228343188085,517.6533283188085,0.006552649584638854379380140,-0.0560405701941327636190297868
2016-09-29,94951.7296493188085,517.6533283188085,-0.0121812446484965680484594150,-0.0675391709468533556630775927
2016-09-30,95528.3375283188085,517.6533283188085,0.006072642184924502133478640,-0.0618766699805555425468942579
2016-10-03,94455.8024573188085,517.6533283188085,-0.0112274022426283022662101554,-0.0724093579598777841663335654
2016-10-04,91987.8193792175965,360.2648392175965,-0.0261284432919449823290675467,-0.0966458574485619547947891168
2016-10-05,92033.6723242175965,360.2648392175965,0.000498467572222495299389533,-0.0961955647022672055368854920
2016-10-06,91997.4786072175965,360.2648392175965,-0.0003932660306381802603876746,-0.0965510002850099269308226493
2016-10-07,90475.6420492175965,360.2648392175965,-0.0165421550790263223518297858,-0.1114959937442865004229092886
2016-10-10,91071.9006892175965,360.2648392175965,0.006590267020991604535213778,-0.1056405150938405534579188272
2016-10-11,89598.8599722175965,360.2648392175965,-0.0161744808865551631044620934,-0.1201063154881645503178276801
2016-10-12,90264.5203472175965,360.2648392175965,0.007429339784082129121062172,-0.1135692863320581616977052741
2016-10-13,90034.4337762175965,360.2648392175965,-0.0025490255763275921255716661,-0.1158288208928400659364807698
2016-10-14,90090.4689692175965,360.2648392175965,0.000622375136375895958837685,-0.1152785347346636105407971035
2016-10-17,89929.1637172175965,360.2648392175965,-0.0017904807672287209586601671,-0.1168626115025756082395917433
2016-10-18,91039.3818552175965,360.2648392175965,0.012345473838621281572590813,-0.1059598619769723362951911368
2016-10-19,91381.8897702175965,360.2648392175965,0.003762195085470809181353534,-0.1025963085634884576965020495
2016-10-20,92165.9427012175965,360.2648392175965,0.008579959694109234996622906,-0.0948966210616183478143688101
2016-10-21,91854.5977472175965,360.2648392175965,-0.0033780911351312728238083018,-0.0979541427623874560612554209
2016-10-24,92361.6806742175965,360.2648392175965,0.005520495864512783705649137,-0.0929744023379063271298673077
2016-10-25,91559.6548972175965,360.2648392175965,-0.0086835338112668446983768956,-0.1008505897828896350633125432
2016-10-26,90828.6143272175965,360.2648392175965,-0.0079843089275581746333681202,-0.1080296764460947767506118617
2016-10-27,89800.6173422175965,360.2648392175965,-0.0113179859960932116077178158,-0.1181249840770086070063547301
2016-10-28,90388.7915272175965,360.2648392175965,0.006549778859075661153203602,-0.1123488977413691859277998128
2016-10-31,91241.2772272175965,360.2648392175965,0.009431320914864782907039967,-0.1039771753355345829933873756
2016-11-01,90085.9510082175965,360.2648392175965,-0.0126623196661626969484417631,-0.1153229027696140934738341749
2016-11-02,89062.4030778199335,93.1301848199335,-0.0113619040365605449084488678,-0.1253745190516886807695051540
2016-11-03,88994.2427608199335,93.1301848199335,-0.0007653096553036375351040439,-0.1260438783770330111032323730
2016-11-04,88954.4333928199335,93.1301848199335,-0.0004473252062719525866774532,-0.1264348209794106404937897801
2016-11-07,91072.4299568199335,93.1301848199335,0.023809904500734605293702245,-0.1056353174917632787053282736
2016-11-08,91489.2250178199335,93.1301848199335,0.004576522897188694350632573,-0.1015422370438274363962324017
2016-11-09,92005.3817158199335,93.1301848199335,0.005641721174263580261490696,-0.0964733888583761090780528308
2016-11-10,91206.0551478199335,93.1301848199335,-0.0086878240499985796077548559,-0.1043230690804660237114673532
2016-11-11,90447.3048288199335,93.1301848199335,-0.0083190783525312479653630603,-0.1117742756473403448147113992
2016-11-14,89717.5542228199335,93.1301848199335,-0.0080682404785982505688194951,-0.1189406943906947253364689539
2016-11-15,91487.1473108199335,93.1301848199335,0.019724045125049770938755317,-0.1015626408890117713303656654
2016-11-16,91847.8635858199335,93.1301848199335,0.003942808204244216033467066,-0.0980202746985094599876588920
2016-11-17,91933.3227868199335,93.1301848199335,0.000930442991960824916786235,-0.0971810339842119381583459284
2016-11-18,91437.6537298199335,93.1301848199335,-0.0053916147265707428627672936,-0.1020486860168100321022908480
2016-11-21,91134.7400818199335,93.1301848199335,-0.0033127889402657852112158780,-0.1050234091986706733535099313
2016-11-22,91242.3223128199335,93.1301848199335,0.001180474437118201687485352,-0.1039669122114105069944927224
2016-11-23,91424.8714168199335,93.1301848199335,0.002000706463543739462496661,-0.1021742130211228210686493198
2016-11-25,91556.9288738199335,93.1301848199335,0.001444436890678575978328798,-0.1008773603330080062088537311
2016-11-28,90988.5391148199335,93.1301848199335,-0.0062080474519119338342748845,-0.1064591563451490077010211399
2016-11-29,91764.8089978199335,93.1301848199335,0.008531512765804628114491557,-0.0988359012307398091217982869
2016-11-30,91589.3348098199335,93.1301848199335,-0.0019122165666379664047213616,-0.1005591221496657610905156973
2016-12-01,89976.4269928199335,93.1301848199335,-0.0176102143371726821001894391,-0.1163984687922249001845849095
2016-12-02,90674.9378049409675,205.9333149409675,0.007763264617929035526314326,-0.1095388362886516612632964943
2016-12-05,92041.2846829409675,205.9333149409675,0.015068627683420880166808531,-0.0961208085461396652218331919
2016-12-06,92203.2738089409675,205.9333149409675,0.001759961592865763661069898,-0.0945300158845903106345333627
2016-12-07,93198.5865509409675,205.9333149409675,0.010794765748366348682444975,-0.0847556795138874643051095507
2016-12-08,93178.0336899409675,205.9333149409675,-0.0002205276041259071078869775,-0.0849575161510741105832830977
2016-12-09,92296.5147929409675,205.9333149409675,-0.0094605870299145876095364450,-0.0936143552055960873662088582
2016-12-12,91458.7532909409675,205.9333149409675,-0.0090768487182798127725178258,-0.1018414805838153941744133487
2016-12-13,91900.5190729409675,205.9333149409675,0.004830218717225364893984979,-0.0975031784922959179791173982
2016-12-14,90623.3218119409675,205.9333149409675,-0.0138976066064033341116881953,-0.1100457242811393968631082117
2016-12-15,90464.8490459409675,205.9333149409675,-0.0017486973864063197619576465,-0.1116019849971100976801753549
2016-12-16,90024.5170439409675,205.9333149409675,-0.0048674375367208672433336685,-0.1159262068428834721672604792
2016-12-19,89434.3143599409675,205.9333149409675,-0.0065560216636532697548170766,-0.1217222137830896479564432143
2016-12-20,89984.2147079409675,205.9333149409675,0.006148650570371107949474478,-0.1163219905719227681083997570
2016-12-21,89831.5807749409675,205.9333149409675,-0.0016962300943048658060756864,-0.1178209118051900916463461546
2016-12-22,88870.2635989409675,205.9333149409675,-0.0107013276144881657975299308,-0.1272613992426132019882447663
2016-12-23,89339.1965109409675,205.9333149409675,0.005276600889992050072326223,-0.1226563059651263583445358229
2016-12-27,89618.3949119409675,205.9333149409675,0.003125150123393015226718947,-0.1199144752114551891862052370
2016-12-28,88519.8989779409675,205.9333149409675,-0.0122574827978048711546339351,-0.1307021083921478497199321147
2016-12-29,89285.0305029409675,205.9333149409675,0.008643610463119368043148018,-0.1231882360406786125925803444
2016-12-30,88118.7924279409675,205.9333149409675,-0.0130619664733337934080207958,-0.1346411219049399322776126118
2017-01-03,89263.1125099409675,205.9333149409675,0.012986107168181705604743602,-0.1234034787750599939885078436
2017-01-04,90590.8850490815245,111.8015640815245,0.014874817848108163595612206,-0.1103642651955537297327220322
2017-01-05,90605.7807410815245,111.8015640815245,0.000164428154023769781361475,-0.1102179840339262546346021413
2017-01-06,90268.2209870815245,111.8015640815245,-0.0037255873879021406682389218,-0.1135329446905916001427179260
2017-01-09,89852.6454890815245,111.8015640815245,-0.0046037851799413869699983995,-0.1176140485823313363284401146
2017-01-10,91007.9093750815245,111.8015640815245,0.012857316328436676840280521,-0.1062689332811858127621488380
2017-01-11,91595.6781550815245,111.8015640815245,0.006458436239619129029297990,-0.1004968281714155615443934924
2017-01-12,90634.3802060815245,111.8015640815245,-0.0104950142666384017363839718,-0.1099371267926430489193489402
2017-01-13,90884.6318610815245,111.8015640815245,0.002761111781544551579040844,-0.1074795637071148212427972176
2017-01-17,90327.6673120815245,111.8015640815245,-0.0061282588441501130366982814,-0.1129491599644114123667997664
2017-01-18,91302.3003280815245,111.8015640815245,0.010789972164703966477143941,-0.1033779060917501406819740341
2017-01-19,90841.0612050815245,111.8015640815245,-0.0050517798712913514598024325,-0.1079074435379109411980667017
2017-01-20,91440.9589590815245,111.8015640815245,0.006603817106954300326662109,-0.1020162274525600024130104476
2017-01-23,91536.4169370815245,111.8015640815245,0.001043930193718944177470830,-0.1010787950789280850699372701
2017-01-24,94012.2299880815245,111.8015640815245,0.027047301323819294409173147,-0.0767654023830571414371922176
2017-01-25,93913.2738680815245,111.8015640815245,-0.0010525877326018672368756268,-0.0777371877948223565817161307
2017-01-26,93146.8899460815245,111.8015640815245,-0.0081605495201511902560292121,-0.0852633591444166062919314603
2017-01-27,93485.1427330815245,111.8015640815245,0.003631391098466079457656196,-0.0819415926493728776949551297
2017-01-30,92777.1869130815245,111.8015640815245,-0.0075729233469895120645726356,-0.0888939785962984497072555861
2017-01-31,93288.4779870815245,111.8015640815245,0.005510956852776792728040318,-0.0838729126240375214586066216
2017-02-01,92831.4284670815245,111.8015640815245,-0.0048993137187133834924610168,-0.0883613066313035089943081540
2017-02-02,93166.4112489423415,107.8141929423415,0.003608506164263146308902220,-0.0850716527867017674246565291
2017-02-03,94003.7546599423415,107.8141929423415,0.008987610446458039592926631,-0.0768486332155269398317344198
2017-02-06,93469.9637589423415,107.8141929423415,-0.0056783997929761777880720165,-0.0820906557455615672247068283
2017-02-07,93024.8264899423415,107.8141929423415,-0.0047623562810830060238456632,-0.0864620670766364753620793829
2017-02-08,92476.3451389423415,107.8141929423415,-0.0058960749693986336919704914,-0.0918483552165420870339409730
2017-02-09,93503.2945359423415,107.8141929423415,0.011104995504061562146716696,-0.0817633352842156740920824962
2017-02-10,93955.8087989423415,107.8141929423415,0.004839554212991448015437548,-0.0773194791649671843558167954
2017-02-13,94362.1573439423415,107.8141929423415,0.004324890075392275871183861,-0.0733289873376499749140030216
2017-02-14,94608.1936609423415,107.8141929423415,0.002607362145221179700609900,-0.0709128204181603869747094609
2017-02-15,94385.0118479423415,107.8141929423415,-0.0023590114594074261876444837,-0.0731045477215824718977026416
2017-02-16,93799.0683739423415,107.8141929423415,-0.0062080139900175683747045963,-0.0788587276566105493338405353
2017-02-17,93415.5784179423415,107.8141929423415,-0.0040884196682121273980473235,-0.0826247397516612065150639815
2017-02-21,94177.4699079423415,107.8141929423415,0.008155936117970484127722205,-0.0751426857328692076307919474
2017-02-22,93468.5246429423415,107.8141929423415,-0.0075277586634360408737781073,-0.0821047883927857905406364209
2017-02-23,92718.4657629423415,107.8141929423415,-0.0080247215077512806762732361,-0.0894706418392321153789652117
2017-02-24,92577.9325149423415,107.8141929423415,-0.0015156985918997835791147554,-0.0908507299052798049779383215
2017-02-27,93559.4492189423415,107.8141929423415,0.010602059014890837118190639,-0.0812118756903906521847205309
2017-02-28,93115.6823609423415,107.8141929423415,-0.0047431538097399739795483895,-0.0855698290825536205628197615
2017-03-01,95807.7403689423415,107.8141929423415,0.028910898140281383863771108,-0.0591328315547592320433580271
2017-03-02,94024.9767714787525,135.9135294787525,-0.0186077199044504467851542672,-0.0766402242924816700066204365
2017-03-03,94949.4387964787525,135.9135294787525,0.009832089905715599917522833,-0.0675616679624039586223498688
2017-03-06,94989.2541694787525,135.9135294787525,0.000419332367886270993442550,-0.0671706663887227084944702742
2017-03-07,94214.3657404787525,135.9135294787525,-0.0081576430489437556033939993,-0.0747803551179075803365265615
2017-03-08,92326.4525714787525,135.9135294787525,-0.0200384851520458426124649000,-0.0933203552342585165642700690
2017-03-09,92169.4808384787525,135.9135294787525,-0.0017001815690738593299586373,-0.0948618752553436643080757488
2017-03-10,92086.1317004787525,135.9135294787525,-0.0009043029996671474001706675,-0.0956803943766633536883850574
2017-03-13,92618.7045884787525,135.9135294787525,0.005783421218433385150362679,-0.0904503331812560377238905137
2017-03-14,91218.7177514787525,135.9135294787525,-0.0151155950973444138650400816,-0.1041987176658126890639645893
2017-03-15,92836.5030664787525,135.9135294787525,0.017735234115081320338053515,-0.0883114722030258165731435127
2017-03-16,92358.7630224787525,135.9135294787525,-0.0051460366151221562654870403,-0.0930030547486558594731108985
2017-03-17,91854.0831014787525,135.9135294787525,-0.0054643425754540302328557202,-0.0979591967723995273704206563
2017-03-20,91864.9772964787525,135.9135294787525,0.000118603274151289362898671,-0.0978522117797186750087739315
2017-03-21,89464.1617364787525,135.9135294787525,-0.0261341768174804186751060230,-0.1214291015925663855467442912
2017-03-22,90087.5649974787525,135.9135294787525,0.006968189819251490602303438,-0.1153070528027930709961859857
2017-03-23,90105.2027204787525,135.9135294787525,0.000195784212843288865196552,-0.1151338438905180565175007083
2017-03-24,91028.1934424787525,135.9135294787525,0.010243478668632153641512785,-0.1060697362958160489940705159
2017-03-27,90533.0444404787525,135.9135294787525,-0.0054395125650042428726323004,-0.1109322811974725138708896692
2017-03-28,91651.6219044787525,135.9135294787525,0.012355460604612854134422281,-0.0999474400229748666331447753
2017-03-29,92504.3217904787525,135.9135294787525,0.009303707542553930478610742,-0.0915736142320216440077931117
2017-03-30,93579.1029654787525,135.9135294787525,0.011618713095744513020321119,-0.0810188686871793769791423706
2017-03-31,93632.2350544787525,135.9135294787525,0.000567777284845318299054686,-0.0804970920756185047646396959
2017-04-03,93477.0342404787525,135.9135294787525,-0.0016575575058066096028429141,-0.0820212210222595671599239791
2017-04-04,93763.3983076725305,80.8032006725305,0.003063469755117375835522263,-0.0792090207970216809995035785
2017-04-05,93000.5532656725305,80.8032006725305,-0.0081358510438883851197009092,-0.0867004390463732404691289094
2017-04-06,93374.3986156725305,80.8032006725305,0.004019818558842812809095520,-0.0830291405214688588752482793
2017-04-07,93276.3893586725305,80.8032006725305,-0.0010496373572739618855674690,-0.0839916273911091377661338187
2017-04-10,92761.9690266725305,80.8032006725305,-0.0055150111999073739571262865,-0.0890434238252560978601372960
2017-04-11,92295.3870556725305,80.8032006725305,-0.0050298842930537649301304990,-0.0936254299994114777534780743
2017-04-12,90924.8183196725305,80.8032006725305,-0.0148498075550977822539461077,-0.1070849179367547208939548528
2017-04-13,89908.5317356725305,80.8032006725305,-0.0111772187482074497944937562,-0.1170652251325492195995758290
2017-04-17,91303.4768646725305,80.8032006725305,0.015515158595861431822012459,-0.1033663520706795125264745023
2017-04-18,90815.1776036725305,80.8032006725305,-0.0053480905412150246983421535,-0.1081616300021054340417585998
2017-04-19,90796.3351616725305,80.8032006725305,-0.0002074811996980339436778504,-0.1083466696970493362883120565
2017-04-20,91274.2737276725305,80.8032006725305,0.005263853052537633339672701,-0.1036531375925288027947268007
2017-04-21,90440.8604156725305,80.8032006725305,-0.0091308676362255817856492534,-0.1118375621493175261196735864
2017-04-24,91415.1038856725305,80.8032006725305,0.010772160564619893697960634,-0.1022701337613257371560649825
2017-04-25,92756.2654686725305,80.8032006725305,0.014671115887778364877109875,-0.0890994348578183768476245835
2017-04-26,92621.4380426725305,80.8032006725305,-0.0014535667786833932951452994,-0.0904234896579929802402432230
2017-04-27,92139.5345406725305,80.8032006725305,-0.0052029369461741407477911012,-0.0951559588890235539928267911
2017-04-28,91625.7402646725305,80.8032006725305,-0.0055762629859303150009806940,-0.1002016072235103002108969753
2017-05-01,92482.9505546725305,80.8032006725305,0.009355561958068112108110427,-0.0917834876101197440133648217
2017-05-02,89864.0194703622565,201.2219003622565,-0.0283179880032272319987771699,-0.1175023519123092498144337083
2017-05-03,89883.9888943622565,201.2219003622565,0.000222218237262200886941177,-0.1173062448405631650884741689
2017-05-04,89902.3226743622565,201.2219003622565,0.000203971588550070895858215,-0.1171262003931200674194025680
2017-05-05,90649.7560193622565,201.2219003622565,0.008313837982888378096440990,-0.1097861306638514066219080135
2017-05-08,89987.4935143622565,201.2219003622565,-0.0073057284882106534417137108,-0.1162897914896607436641884076
2017-05-09,90544.9287083622565,201.2219003622565,0.006194585183229175937513618,-0.1108155733257542304890616386
2017-05-10,91723.2308833622565,201.2219003622565,0.013013453009557432761923240,-0.0992442135723986664861938403
2017-05-11,91683.5774023622565,201.2219003622565,-0.0004323166619634718267705990,-0.0996336253072313290359612649
2017-05-12,91662.5219783622565,201.2219003622565,-0.0002296531679560913415148887,-0.0998403972975006645082814435
2017-05-15,92498.9343293622565,201.2219003622565,0.009124910955400534175933941,-0.0916265210771916360312953716
2017-05-16,93710.1333413622565,201.2219003622565,0.013094194228089878765381684,-0.0797321023125306756074751894
2017-05-17,89672.8014863622565,201.2219003622565,-0.0430831940052099133948969127,-0.1193801826853665839263828360
2017-05-18,90913.4846173622565,201.2219003622565,0.013835668234238084939608326,-0.1071962190525059648722349363
2017-05-19,91801.2127833622565,201.2219003622565,0.009764537898159780671394252,-0.0984784026978238162305578135
2017-05-22,92393.2125823622565,201.2219003622565,0.006448714358458803012685303,-0.0926647474288405577847950600
2017-05-23,92706.2785393622565,201.2219003622565,0.003388408609787467027990571,-0.0895903248470647551509481369
2017-05-24,93151.7198533622565,201.2219003622565,0.004804866736300601291825320,-0.0852159276825161805557696702
2017-05-25,93854.8625553622565,201.2219003622565,0.007548359848931125000947498,-0.0783108083205931790644837872
2017-05-26,93718.8164383622565,201.2219003622565,-0.0014495372247735203741392750,-0.0796468311136038956940573012
2017-05-30,94114.8756973622565,201.2219003622565,0.004226037780369147456399034,-0.0757573838506075191979323627
2017-05-31,93903.2764993622565,201.2219003622565,-0.0022483076817784126231769658,-0.0778353656243231750752920865
2017-06-01,93907.0467513622565,201.2219003622565,0.000040150377500678643969080,-0.0777983403661352163524857399
2017-06-02,94414.1263894687095,75.3978344687095,0.005399803908742312589300870,-0.0728186322397956255427819439
2017-06-05,94181.4126214687095,75.3978344687095,-0.0024648193750162976550967173,-0.0751039668392050885210477085
2017-06-06,94788.5029194687095,75.3978344687095,0.006445967214783667434812773,-0.0691421173323671368297007205
2017-06-07,95729.2858014687095,75.3978344687095,0.009925073748651553208795609,-0.0599032841973772462497623244
2017-06-08,96476.5721574687095,75.3978344687095,0.007806246017021208073354954,-0.0525646579540283037800364660
2017-06-09,93143.7461884687095,75.3978344687095,-0.0345454434633122495140790188,-0.0852942319978213219838765707
2017-06-12,92297.3801244687095,75.3978344687095,-0.0090866654889255568660939808,-0.0936058573324478658902453281
2017-06-13,93239.6329694687095,75.3978344687095,0.010208879642404951532416567,-0.0843525886213740036373119741
2017-06-14,92034.9748394687095,75.3978344687095,-0.0129200222226793294193583784,-0.0961827735245246533904536388
2017-06-15,91091.1462754687095,75.3978344687095,-0.0102551075354371058054831120,-0.1054515163744111658669640093
2017-06-16,90675.1213764687095,75.3978344687095,-0.0045671277177904779182224456,-0.1095370335488850341048641146
2017-06-19,92425.7156724687095,75.3978344687095,0.019306225008862247733829917,-0.0923455551565208536659344357
2017-06-20,92273.1436794687095,75.3978344687095,-0.0016507526275552264956154540,-0.0938438681162584072672053471
2017-06-21,94479.0685824687095,75.3978344687095,0.023906467418762395838946537,-0.0721808760730679782522233118
2017-06-22,94690.1324984687095,75.3978344687095,0.002233975410286426891041431,-0.0701081509650217171317820186
2017-06-23,95192.2749784687095,75.3978344687095,0.005303007470267511189306337,-0.0651769275430483585319824694
2017-06-26,95038.5542634687095,75.3978344687095,-0.0016148444297057685040965954,-0.0666865213743658989139724288
2017-06-27,92673.4770164687095,75.3978344687095,-0.0248854505976959881533870384,-0.0899124478388679069188671602
2017-06-28,93833.0731034687095,75.3978344687095,0.012512707241942933244793390,-0.0785247887341391923704080132
2017-06-29,91632.1384704687095,75.3978344687095,-0.0234558515479190723095388358,-0.1001387744946785877739341492
2017-06-30,90834.2864234687095,75.3978344687095,-0.0087071202344266198377688262,-0.1079739743794519073670407195
2017-07-03,89920.9021304687095,75.3978344687095,-0.0100555013856971342827902317,-0.1169437433161572361205717515
2017-07-05,92101.0520360621020,247.6812380621020,0.024245196099458088769274907,-0.0955338712060040707116080519
2017-07-06,91399.6316970621020,247.6812380621020,-0.0076157690221101856764483236,-0.1024220763312213063417024528
2017-07-07,92933.4368060621020,247.6812380621020,0.016781305137899169048861974,-0.0873595473090935622753935540
2017-07-10,93370.4281990621020,247.6812380621020,0.004702197702124525302238209,-0.0830681314695844954794217523
2017-07-11,94160.7526970621020,247.6812380621020,0.008464398345855917819168592,-0.0753068548783330705755566947
2017-07-12,95743.0029690621020,247.6812380621020,0.016803713082992035120584759,-0.0597685765778990634362157334
2017-07-13,94796.9552660621020,247.6812380621020,-0.0098811158378404002422745278,-0.0690591121871104084523467323
2017-07-14,96306.4882630621020,247.6812380621020,0.015923855283782750102605669,-0.0542349442118217221390295696
2017-07-17,95963.6217320621020,247.6812380621020,-0.0035601602465605096313236349,-0.0576020193660248770633695472
2017-07-18,95886.9829360621020,247.6812380621020,-0.0007986234222587125885428320,-0.0583546404664484822265194231
2017-07-19,95740.0704840621020,247.6812380621020,-0.0015321417725486464035973950,-0.0597973746567164252823864322
2017-07-20,95335.7351690621020,247.6812380621020,-0.0042232610959620079303661124,-0.0637680958266500582047751328
2017-07-21,95323.8432360621020,247.6812380621020,-0.0001247374132995526882919072,-0.0638848789726251565638181480
2017-07-24,95394.8661720621020,247.6812380621020,0.000745070001259991263313039,-0.0631874076782217935152694313
2017-07-25,93362.1928490621020,247.6812380621020,-0.0213079949117356232365949777,-0.0831490056286641023247634553
2017-07-26,94381.8052370621020,247.6812380621020,0.010921041557457835814260832,-0.0731360378171382026750824431
2017-07-27,92845.2338520621020,247.6812380621020,-0.0162803771462152008256831192,-0.0882257326847105360430851941
2017-07-28,91396.9503750621020,247.6812380621020,-0.0155988995547974860104275885,-0.1024484078972108088626354193
2017-07-31,90459.0483830621020,247.6812380621020,-0.0102618521531754414235572737,-0.1116589496352168616500481234
2017-08-01,90704.1934280621020,247.6812380621020,0.002710011318733946523536070,-0.1092515353338322964908745807
2017-08-02,89982.9565001226715,304.2684701226715,-0.0079515279358219166084234858,-0.1163343466344158103917590327
2017-08-03,90101.3510531226715,304.2684701226715,0.001315744198734330269371900,-0.1151716686773792613841308123
2017-08-04,89883.6810311226715,304.2684701226715,-0.0024158352727881336252723124,-0.1173092681705507139364666693
2017-08-07,91003.3802261226715,304.2684701226715,0.012457202265807278031617601,-0.1063134111859978138598950111
2017-08-08,90668.0773011226715,304.2684701226715,-0.0036845106650637438438610140,-0.1096062089537074416344395851
2017-08-09,90353.5912531226715,304.2684701226715,-0.0034685421524440550431623899,-0.1126945773502259714097690370
2017-08-10,88009.5393581226715,304.2684701226715,-0.0259430960351450140438030422,-0.1357140271425339949519610457
2017-08-11,88855.4687921226715,304.2684701226715,0.009611792541690272654037018,-0.1274066896747350817761479475
2017-08-14,90628.6886501226715,304.2684701226715,0.019956226466470477408552958,-0.1099930199607569435072653080
2017-08-15,91182.6771321226715,304.2684701226715,0.006112727550750566250659946,-0.1045526497735107531926267262
2017-08-16,91602.1889271226715,304.2684701226715,0.004600783922938916753969180,-0.1004328900007504678879845149
2017-08-17,88914.5209131226715,304.2684701226715,-0.0293406527232473493282624137,-0.1268267761764936965206886732
2017-08-18,89052.0640411226715,304.2684701226715,0.001546914121422211410080996,-0.1254760521861133573100285231
2017-08-21,88821.0794681226715,304.2684701226715,-0.0025938149271120251723820320,-0.1277444054560699541977297524
2017-08-22,90542.4361941226715,304.2684701226715,0.019380047352585757931527184,-0.1108400507302507464330831600
2017-08-23,90498.5531971226715,304.2684701226715,-0.0004846677297915311832677865,-0.1112709978642848688389686923
2017-08-24,90353.0319091226715,304.2684701226715,-0.0016079957398106418785271337,-0.1127000703135652616173862979
2017-08-25,90931.9799021226715,304.2684701226715,0.006407621092143399093615856,-0.1070145885690491074357619127
2017-08-28,90937.0171931226715,304.2684701226715,0.000055396253390963633375371,-0.1069651205229230445670826031
2017-08-29,89688.3285481226715,304.2684701226715,-0.0137313569714758035041818397,-0.1192277012410016591787816498
2017-08-30,90557.2643141226715,304.2684701226715,0.009688392905368602681139454,-0.1106944331504597843178666587
2017-08-31,91106.7615881226715,304.2684701226715,0.006067953555817656091162753,-0.1052981682738866805023633194
2017-09-01,91585.2487781226715,304.2684701226715,0.005251939391317131498314211,-0.1005992484803607143039241417
2017-09-05,89958.4297719973265,423.4209179973265,-0.0177628933461383974844203724,-0.1165752081050407891616312710
2017-09-06,90105.0027159973265,423.4209179973265,0.001629340845227001724624431,-0.1151358080079201682184672158
2017-09-07,90547.3243339973265,423.4209179973265,0.004908957379360578011810930,-0.1107920474029087126476149926
2017-09-08,89874.4418029973265,423.4209179973265,-0.0074312801173226533822427202,-0.1174000007812086615967732808
2017-09-11,91538.0914889973265,423.4209179973265,0.018510820792040980735229051,-0.1010623503646141055358681774
2017-09-12,92043.0901919973265,423.4209179973265,0.005516814855820974950286655,-0.0961030777846488180074107794
2017-09-13,91572.8352849973265,423.4209179973265,-0.0051090734352689762972558368,-0.1007211535381606569277633997
2017-09-14,91689.4476649973265,423.4209179973265,0.001273438565455283910160135,-0.0995759771739780097179195065
2017-09-15,92066.9110939973265,423.4209179973265,0.004116759764756414798686868,-0.0958691477855877307601882734
2017-09-18,93458.9634359973265,423.4209179973265,0.015120007019446538871178070,-0.0821986829536076359861775122
2017-09-19,94011.7495989973265,423.4209179973265,0.005914747421509330649208715,-0.0767701199801496190731168101
2017-09-20,94058.2265979973265,423.4209179973265,0.000494374364887851167858197,-0.0763136987945693185064937172
2017-09-21,93704.7981719973265,423.4209179973265,-0.0037575493264458926600793049,-0.0797844956335110824932026660
2017-09-22,93636.0510909973265,423.4209179973265,-0.0007336559316184977122596388,-0.0804596171966568646694138207
2017-09-25,91408.2452339973265,423.4209179973265,-0.0237921808004800966622533162,-0.1023374882376566836582290165
2017-09-26,91621.6494319973265,423.4209179973265,0.002334627444752969708085727,-0.1002417807015704314667063520
2017-09-27,93493.8783759973265,423.4209179973265,0.020434351003357459739531482,-0.0818558054302704459179114590
2017-09-28,93576.8701729973265,423.4209179973265,0.000887670919653563919965580,-0.0810407955287021533561613190
2017-09-29,94652.0098589973265,423.4209179973265,0.011489374286748092399700221,-0.0704825292742791412553848880
2017-10-02,94118.4007709973265,423.4209179973265,-0.0056375885604005140420101877,-0.0757227663339348848657163510
2017-10-03,94876.8488178283840,464.0966268283840,0.008058445963998720824113786,-0.0682745281906826798280507694
2017-10-04,95107.9768548283840,464.0966268283840,0.002436084670600574868966553,-0.0660047660515999138380697218
2017-10-05,95791.9604508283840,464.0966268283840,0.007191653304160006808647057,-0.0592877961413052037962337462
2017-10-06,96144.8668478283840,464.0966268283840,0.003684092019195627153664446,-0.0558221258187094564429243353
2017-10-09,96770.7028538283840,464.0966268283840,0.006509302332183069689210413,-0.0496761865803055289669929975
2017-10-10,97152.3069168283840,464.0966268283840,0.003943384224215161943821329,-0.0459286946465703127800663329
2017-10-11,97553.5290738283840,464.0966268283840,0.004129826349295898153713636,-0.0419885458306145861625013842
2017-10-12,97774.5182308283840,464.0966268283840,0.002265311763685716518065622,-0.0398183512137390177114346616
2017-10-13,98433.9181978283840,464.0966268283840,0.006744088121644056965101141,-0.0333428015615389892741134675
2017-10-16,99421.9967398283840,464.0966268283840,0.010037988531699012023106219,-0.0236395076895294215352256920
2017-10-17,98754.8754238283840,464.0966268283840,-0.0067099971623558396748511617,-0.0301908838223690297397301039
2017-10-18,98872.9969918283840,464.0966268283840,0.001196108723676225326152282,-0.0290308866782082354328341663
2017-10-19,98355.3067108283840,464.0966268283840,-0.0052359116922771731068210588,-0.0341147952114898044170873909
2017-10-20,98842.3870948283840,464.0966268283840,0.004952253216311460096423495,-0.0293314870994882515021456661
2017-10-23,98655.3598818283840,464.0966268283840,-0.0018921762059486482064282655,-0.0311681629634621583087757127
2017-10-24,99273.7217988283840,464.0966268283840,0.006267899866167310687540696,-0.0250956220217622130129694606
2017-10-25,96570.7590748283840,464.0966268283840,-0.0272273737200804737703349186,-0.0516397078623182854973030213
2017-10-26,96472.5596738283840,464.0966268283840,-0.0010168647522373688068819808,-0.0526040620158146279148147093
2017-10-27,98856.7558498283840,464.0966268283840,0.024713723612817107456979625,-0.0291903806525678539164889760
2017-10-30,97930.7598618283840,464.0966268283840,-0.0093670481095562629200760851,-0.0382840010622152534081624950
2017-10-31,98761.1415588283840,464.0966268283840,0.008479273500701872650615137,-0.0301293480772210649003686642
2017-11-01,97646.9336078283840,464.0966268283840,-0.0112818456066175303818778865,-0.0410712790306033484746858276
2017-11-02,98497.0263702018655,598.4008062018655,0.008705780416901174538027864,-0.0327230561503838844233795243
2017-11-03,99965.2000322018655,598.4008062018655,0.014905766357675179834175990,-0.0183050520221954125739018689
2017-11-06,101155.0267772018655,598.4008062018655,0.011902409484667866524038376,-0.0066205167623338634384508008
2017-11-07,102157.9011582018655,598.4008062018655,0.009914231778207842751950678,0
2017-11-08,101932.3374802018655,598.4008062018655,-0.0022079905268481561660736731,-0.0022079905268481561660736731
2017-11-09,100159.4150612018655,598.4008062018655,-0.0173931302158586477170660738,-0.0195627168759579515633853907
2017-11-10,101136.3145522018655,598.4008062018655,0.009753446447376623379501598,-0.0100000743399961749828231480
2017-11-13,101780.1975222018655,598.4008062018655,0.006366486388701236822599832,-0.0036972532884665243125794668
2017-11-14,101560.7112562018655,598.4008062018655,-0.0021564731779197252250318014,-0.0058457534388376959773560377
2017-11-15,101140.3120842018655,598.4008062018655,-0.0041393878282270110966458890,-0.0099609434264331661219068225
2017-11-16,102815.1183642018655,598.4008062018655,0.016559235832747692647301684,0
2017-11-17,102523.3303742018655,598.4008062018655,-0.0028379872011273650153695292,-0.0028379872011273650153695292
2017-11-20,103205.3719412018655,598.4008062018655,0.006652549858755109032471699,0
2017-11-21,104589.5409172018655,598.4008062018655,0.013411791944207985090364847,0
2017-11-22,103851.2551702018655,598.4008062018655,-0.0070588869644667689315532636,-0.0070588869644667689315532636
2017-11-24,104183.9851142018655,598.4008062018655,0.003203908739039203288624436,-0.0038775942550609106379667598
2017-11-27,103789.9314052018655,598.4008062018655,-0.0037822867743833737451052684,-0.0076452148559769425503700893
2017-11-28,104003.7530552018655,598.4008062018655,0.002060138658009397583913276,-0.0056008264006411308147096203
2017-11-29,100365.0473672018655,598.4008062018655,-0.0349862921395604965040855232,-0.0403911663915258336155948484
2017-11-30,100431.2007222018655,598.4008062018655,0.000659127422696939311785276,-0.0397586618942322639608741353
2017-12-01,99013.0298642018655,598.4008062018655,-0.0141208195043165650872815558,-0.0533180565102072263058381578
2017-12-04,94768.1613489988765,501.3145269988765,-0.0428718171843130322974133046,-0.0939040317231917830933888507
2017-12-05,94968.3942409988765,501.3145269988765,0.002112870917296901262797081,-0.0919895679035397393691035164
2017-12-06,96407.3557569988765,501.3145269988765,0.015152004279954276070076830,-0.0782313899501710419325409433
2017-12-07,98374.5343879988765,501.3145269988765,0.020404860350681165761626398,-0.0594228301864627982844805376
2017-12-08,97992.4547329988765,501.3145269988765,-0.0038839284717022407097061173,-0.0630759646361347087627043432
2017-12-11,97843.7029519988765,501.3145269988765,-0.0015179921903712446054479214,-0.0644982080047881680768579660
2017-12-12,96785.5008819988765,501.3145269988765,-0.0108152291672683642292120823,-0.0746158742716066054231519502
2017-12-13,97279.5470039988765,501.3145269988765,0.005104546832922239677647493,-0.0698922076633832192706031143
2017-12-14,96757.9384059988765,501.3145269988765,-0.0053619554578986495725084159,-0.0748794042169366053689229235
2017-12-15,98160.8976229988765,501.3145269988765,0.014499680750876955496253751,-0.0614654509220211002985915396
2017-12-18,98735.5807589988765,501.3145269988765,0.005854501638800754403861256,-0.0559707988663729457672100759
2017-12-19,97891.7497709988765,501.3145269988765,-0.0085463718500799141265804965,-0.0640388234565948053809786928
2017-12-20,98230.3683859988765,501.3145269988765,0.003459112905757030002341459,-0.0608012280715259784879578311
2017-12-21,97157.2736359988765,501.3145269988765,-0.0109242667785103410882949558,-0.0710612860141219179567891541
2017-12-22,97673.1550089988765,501.3145269988765,0.005309755550909723815856556,-0.0661288485210804615174527455
2017-12-26,97145.5273439988765,501.3145269988765,-0.0054019721688255930669619645,-0.0711735944906386944511436532
2017-12-27,97512.2108719988765,501.3145269988765,0.003774579623223916942168416,-0.0676676652668907443629473261
2017-12-28,97474.8522999988765,501.3145269988765,-0.0003831168595801749224828276,-0.0680248575030587456243028371
2017-12-29,96824.2704579988765,501.3145269988765,-0.0066743557609884934253826766,-0.0742451911644812775688052063
2018-01-02,99154.9182549988765,501.3145269988765,0.024070904804916707794540523,-0.0519614352883076416581113248
2018-01-03,100851.8777890913295,86.6979980913295,0.017114224528210945352579147,-0.0357364904304288967212946721
2018-01-04,100956.0264960913295,86.6979980913295,0.001032689814837193571013161,-0.0347407053252772339076157784
2018-01-05,102123.8251990913295,86.6979980913295,0.011567399624679296918195320,-0.0235751653223386429166825659
2018-01-08,103017.4551410913295,86.6979980913295,0.008750455050600193150286114,-0.0150310036962020424748602143
2018-01-09,102613.5143910913295,86.6979980913295,-0.0039210903574231002734589453,-0.0188931561299695739402730553
2018-01-10,102142.1172150913295,86.6979980913295,-0.0045939092798572506944673998,-0.0234002719645555655078154607
2018-01-11,102772.7473830913295,86.6979980913295,0.006174046369843853519460898,-0.0173706999588878351761304646
2018-01-12,103171.5129640913295,86.6979980913295,0.003880071236332510908934542,-0.0135580282758207672862452947
2018-01-16,102894.4246600913295,86.6979980913295,-0.0026857055406024734300205386,-0.0162073209447632238817184644
2018-01-17,105550.2952120913295,86.6979980913295,0.025811607973644727105368228,0
2018-01-18,105143.4323370913295,86.6979980913295,-0.0038546824921944108771094768,-0.0038546824921944108771094768
2018-01-19,105641.3347930913295,86.6979980913295,0.004735459409425761296087285,0
2018-01-22,107225.7805270913295,86.6979980913295,0.014998350192216793719664715,0
2018-01-23,108474.9664410913295,86.6979980913295,0.011650051954477352615858413,0
2018-01-24,108176.7022420913295,86.6979980913295,-0.0027496131945058130778735512,-0.0027496131945058130778735512
2018-01-25,107681.0023220913295,86.6979980913295,-0.0045823167995143800355031972,-0.0073193303952868427254742445
2018-01-26,107323.9160850913295,86.6979980913295,-0.0033161488962732459824193743,-0.0106112073021482990231616996
2018-01-29,104272.9165180913295,86.6979980913295,-0.0284279560259525698520370737,-0.0387375083935331302263700399
2018-01-30,103064.1972650913295,86.6979980913295,-0.0115918811265846530629468471,-0.0498803489276798720136569197
2018-01-31,102980.7193840913295,86.6979980913295,-0.0008099600367068946069361071,-0.0506499078751383503204113017
2018-02-01,101755.0281240913295,86.6979980913295,-0.0119021431131053768209570079,-0.0619492085360482274349063975
2018-02-02,99325.0302722369360,391.6194742369360,-0.0238808626625407198806766799,-0.0843506706574864843513539104
2018-02-05,95243.5605272369360,391.6194742369360,-0.0410920563911556278828465933,-0.1219765845333528812566232149
2018-02-06,97745.2602022369360,391.6194742369360,0.026266339279542005342070641,-0.0989141236073236585454958475
2018-02-07,97897.6493312369360,391.6194742369360,0.001559043668047982945503187,-0.0975092913773661890592771558
2018-02-08,93365.3705172369360,391.6194742369360,-0.0462960943900197597746506230,-0.1392910864098754638740209396
2018-02-09,94675.7504972369360,391.6194742369360,0.014034967919482311230263155,-0.1272110644196255933192659507
2018-02-12,95827.9377382369360,391.6194742369360,0.012169824215268576119452434,-0.1165893764965810675206572982
2018-02-13,96187.5800842369360,391.6194742369360,0.003753000998335131039961048,-0.1132739355446328756896828921
2018-02-14,97935.4885242369360,391.6194742369360,0.018171872485712366819301270,-0.0971604625715923791067270633
2018-02-15,99255.8290792369360,391.6194742369360,0.013481737569249414520103265,-0.0849886168608400531463263558
2018-02-16,99518.8988802369360,391.6194742369360,0.002650421677400817509415782,-0.0825634508558995187319382830
2018-02-20,99675.9399062369360,391.6194742369360,0.001578002045510836690110943,-0.0811157341047237249226602195
2018-02-21,98923.7798862369360,391.6194742369360,-0.0075460539495041746224295722,-0.0880496843485200186064678152
2018-02-22,99413.3185262369360,391.6194742369360,0.004948644709724729330254827,-0.0835367662434395251670375190
2018-02-23,101928.1602882369360,391.6194742369360,0.025296829431725374957651222,-0.0603531521386523539785766316
2018-02-26,103043.0189762369360,391.6194742369360,0.010937690672012067654154266,-0.0500755855758137493481518146
2018-02-27,102145.2497792369360,391.6194742369360,-0.0087125669057409632474510911,-0.0583518655918812781860819629
2018-02-28,101029.7207622369360,391.6194742369360,-0.0109210072853211973172891519,-0.0686356117279614567647588727
2018-03-01,99404.0684782369360,391.6194742369360,-0.0160908322000196909005276038,-0.0836220398167208163194140001
2018-03-02,99629.5643416392140,565.9731816392140,0.002268477204749894262019195,-0.0815432573031098412550845661
2018-03-05,101110.9374156392140,565.9731816392140,0.014868810114638576550627350,-0.0678868983974403202877392903
2018-03-06,101361.1248266392140,565.9731816392140,0.002474385238577587944857131,-0.0655804914981501751825162355
2018-03-07,101141.4095106392140,565.9731816392140,-0.0021676487546461751670315624,-0.0676059847820713010439607057
2018-03-08,101292.9037346392140,565.9731816392140,0.001497845686875305996188995,-0.0662094024279087781200428231
2018-03-09,103141.9096026392140,565.9731816392140,0.018254051368138378367882270,-0.0491639408927431924538283639
2018-03-12,102347.3869666392140,565.9731816392140,-0.0077031988166686959404352985,-0.0564884200981041393234704932
2018-03-13,101948.2845316392140,565.9731816392140,-0.0038994882705709916532019420,-0.0601676324370794872197635341
2018-03-14,101736.3305516392140,565.9731816392140,-0.0020790342963958455719084946,-0.0621215761621057053847916107
2018-03-15,101092.6427176392140,565.9731816392140,-0.0063270203526092150731665841,-0.0680555520380011142082464816
2018-03-16,101037.7171196392140,565.9731816392140,-0.0005433194397085068202754734,-0.0685618955733072811336924194
2018-03-19,99722.4298196392140,565.9731816392140,-0.0130177852142340311286746404,-0.0806871567570872550671412436
2018-03-20,100947.4366136392140,565.9731816392140,0.012284165119277395028045894,-0.0693941659944189386699421575
2018-03-21,100686.8019856392140,565.9731816392140,-0.0025818845603533148454216937,-0.0717968828290126682224088552
2018-03-22,96876.6751296392140,565.9731816392140,-0.0378413732570772469592490318,-0.1069213634442626066037901105
2018-03-23,94994.6396886392140,565.9731816392140,-0.0194271266894893178951092486,-0.1242713152603073029137194030
2018-03-26,97990.1501686392140,565.9731816392140,0.031533468517995178918191953,-0.0966565523497628781847854467
2018-03-27,94759.6746656392140,565.9731816392140,-0.0329673492431679320418293581,-0.1264373912749756334010678352
2018-03-28,93997.9301826392140,565.9731816392140,-0.0080386987997566016251519850,-0.1334596979692457325875257679
2018-03-29,95862.2942686392140,565.9731816392140,0.019834097222965612889538926,-0.1162726533711497659287295172
2018-04-02,93603.4385466392140,565.9731816392140,-0.0235635474743584492922385211,-0.1370964046578275037192348491
2018-04-03,94007.0729790591610,983.4221220591610,0.004312175265001942583659122,-0.1333754131179117420069859202
2018-04-04,94922.4050420591610,983.4221220591610,0.009736842494860973397748933,-0.1249372260132668893739604687
2018-04-05,96640.0764610591610,983.4221220591610,0.018095532011003272681181641,-0.1091024995749526384798401854
2018-04-06,93338.6691450591610,983.4221220591610,-0.0341618864232820895909091473,-0.1395372387992590135799245891
2018-04-09,94724.9395390591610,983.4221220591610,0.014852047995730198151932570,-0.1267576045713670763020144084
2018-04-10,96775.4190830591610,983.4221220591610,0.021646670390900584487445158,-0.1078548142661629880793196167
2018-04-11,96508.3425940591610,983.4221220591610,-0.0027597554371815949339626059,-0.1103169167932473286539279411
2018-04-12,97607.4629150591610,983.4221220591610,0.011388863298825933865445263,-0.1001844377793276436215369919
2018-04-13,96860.1591620591610,983.4221220591610,-0.0076562153208543628771298336,-0.1070736194727447375497673325
2018-04-16,96759.1290170591610,983.4221220591610,-0.0010430516104249212633941516,-0.1080049877719445872058786285
2018-04-17,99618.2266950591610,983.4221220591610,0.029548609077453823715400061,-0.0816477758565791345507636132
2018-04-18,99885.9186940591610,983.4221220591610,0.002687178921779350629784954,-0.0791799991170917483360462593
2018-04-19,98300.7341950591610,983.4221220591610,-0.0158699496357966702640376942,-0.0937933661547377477355136864
2018-04-20,96857.2132480591610,983.4221220591610,-0.0146847422740058735729397727,-0.1071007770197498321767208368
2018-04-23,96563.9471630591610,983.4221220591610,-0.0030278187361112881150126988,-0.1098043140165486444642450813
2018-04-24,94084.8780650591610,983.4221220591610,-0.0256728227338699304049102598,-0.1326581500612575321800000259
2018-04-25,94083.5039530591610,983.4221220591610,-0.0000146050250397285876751763,-0.1326708176106938920289407396
2018-04-26,96835.8264210591610,983.4221220591610,0.029254038724718513054921690,-0.1072979361219986849624043750
2018-04-27,96729.0304340591610,983.4221220591610,-0.0011028561530071764298381744,-0.1082824580859487441677634927
2018-04-30,96088.0443320591610,983.4221220591610,-0.0066266155995119230763126919,-0.1141915274595548233242055637
2018-05-01,97763.6074350591610,983.4221220591610,0.017437789629786013812902213,-0.0987449856631124594443227219
2018-05-02,96684.8718121729550,1664.3243331729550,-0.0110341225246088752849765544,-0.1086895439172238050833140051
2018-05-03,97193.1500631729550,1664.3243331729550,0.005257060814926850172103472,-0.1040038706446164631590675239
2018-05-04,97894.6711801729550,1664.3243331729550,0.007217804099815984834358278,-0.0975367461087359223859422130
2018-05-07,98582.5113101729550,1664.3243331729550,0.007026328621442995701712293,-0.0911957427181191566331062732
2018-05-08,98667.2005421729550,1664.3243331729550,0.000859069533474754606845670,-0.0904150166687961403997678991
2018-05-09,100390.1031051729550,1664.3243331729550,0.017461755816854114125948300,-0.0745320657951893389670982683
2018-05-10,101414.9348561729550,1664.3243331729550,0.010208493858466730876904291,-0.0650844320726516367594127566
2018-05-11,101841.1519971729550,1664.3243331729550,0.004202705859886048981164307,-0.0611552569368246763204508035
2018-05-14,102587.9133971729550,1664.3243331729550,0.007332609513497349451252133,-0.0542710750421426622642778664
2018-05-15,103043.1418751729550,1664.3243331729550,0.004437447482117760509174014,-0.0500744526053224817450836329
2018-05-16,104607.4206871729550,1664.3243331729550,0.015180814400001275215827631,-0.0356538091765042674325100274
2018-05-17,103456.4298451729550,1664.3243331729550,-0.0110029559512993078809401715,-0.0462644678359384678086547025
2018-05-18,104017.1687151729550,1664.3243331729550,0.005420048525153729902589527,-0.0410951749714459383726360099
2018-05-21,105685.6805301729550,1664.3243331729550,0.016040734771091828931422245,-0.0257136370024426849630186687
2018-05-22,104905.3304911729550,1664.3243331729550,-0.0073836875070053821446233146,-0.0329074630491534597316838670
2018-05-23,106735.2114331729550,1664.3243331729550,0.017443164550670488554737199,-0.0160383087913944637905881234
2018-05-24,108241.1426731729550,1664.3243331729550,0.014109038805276226685014257,-0.0021555551072270244541281232
2018-05-25,108407.6321901729550,1664.3243331729550,0.001538135249576071073355949,-0.0006207353929437829946747514
2018-05-29,108449.2437501729550,1664.3243331729550,0.000383843454185987164262048,-0.0002371302039751588681206961
2018-05-30,108441.9776541729550,1664.3243331729550,-0.0000669999692827587100653498,-0.0003041142855415352282345182
2018-05-31,106138.2254031729550,1664.3243331729550,-0.0212441003090775827933707289,-0.0215417539602316501847949995
2018-06-01,108551.7935271729550,1664.3243331729550,0.022739857528537946097556836,0
2018-06-04,104765.5975240792575,772.5350270792575,-0.0348791657886880284256790349,-0.0348791657886880284256790349
2018-06-05,106455.0659840792575,772.5350270792575,0.016126175957825216971832929,-0.0193154573956333521599902237
2018-06-06,107542.3650550792575,772.5350270792575,0.010213690264046330427042698,-0.0092990492307344037914073656
2018-06-07,105666.6348330792575,772.5350270792575,-0.0174417795353423716664092998,-0.0265786367995060109097661214
2018-06-08,106311.2794900792575,772.5350270792575,0.006100739916799092132644261,-0.0206400462331637703665238968
2018-06-11,106832.3733490792575,772.5350270792575,0.004901585810079798453215452,-0.0158396293808198384453067988
2018-06-12,107679.3284780792575,772.5350270792575,0.007927888358639554119266926,-0.0080373158355536509719640260
2018-06-13,107833.5211490792575,772.5350270792575,0.001431961669703295586872424,-0.0066168632940541675294339042
2018-06-14,108406.3079890792575,772.5350270792575,0.005311769790101960073071053,-0.0013402407585027989259342599
2018-06-15,108608.2509350792575,772.5350270792575,0.001862833904650119893327181,0
2018-06-18,109406.4855090792575,772.5350270792575,0.007349667885519543964079983,0
2018-06-19,108172.6502070792575,772.5350270792575,-0.0112775334685036415841599015,-0.0112775334685036415841599015
2018-06-20,108891.0373250792575,772.5350270792575,0.006641115999513394835472699,-0.0047113128769429740728411290
2018-06-21,107339.2018740792575,772.5350270792575,-0.0142512688750241959370289962,-0.0188954395654034919036862180
2018-06-22,106028.1519220792575,772.5350270792575,-0.0122140832902596614875741259,-0.0308787323830052473207459601
2018-06-25,104018.2009840792575,772.5350270792575,-0.0189567666847303472333786603,-0.0492501381424307365571513552
2018-06-26,105261.6233340792575,772.5350270792575,0.011953892090388246936167046,-0.0378849768888338209113273167
2018-06-27,103095.0632730792575,772.5350270792575,-0.0205826206396587042867336847,-0.0576878254212474211904508046
2018-06-28,103863.6375280792575,772.5350270792575,0.007455005415382428705716852,-0.0506628830567820281461750167
2018-06-29,104086.9516250792575,772.5350270792575,0.002150070056420155988112191,-0.0486217417481941752581902005
2018-07-02,104295.9101380792575,772.5350270792575,0.002007538022178492131003526,-0.0467118137212797262821541611
2018-07-03,102878.5378564946065,952.4956324946065,-0.0135899123916572182693446187,-0.0596669166568093415215479969
2018-07-05,103472.6928254946065,952.4956324946065,0.005775305339475056161120981,-0.0542362059796923695175943953
2018-07-06,104366.9653764946065,952.4956324946065,0.008642594742442621034237320,-0.0460623527858998728005111972
2018-07-09,105104.9893324946065,952.4956324946065,0.007071432548964548169876363,-0.0393166470577074248247052679
2018-07-10,105670.7924754946065,952.4956324946065,0.005383218690124298666009811,-0.0341450784768571972833448316
2018-07-11,104387.4162124946065,952.4956324946065,-0.0121450424751723050144467433,-0.0458754275236099799640356573
2018-07-12,105845.6047674946065,952.4956324946065,0.013969007069124705028148484,-0.0325472546258617008068843913
2018-07-13,105953.0653474946065,952.4956324946065,0.001015257839341113156658373,-0.0315650406419285250508660716
2018-07-16,106506.5122854946065,952.4956324946065,0.005223510392878755432680843,-0.0265064105668945235706565462
2018-07-17,107002.3122064946065,952.4956324946065,0.004655113667331347357732127,-0.0219746872536650229564499395
2018-07-18,107446.8131134946065,952.4956324946065,0.004154124315951189297905801,-0.0179118485203697061906130733
2018-07-19,107290.4306144946065,952.4956324946065,-0.0014554410174531216150654774,-0.0193412198987878747295541355
2018-07-20,106914.5358494946065,952.4956324946065,-0.0035035255506674961166609283,-0.0227769829913588889238959456
2018-07-23,106820.3068914946065,952.4956324946065,-0.0008813484270524981918655316,-0.0236382569602789514539927354
2018-07-24,105402.3981544946065,952.4956324946065,-0.0132737751674901683046000712,-0.0365982632195270173830520786
2018-07-25,107460.1607374946065,952.4956324946065,0.019522919962255642065186408,-0.0177898482208637657693232546
2018-07-26,107810.6321804946065,952.4956324946065,0.003261408140419008187274119,-0.0145864600362491012776151655
2018-07-27,106884.3266274946065,952.4956324946065,-0.0085919684753280736818726226,-0.0230531021067790898904138562
2018-07-30,105382.1165414946065,952.4956324946065,-0.0140545403933299977617769497,-0.0367836417453578000621009538
2018-07-31,106489.8146404946065,952.4956324946065,0.010511253098279153359621513,-0.0266590308153405292826729946
2018-08-01,105318.0334264946065,952.4956324946065,-0.0110036928691808407676170926,-0.0373693758972393351728190788
2018-08-02,106037.4110466803245,855.1590486803245,0.006830526518402933715500799,-0.0307941018918786621606851311
2018-08-03,105656.3691716803245,855.1590486803245,-0.0035934664118898170930741857,-0.0342769107329357006093680163
2018-08-06,106919.6260056803245,855.1590486803245,0.011956277164392640226024914,-0.0227304578136051844971968460
2018-08-07,107456.2539776803245,855.1590486803245,0.005018984746275585905814939,-0.0178255568883719437174460043
2018-08-08,109378.2697536803245,855.1590486803245,0.017886495246700306244982663,-0.0002578983802252881452544392
2018-08-09,109871.3709706803245,855.1590486803245,0.004508219211279014498996124,0
2018-08-10,109613.8112396803245,855.1590486803245,-0.0023441932937082489548692539,-0.0023441932937082489548692539
2018-08-13,108611.5696366803245,855.1590486803245,-0.0091433879696830338687610659,-0.0114661473946309791733257861
2018-08-14,110391.5603646803245,855.1590486803245,0.016388592246243176641373355,0
2018-08-15,107808.4097186803245,855.1590486803245,-0.0233998925050657822752707963,-0.0233998925050657822752707963
2018-08-16,107923.2757496803245,855.1590486803245,0.001065464478139841977514344,-0.0223593597811823786110655667
2018-08-17,108695.0021686803245,855.1590486803245,0.007150694913949421165266699,-0.0153685498274994235230763222
2018-08-20,110423.9056236803245,855.1590486803245,0.015906006904687021339013846,0
2018-08-21,111847.9585326803245,855.1590486803245,0.012896237467393228228137134,0
2018-08-22,112360.3040626803245,855.1590486803245,0.004580732064504335049480974,0
2018-08-23,112381.4228396803245,855.1590486803245,0.000187955854838367703482328,0
2018-08-24,113592.9760296803245,855.1590486803245,0.010780724779827376793019732,0
2018-08-27,114970.6015286803245,855.1590486803245,0.012127734893045190513579343,0
2018-08-28,115247.9288476803245,855.1590486803245,0.002412158545859382236591193,0
2018-08-29,115308.6362326803245,855.1590486803245,0.000526754672357150129453085,0
2018-08-30,114307.4811746803245,855.1590486803245,-0.0086823944043512721159806434,-0.0086823944043512721159806434
2018-08-31,114448.7714366803245,855.1590486803245,0.001236054373239889880722784,-0.0074570719426850741739429780
2018-09-04,113873.0676166803245,855.1590486803245,-0.0050302315417908407074169487,-0.0124497926859804169209698222
2018-09-05,111432.3276003235820,707.1369773235820,-0.0214338655086799353776771454,-0.0336168110126181009107491887
2018-09-06,110949.6881373235820,707.1369773235820,-0.0043312337935818051664444027,-0.0378024425383096015747989441
2018-09-07,110703.9504603235820,707.1369773235820,-0.0022148568520160951102801289,-0.0399335723914467769570522273
2018-09-10,111641.9935923235820,707.1369773235820,0.008473438645138464987135824,-0.0317985084218484315588324543
2018-09-11,112314.8879673235820,707.1369773235820,0.006027251514848152102678930,-0.0259629145150557771377250672
2018-09-12,112509.7211023235820,707.1369773235820,0.001734704441468916635841678,-0.0242732480567096055623779521
2018-09-13,111554.2461383235820,707.1369773235820,-0.0084923769665292261198517724,-0.0325594874505391807293155885
2018-09-14,111369.7956233235820,707.1369773235820,-0.0016534602795064156629587312,-0.0341591119108250422453823329
2018-09-17,108814.9937223235820,707.1369773235820,-0.0229398095480114311257887632,-0.0563153179372729380654078861
2018-09-18,110320.9733653235820,707.1369773235820,0.013839817395413272918366813,-0.0432548942586761642699341544
2018-09-19,108042.1259863235820,707.1369773235820,-0.0206565198754518432995124031,-0.0630179185511630955568739975
2018-09-20,108508.0752123235820,707.1369773235820,0.004312662507760924430060425,-0.0589770310580549038440208991
2018-09-21,108010.7061493235820,707.1369773235820,-0.0045837055170941999088768024,-0.0632904032325064615119074653
2018-09-24,108060.8707023235820,707.1369773235820,0.000464440561388868912192123,-0.0628553573015254257843932833
2018-09-25,108202.7765743235820,707.1369773235820,0.001313203114852827711668476,-0.0616246960376661486893486131
2018-09-26,108149.6583863235820,707.1369773235820,-0.0004909133543677001768227008,-0.0620853570057901082551562680
2018-09-27,108184.2915083235820,707.1369773235820,0.000320233300009939231287071,-0.0617850055045364283900659238
2018-09-28,108334.0468113235820,707.1369773235820,0.001384261068886123726046851,-0.0604862710134111492985187157
2018-10-01,108167.5758673235820,707.1369773235820,-0.0015366447474257896659469642,-0.0619299698501928079262157005
2018-10-02,105887.7854672383680,1268.1492372383680,-0.0210764675255509489773850843,-0.0817011723773378188187968841
2018-10-03,105572.1724582383680,1268.1492372383680,-0.0029806366013542753659656002,-0.0844382874739306461863058718
2018-10-04,102646.6046702383680,1268.1492372383680,-0.0277115429177824228016586075,-0.1098099151644751899260385140
2018-10-05,101304.9755212383680,1268.1492372383680,-0.0130703704551174068750164591,-0.1214450293487478913740798822
2018-10-08,99398.3055052383680,1268.1492372383680,-0.0188210895485609270396270829,-0.1379803911247084244276892135
2018-10-09,99471.8742442383680,1268.1492372383680,0.000740140776304510243808043,-0.1373423752622057558324529322
2018-10-10,93372.9427222383680,1268.1492372383680,-0.0613131256281045057984207734,-0.1902346105817963676085500430
2018-10-11,92421.7087072383680,1268.1492372383680,-0.0101874695952304746431907587,-0.1984840708657642822422508828
2018-10-12,95793.1694692383680,1268.1492372383680,0.036479100085453741987272460,-0.1692454910667910486636682410
2018-10-15,94490.9687052383680,1268.1492372383680,-0.0135938790961308562423928360,-0.1805386674197946525008291880
2018-10-16,97208.3879512383680,1268.1492372383680,0.028758507646131818667859077,-0.1569721824210774478053014503
2018-10-17,97547.8507802383680,1268.1492372383680,0.003492114581411237949142916,-0.1540282326867747992117410257
2018-10-18,94957.5760762383680,1268.1492372383680,-0.0265538879973432296549655390,-0.1764920722449246894081157962
2018-10-19,92395.7872912383680,1268.1492372383680,-0.0269782453476194738079023693,-0.1987088711656108036535701018
2018-10-22,92385.2174762383680,1268.1492372383680,-0.0001143971528342862635576219,-0.1988005365893408290391888137
2018-10-23,91651.9229172383680,1268.1492372383680,-0.0079373581513579765447298810,-0.2051599436811070614856486934
2018-10-24,85900.4355612383680,1268.1492372383680,-0.0627535917734490924869347385,-0.2550390121005281547540782837
2018-10-25,85535.5984492383680,1268.1492372383680,-0.0042472091045441538638412914,-0.2582030171908649988119749647
2018-10-26,82742.3145022383680,1268.1492372383680,-0.0326563909955887162251654560,-0.2824274295008281127880694183
2018-10-29,80787.8715862383680,1268.1492372383680,-0.0236208393221478940999186391,-0.2993770958905696940194022164
2018-10-30,82591.7382382383680,1268.1492372383680,0.022328433916895957569708282,-0.2837332836754985462054589352
2018-10-31,84774.6332292383680,1268.1492372383680,0.026429943691260902496834571,-0.2648023946951176265233330147
2018-11-01,87394.8419152383680,1268.1492372383680,0.030907933024195054613568438,-0.2420789563508057313389188525
2018-11-02,85997.8951521605755,388.2284031605755,-0.0159843159214436156759130552,-0.2541938057560047088823672887
2018-11-05,87177.7687281605755,388.2284031605755,0.013719795977708384005088812,-0.2439614969320659445519860418
2018-11-06,86923.6358121605755,388.2284031605755,-0.0029151114981210660713577498,-0.2461654334653815180034899457
2018-11-07,89784.0734031605755,388.2284031605755,0.032907477514876639975588668,-0.2213586394172067818886161753
2018-11-08,88987.2484601605755,388.2284031605755,-0.0088749030067057549985488791,-0.2282690059693884733642175158
2018-11-09,87873.2054081605755,388.2284031605755,-0.0125191313505862021146463701,-0.2379304076509761553276337900
2018-11-12,86234.4415181605755,388.2284031605755,-0.0186491875696139325859223066,-0.2521423864197923276764658631
2018-11-13,87199.6468081605755,388.2284031605755,0.011192805020911884949831218,-0.2437717619675845989666000128
2018-11-14,85967.5536191605755,388.2284031605755,-0.0141295662780677066642152326,-0.2544569389782099743793119254
2018-11-15,84963.2201541605755,388.2284031605755,-0.0116827037960069701445182436,-0.2631668977272958968932255707
2018-11-16,85399.5351791605755,388.2284031605755,0.005135340023698878485989552,-0.2593830092064086704491617010
2018-11-19,82342.0377121605755,388.2284031605755,-0.0358022729349245774789152968,-0.2858987808510433502779865256
2018-11-20,80665.4175141605755,388.2284031605755,-0.0203616554142233785408294897,-0.3004390638062312188055881165
2018-11-21,80815.1139781605755,388.2284031605755,0.001855770026526190463574293,-0.2991408395891142218801587089
2018-11-23,80452.0086631605755,388.2284031605755,-0.0044930372194751262385203954,-0.3022898258824504195906275183
2018-11-26,82459.4631031605755,388.2284031605755,0.024952197879917255688188576,-0.2848804235550377996277430701
2018-11-27,83469.5990901605755,388.2284031605755,0.012250091729754212530231551,-0.2761201431458440328080765748
2018-11-28,85576.8547381605755,388.2284031605755,0.025245786142135718089110730,-0.2578452270871041947855181132
2018-11-29,85265.7241851605755,388.2284031605755,-0.0036356857698494046040860879,-0.2605434686340094264221728798
2018-11-30,85492.1342321605755,388.2284031605755,0.002655346555297349069236781,-0.2585799552806546171971177865
2018-12-03,87522.9331401605755,388.2284031605755,0.023754219335374255233192394,-0.2409681009187482981246686316
2018-12-04,83997.1155364390865,230.2664634390865,-0.0402845000415512845124419911,-0.2715453214888257327016096643
2018-12-06,84851.0279514390865,230.2664634390865,0.010165973075939271125675474,-0.2641398708400391375677326187
2018-12-07,81358.7079914390865,230.2664634390865,-0.0411582516360165052744892024,-0.2944265872049164136130489037
2018-12-10,80994.8952024390865,230.2664634390865,-0.0044717129608090869370039097,-0.2975817089797144889419684818
2018-12-11,80589.2970994390865,230.2664634390865,-0.0050076995838595243660362513,-0.3010992087633520909765162062
2018-12-12,80115.7190164390865,230.2664634390865,-0.0058764389322772263505576584,-0.3052062565827744868900345962
2018-12-13,78318.2536274390865,230.2664634390865,-0.0224358641608293484622896092,-0.3207945546298774788289675964
2018-12-14,77204.0989854390865,230.2664634390865,-0.0142259893498142538725144393,-0.3304569240620486888420972471
2018-12-17,74453.4323574390865,230.2664634390865,-0.0356285050165378340815832003,-0.3543117429018921591217778411
2018-12-18,75781.3522224390865,230.2664634390865,0.017835576184384192544039590,-0.3427955208010566093493955491
2018-12-19,73924.9875664390865,230.2664634390865,-0.0244963253037641737616908996,-0.3588946155146048419197241297
2018-12-20,72233.0112434390865,230.2664634390865,-0.0228877457906821976482965868,-0.3735680725797441368511685639
2018-12-21,69719.6506684390865,230.2664634390865,-0.0347951792640831952214735268,-0.3953648837910770928171190217
2018-12-24,68442.0264544390865,230.2664634390865,-0.0183251666029697850742304168,-0.4064449230296116018412744851
2018-12-26,72680.2785184390865,230.2664634390865,0.061924701584067589997280639,-0.3696892020145120310946812943
2018-12-27,72777.0959454390865,230.2664634390865,0.001332100385050633587945980,-0.3688495647578139904496665522
2018-12-28,72675.8585244390865,230.2664634390865,-0.0013910615652470880362500446,-0.3697275338701683665957550967
2018-12-31,73772.0998994390865,230.2664634390865,0.015083982456586477722571390,-0.3602205150481964912587163660
2019-01-02,74206.8913334390865,230.2664634390865,0.005893710963801721225569918,-0.3564498396833206285998559457
2019-01-03,71871.1892221233090,321.5140571233090,-0.0314755418175463191048497866,-0.3767059296660569078644525987
2019-01-04,75074.3241491233090,321.5140571233090,0.044567718465051008130148914,-0.3489271350184780305357633262
2019-01-07,77505.1020771233090,321.5140571233090,0.032378285859379071770283062,-0.3278465116808213981120497918
2019-01-08,78190.6012941233090,321.5140571233090,0.008844568920351560574475861,-0.3219016038283277053433731297
2019-01-09,79248.5999641233090,321.5140571233090,0.013531021024128095936171095,-0.3127262401733012647622622600
2019-01-10,79374.6114961233090,321.5140571233090,0.001590078967414525578742464,-0.3116334206229449289852685603
2019-01-11,79624.6212491233090,321.5140571233090,0.003149744588195062680682910,-0.3094652417148577027336961410
2019-01-14,79093.1581771233090,321.5140571233090,-0.0066746072215175725947913311,-0.3140742899992166049546815870
2019-01-15,80827.3810501233090,321.5140571233090,0.021926332352494200060800112,-0.2990344549126188735269682781
2019-01-16,80263.0657551233090,321.5140571233090,-0.0069817342547577086110571200,-0.3039284100701603513903852065
2019-01-17,81542.1484601233090,321.5140571233090,0.015936130684347230758995867,-0.2928357222473770708924909481
2019-01-18,81932.7808031233090,321.5140571233090,0.004790557403463946958617287,-0.2894480111811240082008813069
2019-01-22,80013.6865061233090,321.5140571233090,-0.0234227897331033025309143524,-0.3060911210096669093969851129
2019-01-23,79996.5577541233090,321.5140571233090,-0.0002140727761454806390300913,-0.3062396680097843683859993278
2019-01-24,80750.3375001233090,321.5140571233090,0.009422652263573772249190758,-0.2997026056471790713448283368
2019-01-25,82000.4245751233090,321.5140571233090,0.015480889785731125482434191,-0.2888613788679683638741826626
2019-01-28,80820.1055681233090,321.5140571233090,-0.0143940597029308135492918124,-0.2990975506376027235331048091
2019-01-29,80139.5614561233090,321.5140571233090,-0.0084204803645841444019768283,-0.3049994859499477223616882711
2019-01-30,82365.2114931233090,321.5140571233090,0.027772176395282013142700846,-0.2856978090789379953689996049
2019-01-31,83303.7600411233090,321.5140571233090,0.011394963128072094374311723,-0.2775583619510913802981036434
2019-02-01,83590.6403261233090,321.5140571233090,0.003443785548916161080150357,-0.2750704278780432289649411433
2019-02-04,83631.7218317228320,219.1571267228320,0.000491460592229539640072176,-0.2747141535612034653209872943
2019-02-05,83245.7803587228320,219.1571267228320,-0.0046147737311514529670805999,-0.2780611836329251701619025527
2019-02-06,83248.3036187228320,219.1571267228320,0.000030310965782611016604165,-0.2780393009701651290585799051
2019-02-07,83877.7351207228320,219.1571267228320,0.007560892830715155542947493,-0.2725806334968123484310935137
2019-02-08,84605.1816267228320,219.1571267228320,0.008672700865766189208564749,-0.2662719429271650599913587910
2019-02-11,85284.4450807228320,219.1571267228320,0.008028627099896826494357526,-0.2603811139641954520140149853
2019-02-12,85863.1746227228320,219.1571267228320,0.006785874510319261524541972,-0.2553621530180943591313589916
2019-02-13,85565.7872337228320,219.1571267228320,-0.0034635033040264434421594540,-0.2579412086614193265345601735
2019-02-14,86087.2358497228320,219.1571267228320,0.006094125150460707049558224,-0.2534190095180024081707341597
2019-02-15,86594.7158357228320,219.1571267228320,0.005894950406885829772107565,-0.2490179516043873306624306984
2019-02-19,86445.6494137228320,219.1571267228320,-0.0017214263083072070915897785,-0.2503107118595619745141302456
2019-02-20,86225.5477847228320,219.1571267228320,-0.0025461273122792912079503650,-0.2522195162318195630893353628
2019-02-21,86302.3425097228320,219.1571267228320,0.000890626119206937005372234,-0.2515535234015424225971311057
2019-02-22,87004.7058937228320,219.1571267228320,0.008138404631610916691152678,-0.2454623631298806638767501463
2019-02-25,86462.2752867228320,219.1571267228320,-0.0062344973346911225771456622,-0.2501665260158715609782194721
2019-02-26,86816.2405377228320,219.1571267228320,0.004093869260624870346701970,-0.2470968058061403791309592153
2019-02-27,86569.3273177228320,219.1571267228320,-0.0028440902125071041600879989,-0.2492381304117124708510941338
2019-02-28,86855.3020467228320,219.1571267228320,0.003303418634066873088925612,-0.2467580496619676381538868836
2019-03-01,87292.1046347228320,219.1571267228320,0.005029083748566402600290328,-0.2429699328107841782973093212
2019-03-04,86470.4584997234595,155.6829027234595,-0.0094126053946984362683998400,-0.2500955581051583108144923258
2019-03-05,86801.2550797234595,155.6829027234595,0.003825544419902178707270899,-0.2472267653520076415855747806
2019-03-06,86022.9675077234595,155.6829027234595,-0.0089663170340702353562761445,-0.2539763688286240857590585222
2019-03-07,85851.2182267234595,155.6829027234595,-0.0019965514556862934970517132,-0.2554658433954156708617080501
2019-03-08,85800.2323807234595,155.6829027234595,-0.0005938861096339027673993546,-0.2559080118891711263627973561
2019-03-11,86797.1538617234595,155.6829027234595,0.011619100011015541863915645,-0.2472623326619160181514802769
2019-03-12,87671.5668647234595,155.6829027234595,0.010074212852566886023861860,-0.2396790931790074754092382468
2019-03-13,87908.9816277234595,155.6829027234595,0.002708001824198364316281057,-0.2376201427763600730743203594
2019-03-14,87847.1026227234595,155.6829027234595,-0.0007038985534156784835540837,-0.2381567808550130447192192726
2019-03-15,87925.0900717234595,155.6829027234595,0.000887763473940994186578016,-0.2374804442721865009689601968
2019-03-18,88000.3693277234595,155.6829027234595,0.000856174909102648329186356,-0.2368275941608722484592909418
2019-03-19,89124.7543287234595,155.6829027234595,0.012777048660019384815745578,-0.2270765031954816510894296112
2019-03-20,89412.0087937234595,155.6829027234595,0.003223060385002627216951807,-0.2245853240922933032723370888
2019-03-21,91677.2786977234595,155.6829027234595,0.025335186341982927500791177,-0.2049400487858632543833014117
2019-03-22,90106.2029597234595,155.6829027234595,-0.0171370241385558614917842236,-0.2185650103614189614103073232
2019-03-25,90479.5453177234595,155.6829027234595,0.004143359122200279280343707,-0.2153272445686934659435702787
2019-03-26,91011.7233137234595,155.6829027234595,0.005881749229963858535588589,-0.2107119961936617596414549290
2019-03-27,89919.9679087234595,155.6829027234595,-0.0119957667567357949450286913,-0.2201801109912121874906119917
2019-03-28,90305.7052207234595,155.6829027234595,0.004289784804989662768662502,-0.2168348514807135641996342962
2019-03-29,90671.9886707234595,155.6829027234595,0.004056038863820808110750277,-0.2136583032015293432050376828
2019-04-01,91007.5724107234595,155.6829027234595,0.003701074002233223797371923,-0.2107479943906365632272547627
2019-04-02,90934.7252285264640,495.8040975264640,-0.0008004518774353318176260161,-0.2113797526402961792291615802
2019-04-03,92100.8551445264640,495.8040975264640,0.012823813049079098758993279,-0.2012666340214368226927022200
2019-04-04,91213.1675315264640,495.8040975264640,-0.0096382124965834815386695089,-0.2089649959308495977497187291
2019-04-05,91814.5349665264640,495.8040975264640,0.006592989271994598379275405,-0.2037497106352494856725999997
2019-04-08,91881.9727255264640,495.8040975264640,0.000734499815574803118249594,-0.2031648649445596928030713690
2019-04-09,91416.1613565264640,495.8040975264640,-0.0050696709613700885060856018,-0.2072045568897496711782657440
2019-04-10,92090.9706195264640,495.8040975264640,0.007381728274152953329635281,-0.2013523563517231171240411601
2019-04-11,91951.7916105264640,495.8040975264640,-0.0015113209043589909429034373,-0.2025593692307858080713524596
2019-04-12,92228.4163385264640,495.8040975264640,0.003008366918740194877628577,-0.2001603752175203897333899399
2019-04-15,92571.0152725264640,495.8040975264640,0.003714678703171948152281991,-0.1971892279973878707719975551
2019-04-16,91975.0393995264640,495.8040975264640,-0.0064380397173506610113204971,-0.2023577556330576337249227964
2019-04-17,90240.1909915264640,495.8040975264640,-0.0188621654236435359914186725,-0.2174030155951932020428364542
2019-04-18,90070.4103385264640,495.8040975264640,-0.0018814305592055137557823659,-0.2188754174771944864245329860
2019-04-22,90319.3088915264640,495.8040975264640,0.002763377584986274154383633,-0.2167168753147692045124309844
2019-04-23,91365.2809845264640,495.8040975264640,0.011580824807419784585125015,-0.2076458106731811994679967861
2019-04-24,92069.9966495264640,495.8040975264640,0.007713166942696208271518584,-0.2015342505331587279211275136
2019-04-25,91080.7633415264640,495.8040975264640,-0.0107443612903084410166313121,-0.2101132550233673750109369440
2019-04-26,91259.8317275264640,495.8040975264640,0.001966039583227310612849641,-0.2085603064164767392200768048
2019-04-29,90949.3314055264640,495.8040975264640,-0.0034023766658594944701479062,-0.2112530823623603070311297167
2019-04-30,91121.1969605264640,495.8040975264640,0.001889684644669710302453967,-0.2097625994235698946101508301
2019-05-01,89830.8848735264640,495.8040975264640,-0.0141603943982316303203610747,-0.2209526726839655003876086213
2019-05-02,90842.2093966778680,1104.6755416778680,0.011258093745544808165015141,-0.2121820848408254534044631545
2019-05-03,90474.8115736778680,1104.6755416778680,-0.0040443514687725755537783780,-0.2153682973831248092977356748
2019-05-06,90049.0771606778680,1104.6755416778680,-0.0047055573324217930865254691,-0.2190604268446242421659061187
2019-05-07,88331.4084356778680,1104.6755416778680,-0.0190748065295005828247119873,-0.2339566981137938017403477072
2019-05-08,88670.0725356778680,1104.6755416778680,0.003834016755734310880512611,-0.2310196752587440501413165008
2019-05-09,88495.8878306778680,1104.6755416778680,-0.0019644136969653871369314254,-0.2325302707413626646995189467
2019-05-10,89124.2482146778680,1104.6755416778680,0.007100447256964785388704493,-0.2270808924074446667367237674
2019-05-13,86617.1082236778680,1104.6755416778680,-0.0281308402732433847306242934,-0.2488237563672686590894630583
2019-05-14,87725.3878756778680,1104.6755416778680,0.012795158770920938221568240,-0.2392123370650438730998623035
2019-05-15,88317.0299526778680,1104.6755416778680,0.006744251479839105672781437,-0.2340813937434514605164650843
2019-05-16,89285.0815096778680,1104.6755416778680,0.010961097282355424457326799,-0.2256860853899073519206458077
2019-05-17,88372.6757966778680,1104.6755416778680,-0.0102190164087054309079251363,-0.2335988119887968245815713620
2019-05-20,86541.3366156778680,1104.6755416778680,-0.0207229119690052912145205802,-0.2494808763408940613646353182
2019-05-21,87601.2426196778680,1104.6755416778680,0.012247395816255360967570221,-0.2402889715657718873918942563
2019-05-22,87666.8232406778680,1104.6755416778680,0.000748626606642091449661800,-0.2397202316765265977501512740
2019-05-23,85849.0629786778680,1104.6755416778680,-0.0207348708987615015868755499,-0.2554845345196541228987864106
2019-05-24,86006.9650706778680,1104.6755416778680,0.001839298957045317724080257,-0.2541151480004920134765967758
2019-05-28,86624.5836816778680,1104.6755416778680,0.007181030169968910047493477,-0.2487589263749607513248402635
2019-05-29,85568.9729126778680,1104.6755416778680,-0.0121860414692333379762812893,-0.2579135812515468548377674131
2019-05-30,87131.0361806778680,1104.6755416778680,0.018255019486958984786492702,-0.2443667792162862373546302517
2019-05-31,85463.9110966778680,1104.6755416778680,-0.0191335390588376908034753480,-0.2588247169603067490023485494
2019-06-03,84766.0995716778680,1104.6755416778680,-0.0081649846823722669169164520,-0.2648764017932787738322350200
2019-06-04,86474.4484598746590,454.7029608746590,0.020153680502335938546274515,-0.2500609556652929377381545460
2019-06-05,87868.5082618746590,454.7029608746590,0.016121060345899321273622094,-0.2379711430758270586730436381
2019-06-06,89518.8494718746590,454.7029608746590,0.018781941820173905655529273,-0.2236587614197836172095268496
2019-06-07,90512.9179788746590,454.7029608746590,0.011104571974110546108290883,-0.2150378242594994773117053385
2019-06-10,91487.3369198746590,454.7029608746590,0.010765523449674060380175356,-0.2065872955494579480931048290
2019-06-11,91530.4109008746590,454.7029608746590,0.000470819049391770326442133,-0.2062137417341731902624655915
2019-06-12,91782.2401828746590,454.7029608746590,0.002751318163235663293702776,-0.2040297831840795457945034408
2019-06-13,91077.7700438746590,454.7029608746590,-0.0076754515644459583082841392,-0.2101392140299916910761703971
2019-06-14,90681.2126698746590,454.7029608746590,-0.0043540522984803804499825489,-0.2135783092006239255925071336
2019-06-17,89994.5735048746590,454.7029608746590,-0.0075720112775698402387227568,-0.2195331031122823430965065312
2019-06-18,91092.6204988746590,454.7029608746590,0.012201257822956658922796094,-0.2100104252810723699586306549
2019-06-19,91941.1747548746590,454.7029608746590,0.009315290869368313745483102,-0.2026514426087969861458771458
2019-06-20,92337.4324448746590,454.7029608746590,0.004309904578187812255017936,-0.1992149464108851927089409247
2019-06-21,91382.9839768746590,454.7029608746590,-0.0103365281308834814956658509,-0.2074922836441001141531562556
2019-06-24,91310.0692638746590,454.7029608746590,-0.0007979025178084769896448074,-0.2081246275463631329926631638
2019-06-25,90651.4361928746590,454.7029608746590,-0.0072131483012747800210805684,-0.2138365420439984174927240917
2019-06-26,90649.8602648746590,454.7029608746590,-0.0000173844791233861371725461,-0.2138502090862208226574225586
2019-06-27,91569.6654198746590,454.7029608746590,0.010146790654860054779450915,-0.2058733117344567020959033522
2019-06-28,92161.7181168746590,454.7029608746590,0.006465598561327695245271929,-0.2007388073612950782232032686
2019-07-01,93104.7510038746590,454.7029608746590,0.010232370948250933588951385,-0.1925604703536744010416913664
2019-07-02,93946.7275307305115,966.9117967305115,0.009043325048157990339421339,-0.1852585322303508785261170623
2019-07-03,95334.8055917305115,966.9117967305115,0.014775161386499085166088770,-0.1732205955557811699029861002
2019-07-05,95505.0946377305115,966.9117967305115,0.001786221149170425698665521,-0.1717437846978643771802381069
2019-07-08,95668.4175267305115,966.9117967305115,0.001710096090889346124752119,-0.1703273869818213904276235067
2019-07-09,96144.7831347305115,966.9117967305115,0.004979340312249857028532866,-0.1661961646938502981544198430
2019-07-10,96638.0597557305115,966.9117967305115,0.005130560441420487344027309,-0.1619182837205238834099592983
2019-07-11,96482.7407487305115,966.9117967305115,-0.0016072239797921831155216786,-0.1632652687519536462751646423
2019-07-12,96868.8871287305115,966.9117967305115,0.004002232699894367256423941,-0.1599164616494153899324784471
2019-07-15,97664.6948937305115,966.9117967305115,0.008215308223190787464074959,-0.1530149164486366189206404621
2019-07-16,97656.7774957305115,966.9117967305115,-0.0000810671451809168507875981,-0.1530835791113709482847822960
2019-07-17,97537.4813467305115,966.9117967305115,-0.0012215859672946462649673840,-0.1541181603265999039643805028
2019-07-18,98313.6443757305115,966.9117967305115,0.007957587363168233381614009,-0.1473869816884813577505903354
2019-07-19,97106.8364927305115,966.9117967305115,-0.0122750803376576885506174908,-0.1578528749851880549969259082
2019-07-22,97520.4101217305115,966.9117967305115,0.004258954816543327750779744,-0.1542662084308681056891608132
2019-07-23,97801.9740647305115,966.9117967305115,0.002887230915544098961768142,-0.1518243796815293788462690468
2019-07-24,97779.1085557305115,966.9117967305115,-0.0002337939414685678898785677,-0.1520226780028611816285403665
2019-07-25,97896.3462217305115,966.9117967305115,0.001199005265354601011427659,-0.1510059487288853182543292041
2019-07-26,99367.7676897305115,966.9117967305115,0.015030402305999257711212276,-0.1382452265828803041093937205
2019-07-29,99099.0054167305115,966.9117967305115,-0.0027047228618357713225081290,-0.1405760344198376927662989302
2019-07-30,99029.0956287305115,966.9117967305115,-0.0007054539821667816056470519,-0.1411823184787257853150542682
2019-07-31,97364.0886807305115,966.9117967305115,-0.0168133106480369087110344482,-0.1556218869481697957609830476
2019-08-01,97340.6638727305115,966.9117967305115,-0.0002405898141440319633666490,-0.1558250357214562239996271761
2019-08-02,96446.1645095966335,1173.2551625966335,-0.0091893698640005620079668461,-0.1635824716981412251096651052
2019-08-05,93398.7241405966335,1173.2551625966335,-0.0315973204792065328401837124,-0.1900110243943208571589729584
2019-08-06,95120.2554455966335,1173.2551625966335,0.018432064472406644299815832,-0.1750812553740183665489377361
2019-08-07,95583.5503445966335,1173.2551625966335,0.004870622948074170020783739,-0.1710633872061465244875906631
2019-08-08,99264.4485945966335,1173.2551625966335,0.038509746046570473218580820,-0.1391412487587509064583733075
2019-08-09,99375.6168655966335,1173.2551625966335,0.001119920299502387401857800,-0.1381771555682315555609980484
2019-08-12,97705.4253075966335,1173.2551625966335,-0.0168068547464605714921076140,-0.1526616869317777737479830933
2019-08-13,99427.7732175966335,1173.2551625966335,0.017627965945367895587703450,-0.1377248360048056718552505704
2019-08-14,95975.2451255966335,1173.2551625966335,-0.0347239808382732123334718665,-0.1676664622766936914394850971
2019-08-15,96758.7341115966335,1173.2551625966335,0.008163448657773140676365035,-0.1608717501753467968029504349
2019-08-16,98466.3398805966335,1173.2551625966335,0.017648078849714319460084394,-0.1460627486574185410104921764
2019-08-19,99201.8923345966335,1173.2551625966335,0.007470090336372347486684035,-0.1396837602482959588390785901
2019-08-20,98854.0344775966335,1173.2551625966335,-0.0035065647319177667049987843,-0.1427005148329053940275775150
2019-08-21,100380.0685875966335,1173.2551625966335,0.015437246623918483507787772,-0.1294661712498226087924472961
2019-08-22,102198.7360965966335,1173.2551625966335,0.018117814966553249588129343,-0.1136940004184017412966635653
2019-08-23,99032.2086455966335,1173.2551625966335,-0.0309840177280377341963137031,-0.1411553212219041863714838966
2019-08-26,100392.2779185966335,1173.2551625966335,0.013733605375471691025792061,-0.1293602873247420719456414160
2019-08-27,100650.2253125966335,1173.2551625966335,0.002569394771669165473876077,-0.1271232701989867197683145820
2019-08-28,101326.1089665966335,1173.2551625966335,0.006715172786755912304113463,-0.1212617521368344619336472681
2019-08-29,102475.6941815966335,1173.2551625966335,0.011345399786139765291347053,-0.1112921154074548715735563012
2019-08-30,102273.1933815966335,1173.2551625966335,-0.0019760861501572207710588738,-0.1130482787497337217339515085
2019-09-03,101552.5781655966335,1173.2551625966335,-0.0070459833332012669278183948,-0.1192977257950172739004853047
2019-09-04,102362.7649371551660,647.4203681551660,0.007978002983217245985880014,-0.1122714804240837087243734722
2019-09-05,102167.9742371551660,647.4203681551660,-0.0019029448854726643564061463,-0.1139607788700989186294133274
2019-09-06,102014.9001161551660,647.4203681551660,-0.0014982593336408927813264134,-0.1152882954031286998707378327
2019-09-09,98233.5357821551660,647.4203681551660,-0.0370667846529722763591176666,-0.1480817136373849511006026838
2019-09-10,94723.1706301551660,647.4203681551660,-0.0357348956652101214619314781,-0.1785249247158375985453581923
2019-09-11,94653.5454521551660,647.4203681551660,-0.0007350385078625608397763258,-0.1791287405294207541084613744
2019-09-12,95721.9788861551660,647.4203681551660,0.011287833212122672216791880,-0.1698628826638917820627089520
2019-09-13,94160.8887501551660,647.4203681551660,-0.0163085861174751545757183256,-0.1834012453312802800183465395
2019-09-16,94127.3808371551660,647.4203681551660,-0.0003558580791320832018516116,-0.1836918385955383418774333118
2019-09-17,96586.4004581551660,647.4203681551660,0.026124381653136833730216219,-0.1623662926404377625329032562
2019-09-18,96802.0456541551660,647.4203681551660,0.002232666244700003582666641,-0.1604961361365931469585793231
2019-09-19,96712.3086501551660,647.4203681551660,-0.0009270155748629894413998766,-0.1612743692935521838905755688
2019-09-20,96729.3235961551660,647.4203681551660,0.000175933614216050472545684,-0.1611268092620063620843347254
2019-09-23,96943.3756931551660,647.4203681551660,0.002212897692675566525798807,-0.1592704687137748655392278395
2019-09-24,96506.7081771551660,647.4203681551660,-0.0045043564129862621642102196,-0.1630574141696109080579535766
2019-09-25,95890.6735741551660,647.4203681551660,-0.0063833345332757523044305021,-0.1683998986801111360760925067
2019-09-26,95986.2276751551660,647.4203681551660,0.000996490038482262988579399,-0.1675712174631450262217597345
2019-09-27,94381.9022541551660,647.4203681551660,-0.0167141209719116772937110048,-0.1814845328349671789390426217
2019-09-30,95422.3454381551660,647.4203681551660,0.011023757300401247830042766,-0.1724614169783153105180758888
2019-10-01,94184.9786431551660,647.4203681551660,-0.0129672645261267270154493959,-0.1831923286899335797755477289
2019-10-02,92766.3129352194765,1035.1089842194765,-0.0150625474292528295516087837,-0.1954955329796190109126067249
2019-10-03,94173.6853912194765,1035.1089842194765,0.015171158704806944337638770,-0.1832902680317266866003501964
2019-10-04,95268.5755022194765,1035.1089842194765,0.011626285054594294014318824,-0.1737949678810022388694401144
2019-10-07,94960.9323382194765,1035.1089842194765,-0.0032292197335608615528005392,-0.1764629654746881918811116192
2019-10-08,94109.9692172194765,1035.1089842194765,-0.0089611917242887888483962384,-0.1838428387331217466363582958
2019-10-09,95233.2663472194765,1035.1089842194765,0.011936005710588079016847269,-0.1741011821955029320693443579
2019-10-10,95753.9234612194765,1035.1089842194765,0.005467176901206871330340156,-0.1695858472560681233784660713
2019-10-11,95756.1786602194765,1035.1089842194765,0.000023552027096971749051168,-0.1695662893194409894579932973
2019-10-14,95896.0030542194765,1035.1089842194765,0.001460212760746769733448926,-0.1683536794181509461460949608
2019-10-15,95661.4100062194765,1035.1089842194765,-0.0024463276938389329229144283,-0.1703881588436695748382403774
2019-10-16,94651.8551722194765,1035.1089842194765,-0.0105534178717872051598626809,-0.1791433992747750803739649616
2019-10-17,95589.1134042194765,1035.1089842194765,0.009902164413942594452204630,-0.1710151422541238733055241040
2019-10-18,96197.7018832194765,1035.1089842194765,0.006366713293243452165724571,-0.1657372333404156715947959229
2019-10-21,96049.4222582194765,1035.1089842194765,-0.0015414050657884331842804849,-0.1670231701951434284590383910
2019-10-22,93731.3923692194765,1035.1089842194765,-0.0241337202713016158030295986,-0.1871259999981294514493106990
2019-10-23,93287.4539142194765,1035.1089842194765,-0.0047362835841728655272307372,-0.1909760017803392447902868854
2019-10-24,93894.7734012194765,1035.1089842194765,0.006510194688756838711542939,-0.1857090980440527872041386577
2019-10-25,93089.4950102194765,1035.1089842194765,-0.0085763920805153281450171267,-0.1926927760868234564088684389
2019-10-28,93265.8450992194765,1035.1089842194765,0.001894414498441957124720820,-0.1911634015771454072920088557
2019-10-29,93603.9761832194765,1035.1089842194765,0.003625454566355821853666161,-0.1882310012379575589723577466
2019-10-30,94626.0367232194765,1035.1089842194765,0.010918986368692597348829566,-0.1793673066059475796265348551
2019-10-31,94270.7530782194765,1035.1089842194765,-0.0037546076883596243338532890,-0.1824484604258841551432441416
2019-11-01,93720.8045782194765,1035.1089842194765,-0.0058337128116892207047325280,-0.1872178213165139216796435221
2019-11-04,92469.0870542207615,2503.6860082207615,-0.0133558128275993438830670150,-0.1980731879646189670446102947
2019-11-05,91539.5588382207615,2503.6860082207615,-0.0100523131092984180581063490,-0.2061344073699401162159887332
2019-11-06,91993.8898132207615,2503.6860082207615,0.004963220063174501008119262,-0.2021942777331346877176753392
2019-11-07,91613.6127372207615,2503.6860082207615,-0.0041337210196469924711424725,-0.2054921840168638794820398279
2019-11-08,91660.1536852207615,2503.6860082207615,0.000508013455745876860556247,-0.2050885633556491772842473006
2019-11-11,92644.5646632207615,2503.6860082207615,0.010739791920714681784748255,-0.1965513799306924776805415232
2019-11-12,93083.2504922207615,2503.6860082207615,0.004735149121750422330841005,-0.1927469309029997074209684525
2019-11-13,93950.6097452207615,2503.6860082207615,0.009318102326825036480304015,-0.1852248642015102970442226955
2019-11-14,95058.8569272207615,2503.6860082207615,0.011796061622222480486384476,-0.1756137264913766227651174450
2019-11-15,95599.9829842207615,2503.6860082207615,0.005692536965958874358394477,-0.1709208771551997010848649419
2019-11-18,96654.0079282207615,2503.6860082207615,0.011025367485410242207913714,-0.1617799751513541959179967152
2019-11-19,97069.8153892207615,2503.6860082207615,0.004302019853214940751092807,-0.1581739359630930007069487889
2019-11-20,96867.1286282207615,2503.6860082207615,-0.0020880513699061552322316477,-0.1599317120293279711259043439
2019-11-21,95225.8554462207615,2503.6860082207615,-0.0169435514941220222596895864,-0.1741654523251379804397097820
2019-11-22,94624.8709182207615,2503.6860082207615,-0.0063111486390312215978717091,-0.1793774169067611503631265683
2019-11-25,96000.8570202207615,2503.6860082207615,0.014541484586955912850657853,-0.1674443462630028697575967330
2019-11-26,96710.9052352207615,2503.6860082207615,0.007396269544244191461292106,-0.1612865402373796051154764024
2019-11-27,97193.7703592207615,2503.6860082207615,0.004992871515632833339954639,-0.1570989516943529532440929231
2019-11-29,96469.5180652207615,2503.6860082207615,-0.0074516328703292275410440826,-0.1633799408523422768237948148
2019-12-02,95218.1554182207615,2503.6860082207615,-0.0129715859693005129891859201,-0.1742322298732173990397491280
2019-12-03,94670.6960776404465,781.2873536404465,-0.0057495268436543798310540025,-0.1789800038341859548911008523
2019-12-04,95208.8384966404465,781.2873536404465,0.005684361067321863448283025,-0.1743130297324882559296467995
2019-12-05,95041.9761206404465,781.2873536404465,-0.0017525933372865160105945163,-0.1757601232152633866565946703
2019-12-06,95632.5644966404465,781.2873536404465,0.006213974078678071598688682,-0.1706383179863102257042668524
2019-12-09,94817.4516216404465,781.2873536404465,-0.0085233819597992141860305368,-0.1777072843849344415391373742
2019-12-10,94919.1681066404465,781.2873536404465,0.001072761219167642850140974,-0.1768251606488185519813821125
2019-12-11,95870.4242726404465,781.2873536404465,0.010021749926540402388718676,-0.1685755082630209417671704652
2019-12-12,97428.4838866404465,781.2873536404465,0.016251723363287961319944601,-0.1550634274258492606613714028
2019-12-13,97443.5975736404465,781.2873536404465,0.000155125959032524917992015,-0.1549323558297070409365895107
2019-12-16,97919.5203306404465,781.2873536404465,0.004884084422687019969368774,-0.1508049741126980956330392074
2019-12-17,98602.6034136404465,781.2873536404465,0.006975964350044444994554941,-0.1448810198858732079621865357
2019-12-18,97967.9312056404465,781.2873536404465,-0.0064366678569077312664503180,-0.1503851367390055293307894270
2019-12-19,98426.0514776404465,781.2873536404465,0.004676226866916058675895540,-0.1464121448888932535505085787
2019-12-20,99159.1245656404465,781.2873536404465,0.007447957903365990590469432,-0.1400546584772012619921038222
2019-12-23,98860.4965656404465,781.2873536404465,-0.0030116038368442530920937092,-0.1426444731672076642665565649
2019-12-24,99379.0381526404465,781.2873536404465,0.005245184932443705854333058,-0.1381474848761169665571819089
2019-12-26,99653.6414646404465,781.2873536404465,0.002763191484890658913213588,-0.1357660213450950551296899921
2019-12-27,99453.0036906404465,781.2873536404465,-0.0020133511535671398202628049,-0.1375060278229718268928693837
2019-12-30,99031.1051086404465,781.2873536404465,-0.0042421904451710894723712365,-0.1411648915107588752959433989
2019-12-31,99323.9452626404465,781.2873536404465,0.002957052268363000910079775,-0.1386252712050509808485483406
2020-01-02,101290.9130716404465,781.2873536404465,0.019803561002322087549584739,-0.1215669842175015639226307172
2020-01-03,100393.7454825435100,232.5186975435100,-0.0088573353906129075746038482,-0.1293475600564747141122736479
2020-01-06,99681.8781615435100,232.5186975435100,-0.0070907536876764864883080561,-0.1355211420556887967165940087
2020-01-07,100020.2664865435100,232.5186975435100,0.003394682476303376602138863,-0.1325865108254904874323733264
2020-01-08,99925.8753205435100,232.5186975435100,-0.0009437204010319165080337191,-0.1334051066313547495181477561
2020-01-09,100790.1759245435100,232.5186975435100,0.008649417392917353882757817,-0.1259095656880386296309420041
2020-01-10,100108.9008245435100,232.5186975435100,-0.0067593403201323519394654456,-0.1318178404041254691442094129
2020-01-13,101043.4926205435100,232.5186975435100,0.009335751249911515318928407,-0.1237127077225274048194331905
2020-01-14,100895.9539825435100,232.5186975435100,-0.0014601498243341936646625005,-0.1249922184584126426499543066
2020-01-15,100628.5845375435100,232.5186975435100,-0.0026499520986367685498105480,-0.1273109471654322751779395173
2020-01-16,101881.1664335435100,232.5186975435100,0.012447575425575764980914961,-0.1164480843571997195800962847
2020-01-17,102368.4407275435100,232.5186975435100,0.004782771056295730348503682,-0.1122222578283286876481811446
2020-01-21,101896.7517605435100,232.5186975435100,-0.0046077576609319807758734707,-0.1163129225210251029616248428
2020-01-22,102376.2716705435100,232.5186975435100,0.004705939116949161079229941,-0.1121543449359743109459083846
2020-01-23,102679.2532345435100,232.5186975435100,0.002959490114809252142085748,-0.1095267744963359818839086751
2020-01-24,101224.5832595435100,232.5186975435100,-0.0141671265535715614478722682,-0.1221422213746134573598121886
2020-01-27,99698.0295075435100,232.5186975435100,-0.0150808598350645781824492011,-0.1353810714891840612418566324
2020-01-28,101642.2321775435100,232.5186975435100,0.019500913705148953445023423,-0.1185202123764562874929613673
2020-01-29,100475.6893405435100,232.5186975435100,-0.0114769502008017885444944346,-0.1286369120020250354248477113
2020-01-30,102159.2429645435100,232.5186975435100,0.016755830540200731093019396,-0.1140364997605449493901933666
2020-01-31,99418.7639155435100,232.5186975435100,-0.0268255614418671862222779927,-0.1378029680714701644035333395
2020-02-03,100986.5624305435100,232.5186975435100,0.015769644011384498621920655,-0.1242064278102849345309841060
2020-02-04,103280.5575778730285,379.4477778730285,0.022715845476048176153621284,-0.1043120363555071237816463728
2020-02-05,102875.0956098730285,379.4477778730285,-0.0039258305484484210478289244,-0.1078283555250602326622579872
2020-02-06,101834.1682728730285,379.4477778730285,-0.0101183608222095410157659360,-0.1168556701392017225175188356
2020-02-07,100353.6408668730285,379.4477778730285,-0.0145386114612612641012673510,-0.1296953624152638227987651329
2020-02-10,101623.5475168730285,379.4477778730285,0.012654315668373514433179005,-0.1186822528036171627705606004
2020-02-11,102656.5286518730285,379.4477778730285,0.010164781295678438656176127,-0.1097238506513659117869596799
2020-02-12,103879.2327218730285,379.4477778730285,0.011910631365165405366549488,-0.0991200996232753898431679873
2020-02-13,104280.9934838730285,379.4477778730285,0.003867575370677573494353231,-0.0956358787086399036775617245
2020-02-14,104283.7684308730285,379.4477778730285,0.000026610285415329719835282,-0.0956118133212529567202359352
2020-02-18,103294.5198408730285,379.4477778730285,-0.0094861223840002187079027085,-0.1041909503427315874614094647
2020-02-19,104956.7330538730285,379.4477778730285,0.016091978698973264368817685,-0.0897756101972993409366743383
2020-02-20,102623.8733448730285,379.4477778730285,-0.0222268704553005777580346751,-0.1100070497946989847012133754
2020-02-21,99468.7117858730285,379.4477778730285,-0.0307449081403983887712608982,-0.1373698012943631217554864564
2020-02-24,95925.4337178730285,379.4477778730285,-0.0356220363608170453097315182,-0.1680984455985941515271546190
2020-02-25,93220.1182738730285,379.4477778730285,-0.0282022748206343521422720431,-0.1915599618595354983933350561
2020-02-26,93513.6003558730285,379.4477778730285,0.003148269788049118524092995,-0.1890147745120085969211491715
2020-02-27,90007.6022758730285,379.4477778730285,-0.0374918521654354128791129483,-0.2194201126943566740001201625
2020-02-28,91246.5466488730285,379.4477778730285,0.013764885872669280172022140,-0.2086755196310934453949403827
2020-03-02,94983.8975228730285,379.4477778730285,0.040958819936295741694700477,-0.1762638027284806073287793197
2020-03-03,93008.3132813499175,961.3386143499175,-0.0207991490457355834561446817,-0.1933968146698983882294963809
2020-03-04,97514.5195003499175,961.3386143499175,0.048449499405163249648889134,-0.1543172941220448477746338290
2020-03-05,93803.2955183499175,961.3386143499175,-0.0380581681683483327930457779,-0.1865024287594119260609578333
2020-03-06,91362.6177623499175,961.3386143499175,-0.0260191045795672666696562753,-0.2076689071407447599842490729
2020-03-09,83687.5794733499175,961.3386143499175,-0.0840063307836046405899394486,-0.2742297350176143204794520915
2020-03-10,88197.2224023499175,961.3386143499175,0.053886645513938941782809332,-0.2351204100239509701515681401
2020-03-11,83781.5162913499175,961.3386143499175,-0.0500662718249316249632690954,-0.2734150794890340874494279365
2020-03-12,73953.7728143499175,961.3386143499175,-0.1173020483757307266097911597,-0.3586449789838878755771015177
2020-03-13,80344.1050743499175,961.3386143499175,0.086409820849059186871210183,-0.3032256065172410371661931777
2020-03-16,68693.1448993499175,961.3386143499175,-0.1450132547275033616293770412,-0.4042671291269580208203660133
2020-03-17,72242.0034833499175,961.3386143499175,0.051662485233422249059916839,-0.3734900884824152461085213773
2020-03-18,65380.8744823499175,961.3386143499175,-0.0949742347965381226551493752,-0.4329923879212446643845037855
2020-03-19,66502.1224383499175,961.3386143499175,0.017149479337458077669765344,-0.4232685025937186046140070846
2020-03-20,62387.6748073499175,961.3386143499175,-0.0618694183003595823944442981,-0.4589505448537405758054395664
2020-03-23,62663.1183853499175,961.3386143499175,0.004415031957042096387856998,-0.4565617942189296261108945088
2020-03-24,70732.0845603499175,961.3386143499175,0.128767389541316744940193201,-0.3865846750834842878103927213
2020-03-25,72485.2587403499175,961.3386143499175,0.024786123452987724325689507,-0.3713804871121489525361926390
2020-03-26,77166.5945933499175,961.3386143499175,0.064583281267837565556808295,-0.3307821763008618268583045289
2020-03-27,73495.2971603499175,961.3386143499175,-0.0475762530709938314157896937,-0.3626210528407917578217899217
2020-03-30,74862.9436703499175,961.3386143499175,0.018608626168503112914724118,-0.3507603062854319524843421413
2020-03-31,71726.9728443499175,961.3386143499175,-0.0418894939505568353908752467,-0.3779566285077497233762338807
2020-04-01,67786.9356713499175,961.3386143499175,-0.0549310394229242159429885129,-0.4121261174699592166901078464
2020-04-02,68246.8871906647155,545.2016376647155,0.006785253157699471916850128,-0.4081372443521932090463362331
2020-04-03,66200.0387566647155,545.2016376647155,-0.0299918211402319047163396373,-0.4258882862591470109183563875
2020-04-06,72513.7648936647155,545.2016376647155,0.095373450765002204540220197,-0.3711332709950727287427113402
2020-04-07,72595.6219986647155,545.2016376647155,0.001128849193253673976550865,-0.3704233752953714397756616429
2020-04-08,76491.7842486647155,545.2016376647155,0.053669383121638711152676477,-0.3366343862196705785033197471
2020-04-09,77533.0161956647155,545.2016376647155,0.013612337027138654340398843,-0.3276044299126780403532010118
2020-04-13,76601.2910176647155,545.2016376647155,-0.0120171408738784203853124647,-0.3356847022013891792293415163
2020-04-14,80151.6221046647155,545.2016376647155,0.046348188651040782505076002,-0.3048948914552468274605285502
2020-04-15,78310.7874116647155,545.2016376647155,-0.0229669050315185813577246029,-0.3208593044701175887385289936
2020-04-16,78856.2036816647155,545.2016376647155,0.006964765494348202556627739,-0.3161292487880834251482041371
2020-04-17,81176.6589516647155,545.2016376647155,0.029426413670222646876649242,-0.2960053851659556524962965690
2020-04-20,79464.8907516647155,545.2016376647155,-0.0210869506346552616579541372,-0.3108504848560242904331808445
2020-04-21,75940.6514996647155,545.2016376647155,-0.0443496394277263946005645612,-0.3414140173644520836304980177
2020-04-22,79313.3783976647155,545.2016376647155,0.044412667410614601837942281,-0.3121644571563666906222900008
2020-04-23,78489.5392726647155,545.2016376647155,-0.0103871394920211459036153585,-0.3193091008874535970549860555
2020-04-24,80045.0675906647155,545.2016376647155,0.019818288302040505785454383,-0.3058189724042659845765485035
2020-04-27,81334.9535966647155,545.2016376647155,0.016114497055536666379026796,-0.2946325942790651114359750671
2020-04-28,81192.6955436647155,545.2016376647155,-0.0017490395790406345617914111,-0.2958663097894362398803889158
2020-04-29,83934.1362396647155,545.2016376647155,0.033764622268584214877769462,-0.2720915017128922597588607601
2020-04-30,80858.8232546647155,545.2016376647155,-0.0366395976985904905428806145,-0.2987617762515170325455989545
2020-05-01,78114.4133546647155,545.2016376647155,-0.0339407598272421805440024887,-0.3225623343854462068540717845
2020-05-04,78614.0722181860320,1370.1620751860320,0.006396500236809096463624698,-0.3182291041969193120116042530
2020-05-05,80598.3830801860320,1370.1620751860320,0.025241166193410387204052260,-0.3010204117101234761129675460
2020-05-06,80310.9217711860320,1370.1620751860320,-0.0035665890308743461744072544,-0.3035133846425232163121275802
2020-05-07,80462.6035401860320,1370.1620751860320,0.001888681709222025320243663,-0.3021979431113795937505639776
2020-05-08,81268.5921571860320,1370.1620751860320,0.010016934346369480274335108,-0.2952081057207647020112367191
2020-05-11,83169.2921221860320,1370.1620751860320,0.023387878570896763789668056,-0.2787245184796096373393765836
2020-05-12,81359.5518531860320,1370.1620751860320,-0.0217597171121916789747206207,-0.2944192689174531686354717873
2020-05-13,81349.6308641860320,1370.1620751860320,-0.0001219400644917821662318697,-0.2945053074773055332057546162
2020-05-14,81644.1419201860320,1370.1620751860320,0.003620312137515275967195368,-0.2919511964790130148196358361
2020-05-15,82471.6420521860320,1370.1620751860320,0.010135450168720622912931860,-0.2847748031139037920978724889
2020-05-18,82720.4820281860320,1370.1620751860320,0.003017279270886108553732941,-0.2826167689533239382937376927
2020-05-19,82068.1709831860320,1370.1620751860320,-0.0078857258686879106715303563,-0.2882738564561516280091650653
2020-05-20,82054.6215061860320,1370.1620751860320,-0.0001651002677125092822905675,-0.2883913626329887091853121282
2020-05-21,80719.8424871860320,1370.1620751860320,-0.0162669572353017566719236138,-0.2999670699053092375068807712
2020-05-22,81140.7908941860320,1370.1620751860320,0.005214930976442675277201454,-0.2963164464936285047650345316
2020-05-26,79101.8015421860320,1370.1620751860320,-0.0251290297953713854556640239,-0.3139993314762029286282949227
2020-05-27,79808.8732591860320,1370.1620751860320,0.008938756175141085073205325,-0.3078673387642849249675865964
2020-05-28,80868.5131921860320,1370.1620751860320,0.013277219558766731946840797,-0.2986777414572648201024294379
2020-05-29,82792.9422071860320,1370.1620751860320,0.023797012446940215215382401,-0.2819883669414071273451566726
2020-06-01,82623.1816741860320,1370.1620751860320,-0.0020504227591668507758273472,-0.2834605943351770237497922389
2020-06-02,82667.3497209984535,783.6069129984535,0.000534572088818759769383955,-0.2830775523683698266646911442
2020-06-03,82387.0815929984535,783.6069129984535,-0.0033903122447484086450417549,-0.2855081433211103422006616909
2020-06-04,81885.3050389984535,783.6069129984535,-0.0060904761316687148175791025,-0.2898597389204847838846720968
2020-06-05,83703.7479729984535,783.6069129984535,0.022207194967814478308192820,-0.2740895156881973137521322186
2020-06-08,83948.0664329984535,783.6069129984535,0.002918847314684324428266329,-0.2719706938203626110657304363
2020-06-09,84631.6169499984535,783.6069129984535,0.008142540335286492809251581,-0.2660426858295242737095141799
2020-06-10,85498.8999119984535,783.6069129984535,0.010247741839936757206583839,-0.2585212807523718822272991443
2020-06-11,81174.1443699984535,783.6069129984535,-0.0505825869859301801629334365,-0.2960271925669311340453500444
2020-06-12,81382.2098899984535,783.6069129984535,0.002563199422855881024519722,-0.2942227698732124576567890500
2020-06-15,83289.4534219984535,783.6069129984535,0.023435632118837222241533699,-0.2776824343501091459226580160
2020-06-16,83830.1321939984535,783.6069129984535,0.006491563454745827917733394,-0.2729934640382153440893097837
2020-06-17,84190.9161599984535,783.6069129984535,0.004303750412382496018827795,-0.2698646093592650434545117038
2020-06-18,84000.1440549984535,783.6069129984535,-0.0022659464191772432695444047,-0.2715190570332019945286713186
2020-06-19,85415.2212759984535,783.6069129984535,0.016846128502749816534677483,-0.2592469734561789551527900667
2020-06-22,85372.9688979984535,783.6069129984535,-0.0004946703569785500699181853,-0.2596134020202523284845614914
2020-06-23,85683.6010709984535,783.6069129984535,0.003638530755222250312279552,-0.2569194826127486445620043372
2020-06-24,83819.5104899984535,783.6069129984535,-0.0217555116463346623119749604,-0.2730855794629313779610973046
2020-06-25,84664.9998049984535,783.6069129984535,0.010087022819119014394291648,-0.2657531771154272912557599234
2020-06-26,83272.1568049984535,783.6069129984535,-0.0164512254557138653007071517,-0.2778324371388430036576632331
2020-06-29,84122.5820859984535,783.6069129984535,0.010212600629421343277129657,-0.2704572282318194742295770762
2020-06-30,86256.1417179984535,783.6069129984535,0.025362507653638871485246891,-0.2519541940991920792286884897
2020-07-01,85652.5297699984535,783.6069129984535,-0.0069979010882890974784329970,-0.2571889446583954379537713710
2020-07-02,86476.7439489603590,759.8359049603590,0.009622765155625366435762580,-0.2500410483178409398501998669
2020-07-06,87976.4137569603590,759.8359049603590,0.017341885685301976906540929,-0.2370353459091000286908333372
2020-07-07,88053.7898339603590,759.8359049603590,0.000879509333191912466392547,-0.2363643113749315431071605720
2020-07-08,89128.1312769603590,759.8359049603590,0.012200967670168930738897845,-0.2270472170262298945719460520
2020-07-09,90360.5930899603590,759.8359049603590,0.013827977714131561089844052,-0.2163588431691926323970014691
2020-07-10,89356.8368289603590,759.8359049603590,-0.0111083407786034524547940262,-0.2250637961874082733049758750
2020-07-13,86150.2202089603590,759.8359049603590,-0.0358855207256031967873396222,-0.2528727853903452967577866170
2020-07-14,88065.0592659603590,759.8359049603590,0.022226745936986477685205148,-0.2362665786086081299309125626
2020-07-15,88480.3389789603590,759.8359049603590,0.004715601357240185010578522,-0.2326651162501251922803999442
2020-07-16,87900.7782389603590,759.8359049603590,-0.0065501641007253950639853465,-0.2376912856588979165625152002
2020-07-17,89342.3390589603590,759.8359049603590,0.016399864129542546029038454,-0.2251895263189375810681544541
2020-07-20,91668.6883779603590,759.8359049603590,0.026038598759595435141644304,-0.2050145472800243176206103887
2020-07-21,90742.2622489603590,759.8359049603590,-0.0101062439682810819939617510,-0.2130488642164467771499848949
2020-07-22,91637.3489789603590,759.8359049603590,0.009864055709171556131680405,-0.2052863343726819785011493268
2020-07-23,90510.5250409603590,759.8359049603590,-0.0122965575778355958002832501,-0.2150585767199610797780255620
2020-07-24,90807.9566279603590,759.8359049603590,0.003286154697096253986786633,-0.2124791377749039609926106350
2020-07-27,92381.0080049603590,759.8359049603590,0.017322836405677333292168719,-0.1988370427125206639252096582
2020-07-28,90772.8195069603590,759.8359049603590,-0.0174082155275210788069569567,-0.2127838601456472685441199417
2020-07-29,93171.3526179603590,759.8359049603590,0.026423472621295884111312744,-0.1919828760271635474688670757
2020-07-30,94610.8897059603590,759.8359049603590,0.015450425989871320195033647,-0.1794986672546725585745829560
2020-07-31,95661.0111049603590,759.8359049603590,0.011099371354224182526152777,-0.1703916182658963069323890018
2020-08-03,97434.3743719603590,759.8359049603590,0.018537994178780375589541925,-0.1550123429146420849962686564
2020-08-04,98222.9161841843815,1170.9905951843815,0.008093055631616482924773153,-0.1481738107978210116123600935
2020-08-05,98446.7437641843815,1170.9905951843815,0.002278771479155494472714546,-0.1462326935726693741048348339
2020-08-06,98850.8237131843815,1170.9905951843815,0.004104553726712565280281931,-0.1427283597933277254960829811
2020-08-07,97573.3534141843815,1170.9905951843815,-0.0129232134949788528982814179,-0.1538070642229092484124184397
2020-08-10,95912.1780911843815,1170.9905951843815,-0.0170248870708435906517971225,-0.1682134033946598216015767556
2020-08-11,92954.7738461843815,1170.9905951843815,-0.0308345019773023505767865904,-0.1938611288523807759784074494
2020-08-12,96181.3816841843815,1170.9905951843815,0.034711588275597167497048907,-0.1658787682641499407957378844
2020-08-13,96655.1507781843815,1170.9905951843815,0.004925787982082028912426138,-0.1617700639252660315180846995
2020-08-14,96155.1288171843815,1170.9905951843815,-0.0051732572653837068650454602,-0.1661064430321267691844345416
2020-08-17,98593.1262801843815,1170.9905951843815,0.025354835389334872751997900,-0.1449632091629794012253911280
2020-08-18,97965.5238781843815,1170.9905951843815,-0.0063655796877407456611264770,-0.1504060139910025720694673853
2020-08-19,97380.7289021843815,1170.9905951843815,-0.0059693956899282815864879959,-0.1554775766692736700841710873
2020-08-20,98051.3459041843815,1170.9905951843815,0.006886547364762610165033780,-0.1496617330004025231920528682
2020-08-21,98574.7205011843815,1170.9905951843815,0.005337760457785462931508939,-0.1451228310230702545574586988
2020-08-24,98277.0486571843815,1170.9905951843815,-0.0030197584379295648519911079,-0.1477043535674816765836656922
2020-08-25,99443.6556491843815,1170.9905951843815,0.011870594487115961235907160,-0.1375870975655468900996746644
2020-08-26,99660.9124781843815,1170.9905951843815,0.002184722872280911571577019,-0.1357029643722481741458927330
2020-08-27,99050.8615361843815,1170.9905951843815,-0.0061212658687380491416778906,-0.1409935563168878050363679672
2020-08-28,99622.4476791843815,1170.9905951843815,0.005770632724796575585458953,-0.1360365456221589111571574757
2020-08-31,102125.3796761843815,1170.9905951843815,0.025124176882907237392854344,-0.1143301749740024744279112380
2020-09-01,102793.7293081843815,1170.9905951843815,0.006544402910610270201319837,-0.1085339947932626474934829406
2020-09-02,105114.7339227969565,867.1247487969565,0.022579243210974522543955408,-0.0884053670473838447614029545
2020-09-03,97482.5285857969565,867.1247487969565,-0.0726083304611281620619698524,-0.1545947314033982305632941431
2020-09-04,95550.1609647969565,867.1247487969565,-0.0198227071972109551188821981,-0.1713529525057681491169904997
2020-09-08,91345.8514937969565,867.1247487969565,-0.0440010715685656629764844694,-0.2078143105476424748102195594
2020-09-09,94945.8869427969565,867.1247487969565,0.039411044838138800704172378,-0.1765934448205037127886271403
2020-09-10,92917.3070547969565,867.1247487969565,-0.0213656426130621096182970572,-0.1941860550037214359933912284
2020-09-11,91826.4177547969565,867.1247487969565,-0.0117404317298677206949962374,-0.2036466586119256270695668061
2020-09-14,94124.4887187969565,867.1247487969565,0.025026250834879706100557248,-0.1837169201371530871837442875
2020-09-15,95780.4042777969565,867.1247487969565,0.017592823945606287830833978,-0.1693561956233487442022446126
2020-09-16,94089.8907057969565,867.1247487969565,-0.0176498897112285552236764786,-0.1840169671599119459510894312
2020-09-17,93124.0635237969565,867.1247487969565,-0.0102649410553571254518104212,-0.1923929848941869873761838065
2020-09-18,92207.8886827969565,867.1247487969565,-0.0098382180322906587237579425,-0.2003383987932054313693082956
2020-09-21,93475.2443557969565,867.1247487969565,0.013744547143464180005639962,-0.1893474122166005908022891733
2020-09-22,95096.6414837969565,867.1247487969565,0.017345738320067280032717956,-0.1752860445604243750776741176
2020-09-23,92155.4142797969565,867.1247487969565,-0.0309288231225404639180483463,-0.2007934766149057274752653721
2020-09-24,92482.6671687969565,867.1247487969565,0.003551097801008344914429254,-0.1979554160871613948178761422
2020-09-25,94987.8636517969565,867.1247487969565,0.027088281076794428921697918,-0.1762294069620097873817274493
2020-09-28,96535.9707747969565,867.1247487969565,0.016297946532148513048934155,-0.1628036378819203507693411628
2020-09-29,97346.9376807969565,867.1247487969565,0.008400670749889247193841203,-0.1557706268907613128602894207
2020-09-30,97660.6392077969565,867.1247487969565,0.003222510481312058868718183,-0.1530500888872852823699398940
2020-10-01,99479.9230197969565,867.1247487969565,0.018628628962063494156693486,-0.1372725732437138629642851796
2020-10-02,96396.5707855988635,512.7613975988635,-0.0309947187392223041968969075,-0.1640125671846379628096579635
2020-10-05,99931.0333335988635,512.7613975988635,0.036665853558849107545120233,-0.1333603743959916914644551145
2020-10-06,98029.0827635988635,512.7613975988635,-0.0190326318717303326402808550,-0.1498548073555669828287769145
2020-10-07,100928.7665705988635,512.7613975988635,0.029579832078942388157819841,-0.1247076553144245266573576641
2020-10-08,100356.3469625988635,512.7613975988635,-0.0056715208899298008447814278,-0.1296718941321044036529258874
2020-10-09,101506.4651245988635,512.7613975988635,0.011460343035688912174280570,-0.1196976354852569440974715830
2020-10-12,103675.7468675988635,512.7613975988635,0.021370872686160566731401800,-0.1008848057278862588064606592
2020-10-13,104748.9849585988635,512.7613975988635,0.010351872288613456104784831,-0.0915772800640294605329842280
2020-10-14,102898.7904925988635,512.7613975988635,-0.0176631254873856149471985898,-0.1076228645618506661559073223
2020-10-15,102586.1603665988635,512.7613975988635,-0.0030382293562768976393761640,-0.1103341109716091365065403760
2020-10-16,102157.4264055988635,512.7613975988635,-0.0041792573137340262907885725,-0.1140522536451107236399824293
2020-10-19,100495.2189145988635,512.7613975988635,-0.0162710392135417055929301743,-0.1284675441672000277191537960
2020-10-20,100232.9565595988635,512.7613975988635,-0.0026096998228629297359543331,-0.1307419822628061799405641549
2020-10-21,98422.3704835988635,512.7613975988635,-0.0180637799995794720622755749,-0.1464440678580813996419279470
2020-10-22,97977.5237115988635,512.7613975988635,-0.0045197729928088799060582671,-0.1503019469080282522850952344
2020-10-23,99154.8396865988635,512.7613975988635,0.012016184226756752777198383,-0.1400918185649585794815083356
2020-10-26,98926.7865465988635,512.7613975988635,-0.0022999698322423107065722109,-0.1420695814407575221754020420
2020-10-27,98966.9448855988635,512.7613975988635,0.000405939992613463267555084,-0.1417213131729847178345236104
2020-10-28,95115.3520535988635,512.7613975988635,-0.0389179724245530694682404479,-0.1751237794395001183809917267
2020-10-29,95311.1818655988635,512.7613975988635,0.002058866500222246935382892,-0.1734254694221581677393825909
2020-10-30,91046.2948445988635,512.7613975988635,-0.0447469744632276643342255009,-0.2104121788338792503813933280
2020-11-02,91390.2275245988635,512.7613975988635,0.003777558225593219816930604,-0.2074294648652049427096055943
2020-11-03,92974.8698821119050,825.5459481119050,0.017339297651781362333056450,-0.1936868484464710930419191256
2020-11-04,97719.3907091119050,825.5459481119050,0.051030142155787324535382097,-0.1525405737006136237005271330
2020-11-05,100726.8769311119050,825.5459481119050,0.030776759864913536427761364,-0.1264585184421400179696308795
2020-11-06,101560.0770611119050,825.5459481119050,0.008271874949223668548070246,-0.1192326925437338267353651010
2020-11-09,95221.2557611119050,825.5459481119050,-0.0624144987226204159282057239,-0.1742053425298887749440712220
2020-11-10,93052.6931461119050,825.5459481119050,-0.0227739342194816434824938845,-0.1930119357379124635567571975
2020-11-11,96629.8267991119050,825.5459481119050,0.038442021741199504793933512,-0.1619896830266607913712935162
2020-11-12,95992.3750171119050,825.5459481119050,-0.0065968428498296617370188588,-0.1675179053942698525486069427
2020-11-13,95741.7231211119050,825.5459481119050,-0.0026111646467265550896709934,-0.1696916532087372065215441500
2020-11-16,96329.0469481119050,825.5459481119050,0.006134460586812750300970559,-0.1645981593804445519870293383
2020-11-17,95946.3188341119050,825.5459481119050,-0.0039731329866282005453432732,-0.1679173219905000223060436591
2020-11-18,94770.9591531119050,825.5459481119050,-0.0122501800515365162904935885,-0.1781104846138810812330647361
2020-11-19,95925.1650571119050,825.5459481119050,0.012178898623736261135838700,-0.1681007755260818149118477569
2020-11-20,95829.2035251119050,825.5459481119050,-0.0010003791178557414298639892,-0.1689329901384059086072305397
2020-11-23,95875.4388891119050,825.5459481119050,0.000482476763859193396523018,-0.1685320196169377503250542185
2020-11-24,95110.5822451119050,825.5459481119050,-0.0079776077466995663580612909,-0.1751651450183743108021424076
2020-11-25,96731.0060231119050,825.5459481119050,0.017037260625993904568696063,-0.1611122186206484672182972683
2020-11-27,98616.6678631119050,825.5459481119050,0.019493871898214926913985439,-0.1447590476734616591339088524
2020-11-30,99837.4769571119050,825.5459481119050,0.012379338305108666193699163,-0.1341717305922281284037891308
2020-12-01,100278.6315161119050,825.5459481119050,0.004418727039641744803459165,-0.1303458718065097895254428381
2020-12-02,99660.6903384542150,796.8955304542150,-0.0061622418287429914225371798,-0.1357048908518027345355594903
2020-12-03,99039.1911214542150,796.8955304542150,-0.0062361520363680811151356634,-0.1410947665567402378458967618
2020-12-04,99269.9755204542150,796.8955304542150,0.002330233076287783600256106,-0.1390933171723740737385062649
2020-12-07,99796.7701424542150,796.8955304542150,0.005306686329256280484161409,-0.1345247554478473385905955772
2020-12-08,100457.7745724542150,796.8955304542150,0.006623505240264326795844785,-0.1287922756302371056861949892
2020-12-09,97954.9407984542150,796.8955304542150,-0.0249142864716245026054536664,-0.1504977944514774578592355008
2020-12-10,99004.4208134542150,796.8955304542150,0.010713905867794280724855978,-0.1413963077867469590142219771
2020-12-11,99389.0538064542150,796.8955304542150,0.003885008263668669061531695,-0.1380606253472820404667824675
2020-12-14,100467.1968604542150,796.8955304542150,0.010847704175748844738406385,-0.1287105619936194039165225245
2020-12-15,101524.1302484542150,796.8955304542150,0.010520183911053548375718470,-0.1195444368660337907200766346
2020-12-16,102953.9133394542150,796.8955304542150,0.014083184830059350110635725,-0.1071448184357641554087311718
2020-12-17,104439.4033934542150,796.8955304542150,0.014428689554540005815853960,-0.0942620882038113453071247329
2020-12-18,104574.8594184542150,796.8955304542150,0.001296981987628720648550643,-0.0930873624466992376794129056
2020-12-21,103867.1280414542150,796.8955304542150,-0.0067677009649903233944616817,-0.0992250759790306306516538593
2020-12-22,105529.4124004542150,796.8955304542150,0.016003950338711288924920880,-0.0848091188286426023666811858
2020-12-23,103842.4170724542150,796.8955304542150,-0.0159860202916541484485061561,-0.0994393788257847622682656011
2020-12-24,103904.7419384542150,796.8955304542150,0.000600186973272337488045245,-0.0988988740723139539016778651
2020-12-28,102529.0585494542150,796.8955304542150,-0.0132398518425160718355986873,-0.1108293194747209348700279772
2020-12-29,102330.2017814542150,796.8955304542150,-0.0019395161802259478450894702,-0.1125538803965822307150442562
2020-12-30,103153.4109954542150,796.8955304542150,0.008044635891152851099337949,-0.1054146994913562503270027644
2020-12-31,103090.0925564542150,796.8955304542150,-0.0006138278743180904560068989,-0.1059638208847636812846637916
2021-01-04,101306.3232154542150,796.8955304542150,-0.0173030142544800986877523249,-0.1214333416360155380123700685
2021-01-05,103212.9577250848805,915.8409670848805,0.018820488683373809597327033,-0.1048982877846866245019560381
2021-01-06,102949.5549340848805,915.8409670848805,-0.0025520321944613992722522575,-0.1071826161715776265746337523
2021-01-07,106482.9720010848805,915.8409670848805,0.034321829455817730247001511,-0.0765394901886291551124167489
2021-01-08,108272.8832620848805,915.8409670848805,0.016809366111435768777080551,-0.0610167043897566997728672865
2021-01-11,107070.0975520848805,915.8409670848805,-0.0111088360609049454098644132,-0.0714477158846191388751057137
2021-01-12,109002.3333560848805,915.8409670848805,0.018046455996363060153007908,-0.0546906379490085080436879497
2021-01-13,109081.9598510848805,915.8409670848805,0.000730502664928089620376746,-0.0540000869408487864480080405
2021-01-14,109468.1740290848805,915.8409670848805,0.003540587082660111245841997,-0.0506506918684739673782453376
2021-01-15,107264.1801070848805,915.8409670848805,-0.0201336501823298449320816592,-0.0697645587392309786229404796
2021-01-19,109944.4900340848805,915.8409670848805,0.024987930960029437592335087,-0.0465198997564343630685682678
2021-01-20,109848.6001400848805,915.8409670848805,-0.0008721664357192644330097665,-0.0473514930969930406655070425
2021-01-21,109805.4944780848805,915.8409670848805,-0.0003924097525596987736360775,-0.0477253216618632161154936184
2021-01-22,110002.3874200848805,915.8409670848805,0.001793106464625011478350745,-0.0460177917800363996660900395
2021-01-25,109674.6771690848805,915.8409670848805,-0.0029791194417309959403445296,-0.0488598187236099603535268478
2021-01-26,107947.0168860848805,915.8409670848805,-0.0157525905486503061186679725,-0.0638427405536259609472182270
2021-01-27,103847.4483960848805,915.8409670848805,-0.0379775987170282129813120780,-0.0993957452889132235703171867
2021-01-28,105779.7327800848805,915.8409670848805,0.018606951002109055543283832,-0.0826382460492130883688387020
2021-01-29,103557.2010960848805,915.8409670848805,-0.0210109406177138253577548709,-0.1019128793864348733917464149
2021-02-01,106291.3583990848805,915.8409670848805,0.026402387029204562967901475,-0.0782012356420516076047111172
2021-02-02,108600.2218242622735,814.0749522622735,0.021722023878069764584270166,-0.0581779008718930483784327531
2021-02-03,108198.4196602622735,814.0749522622735,-0.0036998282070749302662744047,-0.0616624808402937395652257998
2021-02-04,110843.1971962622735,814.0749522622735,0.024443772324073416566196842,-0.0387259721588180024218503605
2021-02-05,112037.0892782622735,814.0749522622735,0.010771000045100278398502137,-0.0283720895615869048530493088
2021-02-08,114363.3674062622735,814.0749522622735,0.020763464518631960861718636,-0.0081977279178864019161885034
2021-02-09,114270.4059762622735,814.0749522622735,-0.0008128602026011140967334476,-0.0090039245137113140630346780
2021-02-10,113364.8367052622735,814.0749522622735,-0.0079247926290567004723669566,-0.0168573629081491721775079095
2021-02-11,114311.5539742622735,814.0749522622735,0.008351066313987416567585117,-0.0086470735496866611142945167
2021-02-12,116400.6554392622735,814.0749522622735,0.018275505776698390167365175,0
2021-02-16,116027.7009422622735,814.0749522622735,-0.0032040583929066208940583834,-0.0032040583929066208940583834
2021-02-17,114224.3225392622735,814.0749522622735,-0.0155426539382814928150015203,-0.0186969127603891197471381455
2021-02-18,111754.2433272622735,814.0749522622735,-0.0216248094721766532352862903,-0.0399174050564044498091817923
2021-02-19,114812.8498202622735,814.0749522622735,0.027369041227751373558951620,-0.0136408649333466607801452648
2021-02-22,109833.9056372622735,814.0749522622735,-0.0433657399045007549104938411,-0.0564150586370754793728816521
2021-02-23,108575.4195152622735,814.0749522622735,-0.0114580840469816247566396642,-0.0672267342006780966570156673
2021-02-24,111249.4636512622735,814.0749522622735,0.024628448574625252836102413,-0.0442539757921542450265796431
2021-02-25,105371.9450552622735,814.0749522622735,-0.0528318825376495351285013790,-0.0947478374789287010437979961
2021-02-26,107785.2834262622735,814.0749522622735,0.022903044731065044667146929,-0.0740148067078152415281686069
2021-03-01,111656.9205992622735,814.0749522622735,0.035919905296242526027592931,-0.0407535062590371350363867638
2021-03-02,108588.2749890380990,1511.2816880380990,-0.0274828071001310535434214261,-0.0671162926079970874744644270
2021-03-03,103008.7248160380990,1511.2816880380990,-0.0513826209465363659560524185,-0.1150503025321199184220930532
2021-03-04,97790.2697560380990,1511.2816880380990,-0.0506603209516433578566712789,-0.1598821382319024147090347136
2021-03-05,98652.2798150380990,1511.2816880380990,0.008814885787210693801600122,-0.1524765952326209729883362773
2021-03-08,93084.2575500380990,1511.2816880380990,-0.0564408878886470126996763561,-0.2003115687041010157776615521
2021-03-09,99544.6177450380990,1511.2816880380990,0.069403359547957803971382510,-0.1448105049805293866737226554
2021-03-10,99763.8683870380990,1511.2816880380990,0.002202536379832839003147701,-0.1429269190060981281680156856
2021-03-11,105498.3624640380990,1511.2816880380990,0.057480670805113434879490606,-0.0936617833815633304791109077
2021-03-12,104388.6047510380990,1511.2816880380990,-0.0105191937304078080219751874,-0.1031957306674449832908968098
2021-03-15,106480.3511130380990,1511.2816880380990,0.020038071846910076625521662,-0.0852255022859435507961444786
2021-03-16,104143.7872920380990,1511.2816880380990,-0.0219436149165167147565930437,-0.1052989615992308052796840415
2021-03-17,105222.3697030380990,1511.2816880380990,0.010356665904375639588639334,-0.0960328418602160791433305584
2021-03-18,100466.4713210380990,1511.2816880380990,-0.0451985485160830999128490113,-0.1368908453143428665919872209
2021-03-19,101855.9628360380990,1511.2816880380990,0.013830400299020302799264149,-0.1249537002032911933911789260
2021-03-22,103411.3228580380990,1511.2816880380990,0.015270191147313874683477824,-0.1115915759426457277923868384
2021-03-23,100652.7532520380990,1511.2816880380990,-0.0266757017487043786370966154,-0.1352904940938361943186934038
2021-03-24,97288.8517560380990,1511.2816880380990,-0.0334208592146175095340032069,-0.1641898287522675627272310634
2021-03-25,97569.4639430380990,1511.2816880380990,0.002884320062730971536145653,-0.1617790847067031190415939433
2021-03-26,100494.4588620380990,1511.2816880380990,0.029978589620084798806098780,-0.1366504038761535097776519974
2021-03-29,97649.3850470380990,1511.2816880380990,-0.0283107531222771727095027617,-0.1610924811502334328461688401
2021-03-30,99088.0451800380990,1511.2816880380990,0.014732915443420270028467342,-0.1487329276101703257051746058
2021-03-31,102081.7447290380990,1511.2816880380990,0.030212520022577853152069417,-0.1230140041410313659203390872
2021-04-01,104569.7429460380990,1511.2816880380990,0.024372606714393918791822576,-0.1016395693699296295283196508
2021-04-05,103592.3033297011715,454.4025787011715,-0.0093472508280078963549057410,-0.1100367696489860851332028611
2021-04-06,105172.1324277011715,454.4025787011715,0.015250448606899966577676510,-0.0964644311424872709218589786
2021-04-07,103724.5818437011715,454.4025787011715,-0.0137636325382590726533058782,-0.1089003626974889539627282109
2021-04-08,105474.4524187011715,454.4025787011715,0.016870355550209079742313660,-0.0938671949855332388257340124
2021-04-09,105288.4342087011715,454.4025787011715,-0.0017636328583301371987339457,-0.0954652805744676077170181953
2021-04-12,104853.2816987011715,454.4025787011715,-0.0041329564189115696564991237,-0.0992036831492457374942493024
2021-04-13,106222.2334907011715,454.4025787011715,0.013055879318433934606658502,-0.0874429951459525133302680700
2021-04-14,106203.5214897011715,454.4025787011715,-0.0001761589865424743888914017,-0.0876037502630898382170524258
2021-04-15,106417.2628667011715,454.4025787011715,0.002012563933868492776863307,-0.0857674944774724625340531939
2021-04-16,107009.9924117011715,454.4025787011715,0.005569862718067238538395680,-0.0806753449293173356365681133
2021-04-19,103434.9532007011715,454.4025787011715,-0.0334084614943779947647499954,-0.1113885672690785691839694669
2021-04-20,101336.7020887011715,454.4025787011715,-0.0202857065921288224712053831,-0.1294146780678692597360140428
2021-04-21,104391.8521527011715,454.4025787011715,0.030148504944692124403577549,-0.1031678321848220311340052374
2021-04-22,103996.1343247011715,454.4025787011715,-0.0037906964944079754855097211,-0.1065674507394313314396567378
2021-04-23,106601.8918247011715,454.4025787011715,0.025056291918161041070306785,-0.0841813439759717284995443468
2021-04-26,107902.8122187011715,454.4025787011715,0.012203539465690404180528464,-0.0730051148637669544712878532
2021-04-27,108767.8525557011715,454.4025787011715,0.008016847005309798304445304,-0.0655735386949250441196142943
2021-04-28,107916.5820457011715,454.4025787011715,-0.0078264899967943684320284105,-0.0728868180470691732487550431
2021-04-29,107076.5931357011715,454.4025787011715,-0.0077836871227470527180057963,-0.0801031769827652461575724609
2021-04-30,105614.6410847011715,454.4025787011715,-0.0136533299032705227859669422,-0.0926628317843900091579448824
2021-05-03,105583.2737347011715,454.4025787011715,-0.0002969981214521565355669112,-0.0929323092188737646786652620
2021-05-04,104531.4840700697865,391.4890370697865,-0.0099617072612676726265777378,-0.1019682520205894098500985842
2021-05-05,106419.5263500697865,391.4890370697865,0.018061948481802890372302304,-0.0857480488535618988775907810
2021-05-06,104061.4880790697865,391.4890370697865,-0.0221579474357287784940538454,-0.1060059955300771494698846299
2021-05-07,106859.3023370697865,391.4890370697865,0.026886164225079279424863149,-0.0819699259096625443069463412
2021-05-10,102906.0786180697865,391.4890370697865,-0.0369946615085527822713304431,-0.1159321377553062102433101205
2021-05-11,102922.0314910697865,391.4890370697865,0.000155023621677473542887789,-0.1157950863534923760371976793
2021-05-12,97777.9390120697865,391.4890370697865,-0.0499804794413364873413278435,-0.1599880718619303544387022084
2021-05-13,97797.3615920697865,391.4890370697865,0.000198639695172982335911550,-0.1598212121485833391408962660
2021-05-14,101472.9707290697865,391.4890370697865,0.037583929434943453368051147,-0.1282439918732393693750722519
2021-05-17,101772.6061990697865,391.4890370697865,0.002952859937450919548705973,-0.1256698184816097196655448081
2021-05-18,101488.6426270697865,391.4890370697865,-0.0027901768718053666212739782,-0.1281093543324037202310525412
2021-05-19,100299.2197590697865,391.4890370697865,-0.0117197632879045769202738856,-0.1383277063125662328713000363
2021-05-20,102965.1029920697865,391.4890370697865,0.026579301807170154055858471,-0.1154250583597713728158715760
2021-05-21,102573.3443620697865,391.4890370697865,-0.0038047709235057303418809051,-0.1187906633773858930113089497
2021-05-24,104409.2761150697865,391.4890370697865,0.017898721782136825194261193,-0.1030181426293563679421018204
2021-05-25,104070.2716920697865,391.4890370697865,-0.0032468803119215401485605069,-0.1059305353622039257745255608
2021-05-26,105858.4845240697865,391.4890370697865,0.017182743956805321073196554,-0.0905679686717346665701928840
2021-05-27,107339.6238800697865,391.4890370697865,0.013991692424646632368566435,-0.0778434754082679776589132375
2021-05-28,107208.8760510697865,391.4890370697865,-0.0012180760866656671457416132,-0.0789667322190358866502993171
2021-06-01,107092.3466320697865,391.4890370697865,-0.0010869381649378573839158787,-0.0799678384289644459888340766
2021-06-02,105727.0841680028445,416.4940730028445,-0.0127484596892575852807174635,-0.0916968313535733144017385776
2021-06-03,104602.2434570028445,416.4940730028445,-0.0106390970662976142418757688,-0.1013603569304283397028012100
2021-06-04,105010.1642090028445,416.4940730028445,0.003899732343385898773547270,-0.0978559028493011713638625107
2021-06-07,105631.1721830028445,416.4940730028445,0.005913789190577792425844500,-0.0925208128392278068037744599
2021-06-08,106894.5521240028445,416.4940730028445,0.011960294626014677394483991,-0.0816670943938086555134634393
2021-06-09,105002.3738010028445,416.4940730028445,-0.0177013541420238305024861139,-0.0979228303762175900246248707
2021-06-10,104510.6429990028445,416.4940730028445,-0.0046830446227045548417579314,-0.1021472980146887888404559770
2021-06-11,105850.2620540028445,416.4940730028445,0.012818015625573957618652552,-0.0906386080511772718165930186
2021-06-14,103818.6249500028445,416.4940730028445,-0.0191935009378011398162181297,-0.1080924367803471507244498792
2021-06-15,103184.1447730028445,416.4940730028445,-0.0061114292094077924506320852,-0.1135432667142994644012951844
2021-06-16,102903.2248560028445,416.4940730028445,-0.0027225104943981668699903707,-0.1159566544734997009124783351
2021-06-17,100207.8650820028445,416.4940730028445,-0.0261931516507061788518466678,-0.1391125358886729650549747377
2021-06-18,98833.0530120028445,416.4940730028445,-0.0137196024371435672713423745,-0.1509235696394010727470658100
2021-06-21,100912.9228040028445,416.4940730028445,0.021044273434995566294448755,-0.1330553730716826578264701110
2021-06-22,101629.9028810028445,416.4940730028445,0.007104938169242681347907672,-0.1268957851011997994244924870
2021-06-23,103123.8038340028445,416.4940730028445,0.014699423207647748608013214,-0.1140616567420213085598454495
2021-06-24,103965.4544950028445,416.4940730028445,0.008161555622548553559933568,-0.1068310216753728021422900410
2021-06-25,104017.3440770028445,416.4940730028445,0.000499104075022286375649616,-0.1063852373986074885356139006
2021-06-28,103382.6249680028445,416.4940730028445,-0.0061020507169470193116237919,-0.1118381200014137561701278249
2021-06-29,103282.3337140028445,416.4940730028445,-0.0009700977705977224820516857,-0.1126997238611302666117963065
2021-06-30,104424.0838210028445,416.4940730028445,0.011054650548094687827267698,-0.1028909293771871424542141689
2021-07-01,104138.6646350028445,416.4940730028445,-0.0027332697166799902645065018,-0.1053429704324794075307034759
2021-07-02,103570.5518424124125,251.6517484124125,-0.0054553493131645098538945626,-0.1102236370442483815791641019
2021-07-06,100891.6817874124125,251.6517484124125,-0.0258651712030658089971907598,-0.1332378550045401195933335104
2021-07-07,100167.5157554124125,251.6517484124125,-0.0071776584468666217014636751,-0.1394591776359910137204488402
2021-07-08,98916.2450284124125,251.6517484124125,-0.0124917815677423279342483027,-0.1502088656190875660304799037
2021-07-09,102319.9563184124125,251.6517484124125,0.034410033347124407506600616,-0.1209675243469496905811421433
2021-07-12,103713.7986174124125,251.6517484124125,0.013622389503983583554530739,-0.1089930015769528730892330096
2021-07-13,102140.4276724124125,251.6517484124125,-0.0151703145191313841805245112,-0.1225098579817776992471580702
2021-07-14,99477.5038234124125,251.6517484124125,-0.0260712032412924936347162004,-0.1453870818165653870566705842
2021-07-15,98538.3487054124125,251.6517484124125,-0.0094408794139742601462148506,-0.1534553793227598435582653794
2021-07-16,95696.4132534124125,251.6517484124125,-0.0288409080255259149567146463,-0.1778704948672158505985785462
2021-07-19,93770.8695344124125,251.6517484124125,-0.0201213781534423136561177911,-0.1944128735310949940536265880
2021-07-20,96481.8483714124125,251.6517484124125,0.028910671837218210236234549,-0.1711228084814648774848101611
2021-07-21,99212.0621524124125,251.6517484124125,0.028297693577447701460013428,-0.1476674957025379377431484878
2021-07-22,98310.6396384124125,251.6517484124125,-0.0090858157208264546145448883,-0.1554116317694552002358086463
2021-07-23,97721.9718944124125,251.6517484124125,-0.0059878335261079195401126561,-0.1604688863165068372733655672
2021-07-26,99983.6487824124125,251.6517484124125,0.023143995604629413956192203,-0.1410387819114664346682463100
2021-07-27,98739.5479764124125,251.6517484124125,-0.0124430426489780507125794478,-0.1517268729819601944928784162
2021-07-28,99541.9117764124125,251.6517484124125,0.008126063127123837198865414,-0.1448337520027688659976060240
2021-07-29,101434.7844334124125,251.6517484124125,0.019015835874759014750824962,-0.1285720509852200537503360638
2021-07-30,101592.4171124124125,251.6517484124125,0.001554029812164475945577728,-0.1272178259732977407493272620
2021-08-02,100232.3894894124125,251.6517484124125,-0.0133870977938749507319733230,-0.1389018462897439898892279882
2021-08-03,103178.6697196030390,403.9304626030390,0.029394492590659462052650244,-0.1135903029906773270370448347
2021-08-04,102441.8504366030390,403.9304626030390,-0.0071411977398271381492666866,-0.1199203299155211604474056621
2021-08-05,104529.2591436030390,403.9304626030390,0.020376522857636290208572291,-0.1019873664015037721754911020
2021-08-06,105367.3414556030390,403.9304626030390,0.008017681545495664178893738,-0.0947873870814791493352416197
2021-08-09,106783.3689976030390,403.9304626030390,0.013438960520766759652192815,-0.0826222705135670251381191622
2021-08-10,107258.9613776030390,403.9304626030390,0.004453805723348882152429973,-0.0785364483315075473869688538
2021-08-11,106393.8199396030390,403.9304626030390,-0.0080659128793377625991810655,-0.0859688930607507585232767650
2021-08-12,106853.0609606030390,403.9304626030390,0.004316425721538140053276928,-0.0820235456804722047643518396
2021-08-13,104866.6695456030390,403.9304626030390,-0.0185899345993690057077905456,-0.0990886679300328760776064355
2021-08-16,102189.2899586030390,403.9304626030390,-0.0255312731738438241688751859,-0.1220900812545227330236123855
2021-08-17,100036.9287826030390,403.9304626030390,-0.0210624927218099195108171227,-0.1405810525285040857829053602
2021-08-18,99024.5796306030390,403.9304626030390,-0.0101197544178910555772442746,-0.1492781612189980375887351374
2021-08-19,96311.4492186030390,403.9304626030390,-0.0273985552084234341593000261,-0.1725867104858508199640189245
2021-08-20,98082.9022246030390,403.9304626030390,0.018392963872646565635433974,-0.1573681277440694206634974703
2021-08-23,102479.9811226030390,403.9304626030390,0.044830228289238367836764165,-0.1195927485470477110211278514
2021-08-24,104534.7803356030390,403.9304626030390,0.020050737622030966548943546,-0.1019399337476311232232857931
2021-08-25,106035.3808756030390,403.9304626030390,0.014355036048121077762788768,-0.0890482491232003646280910209
2021-08-26,105402.7392116030390,403.9304626030390,-0.0059663261335590696783522510,-0.0944832843608680054583724249
2021-08-27,108162.6516956030390,403.9304626030390,0.026184447431288207311231937,-0.0707728295220624016429370698
2021-08-30,106882.8706906030390,403.9304626030390,-0.0118320047163934763564029577,-0.0817674497857583242019618411
2021-08-31,106436.8991536030390,403.9304626030390,-0.0041725258137102885873641570,-0.0855987988045162763754129938
2021-09-01,105839.2205646030390,403.9304626030390,-0.0056153325937978317894896627,-0.0907334656733971650397444311
2021-09-02,106590.9165283785625,957.5163133785625,0.007102243948562498693038871,-0.0842756329323456545625656152
2021-09-03,106383.1261203785625,957.5163133785625,-0.0019494194699477818800194855,-0.0860607638426129493459228360
2021-09-07,106476.5970193785625,957.5163133785625,0.000878625233237011266680595,-0.0852577537680797092278399567
2021-09-08,104538.2276033785625,957.5163133785625,-0.0182046521983344378444383764,-0.1019103182118550185920526812
2021-09-09,105977.1769143785625,957.5163133785625,0.013764814498858929514839975,-0.0895482803387019582527815482
2021-09-10,105263.8959253785625,957.5163133785625,-0.0067305150954934039957640599,-0.0956760893816002535264862862
2021-09-13,105051.3451173785625,957.5163133785625,-0.0020192185186711784683502872,-0.0975021169687980658633135099
2021-09-14,104173.0058033785625,957.5163133785625,-0.0083610477621071127903219624,-0.1050479448740225036374082600
2021-09-15,106224.3154513785625,957.5163133785625,0.019691374288188883777571299,-0.0874251089865530298397499154
2021-09-16,107181.4542483785625,957.5163133785625,0.009010543329301148279243632,-0.0792023133898440928353675671
2021-09-17,106535.0568583785625,957.5163133785625,-0.0060308697482501146262197529,-0.0847555243022799717346607576
2021-09-20,101873.2746683785625,957.5163133785625,-0.0437581987326209344115191572,-0.1248049739587942558807056528
2021-09-21,102310.2256763785625,957.5163133785625,0.004289162289347997932376023,-0.1210511204572733771834508726
2021-09-22,104772.6371663785625,957.5163133785625,0.024068087756828424538334665,-0.0998965016906730168542297023
2021-09-23,107791.6759823785625,957.5163133785625,0.028815145801911786025295968,-0.0739598881500789010456224041
2021-09-24,106950.2763433785625,957.5163133785625,-0.0078057941982231477187705274,-0.0811883666824789299450475826
2021-09-27,108029.6342423785625,957.5163133785625,0.010092146892024599428595681,-0.0719155847129374637875813052
2021-09-28,105168.8172803785625,957.5163133785625,-0.0264817795789383525377404022,-0.0964929116292173378329821525
2021-09-29,104038.8763713785625,957.5163133785625,-0.0107440678541396324697069681,-0.1062002530933691599925383152
2021-09-30,102352.8749513785625,957.5163133785625,-0.0162054943190815211726969094,-0.1206847198142610674972334629
2021-10-01,102798.3067313785625,957.5163133785625,0.004351922505465495992216477,-0.1168580078570210519179988274
2021-10-04,102346.4456575590005,585.9450735590005,-0.0043956081397363536072892735,-0.1207399539862277090255568480
2021-10-05,104532.9262885590005,585.9450735590005,0.021363522855651930693622145,-0.1019558618971509164308866241
2021-10-06,102120.0261495590005,585.9450735590005,-0.0230826804976193317954777520,-0.1226851278097389128407912284
2021-10-07,103491.5470315590005,585.9450735590005,0.013430479150008745219949342,-0.1109023687107950241651210098
2021-10-08,103810.6681245590005,585.9450735590005,0.003083547421536623907863238,-0.1081607940023388762113706398
2021-10-11,103474.9365475590005,585.9450735590005,-0.0032340758716355311564695060,-0.1110450696598345021362227297
2021-10-12,104017.2127015590005,585.9450735590005,0.005240652201325678700337506,-0.1063863660472679984547668614
2021-10-13,104756.0057105590005,585.9450735590005,0.007102603403916504270470540,-0.1000393828089691270877763106
2021-10-14,106348.5115125590005,585.9450735590005,0.015202047760393765854485786,-0.0863581385239576249526984143
2021-10-15,105924.5381235590005,585.9450735590005,-0.0039866414956821635201016138,-0.0900005010811103105817770275
2021-10-18,107942.7082535590005,585.9450735590005,0.019052904697548382405492928,-0.0726623673533919230820211959
2021-10-19,108290.1567155590005,585.9450735590005,0.003218822907276316255142618,-0.0696774317386496315062806566
2021-10-20,108962.9174605590005,585.9450735590005,0.006212575227563028717346562,-0.0638977327974263514230825069
2021-10-21,108504.2387905590005,585.9450735590005,-0.0042094932908347156066105276,-0.0678382490107507514393153456
2021-10-22,108828.5596395590005,585.9450735590005,0.002989015476400165240532393,-0.0650520031105356083944463788
2021-10-25,111475.2524325590005,585.9450735590005,0.024319836647345753990000718,-0.0423142205524207082749083650
2021-10-26,111596.0534665590005,585.9450735590005,0.001083657864538884713452773,-0.0412764168257652871728315152
2021-10-27,108357.7013735590005,585.9450735590005,-0.0290185180605012008596877633,-0.0690971544391352423977754769
2021-10-28,110725.8243945590005,585.9450735590005,0.021854681217682784983379224,-0.0487525695047687530655949353
2021-10-29,111118.7086065590005,585.9450735590005,0.003548261791215040983988105,-0.0453772945931510386409184488
2021-11-01,112212.5215295590005,585.9450735590005,0.009843643223688756396994375,-0.0359803292678934819095864931
2021-11-02,113081.4321290417670,417.0440040417670,0.007743437074924639668047955,-0.0285155036085898447469506994
2021-11-03,111934.6449820417670,417.0440040417670,-0.0101412506492786109803348684,-0.0383675713883833373898556132
2021-11-04,110436.0340800417670,417.0440040417670,-0.0133882668966380303113125759,-0.0512421629990978786327163484
2021-11-05,110848.2979200417670,417.0440040417670,0.003733055459970607462007870,-0.0477003973754917573443900078
2021-11-08,112646.8378010417670,417.0440040417670,0.016225236785298600284860273,-0.0322491108323633467305024953
2021-11-09,111482.1804990417670,417.0440040417670,-0.0103390146118174402563201892,-0.0422547014160668622518902549
2021-11-10,107090.3222700417670,417.0440040417670,-0.0393951590230848574173355685,-0.0799852297573927967187795179
2021-11-11,107909.1708030417670,417.0440040417670,0.007646335501121847875312446,-0.0729504881581302890325218679
2021-11-12,108870.4269790417670,417.0440040417670,0.008908011884870344156263256,-0.0646923200887796627932456521
2021-11-15,108702.6328380417670,417.0440040417670,-0.0015412279133644016452180806,-0.0661338423926429325961867290
2021-11-16,108599.5310470417670,417.0440040417670,-0.0009484755640980051182844039,-0.0670195916232716071444800576
2021-11-17,106591.9431690417670,417.0440040417670,-0.0184861560509904831386764053,-0.0842668130450406367664854806
2021-11-18,106844.1998710417670,417.0440040417670,0.002366564437238485893908940,-0.0820996714507939681690038442
2021-11-19,103697.6493600417670,417.0440040417670,-0.0294498954065621388307935295,-0.1091317401202171089482466350
2021-11-22,104883.1146400417670,417.0440040417670,0.011431939752887013003862956,-0.0989473878455121404436604795
2021-11-23,108022.4623220417670,417.0440040417670,0.029931869326861838469272073,-0.0719771988018764887029738579
2021-11-24,109447.3988790417670,417.0440040417670,0.013191113462604754479723638,-0.0597355447353877459776547030
2021-11-26,106403.9684930417670,417.0440040417670,-0.0278072427227212128114846005,-0.0858817066664780604337900069
2021-11-29,109748.9446410417670,417.0440040417670,0.031436573234754331566956399,-0.0571449599928701557088773393
2021-11-30,106209.5893780417670,417.0440040417670,-0.0322495608005730292897098918,-0.0875516209317068056097131097
2021-12-01,101518.2587640417670,417.0440040417670,-0.0441704994951228586487717849,-0.1278549215986685208979675496
2021-12-02,103689.5578459496205,479.0277089496205,0.021388261661920245585460095,-0.1092012544546648959938575526
2021-12-03,102013.6769569496205,479.0277089496205,-0.0161624846688018179891542393,-0.1235987755225292663701732948
2021-12-06,100828.3587929496205,479.0277089496205,-0.0116192083194904476156037491,-0.1337818639211895096373011919
2021-12-07,105181.6075299496205,479.0277089496205,0.043174844747194268923489620,-0.0963830303787828680946535155
2021-12-08,105255.9577299496205,479.0277089496205,0.000706874535824425158276316,-0.0957442865528187965452027533
2021-12-09,102517.0080159496205,479.0277089496205,-0.0260218022150080811903956346,-0.1192746498799323691333558691
2021-12-10,103687.0568779496205,479.0277089496205,0.011413217032416352998214920,-0.1092227403130611573636304218
2021-12-13,101175.0984879496205,479.0277089496205,-0.0242263447882104955037824837,-0.1308030173357342553136445686
2021-12-14,99544.9975579496205,479.0277089496205,-0.0161116811780929659542562968,-0.1448072420013813037324279522
2021-12-15,100956.4175079496205,479.0277089496205,0.014178712990357440744627736,-0.1326817093342866816853827902
2021-12-16,100049.9183159496205,479.0277089496205,-0.0089791141006823013551701843,-0.1404694592277828589735044618
2021-12-17,99739.4571189496205,479.0277089496205,-0.0031030629732209118974315524,-0.1431366366232056733336020581
2021-12-20,96952.8388109496205,479.0277089496205,-0.0279389760932493285636136936,-0.1670765216477711422889165171
2021-12-21,100113.6279239496205,479.0277089496205,0.032601305457009765014133490,-0.1399221289076950687523690692
2021-12-22,100975.5893269496205,479.0277089496205,0.008609830857940548355486521,-0.1325170039129327286328137378
2021-12-23,101133.7481799496205,479.0277089496205,0.001566307798292677052490565,-0.1311582585312752593123402849
2021-12-27,104651.1963379496205,479.0277089496205,0.034780162124925134038256434,-0.1009398019020907238868029069
2021-12-28,103808.3080519496205,479.0277089496205,-0.0080542632621041883474011851,-0.1081810694260508284446644477
2021-12-29,103894.2972279496205,479.0277089496205,0.000828345800193253800429843,-0.1074423349603770586613644124
2021-12-30,103061.2155929496205,479.0277089496205,-0.0080185501728951929972473019,-0.1145993533796994569558333481
2021-12-31,103208.3071609496205,479.0277089496205,0.001427225238453935716658462,-0.1133356872306995296406021565
2022-01-03,103445.7275329496205,479.0277089496205,0.002300399827600616690179942,-0.1112960047984654115628402092
2022-01-04,105641.2039595128405,389.5087925128405,0.021223461605641615255669096,-0.0924346296775253319469692918
2022-01-05,102169.0969875128405,389.5087925128405,-0.0328669765381573133280754068,-0.1222635594107581604848190078
2022-01-06,102908.5415895128405,389.5087925128405,0.007237458525158300057974345,-0.1159109783259734503807017073
2022-01-07,101213.5344595128405,389.5087925128405,-0.0164710052617511203686645507,-0.1304728132538227419784269237
2022-01-10,101443.6922555128405,389.5087925128405,0.002273982399973069689883248,-0.1284955237348638382631996288
2022-01-11,101978.1925745128405,389.5087925128405,0.005268935969460961693216059,-0.1239036224523242253809174476
2022-01-12,102652.0117945128405,389.5087925128405,0.006607483452971159881681279,-0.1181148301344699837046999799
2022-01-13,100397.4366455128405,389.5087925128405,-0.0219632826438236063388115869,-0.1374839233796230119715992336
2022-01-14,100440.6216625128405,389.5087925128405,0.000430140633495248801553184,-0.1371129201680256864600034678
2022-01-18,97643.2153065128405,389.5087925128405,-0.0278513445028194981161356424,-0.1611454854954579136775809630
2022-01-19,95291.4137745128405,389.5087925128405,-0.0240856625277796840598278015,-0.1813498522417187824708850312
2022-01-20,92926.8460905128405,389.5087925128405,-0.0248140686588537122297597357,-0.2016638932157735090337601825
2022-01-21,89647.9805545128405,389.5087925128405,-0.0352843733963198443067405801,-0.2298326825033124286026681837
2022-01-24,91119.9826715128405,389.5087925128405,0.016419802296660881684452353,-0.2171866874146671675713462500
2022-01-25,90582.2302395128405,389.5087925128405,-0.0059015861969442563041152711,-0.2218065276550049772926268329
2022-01-26,90454.9154735128405,389.5087925128405,-0.0014055159125952285719436039,-0.2229002909634636027398425930
2022-01-27,89934.4481725128405,389.5087925128405,-0.0057538863230976552599262130,-0.2273716343509720968974040548
2022-01-28,92250.3137775128405,389.5087925128405,0.025750595595557462133348425,-0.2074759937614874786027380465
2022-01-31,94236.8738565128405,389.5087925128405,0.021534453354718547172387679,-0.1904094225166495598286317439
2022-02-01,96194.6656825128405,389.5087925128405,0.020775220419354926458613613,-0.1735899998200001110148577812
2022-02-02,98058.8799552279745,548.9173032279745,0.019379601347832618745885033,-0.1575745034666494304658847474
2022-02-03,95642.1860632279745,548.9173032279745,-0.0246453344470528476596864914,-0.1783363615754384145575029648
2022-02-04,95761.2845702279745,548.9173032279745,0.001245250782131488664440242,-0.1773131842870412245407879803
2022-02-07,95431.7053352279745,548.9173032279745,-0.0034416751663173244525827521,-0.1801446050703371919861108826
2022-02-08,95801.7307792279745,548.9173032279745,0.003877384803092349089878154,-0.1769657102213036412608500734
2022-02-09,98975.9887152279745,548.9173032279745,0.033133617839483254457747240,-0.1496956065949857972373518431
2022-02-10,97865.2506772279745,548.9173032279745,-0.0112222979777024155411558526,-0.1592379758695263672873121593
2022-02-11,96505.0802632279745,548.9173032279745,-0.0138984001429272864721118403,-0.1709232229058691767019749927
2022-02-14,94959.4214592279745,548.9173032279745,-0.0160163464947549865073990926,-0.1842020038385635202019856430
2022-02-15,96509.6497732279745,548.9173032279745,0.016325165951707172968347713,-0.1708839661681578983922202005
2022-02-16,97172.0666762279745,548.9173032279745,0.006863737507663779291638059,-0.1651931313485408527748905202
2022-02-17,95041.7790452279745,548.9173032279745,-0.0219228395964655375794285589,-0.1834944684240144664597758790
2022-02-18,94926.1280622279745,548.9173032279745,-0.0012168436256329400939494813,-0.1844880279754067397472224998
2022-02-22,92587.9563352279745,548.9173032279745,-0.0246314873968864760855881216,-0.2045753008363405450998759478
2022-02-23,91545.4967732279745,548.9173032279745,-0.0112591270318747035571931860,-0.2135310885685149071752584327
2022-02-24,93993.3475752279745,548.9173032279745,0.026739172196134302915092144,-0.1925015609188421293547760300
2022-02-25,96767.7415612279745,548.9173032279745,0.029516918564683548512807350,-0.1686666952513745131429851263
2022-02-28,98644.2392772279745,548.9173032279745,0.019391769258277886400234707,-0.1525456716289675557897441641
2022-03-01,97179.2349822279745,548.9173032279745,-0.0148513922935000653810920206,-0.1651315483104303808478162528
2022-03-02,99454.4499843480900,936.8905933480900,0.023412563419913772465064937,-0.1455851377379631146354947488
2022-03-03,98905.5704543480900,936.8905933480900,-0.0055189036798894507354502337,-0.1503005710654533081917851969
2022-03-04,99903.5616753480900,936.8905933480900,0.010090343915064353956479787,-0.1417268116030699485267442424
2022-03-07,97732.6489713480900,936.8905933480900,-0.0217300831681528332793546290,-0.1603771593679309438471014670
2022-03-08,96877.2808143480900,936.8905933480900,-0.0087521229190335876211140828,-0.1677256416747709608136978281
2022-03-09,97782.4904743480900,936.8905933480900,0.009343879724852198501825058,-0.1599489701725014796355167664
2022-03-10,99688.8121253480900,936.8905933480900,0.019495531784395465226317301,-0.1435717286199853392239091984
2022-03-11,98433.1305923480900,936.8905933480900,-0.0125960125938817876547768694,-0.1543593099120444132564742527
2022-03-14,96081.5811773480900,936.8905933480900,-0.0238898163743133323122486559,-0.1745615107168932806856013196
2022-03-15,97166.0758043480900,936.8905933480900,0.011287227101292513413049856,-0.1652445990302070486321177200
2022-03-16,98336.9896313480900,936.8905933480900,0.012050644397307261775848236,-0.1551852585343884364095653714
2022-03-17,101620.6819603480900,936.8905933480900,0.033392239698511342924305805,-0.1269750021865328452135953301
2022-03-18,102717.5251463480900,936.8905933480900,0.010793503495951572428988000,-0.1175520038205800736026039611
2022-03-21,105678.6299003480900,936.8905933480900,0.028827648931193860441334009,-0.0921131027866842549192003143
2022-03-22,105180.0213183480900,936.8905933480900,-0.0047181590305454712942210223,-0.0963966575494851686789237230
2022-03-23,105826.9000943480900,936.8905933480900,0.006150205789007151215178312,-0.0908393110417798010553647752
2022-03-24,108017.6611253480900,936.8905933480900,0.020701362593507567347291800,-0.0720184459638925330099187761
2022-03-25,109305.0386833480900,936.8905933480900,0.011918213601256138002011740,-0.0609585635848645892105853730
2022-03-28,107513.7155383480900,936.8905933480900,-0.0163882943236439877142720462,-0.0763478510269332494827455318
2022-03-29,107599.4703353480900,936.8905933480900,0.000797617276740965210954714,-0.0756111301152134116744191848
2022-03-30,106952.5210623480900,936.8905933480900,-0.0060125693089723988997667569,-0.0811690822638383597315482054
2022-03-31,105939.4102533480900,936.8905933480900,-0.0094725285475917480952803385,-0.0898727343625040759286525188
2022-04-01,106069.9803783480900,936.8905933480900,0.001232498129711586584340967,-0.0887510042098063418577188872
2022-04-04,106219.6217707701890,297.4721397701890,0.001410779863334876967986496,-0.0874654324760614085711504918
2022-04-05,104303.8820217701890,297.4721397701890,-0.0180356483770419392824781515,-0.1039235850678191995813003518
2022-04-06,103821.4124417701890,297.4721397701890,-0.0046256147963821662135409661,-0.1080684893914185805588022070
2022-04-07,106233.1319257701890,297.4721397701890,0.023229499842844551796801724,-0.0873493665059084347921402139
2022-04-08,109704.5619197701890,297.4721397701890,0.032677470117567864146048244,-0.0575262527021258768013691080
2022-04-11,106368.2424987701890,297.4721397701890,-0.0304118567415631951434680628,-0.0861886292876330571272611644
2022-04-12,108968.4414477701890,297.4721397701890,0.024445256290006512470893455,-0.0638502761298470961662594023
2022-04-13,110298.4119797701890,297.4721397701890,0.012205098231467961059771657,-0.0524244767906502728690914806
2022-04-14,109943.4738787701890,297.4721397701890,-0.0032179801560977970413536773,-0.0554737560207419478072917962
2022-04-18,111743.5125927701890,297.4721397701890,0.016372401657826667898400351,-0.0400095929779551474748469975
2022-04-19,110990.4528137701890,297.4721397701890,-0.0067391811974301853685613775,-0.0464791422786714627365353118
2022-04-20,111494.4114517701890,297.4721397701890,0.004540558446460141408006739,-0.0421496250942689657022871762
2022-04-21,106925.6527917701890,297.4721397701890,-0.0409774678435460016698038828,-0.0813999080308970412207496378
2022-04-22,102324.7028917701890,297.4721397701890,-0.0430294300747455813237071208,-0.1209267464549364170265757023
2022-04-25,99782.3218277701890,297.4721397701890,-0.0248462100758709323649618281,-0.1427683851845964186360502866
2022-04-26,99035.5812697701890,297.4721397701890,-0.0074836959525647793553220471,-0.1491836459508010243639271007
2022-04-27,100537.1419137701890,297.4721397701890,0.015161829968057543519952213,-0.1362837130566644222208882894
2022-04-28,103197.2718417701890,297.4721397701890,0.026459175955902642845101258,-0.1134304918444518097272123572
2022-04-29,100207.8013897701890,297.4721397701890,-0.0289685027389452767059219693,-0.1391130830697211743112606880
2022-05-02,100549.4422027701890,297.4721397701890,0.003409323508367849842162688,-0.1361780410657844543973327083
2022-05-03,104773.3951238533735,211.1874998533735,0.042008715598492026424637182,-0.0998899900651847351209023700
2022-05-04,108230.1059088533735,211.1874998533735,0.032992257060237454973282086,-0.0701933292349224204600391810
2022-05-05,103916.9040158533735,211.1874998533735,-0.0398521451751362840899548225,-0.1072481196630624383359624511
2022-05-06,105654.0536208533735,211.1874998533735,0.016716718241865477651426598,-0.0923242380195742481721144803
2022-05-09,94901.8778808533735,211.1874998533735,-0.1017677540190261002459551881,-0.1846963616938302989376631254
2022-05-10,96865.2936748533735,211.1874998533735,0.020688903505840137944423771,-0.1678286233929535648234619748
2022-05-11,97185.1635488533735,211.1874998533735,0.003302213433365551523972989,-0.1650806158942594726078418413
2022-05-12,96734.6545968533735,211.1874998533735,-0.0046355733277491127010640331,-0.1689509459220407598592020128
2022-05-13,102313.9700278533735,211.1874998533735,0.057676490956132347371503163,-0.1210189526704110016683872374
2022-05-16,103958.9178848533735,211.1874998533735,0.016077451168713214311494504,-0.1068871778037451358837128090
2022-05-17,106308.4902758533735,211.1874998533735,0.022600970063986482222675043,-0.0867019616455250978671627270
2022-05-18,100893.1910268533735,211.1874998533735,-0.0509394803270009056422484887,-0.1332248891029713907180626373
2022-05-19,100778.0129518533735,211.1874998533735,-0.0011415842221636603058826066,-0.1342143858937355955248823377
2022-05-20,100005.7871198533735,211.1874998533735,-0.0076626419729959387180719523,-0.1408485910800023218333810899
2022-05-23,103626.3828838533735,211.1874998533735,0.036203862479086784729281473,-0.1097439916227490707576025999
2022-05-24,102084.2902838533735,211.1874998533735,-0.0148812740258280536156704639,-0.1229921352365508171184537387
2022-05-25,104469.7242258533735,211.1874998533735,0.023367297116599565749797451,-0.1024988318870287291270780674
2022-05-26,106291.3457758533735,211.1874998533735,0.017436836973569792778908193,-0.0868492503350543933455818649
2022-05-27,108985.7164758533735,211.1874998533735,0.025348918863835581202922751,-0.0637018660713470511253358593
2022-05-31,107976.9981018533735,211.1874998533735,-0.0092555098651252096854384016,-0.0723677826866220232946324229
2022-06-01,107836.7659678533735,211.1874998533735,-0.0012987222877572569090343263,-0.0735725193220885904418380377
2022-06-02,107799.8716813318095,447.8619593318095,-0.0003421308696568511084705468,-0.0738894787617269298990960488
2022-06-03,108409.6828153318095,447.8619593318095,0.005656881817101492407412919,-0.0686505809935077574580305731
2022-06-06,108278.8019023318095,447.8619593318095,-0.0012072806561287180794813606,-0.0697749811311710157894061497
2022-06-07,109758.4017973318095,447.8619593318095,0.013664723556274743632868039,-0.0570637134031980104936593333
2022-06-08,108810.5002893318095,447.8619593318095,-0.0086362546509222510619243689,-0.0652071512938429983423036408
2022-06-09,106382.3923493318095,447.8619593318095,-0.0223150149438110875998878527,-0.0860670676820886289384486163
2022-06-10,104511.6120803318095,447.8619593318095,-0.0175854314580259617393221191,-0.1021389726205979397085170704
2022-06-13,100191.1317313318095,447.8619593318095,-0.0413397158746255470595502313,-0.1392562923873618100065391270
2022-06-14,101998.0916373318095,447.8619593318095,0.018035128207209648662982721,-0.1237326692670189045890308556
2022-06-15,100695.1109103318095,447.8619593318095,-0.0127745598577758347484921516,-0.1349265987348808259205588203
2022-06-16,95457.2201743318095,447.8619593318095,-0.0520173292292641674195172945,-0.1799254066559678793206749308
2022-06-17,91256.3119803318095,447.8619593318095,-0.0440082812628312106141964951,-0.2160154800163539727231134289
2022-06-21,95117.5022763318095,447.8619593318095,0.042311487416149256555964878,-0.1828439288646101184848065130
2022-06-22,91738.7407663318095,447.8619593318095,-0.0355219747064441247874136107,-0.2118709261546986938238142994
2022-06-23,88193.0012933318095,447.8619593318095,-0.0386504048712786473531838305,-0.2423324339496454562089032264
2022-06-24,89679.5928423318095,447.8619593318095,0.016856117007012435115903565,-0.2295611008038823574809261857
2022-06-27,92242.5636353318095,447.8619593318095,0.028579197471447382140385987,-0.2075425753640719676150676067
2022-06-28,93831.3419753318095,447.8619593318095,0.017223917868122301568815643,-0.1938933537681590245970581089
2022-06-29,91272.2408093318095,447.8619593318095,-0.0272734153868628011986523946,-0.2158786351769508849593284460
2022-06-30,90171.7130353318095,447.8619593318095,-0.0120576394776918899242638051,-0.2253332879007429267600738127
2022-07-01,90764.8911593318095,447.8619593318095,0.006578317124435421921383038,-0.2202372846028102990992877448
2022-07-05,86587.4911498446645,218.3817848446645,-0.0460244038871152662708215106,-0.2561253987523642718586283423
2022-07-06,85243.1204218446645,218.3817848446645,-0.0155261540685303914467940119,-0.2676749104190016739204816941
2022-07-07,88825.3101368446645,218.3817848446645,0.042023211929276313003114339,-0.2369002579784131205074897453
2022-07-08,89164.9204168446645,218.3817848446645,0.003823350343238823540424721,-0.2339826603178294286162909702
2022-07-11,88337.2308128446645,218.3817848446645,-0.0092826820248429934742737583,-0.2410933557076151628711089495
2022-07-12,86103.8914908446645,218.3817848446645,-0.0252819711626647635700721579,-0.2602800116037699217098189269
2022-07-13,86304.6021628446645,218.3817848446645,0.002331029045549484287504593,-0.2585557028252447819180450823
2022-07-14,83564.6115328446645,218.3817848446645,-0.0317479087016706531929758727,-0.2820950086793232748090483328
2022-07-15,85962.6413528446645,218.3817848446645,0.028696714745780467511928034,-0.2614934939288218124835060720
2022-07-18,87644.3707648446645,218.3817848446645,0.019563491599765139486958074,-0.2470457281009264150268245954
2022-07-19,91033.4219138446645,218.3817848446645,0.038668212452492088424606925,-0.2179303323481215440596407048
2022-07-20,91708.5509338446645,218.3817848446645,0.007416276415918450069625984,-0.2121302875163097374956963634
2022-07-21,89441.1813878446645,218.3817848446645,-0.0247236437923395055043963383,-0.2316092976425294372596471137
2022-07-22,88164.0907318446645,218.3817848446645,-0.0142785530801761145246243256,-0.2425808050724543865875441502
2022-07-25,92612.6829098446645,218.3817848446645,0.050458096273352466537335823,-0.2043628744155151718454318143
2022-07-26,91176.6412058446645,218.3817848446645,-0.0155058860069731308311564405,-0.2166999329877439587303519989
2022-07-27,94203.2010818446645,218.3817848446645,0.033194465555789627898352584,-0.1906987058934579182198916842
2022-07-28,94019.6398618446645,218.3817848446645,-0.0019485666929780890646946678,-0.1922756834397379907655535953
2022-07-29,96991.9006878446645,218.3817848446645,0.031613190928698844188086079,-0.1667409404025656422057162030
2022-08-01,95036.6321578446645,218.3817848446645,-0.0201590907708136140453446448,-0.1835386854205931123579069701
2022-08-02,94793.2155582112235,637.0660202112235,-0.0025612923575527662547602652,-0.1856298815458628321518345221
2022-08-03,91016.4758232112235,637.0660202112235,-0.0398418780580426194288507399,-0.2180759164994262886481682341
2022-08-04,88166.6762732112235,637.0660202112235,-0.0313108096553353673041694812,-0.2425585926428353099795511310
2022-08-05,90813.9761282112235,637.0660202112235,0.030026082040299867819200724,-0.2198155948048088911122094438
2022-08-08,91568.6456582112235,637.0660202112235,0.008310059334199365144024792,-0.2133322161060198135695750136
2022-08-09,93689.8652122112235,637.0660202112235,0.023165348124921012731948904,-0.1951087830334556311981754130
2022-08-10,94555.3357382112235,637.0660202112235,0.009237610962932599757071481,-0.1876735111036373191962603393
2022-08-11,97756.8866992112235,637.0660202112235,0.033859019546648444045576453,-0.1601689326378350749438326860
2022-08-12,98800.7075732112235,637.0660202112235,0.010677722145670810691867448,-0.1512014498512397321290691918
2022-08-15,96760.0248282112235,637.0660202112235,-0.0206545357328322387587647860,-0.1687329898352634980491283780
2022-08-16,96472.2760762112235,637.0660202112235,-0.0029738391707822749390201332,-0.1712050442314704589610447291
2022-08-17,97146.1756902112235,637.0660202112235,0.006985422562930228782148578,-0.1654155612474022117331522619
2022-08-18,100104.4453642112235,637.0660202112235,0.030451735778396526581661177,-0.1400010164337467450591368463
2022-08-19,101190.8575452112235,637.0660202112235,0.010852786577532029893504547,-0.1306676310082077229760913153
2022-08-22,101277.5749922112235,637.0660202112235,0.000856969187767337326094281,-0.1299226399540529715632678886
2022-08-23,104612.0952942112235,637.0660202112235,0.032924566985894380800610698,-0.1012757196303100454618698659
2022-08-24,106301.8163052112235,637.0660202112235,0.016152252817877568900335260,-0.0867592978402137306138361246
2022-08-25,107443.9876382112235,637.0660202112235,0.010744607878764978796734772,-0.0769468845965788296755259062
2022-08-26,106453.3358532112235,637.0660202112235,-0.0092201695671958292058026884,-0.0854575908401267532363382950
2022-08-29,107944.3752782112235,637.0660202112235,0.014006507293073446459099958,-0.0726480459164040287009379407
2022-08-30,103840.0472182112235,637.0660202112235,-0.0380226209047176392231816495,-0.1079083977117737171786883783
2022-08-31,103034.6163902112235,637.0660202112235,-0.0077564566809898891669073214,-0.1148278675803972050284234198
2022-09-01,100422.7061012112235,637.0660202112235,-0.0253498327116414037207658945,-0.1372668330582410282372731324
2022-09-02,102647.5693931673400,500.1012971673400,0.022154982456993178603519051,-0.1181529948795801909221365345
2022-09-06,101335.2194261673400,500.1012971673400,-0.0127850077187249561005136012,-0.1294274156467792440666788026
2022-09-07,100223.9616271673400,500.1012971673400,-0.0109661557481469751872396275,-0.1389742501968634832902608990
2022-09-08,100459.2421881673400,500.1012971673400,0.002347548003293289947423213,-0.1369529509171290223204327807
2022-09-09,102460.3619941673400,500.1012971673400,0.019919718309757499385707442,-0.1197612968113307780385474796
2022-09-12,104074.7622861673400,500.1012971673400,0.015756339920914015252094447,-0.1058919565923455662846826236
2022-09-13,101654.3526241673400,500.1012971673400,-0.0232564515049745022235309069,-0.1266857369440633188011511126
2022-09-14,104653.1997681673400,500.1012971673400,0.029500430297237002627474038,-0.1009225903991987587504441504
2022-09-15,102017.3627191673400,500.1012971673400,-0.0251863971177090565755736441,-0.1235671110769657040031691521
2022-09-16,100596.9499641673400,500.1012971673400,-0.0139232451921944108980367161,-0.1357699010839443994279625725
2022-09-19,100829.9314981673400,500.1012971673400,0.002315990038296271244860379,-0.1337683527840590135315319588
2022-09-20,100509.2597461673400,500.1012971673400,-0.0031803230175340191595916526,-0.1365232492302162789163692629
2022-09-21,98876.6703471673400,500.1012971673400,-0.0162431740430985968278213517,-0.1505488523751391461919222342
2022-09-22,97896.1109691673400,500.1012971673400,-0.0099169943178420497158698919,-0.1589728545794192994245555768
2022-09-23,91247.9201161673400,500.1012971673400,-0.0679106737457003446640705185,-0.2160875746633540350634118805
2022-09-26,88731.0611141673400,500.1012971673400,-0.0275826451583312527210787877,-0.2377099529266215825321105365
2022-09-27,90205.0500281673400,500.1012971673400,0.016611870696592559736731655,-0.2250468892313391646476498873
2022-09-28,94673.3013811673400,500.1012971673400,0.049534381407745444819312837,-0.1866600662694055151050504822
2022-09-29,94711.9219431673400,500.1012971673400,0.000407935092962570996893877,-0.1863282763679289537098155101
2022-09-30,93716.8011771673400,500.1012971673400,-0.0105068163076358044860954366,-0.1948773757028485311792540495
2022-10-03,99554.6208921673400,500.1012971673400,0.062292135899558372460416526,-0.1447245677743212942242188704
2022-10-04,103390.7831421259615,684.0636441259615,0.038533241506828331254495029,-0.1117680329895122301880849048
2022-10-05,103672.5431981259615,684.0636441259615,0.002725195103829313543289120,-0.1093474275819505685683279504
2022-10-06,104850.3946381259615,684.0636441259615,0.011361266962931912059984195,-0.0992284859354870612370280833
2022-10-07,104175.7341131259615,684.0636441259615,-0.0064345063013685430658600071,-0.1050245059188284529574271493
2022-10-10,102704.4023521259615,684.0636441259615,-0.0141235554856014665170752211,-0.1176647419677374661891788921
2022-10-11,101685.6235171259615,684.0636441259615,-0.0099195244962049231263820449,-0.1264170881736537860512114398
2022-10-12,101527.4752021259615,684.0636441259615,-0.0015552672003173049708954486,-0.1277757430231749866140219932
2022-10-13,104780.0939401259615,684.0636441259615,0.032036832704886282123240182,-0.0998324404212647020886778448
2022-10-14,100523.9930111259615,684.0636441259615,-0.0406193654629861799090999562,-0.1363966755017177370803773712
2022-10-17,101706.3331881259615,684.0636441259615,0.011761770912434198566469969,-0.1262391710397523684409079636
2022-10-18,102404.7238141259615,684.0636441259615,0.006866736850184034534915806,-0.1202392853572836866763705755
2022-10-19,103581.0139701259615,684.0636441259615,0.011486678662744849075479805,-0.1101337567280760372914516553
2022-10-20,103533.8328541259615,684.0636441259615,-0.0004554996537648068804704549,-0.1105390904937833880666605471
2022-10-21,105728.9747381259615,684.0636441259615,0.021202169604720865547425268,-0.0916805894336633058426430577
2022-10-24,106515.8726621259615,684.0636441259615,0.007442594860576510583390365,-0.0849203360568204029203877301
2022-10-25,107914.6220401259615,684.0636441259615,0.013131839819187397099434707,-0.0729036564881227352592146630
2022-10-26,109624.4827361259615,684.0636441259615,0.015844569194378695284891740,-0.0582142143234933159632655123
2022-10-27,109401.2335281259615,684.0636441259615,-0.0020364904118852441872012093,-0.0601321520460733333656425803
2022-10-28,110422.9430831259615,684.0636441259615,0.009339104524240384416751015,-0.0513546279750587431052599765
2022-10-31,111308.1822461259615,684.0636441259615,0.008016804644788315465784183,-0.0437495233503522545348471763
2022-11-01,111343.8964951259615,684.0636441259615,0.000320859152304079790226773,-0.0434427016330240763137946394
2022-11-02,107840.6296542785035,338.9782722785035,-0.0314634834160021715201399127,-0.0735393263266492643542052276
2022-11-03,110097.4884992785035,338.9782722785035,0.020927723180355713577065682,-0.0541506138105275117753176470
2022-11-04,110597.0292362785035,338.9782722785035,0.004537258240938653345761229,-0.0498590508883525608359339512
2022-11-07,112381.8183882785035,338.9782722785035,0.016137767572282546832159947,-0.0345258970906808552694183023
2022-11-08,112552.8078912785035,338.9782722785035,0.001521505039269184097776853,-0.0330569233778204313553329906
2022-11-09,107499.9293332785035,338.9782722785035,-0.0448934029516249648065482585,-0.0764662885479039121072017499
2022-11-10,109969.1600172785035,338.9782722785035,0.022969602857549097857048008,-0.0552530859702909218062308690
2022-11-11,110665.8100142785035,338.9782722785035,0.006334957881741948452347632,-0.0492681540610070333024654617
2022-11-14,111186.5680202785035,338.9782722785035,0.004705681058429969622391269,-0.0447943132219257540626879052
2022-11-15,112166.8382982785035,338.9782722785035,0.008816445146694479194961733,-0.0363727946806362345214897734
2022-11-16,109691.4891722785035,338.9782722785035,-0.0220684576970731176674871956,-0.0576385608969754053284870621
2022-11-17,110256.9879172785035,338.9782722785035,0.005155356621258399330150279,-0.0527803516122770336185977622
2022-11-18,109743.4379432785035,338.9782722785035,-0.0046577544308148197994172270,-0.0571922681265098059467768203
2022-11-21,108794.6792052785035,338.9782722785035,-0.0086452434494568244350064301,-0.0653430704945863431531139878
2022-11-22,113099.3373812785035,338.9782722785035,0.039566807930724120062057639,-0.0283616792837252872636582566
2022-11-23,111563.5097012785035,338.9782722785035,-0.0135794578072764887109835929,-0.0415560008638249207703195605
2022-11-25,111438.7570812785035,338.9782722785035,-0.0011182206470022012133689213,-0.0426277527326543516482653109
2022-11-28,108811.7571812785035,338.9782722785035,-0.0235734852828983222948794217,-0.0651963533138664178431107473
2022-11-29,109961.0080832785035,338.9782722785035,0.010561826513704469411049318,-0.0553231193731891870111987151
2022-11-30,110013.3164962785035,338.9782722785035,0.000475699649464694294882288,-0.0548737369122176122505360620
2022-12-01,108883.2291682785035,338.9782722785035,-0.0102722776113946918887572461,-0.0645823362644753686697471958
2022-12-02,107984.7953798332925,254.7649888332925,-0.0082513514276536189967498161,-0.0723007961395919027419805966
2022-12-05,104350.7956228332925,254.7649888332925,-0.0336528836695713909876591098,-0.1035205495274602111182147298
2022-12-06,101754.6242958332925,254.7649888332925,-0.0248792672015997970484109598,-0.1258243013165098799672633031
2022-12-07,101315.2447238332925,254.7649888332925,-0.0043180305076119471270191256,-0.1295990186524381793501170506
2022-12-08,100253.7236538332925,254.7649888332925,-0.0104774071551967429698030738,-0.1387185641222993903855887901
2022-12-09,97801.2042938332925,254.7649888332925,-0.0244631248657488213598693751,-0.1597881994327270172037169389
2022-12-12,100804.6343788332925,254.7649888332925,0.030709540917067999297579612,-0.1339856807642029699151691717
2022-12-13,102040.1656848332925,254.7649888332925,0.012256691506431710286867271,-0.1233712104131773367551999488
2022-12-14,101099.9657618332925,254.7649888332925,-0.0092140179966382229802156026,-0.1314484838568015028174310826
2022-12-15,101052.1761608332925,254.7649888332925,-0.0004726965102300882226631034,-0.1318590451274374448819272600
2022-12-16,99656.3762438332925,254.7649888332925,-0.0138126655954292712517703464,-0.1438503858267888052509032033
2022-12-19,99262.9153558332925,254.7649888332925,-0.0039481757498115655696208511,-0.1472306149716780059247740574
2022-12-20,100535.1051588332925,254.7649888332925,0.012816365491981677841163311,-0.1363012108527825830533672578
2022-12-21,102834.6440308332925,254.7649888332925,0.022872994148332634954597145,-0.1165458335026962967575496573
2022-12-22,99569.0850598332925,254.7649888332925,-0.0317554361351304464007329419,-0.1446003058652163245717963761
2022-12-23,102971.0755558332925,254.7649888332925,0.034167136254748828339461579,-0.1153737479634426985600911382
2022-12-27,103646.5357938332925,254.7649888332925,0.006559708484677814960379352,-0.1095708576321897584437089286
2022-12-28,100523.6234058332925,254.7649888332925,-0.0301304077756335915243204683,-0.1363998507870395784132334174
2022-12-29,101230.6945468332925,254.7649888332925,0.007033880366064971335033830,-0.1303253906533597564964693966
2022-12-30,101982.4152868332925,254.7649888332925,0.007425818259621092310053493,-0.1238673450593446351038426989
2023-01-03,97290.8144918332925,254.7649888332925,-0.0460040172789055471540326939,-0.1641729668558479360074055327
2023-01-04,97453.9919784451270,358.1115744451270,0.001677213696525603798645538,-0.1627711063079322043597392887
2023-01-05,98832.1116494451270,358.1115744451270,0.014141233653156173381354223,-0.1509316569010592229615783619
2023-01-06,101599.4117494451270,358.1115744451270,0.028000009853230090824102020,-0.1271577349282231338158565081
2023-01-09,102126.5109574451270,358.1115744451270,0.005188014368625305442250872,-0.1226294167154872978642271977
2023-01-10,103848.3216304451270,358.1115744451270,0.016859585790779218259587995,-0.1078373120962960528053037581
2023-01-11,104604.4722174451270,358.1115744451270,0.007281298100231597335835905,-0.1013412096117652977699818180
2023-01-12,107221.5623734451270,358.1115744451270,0.025018912676694734003477439,-0.0788577438088979367978895201
2023-01-13,107613.1818734451270,358.1115744451270,0.003652432321737832431033884,-0.0754933340594670446394268295
2023-01-17,107302.1712554451270,358.1115744451270,-0.0028900791946264873520411039,-0.0781652315399952791080751867
2023-01-18,105532.1433284451270,358.1115744451270,-0.0164957326239582373865943943,-0.0933715714039799669926270840
2023-01-19,105767.6115784451270,358.1115744451270,0.002231246732733911065360205,-0.0913486596848714173098560973
2023-01-20,107135.2113434451270,358.1115744451270,0.012930232087028705397148523,-0.0795995869684071018208318826
2023-01-23,107678.9230704451270,358.1115744451270,0.005075004941718127416260842,-0.0749285503239123623029363050
2023-01-24,106832.5120864451270,358.1115744451270,-0.0078605075149782613429640449,-0.0822000814059830836838744091
2023-01-25,106639.6419554451270,358.1115744451270,-0.0018053505176770180712393473,-0.0838570319641407171675226235
2023-01-26,110894.4819424451270,358.1115744451270,0.039899233614997556785810919,-0.0473036296577407282780219821
2023-01-27,109699.6235774451270,358.1115744451270,-0.0107747323768565721201436168,-0.0575686780845812086038281573
2023-01-30,107051.8710444451270,358.1115744451270,-0.0241363866771225014137732194,-0.0803155648869634700106769644
2023-01-31,108341.4725774451270,358.1115744451270,0.012046510914924516288737202,-0.0692365763010880873877198218
2023-02-01,106742.3508454451270,358.1115744451270,-0.0147600147381872512770141330,-0.0829746581526496523321265131
2023-02-02,104377.3901567811085,534.0595217811085,-0.0221557860580408539101380183,-0.1032920754364213252001379545
2023-02-03,104005.3674517811085,534.0595217811085,-0.0035642077699126176167921699,-0.1064881287884930496963762133
2023-02-06,102496.5900757811085,534.0595217811085,-0.0145067260754546946882579953,-0.1194500607493253345141248558
2023-02-07,104975.3196847811085,534.0595217811085,0.024183532419638010452778423,-0.0981552527463463631082898779
2023-02-08,104126.3680077811085,534.0595217811085,-0.0080871549574626114126643674,-0.1054486109649603639267707016
2023-02-09,103122.8296517811085,534.0595217811085,-0.0096376967256267695430210662,-0.1140700259579682439029132073
2023-02-10,105850.2292787811085,534.0595217811085,0.026448068155322317816169197,-0.0906388896236616561684710581
2023-02-13,105883.4698237811085,534.0595217811085,0.000314033755302062894832973,-0.0903533195392445209257583582
2023-02-14,105968.6584717811085,534.0595217811085,0.000804550966659640824956108,-0.0896214624231610866932616659
2023-02-15,105221.3805507811085,534.0595217811085,-0.0070518767697620343607283217,-0.0960413396839891303053678098
2023-02-16,103933.8593247811085,534.0595217811085,-0.0122363080512769618453036837,-0.1071024563172354703730551177
2023-02-17,102668.0098957811085,534.0595217811085,-0.0121793748180212296915298723,-0.1179773901758383436052373109
2023-02-21,101259.4399677811085,534.0595217811085,-0.0137196574612661479692930848,-0.1300784382557178434989391227
2023-02-22,101168.6099737811085,534.0595217811085,-0.0008970027291174080520753192,-0.1308587602707205423894892951
2023-02-23,102045.3295217811085,534.0595217811085,0.008665924620563739458056598,-0.1233268478026032881914625000
2023-02-24,102028.8599947811085,534.0595217811085,-0.0001613942262441776411423319,-0.1234683377876712312153361569
2023-02-27,102663.8098687811085,534.0595217811085,0.006223237954755923016924359,-0.1180134726788461687561800795
2023-02-28,101701.7489537811085,534.0595217811085,-0.0093709839546150695828342601,-0.1262785542745593669989563997
2023-03-01,104999.5082487811085,534.0595217811085,0.032425787451292346526049837,-0.0979474483838303671005525898
2023-03-02,105454.7141035845420,441.9636665845420,0.004335314159042433206617294,-0.0940367671846084315753953974
2023-03-03,107589.9931975845420,441.9636665845420,0.020248303853942354051735860,-0.0756925483660624643195924600
2023-03-06,107355.6039275845420,441.9636665845420,-0.0021785415449330298461533953,-0.0777061905497381743607696598
2023-03-07,106052.6446145845420,441.9636665845420,-0.0121368542053835946557766940,-0.0888999360495638403139911783
2023-03-08,105673.8558125845420,441.9636665845420,-0.0035717053862880125931537237,-0.0921541170554229658746317407
2023-03-09,104259.9539095845420,441.9636665845420,-0.0133798647936874139265534343,-0.1043009722227271772069024162
2023-03-10,102411.2642045845420,441.9636665845420,-0.0177315415524085637953288498,-0.1201830967522118426597596022
2023-03-13,100576.0340545845420,441.9636665845420,-0.0179201981759917001279810650,-0.1359495900169995221052655268
2023-03-14,102118.8133795845420,441.9636665845420,0.015339432892757573648301669,-0.1226955467371056175923879432
2023-03-15,98086.9838385845420,441.9636665845420,-0.0394817507917305864920581082,-0.1573330625293066671889354316
2023-03-16,99783.6037115845420,441.9636665845420,0.017297094951884936167758965,-0.1427573724990619983811573051
2023-03-17,98373.2339895845420,441.9636665845420,-0.0141342832844216148674906983,-0.1548738826396421713085600644
2023-03-20,99940.3535265845420,441.9636665845420,0.015930344804623601550377772,-0.1414107321866988788196339963
2023-03-21,101821.5741325845420,441.9636665845420,0.018823433574302772899034601,-0.1252491341364059513697398239
2023-03-22,99890.0833865845420,441.9636665845420,-0.0189693663887473910520940602,-0.1418426038098464898786615004
2023-03-23,99816.7355445845420,441.9636665845420,-0.0007342855217783387752925371,-0.1424727363612759173406698028
2023-03-24,99829.2340885845420,441.9636665845420,0.000125214914431030960620058,-0.1423653611583371183773857965
2023-03-27,101722.6544125845420,441.9636665845420,0.018966591713203500687833311,-0.1260989551243265580087486705
2023-03-28,102829.6550355845420,441.9636665845420,0.010882537713870827254712384,-0.1165886940452759195322069936
2023-03-29,104166.4433925845420,441.9636665845420,0.013000027633442900986846552,-0.1051043226561686253000364203
2023-03-30,104748.7640465845420,441.9636665845420,0.005590290260802497194953571,-0.1001015960666791508241243025
2023-03-31,106016.9041835845420,441.9636665845420,0.012106492602013180670168363,-0.0892069826968969329982369241
2023-04-03,106434.2237515845420,441.9636665845420,0.003936349313476906608528463,-0.0856217832285163029187229122
2023-04-04,103508.1692085424660,653.6100495424660,-0.0274916698774581356819359781,-0.1107595673071367867542568577
2023-04-05,103815.2491765424660,653.6100495424660,0.002966722050520596762250313,-0.1081214381072523928917648879
2023-04-06,103930.6888675424660,653.6100495424660,0.001111972392453536875997213,-0.1071296937690064944709067436
2023-04-10,105215.4814575424660,653.6100495424660,0.012362013607332496734450657,-0.0960920188937958194093176995
2023-04-11,105225.0816285424660,653.6100495424660,0.000091242950818734319879026,-0.0960095436623310845904340613
2023-04-12,104604.0200275424660,653.6100495424660,-0.0059022201873164057587103630,-0.1013450943828686439376912442
2023-04-13,105750.9899855424660,653.6100495424660,0.010964874559295142913784275,-0.0914914560706815825097120920
2023-04-14,105437.0993285424660,653.6100495424660,-0.0029682053760717789038527254,-0.0941880960149797293479466592
2023-04-17,105716.7991625424660,653.6100495424660,0.002652764878597940987234881,-0.0917851900094723372717249280
2023-04-18,106218.0999415424660,653.6100495424660,0.004741921652671647398214875,-0.0874785065367011881187784117
2023-04-19,105529.5099895424660,653.6100495424660,-0.0064827929738807989475013949,-0.0933941944630402750608561185
2023-04-20,106754.7603135424660,653.6100495424660,0.011610499509771410796661691,-0.0828680482022974891863900334
2023-04-21,106767.9397945424660,653.6100495424660,0.000123455675056469643143779,-0.0827548230580724462454345702
2023-04-24,106871.3710775424660,653.6100495424660,0.000968748513823875226181364,-0.0818662431560978364627643115
2023-04-25,105348.5695055424660,653.6100495424660,-0.0142489195810457380382069452,-0.0949486572220100003980879058
2023-04-26,104080.6996175424660,653.6100495424660,-0.0120349986141320735197180429,-0.1058409488780614822693690085
2023-04-27,105072.5098635424660,653.6100495424660,0.009529242689994693157356713,-0.0973202902764651585120373329
2023-04-28,105021.1395115424660,653.6100495424660,-0.0004889038252413938751021325,-0.0977616138395167857416677986
2023-05-01,105767.7513525424660,653.6100495424660,0.007109157684562571225360755,-0.0913474588832366538874003447
2023-05-02,103990.5302717794090,309.3492347794090,-0.0168030525187140211454911983,-0.1066155952528845798905694474
2023-05-03,102705.8202747794090,309.3492347794090,-0.0123541056444505905415392572,-0.1176525605702350494576005242
2023-05-04,101212.1681907794090,309.3492347794090,-0.0145430130444786816419834547,-0.1304845508916244845762987914
2023-05-05,102800.4375107794090,309.3492347794090,0.015692474021564275556453985,-0.1168397022951425078731089098
2023-05-08,103664.9056787794090,309.3492347794090,0.008409187635114431561863331,-0.1094130416398588399586362958
2023-05-09,103710.7682927794090,309.3492347794090,0.000442412151920649915078618,-0.1090190351471382636677743719
2023-05-10,104357.6320417794090,309.3492347794090,0.006237189827519927809983083,-0.1034618177366441041122928953
2023-05-11,104103.7765657794090,309.3492347794090,-0.0024325530489075238048281467,-0.1056426944253708397778846591
2023-05-12,106476.9147777794090,309.3492347794090,0.022795889738932764320455161,-0.0852550239002825961268433544
2023-05-15,106186.4627687794090,309.3492347794090,-0.0027278402046695498497043075,-0.0877503020231068917354323926
2023-05-16,104643.3432797794090,309.3492347794090,-0.0145321677430779139339598440,-0.1010072676576792670854368079
2023-05-17,106045.9894007794090,309.3492347794090,0.013404064482628567790043639,-0.0889571111039483552088907976
2023-05-18,107913.8073067794090,309.3492347794090,0.017613281903014354351106214,-0.0729106558760856116960381359
2023-05-19,107241.9936437794090,309.3492347794090,-0.0062254653020456912792300650,-0.0786822184198253382069365887
2023-05-22,106586.4582487794090,309.3492347794090,-0.0061126744545374688462612863,-0.0843139340878016032200430414
2023-05-23,103933.6478067794090,309.3492347794090,-0.0248888131342930616733613053,-0.1071042734719662688593836368
2023-05-24,103480.9911187794090,309.3492347794090,-0.0043552468094021231936700865,-0.1109930547360562784971439953
2023-05-25,103818.5917017794090,309.3492347794090,0.003262440563721401140655342,-0.1080927224163971371343999728
2023-05-26,105410.5651187794090,309.3492347794090,0.015334184281491406654111411,-0.0944160518599268612802447149
2023-05-30,105061.7681567794090,309.3492347794090,-0.0033089374068620765897130899,-0.0974125724609813961382418500
2023-05-31,104655.6552567794090,309.3492347794090,-0.0038654679730306291407529904,-0.1009014952549935762366806224
2023-06-01,106236.8408697794090,309.3492347794090,0.015108458392625405507619807,-0.0873175029051819309567195311
2023-06-02,107910.1093249141880,881.2837749141880,0.015750359681589178147711627,-0.0729424253008475762249428252
2023-06-05,107761.6551599141880,881.2837749141880,-0.0013757206431235172260337965,-0.0742177975437252223089341137
2023-06-06,107994.6092179141880,881.2837749141880,0.002161752783532371129273034,-0.0722164852906206411558652221
2023-06-07,106880.9394119141880,881.2837749141880,-0.0103122721964094483446341155,-0.0817840414336452103627664767
2023-06-08,107205.5352409141880,881.2837749141880,0.003036985179827272248079849,-0.0789954331755982981983165542
2023-06-09,108010.0584689141880,881.2837749141880,0.007504493365870158424282887,-0.0720837605139284566244258482
2023-06-12,109064.0130729141880,881.2837749141880,0.009757930131139899174906476,-0.0630292186814732924402132379
2023-06-13,109632.8624339141880,881.2837749141880,0.005215738399610315730560862,-0.0581422241980373728345720165
2023-06-14,109444.7207609141880,881.2837749141880,-0.0017161065470985973265409087,-0.0597585524935268437331757677
2023-06-15,110183.7299409141880,881.2837749141880,0.006752351094342790131467689,-0.0534097121265100606549737296
2023-06-16,109617.6500809141880,881.2837749141880,-0.0051375993561259836609940589,-0.0582729137800040120867529380
2023-06-20,109535.2731699141880,881.2837749141880,-0.0007514931303416333370659613,-0.0589806152159549821073680478
2023-06-21,108745.1484409141880,881.2837749141880,-0.0072134272927254799361253408,-0.0657685901291399526487572239
2023-06-22,108731.1753729141880,881.2837749141880,-0.0001284937139755908782187514,-0.0658886329927069119483601956
2023-06-23,107624.4991739141880,881.2837749141880,-0.0101780946927543465088499539,-0.0753961069396853493017258888
2023-06-26,107010.7016509141880,881.2837749141880,-0.0057031394125991995559209362,-0.0806692518432402853213687385
2023-06-27,107710.6116809141880,881.2837749141880,0.006540561076622196856238302,-0.0746563129353042192839104748
2023-06-28,108371.5879319141880,881.2837749141880,0.006136593606562183063855423,-0.0689778547813903296985196371
2023-06-29,108946.1432509141880,881.2837749141880,0.005301715421582376364839818,-0.0640418403162501201007847701
2023-06-30,110580.5150989141880,881.2837749141880,0.015001649431828654220021831,-0.0500009241218150008962625834
2023-07-03,110270.4667229141880,881.2837749141880,-0.0028038246676881723665444549,-0.0526645549650432237962011510
2023-07-05,109278.7511839183410,1248.8419439183410,-0.0089934827381098646040662472,-0.0611843999371647340031528328
2023-07-06,107768.9890689183410,1248.8419439183410,-0.0138156970009571204545089557,-0.0741547918074046066129119150
2023-07-07,108434.2571999183410,1248.8419439183410,0.006173094289439428468010039,-0.0684394620398060372364558652
2023-07-10,110148.8176609183410,1248.8419439183410,0.015811981427962335786549068,-0.0537096441145568477889051792
2023-07-11,110293.1672149183410,1248.8419439183410,0.001310495719022287306963884,-0.0524695346542168978198760918
2023-07-12,111662.3660269183410,1248.8419439183410,0.012414176204877368741855783,-0.0407067244979248969887958424
2023-07-13,113121.9275499183410,1248.8419439183410,0.013071203619741900182227495,-0.0281676067627881090044013931
2023-07-14,112103.5680979183410,1248.8419439183410,-0.0090023170048142900496774299,-0.0369163500422568296640293298
2023-07-17,114756.3306769183410,1248.8419439183410,0.023663498174142945356845321,-0.0141264218499348506396080132
2023-07-18,115586.4986989183410,1248.8419439183410,0.007234180607754277820705860,-0.0069944343291843278262999874
2023-07-19,114976.2423089183410,1248.8419439183410,-0.0052796511432499233768723593,-0.0122371572992317866558596736
2023-07-20,112195.8028259183410,1248.8419439183410,-0.0241827305116609308685495572,-0.0361239599336965907253831716
2023-07-21,111579.9308609183410,1248.8419439183410,-0.0054892602886008092274400644,-0.0414149264035663525358535609
2023-07-24,111442.2338319183410,1248.8419439183410,-0.0012340662692436687744711917,-0.0425978839090921710689953215
2023-07-25,113839.9504239183410,1248.8419439183410,0.021515331392372595423425968,-0.0219990601056375098845837014
2023-07-26,112320.8485159183410,1248.8419439183410,-0.0133441898238988438405297962,-0.0350496902955393666411111767
2023-07-27,113205.5145909183410,1248.8419439183410,0.007876241024609276429852470,-0.0274495090795356670051751048
2023-07-28,113964.1169949183410,1248.8419439183410,0.006701108216691567247609075,-0.0209323429936811259946418039
2023-07-31,115143.7665299183410,1248.8419439183410,0.010351061071728398182163762,-0.0107979538826546871953336507
2023-08-01,116463.9088919183410,1248.8419439183410,0.011465165694896573173317049,0
2023-08-02,113687.7627335273555,453.4301425273555,-0.0238369653294680694457404013,-0.0238369653294680694457404013
2023-08-03,113170.3681975273555,453.4301425273555,-0.0045510134385590873674581694,-0.0282794964184782805855648450
2023-08-04,113187.9545255273555,453.4301425273555,0.000155396931900980078007574,-0.0281284940335564367869395605
2023-08-07,115511.0206815273555,453.4301425273555,0.020523969761076275370253783,-0.0081818326334494881558849237
2023-08-08,114507.2141765273555,453.4301425273555,-0.0086901362231710397924586193,-0.0168008676164806656509237217
2023-08-09,114111.9699805273555,453.4301425273555,-0.0034516968982467870938239934,-0.0201945730120877915401506536
2023-08-10,114427.8845305273555,453.4301425273555,0.002768461100565604632216872,-0.0174820198013486839326388761
2023-08-11,113562.9022525273555,453.4301425273555,-0.0075591913767245944108159570,-0.0249090612447431947648644484
2023-08-14,115169.6751195273555,453.4301425273555,0.014148747831638312011787246,-0.0111127454393795889431534528
2023-08-15,113663.5661945273555,453.4301425273555,-0.0130773046241287418863513333,-0.0240447253061871665435168583
2023-08-16,111344.0713405273555,453.4301425273555,-0.0204066697153452365352671881,-0.0439607222538128382075026404
2023-08-17,108411.1991125273555,453.4301425273555,-0.0263406231934010859161882375,-0.0691433926270164784183597101
2023-08-18,108503.4023315273555,453.4301425273555,0.000850495334013380012505767,-0.0683517034258102310625479108
2023-08-21,109679.9542775273555,453.4301425273555,0.010843456709358269454700792,-0.0582494154535606301691373794
2023-08-22,109444.0714505273555,453.4301425273555,-0.0021506466569372988676242125,-0.0602747881998841770330506892
2023-08-23,111945.3476545273555,453.4301425273555,0.022854378230351806031437107,-0.0387979527768068698597515151
2023-08-24,108990.2583425273555,453.4301425273555,-0.0263976071709531972496200971,-0.0641713868313207265699788360
2023-08-25,109318.1251305273555,453.4301425273555,0.003008221037238043819984221,-0.0613562075099374021322115627
2023-08-28,109739.0236905273555,453.4301425273555,0.003850217514226861188555733,-0.0577422247404718396005499083
2023-08-29,112404.4245795273555,453.4301425273555,0.024288542027826302996833638,-0.0348561571650346786210111225
2023-08-30,112660.5827775273555,453.4301425273555,0.002278897818819981441340227,-0.0326566929667505411766664154
2023-08-31,113169.3704925273555,453.4301425273555,0.004516111158458244373528266,-0.0282880630637977837909586850
2023-09-01,112896.5544735273555,453.4301425273555,-0.0024106877842712239246073349,-0.0306305571600004163860511795
2023-09-05,111756.5900084136065,977.5560934136065,-0.0100974247657934905018766258,-0.0404186921793364655599273309
2023-09-06,111500.0634664136065,977.5560934136065,-0.0022954041634653256028135887,-0.0426213191084915188448136697
2023-09-07,110700.8501304136065,977.5560934136065,-0.0071678285298980256593816344,-0.0494836453313018111110687893
2023-09-08,110464.7534524136065,977.5560934136065,-0.0021327449402769810764221936,-0.0515108542773719975928818572
2023-09-11,111495.5572904136065,977.5560934136065,0.009331518025286258287840337,-0.0426600107172729298591603877
2023-09-12,110322.4658444136065,977.5560934136065,-0.0105214187408780498577617453,-0.0527325856219042058546648413
2023-09-13,109371.8177164136065,977.5560934136065,-0.0086169949223278526313289916,-0.0608951841216868912152208207
2023-09-14,111097.8732084136065,977.5560934136065,0.015781537950438287779473281,-0.0460746658304639321425073799
2023-09-15,108762.9795324136065,977.5560934136065,-0.0210165470190402802723774110,-0.0661228824686916986023388099
2023-09-18,108809.0182114136065,977.5560934136065,0.000423293653759085609392539,-0.0657275782114498680887119677
2023-09-19,108985.4115094136065,977.5560934136065,0.001621127558170514656520776,-0.0642130034416497426799079351
2023-09-20,107020.4682094136065,977.5560934136065,-0.0180294157978224285023176345,-0.0810846963007956653395616193
2023-09-21,104819.0275954136065,977.5560934136065,-0.0205702764231259409885151754,-0.0999870381073290220503962370
2023-09-22,104562.1231994136065,977.5560934136065,-0.0024509328305507095011724224,-0.1021929094235529539759337542
2023-09-25,104769.8799384136065,977.5560934136065,0.001986921579660168165936042,-0.1004090371409147001306875040
2023-09-26,103610.9515364136065,977.5560934136065,-0.0110616562955044667167385356,-0.1103600031786038259353700279
2023-09-27,104417.6525874136065,977.5560934136065,0.007785866638976754459655965,-0.1034333848066527315847557673
2023-09-28,105814.4781284136065,977.5560934136065,0.013377293076289400080068491,-0.0914397504327945443194973162
2023-09-29,104660.7900684136065,977.5560934136065,-0.0109029320033116373737673469,-0.1013457210547376369115969962
2023-10-02,104901.4617664136065,977.5560934136065,0.002299540237014073361131733,-0.0992792293811381371009533362
2023-10-03,101737.9158634673845,399.0947074673845,-0.0301573100095645881731909767,-0.1264425448927450693775860139
2023-10-04,103763.4842694673845,399.0947074673845,0.019909670733950550147401027,-0.1090503035943718343416875259
2023-10-05,103734.5520244673845,399.0947074673845,-0.0002788287729897806806400174,-0.1092987260050162332539310252
2023-10-06,105695.3925434673845,399.0947074673845,0.018902482159825645181281117,-0.0924622610635920787326839284
2023-10-09,105798.0765844673845,399.0947074673845,0.000971509150294995481651285,-0.0915805798459773276366259873
2023-10-10,106544.6826654673845,399.0947074673845,0.007056896543898153065664040,-0.0851699579794824408253611869
2023-10-11,108221.6801434673845,399.0947074673845,0.015739851450545811594676754,-0.0707706690155829117477423667
2023-10-12,107980.8166764673845,399.0947074673845,-0.0022256489335657325656569930,-0.0728388072851263787733395162
2023-10-13,106245.3657264673845,399.0947074673845,-0.0160718450129875017797140572,-0.0877399982764964644487493425
2023-10-16,106968.7980004673845,399.0947074673845,0.006809071332697024082525046,-0.0815283548507948187435010573
2023-10-17,107067.4017194673845,399.0947074673845,0.000921798887555688580214197,-0.0806817087100448382540242238
2023-10-18,105274.4196204673845,399.0947074673845,-0.0167462931779915741782151709,-0.0960768823398766851870108017
2023-10-19,103847.2498214673845,399.0947074673845,-0.0135566627120357980271966329,-0.1083310631636068262826075519
2023-10-20,101938.9386974673845,399.0947074673845,-0.0183761354034963806587883327,-0.1247164922820040489152711975
2023-10-23,103264.1186194673845,399.0947074673845,0.012999742188143100106276613,-0.1133380323401365401801652523
2023-10-24,103796.1910704673845,399.0947074673845,0.005152539508526764612660611,-0.1087694715210610132496027396
2023-10-25,100846.0628424673845,399.0947074673845,-0.0284223168266083451154635329,-0.1341003079670350087380980923
2023-10-26,99723.2322784673845,399.0947074673845,-0.0111341041221806005814668399,-0.1437413252974941567950620394
2023-10-27,100027.5275004673845,399.0947074673845,0.003051397503344910824527956,-0.1411285397152895083117627258
2023-10-30,101612.8534354673845,399.0947074673845,0.015848896544929519240718975,-0.1275163747958445893963654399
2023-10-31,101715.4885254673845,399.0947074673845,0.001010060110802634046314955,-0.1266351138886973963474328854
2023-11-01,104110.3428664673845,399.0947074673845,0.023544637849331861144999686,-0.1060720539348838107676749905
2023-11-02,106304.8710739400630,628.9720629400630,0.021078868314624560576386675,-0.0872290644770144199924947211
2023-11-03,108812.5431209400630,628.9720629400630,0.023589436887193960758640633,-0.0656973121010299635719774275
2023-11-06,109118.4252429400630,628.9720629400630,0.002811092482785061810688022,-0.0630709008384312911671386962
2023-11-07,110201.0734949400630,628.9720629400630,0.009921773060687082200508094,-0.0537749029425962228573298320
2023-11-08,111114.5811519400630,628.9720629400630,0.008289462416552087013849473,-0.0459312055629405234639053777
2023-11-09,110758.1627729400630,628.9720629400630,-0.0032076652344360380767388090,-0.0489915388661165820701832967
2023-11-10,113962.6702649400630,628.9720629400630,0.028932472440603816890839359,-0.0214765127735794539585920884
2023-11-13,114401.8582419400630,628.9720629400630,0.003853788051639867254864126,-0.0177054906502572981891651736
2023-11-14,117808.3978169400630,628.9720629400630,0.029776960159123992401880844,0
2023-11-15,116931.0089079400630,628.9720629400630,-0.0074475922367041759251556543,-0.0074475922367041759251556543
2023-11-16,117625.8297069400630,628.9720629400630,0.005942143196139129598048255,-0.0015497037001019966480601697
2023-11-17,118569.1697379400630,628.9720629400630,0.008019837423041291610411789,0
2023-11-20,119529.2884099400630,628.9720629400630,0.008097540651773483723118734,0
2023-11-21,118652.0211509400630,628.9720629400630,-0.0073393498001201720582465049,-0.0073393498001201720582465049
2023-11-22,118880.6106419400630,628.9720629400630,0.001926553705386997684059702,-0.0054269357462857272124860057
2023-11-24,118650.4610089400630,628.9720629400630,-0.0019359728365897640945254077,-0.0073524021826847641393870788
2023-11-27,118580.6530549400630,628.9720629400630,-0.0005883496229714616726572085,-0.0079364260226041086791952803
2023-11-28,118200.4566019400630,628.9720629400630,-0.0032062266753063815938539894,-0.0111172067170902212519831250
2023-11-29,118233.7532119400630,628.9720629400630,0.000281696119940821715746733,-0.0108386422711461838920338109
2023-11-30,118168.3644159400630,628.9720629400630,-0.0005530467757611249260034934,-0.0113856947707456231846856536
2023-12-01,119820.5363099400630,628.9720629400630,0.013981507674799752807856486,0
2023-12-04,118421.3487668866185,973.9155588866185,-0.0116773600431412090541401930,-0.0116773600431412090541401930
2023-12-05,118615.7515028866185,973.9155588866185,0.001641618998806400659617587,-0.0100549108204375317337439529
2023-12-06,117628.8573388866185,973.9155588866185,-0.0083200936763949353191256843,-0.0182913466968986297341250151
2023-12-07,119073.2677118866185,973.9155588866185,0.012279387946774657016924669,-0.0062365652922841461868092321
2023-12-08,121201.3179328866185,973.9155588866185,0.017871771405057065309620941,0
2023-12-11,121974.1236128866185,973.9155588866185,0.006376215153270275164066359,0
2023-12-12,123992.8360548866185,973.9155588866185,0.016550333646231848508672508,0
2023-12-13,124611.2586958866185,973.9155588866185,0.004987567513386412781539784,0
2023-12-14,123544.0450578866185,973.9155588866185,-0.0085643436168519210422934423,-0.0085643436168519210422934423
2023-12-15,124232.5777398866185,973.9155588866185,0.005573175798780003509700441,-0.0030388984106497926619751435
2023-12-18,125887.3906268866185,973.9155588866185,0.013320281339285927252455562,0
2023-12-19,126285.8413208866185,973.9155588866185,0.003165135856862380621271457,0
2023-12-20,124094.3808748866185,973.9155588866185,-0.0173531761207624059325352548,-0.0173531761207624059325352548
2023-12-21,125360.8296518866185,973.9155588866185,0.010205528792450709087457553,-0.0073247456668526056819872611
2023-12-22,125208.6686718866185,973.9155588866185,-0.0012137840856871678536225849,-0.0085296390928176418010340469
2023-12-26,125691.3703848866185,973.9155588866185,0.003855178064906476333208928,-0.0047073443054433648164171272
2023-12-27,125991.9174278866185,973.9155588866185,0.002391150976233913167104116,-0.0023274493001408817030216467
2023-12-28,125874.4874428866185,973.9155588866185,-0.0009320437961205950361407325,-0.0032573238115804952096126418
2023-12-29,125514.6860828866185,973.9155588866185,-0.0028584137048681423422753767,-0.0061064267374244225297584205
2024-01-02,123702.3852898866185,973.9155588866185,-0.0144389541141281580292783739,-0.0204572104360896240079700636
2024-01-03,122239.6781643939655,622.5250953939655,-0.0118244051807482625850666085,-0.0320397212717737310188084186
2024-01-04,122207.9991193939655,622.5250953939655,-0.0002591551734731864505803302,-0.0322905731857226984061235402
2024-01-05,123509.3552863939655,622.5250953939655,0.010648698746213900689713807,-0.0219857270257061312159064370
2024-01-08,127177.2753283939655,622.5250953939655,0.029697507800075653991304159,0
2024-01-09,128133.5848963939655,622.5250953939655,0.007519500363021942852671868,0
2024-01-10,130423.4840493939655,622.5250953939655,0.017871186190970640000883669,0
2024-01-11,131074.9200433939655,622.5250953939655,0.004994775279529323431987722,0
2024-01-12,130383.7140143939655,622.5250953939655,-0.0052733660167114176915152976,-0.0052733660167114176915152976
2024-01-16,131929.7104143939655,622.5250953939655,0.011857281499354487625459904,0
2024-01-17,131515.8353613939655,622.5250953939655,-0.0031370875574577541855005377,-0.0031370875574577541855005377
2024-01-18,133300.6820623939655,622.5250953939655,0.013571344439971034785830094,0
2024-01-19,136582.9421603939655,622.5250953939655,0.024622980522062704846470685,0
2024-01-22,136818.3419763939655,622.5250953939655,0.001723493521786652095450384,0
2024-01-23,135126.7949643939655,622.5250953939655,-0.0123634520603374368904091939,-0.0123634520603374368904091939
2024-01-24,135943.9788083939655,622.5250953939655,0.006047533682829735530623276,-0.0063906867702786427011218365
2024-01-25,136502.9043303939655,622.5250953939655,0.004111440071853250141017252,-0.0023055216240993785979294060
2024-01-26,135713.6722113939655,622.5250953939655,-0.0057817972655712077283782333,-0.0080739888310486532492723028
2024-01-29,138618.0791113939655,622.5250953939655,0.021400989691561509907978840,0
2024-01-30,137992.9631793939655,622.5250953939655,-0.0045096277196111964975635444,-0.0045096277196111964975635444
2024-01-31,135543.2935053939655,622.5250953939655,-0.0177521347288946477284738187,-0.0221817069296501483298397206
2024-02-01,137529.9644613939655,622.5250953939655,0.014657095195351292937160770,-0.0078497311243621210617738374
2024-02-02,141649.1951770446270,566.3988380446270,0.029951514433837948817037583,0
2024-02-05,141311.8211910446270,566.3988380446270,-0.0023817571683222251318111299,-0.0023817571683222251318111299
2024-02-06,139636.0660260446270,566.3988380446270,-0.0118585632176835737848266908,-0.0142120761680560787933240441
2024-02-07,142389.0786640446270,566.3988380446270,0.019715627318564774235454115,0
2024-02-08,143675.0253560446270,566.3988380446270,0.009031217169640418369940795,0
2024-02-09,144649.2407290446270,566.3988380446270,0.006780686974550885481608731,0
2024-02-12,144276.2733800446270,566.3988380446270,-0.0025784259019972206561976939,-0.0025784259019972206561976939
2024-02-13,141915.2091540446270,566.3988380446270,-0.0163648822546214125426118142,-0.0189011125203301826731398800
2024-02-14,146123.0413090446270,566.3988380446270,0.029650325571747046906520530,0
2024-02-15,146733.5421910446270,566.3988380446270,0.004177991893207410416230607,0
2024-02-16,144226.3141890446270,566.3988380446270,-0.0170869452516564407463691849,-0.0170869452516564407463691849
2024-02-20,142156.4761940446270,566.3988380446270,-0.0143513200530588340045345159,-0.0311930450846796592479393095
2024-02-21,137060.3287290446270,566.3988380446270,-0.0358488589576722592306162518,-0.0659236689686509254401601595
2024-02-22,144962.4339900446270,566.3988380446270,0.057654212085115588337334299,-0.0120702340756828907817714396
2024-02-23,145092.7439720446270,566.3988380446270,0.000898922420197146441340281,-0.0111821618595134032714594695
2024-02-26,146323.6735810446270,566.3988380446270,0.008483743399581485695601625,-0.0027932850518006162433813231
2024-02-27,147595.0638730446270,566.3988380446270,0.008688889917022293440650035,0
2024-02-28,146815.8508620446270,566.3988380446270,-0.0052793974984844200388392154,-0.0052793974984844200388392154
2024-02-29,149630.7131900446270,566.3988380446270,0.019172741304649609517404517,0
2024-03-01,153987.2698960446270,566.3988380446270,0.029115390905520689428253465,0
2024-03-04,154648.8654808498595,1175.7016248498595,0.004296430381887213942539651,0
2024-03-05,151874.0396208498595,1175.7016248498595,-0.0179427495402066572201997039,-0.0179427495402066572201997039
2024-03-06,153459.0871388498595,1175.7016248498595,0.010436592863118908606058227,-0.0076934178488837994917675780
2024-03-07,156588.4294088498595,1175.7016248498595,0.020392029747763125520245468,0
2024-03-08,152277.2943538498595,1175.7016248498595,-0.0275316322622005232442407920,-0.0275316322622005232442407920
2024-03-11,148998.1108408498595,1175.7016248498595,-0.0215342906302241901281947121,-0.0484730487217660306213896800
2024-03-12,153283.0596908498595,1175.7016248498595,0.028758410598755208966028976,-0.0211086459611248355046647064
2024-03-13,152232.6556838498595,1175.7016248498595,-0.0068527077233356090064658068,-0.0278167023032534873414017412
2024-03-14,150013.4114158498595,1175.7016248498595,-0.0145779777540558033432105177,-0.0419891687899412685193407704
2024-03-15,147068.5078568498595,1175.7016248498595,-0.0196309352024298571160143799,-0.0607958173406518985006664040
2024-03-18,148735.1609388498595,1175.7016248498595,0.011332494673994028720259723,-0.0501522909428719212350210914
2024-03-19,149220.9256978498595,1175.7016248498595,0.003265971246702819655433308,-0.0470501156363447955188417993
2024-03-20,151630.3432298498595,1175.7016248498595,0.016146646462163835500837402,-0.0316631707573649460684405564
2024-03-21,153712.2513208498595,1175.7016248498595,0.013730154840077924502847323,-0.0183677561545134696823410089
2024-03-22,154218.0516458498595,1175.7016248498595,0.003290566110727389749159653,-0.0151376303597182263975984374
2024-03-25,153866.5665728498595,1175.7016248498595,-0.0022791435195093697439123909,-0.0173822730470925160562507970
2024-03-26,152180.6177818498595,1175.7016248498595,-0.0109572133085959811156067659,-0.0281490250821232458377364203
2024-03-27,151672.5683308498595,1175.7016248498595,-0.0033384635862648836161108127,-0.0313935141731626041225000772
2024-03-28,151731.7526538498595,1175.7016248498595,0.000390211121571428165261602,-0.0310155531499667542633134795
2024-04-01,151864.3062808498595,1175.7016248498595,0.000873605060783806501806024,-0.0301690434333777678490797172
2024-04-02,150156.2969100561365,1261.9327610561365,-0.0112469441478567077919553815,-0.0410766780347450127158997517
2024-04-03,151434.6918570561365,1261.9327610561365,0.008513761815568484820926318,-0.0329126332721391406954525807
2024-04-04,146825.0286650561365,1261.9327610561365,-0.0304399417033925282576445498,-0.0623507163374226162376302323
2024-04-05,149979.5918090561365,1261.9327610561365,0.021485186638010685634217549,-0.0422051464769351175541084022
2024-04-08,148458.5755530561365,1261.9327610561365,-0.0101414881695134557555433419,-0.0519186116527601533082239974
2024-04-09,146673.0637520561365,1261.9327610561365,-0.0120270034543197786714694586,-0.0633211897853886985025630180
2024-04-10,145023.2587770561365,1261.9327610561365,-0.0112481796779599363022481920,-0.0738571213432203813459926583
2024-04-11,147885.1071930561365,1261.9327610561365,0.019733720233107655027923081,-0.0555808768799225215852754911
2024-04-12,145032.5707760561365,1261.9327610561365,-0.0192888687112770965445838286,-0.0737976533542051360302205114
2024-04-15,142220.7660130561365,1261.9327610561365,-0.0193874020708195935033602926,-0.0917543106475637863588515339
2024-04-16,144257.3385970561365,1261.9327610561365,0.014319797601238055263082069,-0.0787484162038399663567255432
2024-04-17,141401.0217230561365,1261.9327610561365,-0.0198001495229185445230102305,-0.0969893353112294579889133911
2024-04-18,140874.1125700561365,1261.9327610561365,-0.0037263461506805000299630849,-0.1003542656256158978307475105
2024-04-19,132716.7807200561365,1261.9327610561365,-0.0579051161436306566218364436,-0.1524483563626865042506409697
2024-04-22,134217.3192110561365,1261.9327610561365,0.011306320744511842185117808,-0.1428656656321848383759393240
2024-04-23,138391.5699270561365,1261.9327610561365,0.031100686115150380451550866,-0.1162081997404930658276894366
2024-04-24,137402.5433110561365,1261.9327610561365,-0.0071465813742939635431416905,-0.1225242897589813890188729733
2024-04-25,136573.8009120561365,1261.9327610561365,-0.0060314924238619606138183201,-0.1278167778574229857766176403
2024-04-26,140143.6169810561365,1261.9327610561365,0.026138366547319781630376218,-0.1050193331006378729109065032
2024-04-29,140219.5545630561365,1261.9327610561365,0.000541855445405443157603763,-0.1045343829527458584877344968
2024-04-30,138697.0306640561365,1261.9327610561365,-0.0108581424591199046133133280,-0.1142574761898886533495998530
2024-05-01,135037.0999440561365,1261.9327610561365,-0.0263879529538369921211091843,-0.1376304082374027133844625134
2024-05-02,136396.7553103320885,487.6429673320885,0.010068754193027227407799544,-0.1289474207944038836057330507
2024-05-03,139854.9803983320885,487.6429673320885,0.025354159489584563308966760,-0.1068626147774112093713693448
2024-05-06,144075.9542163320885,487.6429673320885,0.030181076183185674838136201,-0.0799067673119570055294902130
2024-05-07,139630.6899123320885,487.6429673320885,-0.0308536169562713609105847276,-0.1082949714773713396595876209
2024-05-08,140402.7609553320885,487.6429673320885,0.005529379275320841950711278,-0.1033643961729589364957700745
2024-05-09,142011.0957353320885,487.6429673320885,0.011455150661258560691383155,-0.0930933002428716382058511797
2024-05-10,142246.1537293320885,487.6429673320885,0.001655208649597920266637593,-0.0915921804290553352462721014
2024-05-13,141228.8963773320885,487.6429673320885,-0.0071513874036668231668176172,-0.0980885566673274331656101532
2024-05-14,143418.7310123320885,487.6429673320885,0.015505570681153314626888057,-0.0841039050345916762675092073
2024-05-15,148821.3767493320885,487.6429673320885,0.037670433275102991135921326,-0.0496017023022698693960084200
2024-05-16,145934.6199333320885,487.6429673320885,-0.0193974607617178611211413223,-0.0680370159898650402306828487
2024-05-17,144334.7326443320885,487.6429673320885,-0.0109630414615180625264061184,-0.0782541648241682449368527150
2024-05-20,145789.4471263320885,487.6429673320885,0.010078755510530441227542079,-0.0689641139085813468243845815
2024-05-21,146592.0197873320885,487.6429673320885,0.005505012034955728533673688,-0.0638387501506724163523090122
2024-05-22,145288.2803293320885,487.6429673320885,-0.0088936591493274730567212344,-0.0721646492156407310741874925
2024-05-23,145955.3960043320885,487.6429673320885,0.004591668877130461582958895,-0.0679043365123427642120858166
2024-05-24,149972.2219233320885,487.6429673320885,0.027520914121467471914672501,-0.0422522118045067055380138719
2024-05-28,150422.4591583320885,487.6429673320885,0.003002137524042069697440947,-0.0393769212309967187113450414
2024-05-29,148545.0676963320885,487.6429673320885,-0.0124807922467474760363933739,-0.0513662583045435848209872974
2024-05-30,147366.6680553320885,487.6429673320885,-0.0079329435791767950770062070,-0.0588917162547170141386697389
2024-05-31,144948.4487843320885,487.6429673320885,-0.0164095402502554096332595070,-0.0743348705166840241644102855
2024-06-03,144154.9817283320885,487.6429673320885,-0.0054741327875857076992405949,-0.0794020843523134137104697072
2024-06-04,142606.8807500075520,1016.9174160075520,-0.0107391431067017654589092889,-0.0892885171121852804572150242
2024-06-05,146361.8666760075520,1016.9174160075520,0.026331029093768332409642750,-0.0653085465602373302736038001
2024-06-06,142572.2307260075520,1016.9174160075520,-0.0258922357036405447726046198,-0.0895097979828780271550392475
2024-06-07,142108.2413080075520,1016.9174160075520,-0.0032544164851547110852119229,-0.0924729123058943920829505019
2024-06-10,145081.6050600075520,1016.9174160075520,0.020923232351848521039535873,-0.0734845121844742118075128043
2024-06-11,144668.3386420075520,1016.9174160075520,-0.0028485101045654125605914380,-0.0761237009135530893976450696
2024-06-12,145432.2969880075520,1016.9174160075520,0.005280757027911069993795175,-0.0712449346542318652199430446
2024-06-13,146903.8802680075520,1016.9174160075520,0.010118682785580618156189685,-0.0618471567624968390683496319
2024-06-14,145535.9994960075520,1016.9174160075520,-0.0093113998725185101610195865,-0.0705826730274214038484562572
2024-06-17,146377.3970370075520,1016.9174160075520,0.005781370546900884281055378,-0.0652093670674827891425855907
2024-06-18,149981.0220000075520,1016.9174160075520,0.024618725540589584568052558,-0.0421960130374031244556235015
2024-06-20,149134.8085070075520,1016.9174160075520,-0.0056421371298560519915672753,-0.0476000744753689542319622279
2024-06-21,147576.9203500075520,1016.9174160075520,-0.0104461739857787653416513291,-0.0575490098014419885923775381
2024-06-24,145517.5729470075520,1016.9174160075520,-0.0139544001739286506012922534,-0.0707003480629879754898509715
2024-06-25,147201.5263630075520,1016.9174160075520,0.011572165353618407109834254,-0.0599463388277128400895458925
2024-06-26,144621.9351180075520,1016.9174160075520,-0.0175242153307471655699044934,-0.0764200416085532362379014312
2024-06-27,145437.0632060075520,1016.9174160075520,0.005636268712176183556539304,-0.0712144967858785433930776325
2024-06-28,143019.7476770075520,1016.9174160075520,-0.0166210419525313147699477652,-0.0866518795997033644181356671
2024-07-01,142739.4713580075520,1016.9174160075520,-0.0019597036322072772322401247,-0.0884417712287215152992311207
2024-07-02,143878.8567671499390,273.4367871499390,0.007982272866099335843914911,-0.0811654647133309681247420006
2024-07-03,146465.9691341499390,273.4367871499390,0.017981185179883101698452304,-0.0646437307846695380738000418
2024-07-05,144699.8832011499390,273.4367871499390,-0.0120579950649315725865107170,-0.0759222520628208001958569408
2024-07-08,147703.2507151499390,273.4367871499390,0.020755839241590569929211695,-0.0567422428799056568275277660
2024-07-09,147528.5937271499390,273.4367871499390,-0.0011824857418800560842507402,-0.0578576317286179293410742211
2024-07-10,148426.5743551499390,273.4367871499390,0.006086824291572861998887736,-0.0521229766753036957129208244
2024-07-11,145467.4463901499390,273.4367871499390,-0.0199366452931770940172985327,-0.0710204646708807168484058626
2024-07-12,146530.8145741499390,273.4367871499390,0.007310007911653311485092982,-0.0642296169178608379000582053
2024-07-15,144275.2317391499390,273.4367871499390,-0.0153932320758279329742244448,-0.0786341475943306149661649973
2024-07-16,142738.9230601499390,273.4367871499390,-0.0106484575382810737633506486,-0.0884452727508945323307228017
2024-07-17,133874.6940781499390,273.4367871499390,-0.0621009938421955797477367841,-0.1450537272546155022220647682
2024-07-18,133470.8720231499390,273.4367871499390,-0.0030164181347392443471925641,-0.1476326026959524041852449923
2024-07-19,131336.8317881499390,273.4367871499390,-0.0159888086640346521055539842,-0.1612609419229080269524984720
2024-07-22,132387.3962451499390,273.4367871499390,0.007999008676367269739138640,-0.1545518609201412569081761871
2024-07-23,133139.1263421499390,273.4367871499390,0.005678260305142453535140204,-0.1497511863119475387060810581
2024-07-24,125801.5934061499390,273.4367871499390,-0.0551117702030244001064959964,-0.1966099035473175930411221539
2024-07-25,123066.3976611499390,273.4367871499390,-0.0217421391171845615963382630,-0.2140773227897601370997241431
2024-07-26,125876.4807631499390,273.4367871499390,0.022833877934229138085930633,-0.1961316603125989515974529163
2024-07-29,125408.1014611499390,273.4367871499390,-0.0037209437311907833657194837,-0.1991228091718615297356300970
2024-07-30,120634.3036011499390,273.4367871499390,-0.0380661042179868297496007117,-0.2296090837837339747185064105
2024-07-31,128128.1086121499390,273.4367871499390,0.062120017170046197121458695,-0.1817523868407319079520052568
2024-08-01,122333.3592291499390,273.4367871499390,-0.0452262149638139920765892956,-0.2187586292871006813125144852
2024-08-02,117048.8563700914830,882.9742800914830,-0.0431975619108091139980008894,-0.2525063517657565237959751696
2024-08-05,114663.0043990914830,882.9742800914830,-0.0203833855792343891205594605,-0.2677428030157437054616405260
2024-08-06,118360.3102110914830,882.9742800914830,0.032244975887177216758486494,-0.2441311873557743838787951991
2024-08-07,114624.1692590914830,882.9742800914830,-0.0315658259541287361212814931,-0.2679908107398559518195230316
2024-08-08,121062.3674900914830,882.9742800914830,0.056167894368310551949363061,-0.2268753959208595339681816874
2024-08-09,122409.0477450914830,882.9742800914830,0.011123855273276568865058752,-0.2182752697168739277915068031
2024-08-12,123320.5227530914830,882.9742800914830,0.007446140826927146068198753,-0.2124544372872941311962343867
2024-08-13,127043.6657410914830,882.9742800914830,0.030190781752152974160633039,-0.1886778210835583251123941030
2024-08-14,128408.7693690914830,882.9742800914830,0.010745153015200392848421205,-0.1799600401264753692539835306
2024-08-15,132018.7486580914830,882.9742800914830,0.028113183443286987908638539,-0.1569061063037252706777577975
2024-08-16,131994.8276360914830,882.9742800914830,-0.0001811941276761516311812776,-0.1570588699663426572919512133
2024-08-19,133115.7968650914830,882.9742800914830,0.008492523904728310868034382,-0.1499001722692531267983412934
2024-08-20,132474.0559080914830,882.9742800914830,-0.0048209226261131390894250445,-0.1539984377632151661556677668
2024-08-21,134479.5195120914830,882.9742800914830,0.015138538563289408372151300,-0.1411912104886905144764173911
2024-08-22,132376.5262810914830,882.9742800914830,-0.0156380186264043958279100476,-0.1546212783355881843401365051
2024-08-23,133972.2842140914830,882.9742800914830,0.012054689587574835033243970,-0.1444305002619828746118500782
2024-08-26,131523.0860950914830,882.9742800914830,-0.0182813791178338978932217730,-0.1600714906483490554622457114
2024-08-27,131689.2232160914830,882.9742800914830,0.001263178396527910643615821,-0.1590105111007081588222095192
2024-08-28,127437.5781730914830,882.9742800914830,-0.0322854440110364272127391174,-0.1861622301584363864811276742
2024-08-29,128039.4892010914830,882.9742800914830,0.004723183197835549070196253,-0.1823183252781567584776670240
2024-08-30,129802.3202520914830,882.9742800914830,0.013767870068830082492032178,-0.1710605902229230374446814487
2024-09-03,121749.0411640914830,882.9742800914830,-0.0620426435549039337432788214,-0.2224901825523346723361572126
2024-09-04,121240.4802170427735,660.7293780427735,-0.0041771248642794556906958338,-0.2257379381430166957381501863
2024-09-05,120069.2699730427735,660.7293780427735,-0.0096602243896041825786895899,-0.2332174833969127481330605864
2024-09-06,117006.1555830427735,660.7293780427735,-0.0255112269000029060044778417,-0.2527790461609293525293623057
2024-09-09,119926.6007570427735,660.7293780427735,0.024959756684999983432430916,-0.2341285929631725449016045518
2024-09-10,120689.9521750427735,660.7293780427735,0.006365155129731896900520922,-0.2292537026479570970248891310
2024-09-11,124096.6088420427735,660.7293780427735,0.028226514350251399900253872,-0.2074982212253465254799711620
2024-09-12,125246.7383040427735,660.7293780427735,0.009268016851805759149039272,-0.2001533013845769973875562616
2024-09-13,127772.8353190427735,660.7293780427735,0.020168964471296426925897848,-0.1840212217377187898571696311
2024-09-16,128594.5098460427735,660.7293780427735,0.006430745040198233581526046,-0.1787738702565016107502942474
2024-09-17,128488.7659660427735,660.7293780427735,-0.0008223047790033941815483258,-0.1794491684276321509105296611
2024-09-18,128837.4671030427735,660.7293780427735,0.002713864783261715822966122,-0.1772223044229517861527937908
2024-09-19,130887.5199190427735,660.7293780427735,0.015911930450793405885658573,-0.1641303229544657256915008909
2024-09-20,134787.6496470427735,660.7293780427735,0.029797567639850830946819637,-0.1392234397146011486811621328
2024-09-23,136242.2539460427735,660.7293780427735,0.010791821823505725485285583,-0.1299340924461509896055675773
2024-09-24,136758.5961830427735,660.7293780427735,0.003789883256074812071566183,-0.1266366442314311218897783331
2024-09-25,138164.1790910427735,660.7293780427735,0.010277839545228409218630859,-0.1176603557961595365646088884
2024-09-26,135266.8821780427735,660.7293780427735,-0.0209699571340472912471779196,-0.1361629803127846095832326558
2024-09-27,136184.4942510427735,660.7293780427735,0.006783715705017939581420219,-0.1303029555557565554769962465
2024-09-30,136864.1798020427735,660.7293780427735,0.004990917319464184181001735,-0.1259623695139529685295791909
2024-10-01,136237.3490020427735,660.7293780427735,-0.0045799478059681778328282874,-0.1299654162420311645733832630
2024-10-02,137387.2823389166630,1542.7415169166630,0.008440661428729409146906693,-0.1226217488892446305530535193
2024-10-03,138568.9406279166630,1542.7415169166630,0.008600929204531477486401887,-0.1150754806658453824699534404
2024-10-04,140886.9412699166630,1542.7415169166630,0.016728140025435152618126572,-0.1002723393944827470414778463
2024-10-07,140077.2327909166630,1542.7415169166630,-0.0057472216495120659255590452,-0.1054432736841796201238031128
2024-10-08,141354.8305619166630,1542.7415169166630,0.009120666831754018562376570,-0.0972843198213484599777715187
2024-10-09,141707.5601919166630,1542.7415169166630,0.002495348964006548889238047,-0.0950317291840221947374571083
2024-10-10,141017.7802669166630,1542.7415169166630,-0.0048676296738566436136057569,-0.0994367795929447835145728301
2024-10-11,142363.2015709166630,1542.7415169166630,0.009540791958669351113134407,-0.0908446932614117766246393490
2024-10-14,144102.0721209166630,1542.7415169166630,0.012214325969157140382749363,-0.0797399739883176127805885924
2024-10-15,141365.7520969166630,1542.7415169166630,-0.0189887625051216626738106038,-0.0972145730652105332823550400
2024-10-16,143508.5723399166630,1542.7415169166630,0.015157987074061180497132407,-0.0835301632330821902437138619
2024-10-17,142825.3989299166630,1542.7415169166630,-0.0047605059325781926755310321,-0.0878930233280400703253788620
2024-10-18,142956.0313339166630,1542.7415169166630,0.000914630065651700557275532,-0.0870587828640852215062311507
2024-10-21,143470.1829859166630,1542.7415169166630,0.003596571947349634357864891,-0.0837753240929549591114960354
2024-10-22,140950.5814239166630,1542.7415169166630,-0.0175618481106093621228915901,-0.0998659226864267732120650576
2024-10-23,140451.4425189166630,1542.7415169166630,-0.0035412333880256382855490838,-0.1030535075347092499628560152
2024-10-24,140755.1136839166630,1542.7415169166630,0.002162107839932652415601471,-0.1011142124913499510839234969
2024-10-25,140270.9506669166630,1542.7415169166630,-0.0034397543672001078329909450,-0.1042061588045469382270020497
2024-10-28,140390.2021189166630,1542.7415169166630,0.000850150736364302857127056,-0.1034445990108240164309379584
2024-10-29,141189.2121069166630,1542.7415169166630,0.005691351504168385420260774,-0.0983419870808339797511488683
2024-10-30,140525.8001469166630,1542.7415169166630,-0.0046987439769663561383953920,-0.1025786472383213640192548793
2024-10-31,137110.6120049166630,1542.7415169166630,-0.0243029261418863667034707540,-0.1243886120926401906907441868
2024-11-01,135833.7611419166630,1542.7415169166630,-0.0093125604526819067701851963,-0.1325427960755841860241171087
2024-11-04,135471.0078117523900,2043.6293397523900,-0.0026705682528018558305885399,-0.1348593997450489963213206643
2024-11-05,141815.8113507523900,2043.6293397523900,0.046835139425674038395727523,-0.0943404191092970375352114367
2024-11-06,149175.1580497523900,2043.6293397523900,0.051893696682368948711395941,-0.0473423955210735126719718547
2024-11-07,151583.4314997523900,2043.6293397523900,0.016143930943225820827215488,-0.0319627569418267860334780475
2024-11-08,154747.7680887523900,2043.6293397523900,0.020875214116030675237532608,-0.0117547722206953907757397993
2024-11-11,156183.9395947523900,2043.6293397523900,0.009280725168044513962895399,-0.0025831398630441150279728800
2024-11-12,154945.7097447523900,2043.6293397523900,-0.0079280229017965120676191241,-0.0104906835728478698460036942
2024-11-13,155228.1704207523900,2043.6293397523900,0.001822965453288816935070594,-0.0086868422732937390735633102
2024-11-14,152845.2787917523900,2043.6293397523900,-0.0153508968284627298690752225,-0.0239043882822540081129941117
2024-11-15,154097.4674717523900,2043.6293397523900,0.008192524426652874451667437,-0.0159077011405076943695210034
2024-11-18,154138.4395107523900,2043.6293397523900,0.000265883921859459405651533,-0.0156460468206152413449466108
2024-11-19,157526.3380737523900,2043.6293397523900,0.021979582599599802980046967,0
2024-11-20,157734.4478007523900,2043.6293397523900,0.001321110676124299481787718,0
2024-11-21,161117.6192247523900,2043.6293397523900,0.021448526122040047763308164,0
2024-11-22,161626.4299467523900,2043.6293397523900,0.003158007947536949178426452,0
2024-11-25,159342.5197957523900,2043.6293397523900,-0.0141307962549963587513224580,-0.0141307962549963587513224580
2024-11-26,164346.9801517523900,2043.6293397523900,0.031406936217745217408993533,0
2024-11-27,161399.6206407523900,2043.6293397523900,-0.0179337612913757761922016430,-0.0179337612913757761922016430
2024-11-29,163982.7697537523900,2043.6293397523900,0.016004678962348013605563571,-0.0022161064210836156168261500
2024-12-02,161583.4801167523900,2043.6293397523900,-0.0146313520658477441092351935,-0.0168150338536690995160045161
2024-12-03,162655.1202244100230,508.9404214100230,0.006632114290912151451267487,-0.0102944387890800385261012904
2024-12-04,163262.3998094100230,508.9404214100230,0.003733541152360626238677918,-0.0065993323475789001042221232
2024-12-05,163990.9818464100230,508.9404214100230,0.004462644416905149604422885,-0.0021661384043299750325326327
2024-12-06,164203.5230774100230,508.9404214100230,0.001296054384253037542443481,-0.0008728914532527682331510999
2024-12-09,157297.1827884100230,508.9404214100230,-0.0420596352597389927326467508,-0.0428958132168466060243391103
2024-12-10,154312.2915744100230,508.9404214100230,-0.0189761263430582741998424368,-0.0610579431887137700530211408
2024-12-11,156079.4383854100230,508.9404214100230,0.011451756648613273456484725,-0.0503054072469625010471754347
2024-12-12,154982.4354774100230,508.9404214100230,-0.0070284908720080679132383888,-0.0569803270233226445124163703
2024-12-13,155053.7152094100230,508.9404214100230,0.000459921356768132688631035,-0.0565466121358681702698704925
2024-12-16,154645.3276834100230,508.9404214100230,-0.0026338454737988467980489058,-0.0590315225712343017466840550
2024-12-17,152166.6601034100230,508.9404214100230,-0.0160280793292011334877569808,-0.0741134399737401645765769032
2024-12-18,145779.2541224100230,508.9404214100230,-0.0419763828466710203428855198,-0.1129788086899896959587653790
2024-12-19,147707.4049134100230,508.9404214100230,0.013226510195894832763451918,-0.1012466138591530636429485909
2024-12-20,152178.1634314100230,508.9404214100230,0.030267666814814575974294975,-0.0740434458187555203823541081
2024-12-23,153601.0137964100230,508.9404214100230,0.009349898388288207430003748,-0.0653858461251914004037674789
2024-12-24,155488.3943534100230,508.9404214100230,0.012287552733874677275736166,-0.0539017254236290276939712100
2024-12-26,155305.0756234100230,508.9404214100230,-0.0011789865781450821744358310,-0.0550171625909607897011743554
2024-12-27,152404.8932754100230,508.9404214100230,-0.0186740989395123086004392071,-0.0726638655928782611620971489
2024-12-30,151154.3882324100230,508.9404214100230,-0.0082051502161431220600874526,-0.0802727978765461833874111452
2024-12-31,149424.9055364100230,508.9404214100230,-0.0114418292199416943676903297,-0.0907961594521775380375773738
2025-01-02,153176.9311274100230,508.9404214100230,0.025109773886293356600284144,-0.0679662565994721967004007096
2025-01-03,157627.1699628813645,2567.6205418813645,0.029052931160826736191637426,-0.0408879444128890120959749039
2025-01-06,158127.5605338813645,2567.6205418813645,0.003174519793242712173877838,-0.0378432242084900238571818027
2025-01-07,155721.8614918813645,2567.6205418813645,-0.0152136606286577121947135136,-0.0524811508669455649625593273
2025-01-08,156422.7016888813645,2567.6205418813645,0.004500589642877719175259149,-0.0482167573481059240296040977
2025-01-10,160233.7917198813645,2567.6205418813645,0.024364046841360079616461509,-0.0250274658413135899603223739
2025-01-13,157602.0107068813645,2567.6205418813645,-0.0164246316881825115708660669,-0.0410410306209639569598755963
2025-01-14,161379.0698498813645,2567.6205418813645,0.023965805550697092448132897,-0.0180588064297290918503111116
2025-01-15,164373.4092828813645,2567.6205418813645,0.018554695077778087996136134,0
2025-01-16,166585.6811678813645,2567.6205418813645,0.013458818519683746734205601,0
2025-01-17,168046.9799848813645,2567.6205418813645,0.008772055357671079647503699,0
2025-01-21,171752.4628968813645,2567.6205418813645,0.022050279703529156795978752,0
2025-01-22,172865.6617638813645,2567.6205418813645,0.006481414287889161726183423,0
2025-01-23,173833.9702648813645,2567.6205418813645,0.005601508657761195980101647,0
2025-01-24,172414.2712648813645,2567.6205418813645,-0.0081669825399300178266403347,-0.0081669825399300178266403347
2025-01-27,156679.7812568813645,2567.6205418813645,-0.0912597889523134809318027957,-0.0986814543892722562254377013
2025-01-28,162243.1906648813645,2567.6205418813645,0.035508151488152881671761988,-0.0666772989326449029355230426
2025-01-29,163347.8420708813645,2567.6205418813645,0.006808614903793982554278060,-0.0603226640801084530726976761
2025-01-30,168068.1913918813645,2567.6205418813645,0.028897530944741244735610076,-0.0331683091872913735118192084
2025-01-31,165145.2814048813645,2567.6205418813645,-0.0173912146182659102047549764,-0.0499826866219560984898427676
2025-02-03,165972.5691338813645,2567.6205418813645,0.005009454233038395657985004,-0.0452236183699946923983185796
2025-02-04,171053.0622231239865,1102.0426081239865,0.030610438313721918413010951,-0.0159974948367107978899080494
2025-02-05,173454.5719481239865,1102.0426081239865,0.014039559969218425396922550,-0.0021825326556096358618301767
2025-02-06,174382.4794041239865,1102.0426081239865,0.005349570470114298226320899,0
2025-02-07,173260.7326081239865,1102.0426081239865,-0.0064326806215456970498719376,-0.0064326806215456970498719376
2025-02-10,175612.6965401239865,1102.0426081239865,0.013574708455836918536516364,0
2025-02-11,172823.1070611239865,1102.0426081239865,-0.0158848963313004799402359841,-0.0158848963313004799402359841
2025-02-12,173112.4528961239865,1102.0426081239865,0.001674231183088638232658385,-0.0142372601369898352791731758
2025-02-13,174427.1221421239865,1102.0426081239865,0.007594307769348438591948052,-0.0067510745029139734084351100
2025-02-14,177166.3069281239865,1102.0426081239865,0.015703892561892411350662270,0
2025-02-18,179652.1410961239865,1102.0426081239865,0.014031077415913500470299603,0
2025-02-19,175821.7514201239865,1102.0426081239865,-0.0213211468153364583133917691,-0.0213211468153364583133917691
2025-02-20,171757.6177121239865,1102.0426081239865,-0.0231150791934087880913089952,-0.0439433860116144485929354101
2025-02-21,163145.1302981239865,1102.0426081239865,-0.0501432630978559721554384718,-0.0918831843432793936400101138
2025-02-24,157985.7844951239865,1102.0426081239865,-0.0316242709394515562761487390,-0.1206017165662795091593488001
2025-02-25,154337.7269031239865,1102.0426081239865,-0.0230910496387894460831563454,-0.1409079459813137796267591656
2025-02-26,159901.5325541239865,1102.0426081239865,0.036049550311780454837675383,-0.1099380637575163384417242220
2025-02-27,152165.5943521239865,1102.0426081239865,-0.0483793874794884450853020960,-0.1529987150517351951839508514
2025-02-28,156042.2400051239865,1102.0426081239865,0.025476492695379717901700982,-0.1314200930027734918804705834
2025-03-03,149400.9444311239865,1102.0426081239865,-0.0425608833465984505753311073,-0.1683876211016817805831483266
2025-03-04,146642.4413809489190,1324.1533299489190,-0.0184637591193192063277951885,-0.1837423117463043427142872176
2025-03-05,149038.9669529489190,1324.1533299489190,0.016342646435995200779618948,-0.1704025009465114017174518438
2025-03-06,139972.7701259489190,1324.1533299489190,-0.0608310498412282115011885832,-0.2208677877595924406551440486
2025-03-07,141060.8284909489190,1324.1533299489190,0.007773357375302025112313149,-0.2148113146312380857867962607
2025-03-10,134014.5453849489190,1324.1533299489190,-0.0499520893318170210992452220,-0.2540331299851104493252796690
2025-03-11,136232.8469189489190,1324.1533299489190,0.016552692303869397094814269,-0.2416853699168734441348124592
2025-03-12,140855.0135929489190,1324.1533299489190,0.033928430466919156185417841,-0.2159569447180505634015286316
2025-03-13,136292.6737319489190,1324.1533299489190,-0.0323903263691026104508144991,-0.2413523551660612659788692505
2025-03-14,142570.4863859489190,1324.1533299489190,0.046061262737766604161595346,-0.2064080866719773707748465813
2025-03-17,143859.0635849489190,1324.1533299489190,0.009038176355180030781314073,-0.1992354630052739563162778939
2025-03-18,139960.2125339489190,1324.1533299489190,-0.0271018798109840650199212464,-0.2209376872438033245261208828
2025-03-19,145111.8810639489190,1324.1533299489190,0.036808093076812133516808172,-0.1922618891232367125836451757
2025-03-20,145164.9623129489190,1324.1533299489190,0.000365795333992037384009689,-0.1919664222911904496324834233
2025-03-21,145396.4613769489190,1324.1533299489190,0.001594730989568479070856948,-0.1906778261042063212467360686
2025-03-24,152298.6279429489190,1324.1533299489190,0.047471351782803883115169863,-0.1522582084815755216822205812
2025-03-25,152469.6341929489190,1324.1533299489190,0.001122835131936047106489555,-0.1513063342152482305931939380
2025-03-26,147831.4260079489190,1324.1533299489190,-0.0304205372404211990438796917,-0.1771240514809628545791648626
2025-03-27,144668.1935879489190,1324.1533299489190,-0.0213975641405901915324089748,-0.1947315923691479443263886289
2025-03-28,140993.8865879489190,1324.1533299489190,-0.0253981674124261365819577620,-0.2151839341980941374593777360
2025-03-31,140372.1816739489190,1324.1533299489190,-0.0044094458919124411852942997,-0.2186445381753512353862445938
2025-04-01,142960.0253079489190,1324.1533299489190,0.018435587472815256404445380,-0.2042397912115209613161300453
2025-04-02,145458.3349488284280,481.7161438284280,0.017475581971239319684373044,-0.1903334184533873801931909099
2025-04-03,132015.7305108284280,481.7161438284280,-0.0924154978312452586590339468,-0.2651591586643401211243990249
2025-04-04,122130.8524748284280,481.7161438284280,-0.0748765165920072307685533303,-0.3201814811130942109503439043
2025-04-07,124799.5318228284280,481.7161438284280,0.021850984365723834001999551,-0.3053267772853668995914325646
2025-04-08,122535.3344728284280,481.7161438284280,-0.0181426750319413558032749692,-0.3179300078184699102501233420
2025-04-09,138287.8585628284280,481.7161438284280,0.128554952396143662096000481,-0.2302465324427352297671905104
2025-04-10,131354.2321608284280,481.7161438284280,-0.0501390828815954239481382191,-0.2688412653509844023443007982
2025-04-11,133305.9892428284280,481.7161438284280,0.014858730091089062112394288,-0.2579771750590924714184823357
2025-04-14,135140.6191478284280,481.7161438284280,0.013762546719923156751228210,-0.2477650512635938697617107437
2025-04-15,137352.2897448284280,481.7161438284280,0.016365698270041848421734653,-0.2354542010643934494246743123
2025-04-16,135402.2148488284280,481.7161438284280,-0.0141976147585368083530768785,-0.2463089277829389322499824989
2025-04-17,135600.9269788284280,481.7161438284280,0.001467569272938812367353498,-0.2452028339240648660130437677
2025-04-21,131914.6392058284280,481.7161438284280,-0.0271848272362883295564833372,-0.2657218644822791930197512389
2025-04-22,136236.5659208284280,481.7161438284280,0.032763056026378025274470747,-0.2416646687893677100111144620
2025-04-23,140579.6027468284280,481.7161438284280,0.031878642834581446118073389,-0.2174899676168599392807209463
2025-04-24,144803.6421898284280,481.7161438284280,0.030047313838317822528096604,-0.1939776430922114874996254273
2025-04-25,146744.5419278284280,481.7161438284280,0.013403666569764889239632376,-0.1831739881724434585712000244
2025-04-28,147720.0617918284280,481.7161438284280,0.006647742063754425667100321,-0.1777439395348486409393550893
2025-04-29,148217.9863238284280,481.7161438284280,0.003370730596509567448353050,-0.1749723358736733343389743332
2025-04-30,148610.4418428284280,481.7161438284280,0.002647826547464748924046391,-0.1727878057222068163128318590
2025-05-01,150525.9640078284280,481.7161438284280,0.012889552989996970103992585,-0.1621254103100915326583600287
2025-05-02,154053.4846598131935,661.3571718131935,0.023434632524933101684518048,-0.1424901271987294264239581191
2025-05-05,153335.4731118131935,661.3571718131935,-0.0046607939416984991075077568,-0.1464868040188282388912137074
2025-05-06,151419.4712728131935,661.3571718131935,-0.0124954897918685742210774958,-0.1571518694464360924197447476
2025-05-07,153483.8108678131935,661.3571718131935,0.013633250582949595502679997,-0.1456611096792287405003361314
2025-05-08,153504.0502208131935,661.3571718131935,0.000131866370046225880729257,-0.1455484511109728196910992487
2025-05-09,153563.9797048131935,661.3571718131935,0.000390409789929271361322737,-0.1452148648612663140511991586
2025-05-12,158269.3889988131935,661.3571718131935,0.030641360708708679043212423,-0.1190230852070380812459692410
2025-05-13,162211.0556128131935,661.3571718131935,0.024904794533765194304464251,-0.0970825361551289979073426033
2025-05-14,161916.6380858131935,661.3571718131935,-0.0018150275015949264398612461,-0.0987213561836777814461919795
2025-05-15,162815.4913478131935,661.3571718131935,0.005551333529563665604547169,-0.0937180578287805636252343789
2025-05-16,164079.9177038131935,661.3571718131935,0.007766007678586800248418644,-0.0866798653069143150229217142
2025-05-19,164984.5858698131935,661.3571718131935,0.005513582519178552970325842,-0.0816441993778567163371551058
2025-05-20,164797.9099078131935,661.3571718131935,-0.0011314751679123717578353832,-0.0826832961615689565090673971
2025-05-21,161904.8016288131935,661.3571718131935,-0.0175554913324955679503532301,-0.0987872416049579365802981717
2025-05-22,160795.0349158131935,661.3571718131935,-0.0068544397808798630482334682,-0.1049645501871373856592838126
2025-05-23,161145.9054988131935,661.3571718131935,0.002182098366306546050555699,-0.1030114947943142935605009715
2025-05-27,163222.3613518131935,661.3571718131935,0.012885563840871480727274893,-0.0914532921459585498643254373
2025-05-28,163478.4620588131935,661.3571718131935,0.001569029542759736859007034,-0.0900277555203584589828838333
2025-05-29,161443.9802838131935,661.3571718131935,-0.0124449529887800912377831960,-0.1013523173240023018584781943
2025-05-30,161898.7094388131935,661.3571718131935,0.002816637413179488890412329,-0.0988211526397100375093557777
2025-06-02,163117.4033638131935,661.3571718131935,0.007527508583757946576723556,-0.0920375211307043625009662931
2025-06-03,163595.7246650791100,863.6512840791100,0.002932374421134451222898402,-0.0893750351823182103056473973
2025-06-04,163615.8103900791100,863.6512840791100,0.000122776588698270962508274,-0.0892632317555544123227716856
2025-06-05,162797.3143700791100,863.6512840791100,-0.0050025484581753459503888336,-0.0938192365713392609686531851
2025-06-06,164414.4344220791100,863.6512840791100,0.009933333717802498254870841,-0.0848178406395493362442299434
2025-06-09,163471.2936620791100,863.6512840791100,-0.0057363622805696081037484186,-0.0900676570583548695299771953
2025-06-10,161607.8098450791100,863.6512840791100,-0.0113994559855390531878287082,-0.1004403907515365805484309418
2025-06-11,164445.0450940791100,863.6512840791100,0.017556300352809914791646678,-0.0846474520663142331285559995
2025-06-12,164351.8194590791100,863.6512840791100,-0.0005669105745731989534532026,-0.0851663751052003605631050312
2025-06-13,164072.4135690791100,863.6512840791100,-0.0017000474404213544730745363,-0.0867216356676141541994110638
2025-06-16,166108.5738700791100,863.6512840791100,0.012410131945445656104924948,-0.0753877306633284559378147320
2025-06-17,165255.6080340791100,863.6512840791100,-0.0051349898209778289209946514,-0.0801356052547234750869216283
2025-06-18,165104.5241860791100,863.6512840791100,-0.0009142433942020497047350731,-0.0809765852011810107918812765
2025-06-20,165202.9700810791100,863.6512840791100,0.000596264066568204473718768,-0.0804286045626016691936370452
2025-06-23,167800.9135140791100,863.6512840791100,0.015725767107727959121062672,-0.0659676389590247302606086547
2025-06-24,170294.8313640791100,863.6512840791100,0.014862361579400765160100531,-0.0520857122823723553382330998
2025-06-25,168148.1997840791100,863.6512840791100,-0.0126053830454234007819835628,-0.0640345349732827382485488565
2025-06-26,170728.8414400791100,863.6512840791100,0.015347423637682885520365524,-0.0496698764712768436453997898
2025-06-27,170782.9120940791100,863.6512840791100,0.000316704861017739859375250,-0.0493689023015837078259075618
2025-06-30,173298.3616790791100,863.6512840791100,0.014728930161433922377199777,-0.0353671232542964663124174535
2025-07-01,167620.6234780791100,863.6512840791100,-0.0327627921348400535418671181,-0.0669711896815487368289246824
2025-07-02,167187.8492344870110,1146.5090444870110,-0.0025818675209061958531633634,-0.0693801464629796938408015809
2025-07-03,170910.6473564870110,1146.5090444870110,0.022267157206972863578559617,-0.0486578878843408013817498075
2025-07-07,173357.4285134870110,1146.5090444870110,0.014316142351836519605143668,-0.0350383387819962061901448212
2025-07-08,171342.0698294870110,1146.5090444870110,-0.0116254532688987560973331842,-0.0462564554807650224320404396
2025-07-09,173941.0090524870110,1146.5090444870110,0.015168132529193581092494840,-0.0317899469986344279852893527
2025-07-10,172030.6889594870110,1146.5090444870110,-0.0109825745142340613343405244,-0.0424233860511524352606225550
2025-07-11,171565.5978794870110,1146.5090444870110,-0.0027035355308582662551724716,-0.0450122284504820939489440501
2025-07-14,174718.2090364870110,1146.5090444870110,0.018375543791794971080680205,-0.0274638088337452360805791465
2025-07-15,173562.6375404870110,1146.5090444870110,-0.0066139156437820283926574193,-0.0338960811626439177917679909
2025-07-16,172941.5112404870110,1146.5090444870110,-0.0035786866851174099772141218,-0.0373534643934269149228675240
2025-07-17,174235.8004634870110,1146.5090444870110,0.007483970816007281375303688,-0.0301490458148168077056686326
2025-07-18,176999.9289474870110,1146.5090444870110,0.015864296985160939420781750,-0.0147630422462813456056698053
2025-07-21,176486.2270964870110,1146.5090444870110,-0.0029022715096818312953274428,-0.0176224673990555652862299745
2025-07-22,173629.5102684870110,1146.5090444870110,-0.0161866275629440516527179999,-0.0335238466454709811536433463
2025-07-23,179425.0087564870110,1146.5090444870110,0.033378533862350341320062882,-0.0012642896335727328756430722
2025-07-24,178630.8493814870110,1146.5090444870110,-0.0044261353559571032277205747,-0.0056848290724825097797297262
2025-07-25,180563.6193214870110,1146.5090444870110,0.010819911267803157511503251,0
2025-07-28,180680.7481094870110,1146.5090444870110,0.000648684316586811532493311,0
2025-07-29,179977.5281464870110,1146.5090444870110,-0.0038920580657208160093835027,-0.0038920580657208160093835027
2025-07-30,183550.5581444870110,1146.5090444870110,0.019852645131851379546625346,0
2025-07-31,182876.2978914870110,1146.5090444870110,-0.0036734306875233633440878684,-0.0036734306875233633440878684
2025-08-01,181458.5901074870110,1146.5090444870110,-0.0077522773609580766338270518,-0.0113972305949255039456837945
2025-08-04,185432.9433030801715,1605.2250030801715,0.021902259866777053942582031,0
2025-08-05,187462.9615440801715,1605.2250030801715,0.010947451972878650685989087,0
2025-08-06,186558.1121920801715,1605.2250030801715,-0.0048268166924655838876046685,-0.0048268166924655838876046685
2025-08-07,186473.7325180801715,1605.2250030801715,-0.0004522969974799204397776164,-0.0052769305352481161832742957
2025-08-08,185298.2552630801715,1605.2250030801715,-0.0063037149475518100259035131,-0.0115473812169076900856643637
2025-08-11,183896.7176050801715,1605.2250030801715,-0.0075636851302789895066966691,-0.0190237255915826919940881014
2025-08-12,186847.3608310801715,1605.2250030801715,0.016045110888474542761224532,-0.0032838524897370044966012705
2025-08-13,184562.4329620801715,1605.2250030801715,-0.0122288474337386804797302062,-0.0154725421923837882323156226
2025-08-14,179722.2229790801715,1605.2250030801715,-0.0262253260607723992595019050,-0.0412920957891718644166350502
2025-08-15,179542.4729910801715,1605.2250030801715,-0.0010001544885237874025930719,-0.0422509518027515573976274624
2025-08-18,181511.1041470801715,1605.2250030801715,0.010964710038820749300353624,-0.0317495111993121697338231204
2025-08-19,176247.1406780801715,1605.2250030801715,-0.0290007792841949791085340720,-0.0598295299168348199839014087
2025-08-20,175872.4621040801715,1605.2250030801715,-0.0021258703690652197565162617,-0.0618282104610547394949727870
2025-08-21,174973.6356660801715,1605.2250030801715,-0.0051106718314324865669094216,-0.0666228985988960342117157533
2025-08-22,177016.6290140801715,1605.2250030801715,0.011676006732230506803843616,-0.0557247812792269479025150616
2025-08-25,176385.2318190801715,1605.2250030801715,-0.0035668806852591103643235360,-0.0590928983184508952062545055
2025-08-26,179381.9752100801715,1605.2250030801715,0.016989763599221192829945315,-0.0431071090920529986311621058
2025-08-27,179270.4473530801715,1605.2250030801715,-0.0006217339109427579519167390,-0.0437020418514705183524319924
2025-08-28,181958.4298430801715,1605.2250030801715,0.014994007822750133191060997,-0.0293633027861114878278596799
2025-08-29,177877.6444370801715,1605.2250030801715,-0.0224270203338160489983807134,-0.0511317917312754170448923464
2025-09-02,175839.6172670801715,1605.2250030801715,-0.0114574665998621419427881175,-0.0620034175351853636509573753
2025-09-03,175980.7573678373295,1516.5583358373295,0.000802663830544981262562688,-0.0612505216052660541329142345
2025-09-04,177853.8870478373295,1516.5583358373295,0.010643946008737531029053381,-0.0512585228415019866327563864
2025-09-05,175521.1490828373295,1516.5583358373295,-0.0131160358860898208515583175,-0.0637022501025347126533279337
2025-09-08,177429.2070348373295,1516.5583358373295,0.010870815066846962757599277,-0.0535239304158944377282405563
2025-09-09,179610.9077098373295,1516.5583358373295,0.012296175536486696247509992,-0.0418858945232042788675684325
2025-09-10,185123.5299398373295,1516.5583358373295,0.030692023665431720604691039,-0.0124794337237265208852216460
2025-09-11,184663.3595728373295,1516.5583358373295,-0.0024857475824361668813698545,-0.0149341605839537621955832487
2025-09-12,186070.9479578373295,1516.5583358373295,0.007622456280747998848574037,-0.0074255392893466209038077787
2025-09-15,186826.2087228373295,1516.5583358373295,0.004058993482266441748630461,-0.0033966860226579504751373762
2025-09-16,185582.0354528373295,1516.5583358373295,-0.0066595221222187885621978596,-0.0100335878391666170668557431
2025-09-17,185237.0176658373295,1516.5583358373295,-0.0018591119887122947638228576,-0.0118740462644373192848800088
2025-09-18,189281.5877608373295,1516.5583358373295,0.021834567118200408826648990,0
2025-09-19,190803.2584618373295,1516.5583358373295,0.008039190282589314585852429,0
2025-09-22,192456.6473748373295,1516.5583358373295,0.008665412353692561683377114,0
2025-09-23,191864.8964228373295,1516.5583358373295,-0.0030747233731422064204420195,-0.0030747233731422064204420195
2025-09-24,186794.0561998373295,1516.5583358373295,-0.0264292234668333373944833546,-0.0294226842888480728568786805
2025-09-25,183699.6392138373295,1516.5583358373295,-0.0165659285362351630751618832,-0.0455011987398099696464153074
2025-09-26,185422.1619098373295,1516.5583358373295,0.009376843108520648266126783,-0.0365510132331221368996277757
2025-09-29,186261.5884628373295,1516.5583358373295,0.004527110159616067585484554,-0.0321893735368579978698588584
2025-09-30,186592.1673338373295,1516.5583358373295,0.001774809684209026637257897,-0.0304716938645308085746590864
2025-10-01,186017.4204698373295,1516.5583358373295,-0.0030802303880832474226934727,-0.0334580644151961583554393566
2025-10-02,187628.9690812743935,953.0000592743935,0.008663428443242906583224359,-0.0250844975188637155160442393
2025-10-03,185432.6003532743935,953.0000592743935,-0.0117059148102477121932831684,-0.0364967753380977389515987147
2025-10-06,183964.3479882743935,953.0000592743935,-0.0079179840125348994741433652,-0.0441257784669965025282936947
2025-10-07,185148.5893192743935,953.0000592743935,0.006437341495513477063949981,-0.0379724896762304571132607118
2025-10-08,187821.5481642743935,953.0000592743935,0.014436830735937661521802602,-0.0240838613463706749961103794
2025-10-09,187806.4513872743935,953.0000592743935,-0.0000803783013586700035809750,-0.0241623038278641659936835974
2025-10-10,179185.2618842743935,953.0000592743935,-0.0459046504490003079741595407,-0.0689577921656038273202849659
2025-10-13,184141.6388552743935,953.0000592743935,0.027660628552146453960975681,-0.0432045794883262556394080268
2025-10-14,184956.1496832743935,953.0000592743935,0.004423284342767050689870938,-0.0389724012855457529503964756
2025-10-15,182881.4192972743935,953.0000592743935,-0.0112174176936146401315875578,-0.0497526492754172622058228180
2025-10-16,179890.6390312743935,953.0000592743935,-0.0163536584388514401568826480,-0.0652926698815905588631579646
2025-10-17,179485.2795692743935,953.0000592743935,-0.0022533660683117999424087258,-0.0673989076630816988116465018
2025-10-20,180844.4206802743935,953.0000592743935,0.007572437774627773671245119,-0.0603368439228104943214323492
2025-10-21,181314.6378592743935,953.0000592743935,0.002600119910977651422877212,-0.0578936070410820933693102911
2025-10-22,178021.0707552743935,953.0000592743935,-0.0181649266870348897316333640,-0.0750069006005677199853286941
2025-10-23,182317.1920002743935,953.0000592743935,0.024132655908501296757527025,-0.0526843604150230832797229175
2025-10-24,185364.6300692743935,953.0000592743935,0.016715034032530588247043618,-0.0368499472598117132162046590
2025-10-27,188239.3497452743935,953.0000592743935,0.015508458517278409274172904,-0.0219129746209759910847458795
2025-10-28,184672.7913802743935,953.0000592743935,-0.0189469330925030766590660603,-0.0404447240494777176749283512
2025-10-29,185628.8288682743935,953.0000592743935,0.005176926610868990293528321,-0.0354771768068097216072568621
2025-10-30,182548.4722402743935,953.0000592743935,-0.0165941715345620011951657321,-0.0514826339838775376870064546
2025-10-31,185790.9698152743935,953.0000592743935,0.017762392285223575941839854,-0.0346346964393521772133444224
2025-11-03,186161.1505252743935,953.0000592743935,0.001992458031561264889816501,-0.0327112465868821859125348458
2025-11-04,178876.7209618802615,1225.9802898802615,-0.0391296978066600024589898964,-0.0705609631997183500098585763
2025-11-05,184720.6797438802615,1225.9802898802615,0.032670314787609416523329237,-0.0401958972915606557479675977
2025-11-06,179372.2303548802615,1225.9802898802615,-0.0289542535054318543883333197,-0.0679863085969343612380518723
2025-11-07,181189.4313188802615,1225.9802898802615,0.010130893507901116369503794,-0.0585441771414240890444986846
2025-11-10,188691.9407858802615,1225.9802898802615,0.041406992738975637753765270,-0.0195613227202527020542595320
2025-11-11,183522.5185048802615,1225.9802898802615,-0.0273960947111463792482366577,-0.0464215135814797387474497260
2025-11-12,181978.4718788802615,1225.9802898802615,-0.0084133905668853408522288032,-0.0544443418238981182309846128
2025-11-13,173222.3014378802615,1225.9802898802615,-0.0481165181276379773820170412,-0.0999411877912191833066768423
2025-11-14,174341.2601758802615,1225.9802898802615,0.006459669042102370125199755,-0.0941271057459226910912265501
2025-11-17,173191.9217598802615,1225.9802898802615,-0.0065924636247352793810961398,-0.1000990398499263640249303571
2025-11-18,170327.3923408802615,1225.9802898802615,-0.0165396248848805454231613018,-0.1149830641643524179806945849
2025-11-19,173559.9629818802615,1225.9802898802615,0.018978571776233029447319697,-0.0981867067244137587984739971
2025-11-20,164749.8393798802615,1225.9802898802615,-0.0507612668880309733756962717,-0.1439638919875499399247059171
2025-11-21,165175.2125058802615,1225.9802898802615,0.002581933479274443689851615,-0.1417536637008048012576528017
2025-11-24,173849.9905798802615,1225.9802898802615,0.052518643338758693248497354,-0.0966797304679110200575636538
2025-11-25,175784.2011698802615,1225.9802898802615,0.011125744577542974405648070,-0.0866296198773797229750285901
2025-11-26,182277.7186668802615,1225.9802898802615,0.036940279352662505111518201,-0.0528894628832025893819659603
2025-11-28,184442.5304688802615,1225.9802898802615,0.011876447751446128033183514,-0.0416411540742908661891774884
2025-12-01,182599.4405988802615,1225.9802898802615,-0.0099927596163129634905601111,-0.0512178036477935898873146855
2025-12-02,183998.2268889022225,969.7825839022225,0.007660408407793000950846996,-0.0439497445336928379864341803
2025-12-03,184613.2485599022225,969.7825839022225,0.003342541291831844166218497,-0.0407541070777303230104934583
2025-12-04,185641.2488219022225,969.7825839022225,0.005568399180551987921483095,-0.0354126430336340965907808659
2025-12-05,189568.9035939022225,969.7825839022225,0.021157230932916508265933299,-0.0150046455673251219296667828
2025-12-08,193356.3659709022225,969.7825839022225,0.019979344213086589775514820,0
2025-12-09,195944.7271639022225,969.7825839022225,0.013386480346809563159868176,0
2025-12-10,201745.3109159022225,969.7825839022225,0.029603163279550644633837279,0
2025-12-11,201507.3263269022225,969.7825839022225,-0.0011796288494616073853364714,-0.0011796288494616073853364714
2025-12-12,192772.4174559022225,969.7825839022225,-0.0433478475955236102951018800,-0.0444763420733994730598850823
2025-12-15,191319.1684509022225,969.7825839022225,-0.0075386770793204318480273365,-0.0516797263721591533282611097
2025-12-16,191448.8803789022225,969.7825839022225,0.000677987098994148407739317,-0.0510367774609248764905662427
2025-12-17,184892.6537419022225,969.7825839022225,-0.0342453119810592528938835849,-0.0835343190753268638754674419
2025-12-18,191336.9155939022225,969.7825839022225,0.034854071925408991645353344,-0.0515917583152093790751164136
2025-12-19,197345.8621709022225,969.7825839022225,0.031405056145848632279051918,-0.0218069442359129503847884465
2025-12-22,199188.0638219022225,969.7825839022225,0.009334888660622875290435542,-0.0126756209717607342663714648
2025-12-23,199812.8369799022225,969.7825839022225,0.003136599382574557172986032,-0.0095787799340999509208885769
2025-12-24,201341.8845809022225,969.7825839022225,0.007652399235759793637189939,-0.0019996813465873749945851552
2025-12-26,200650.0128299022225,969.7825839022225,-0.0034363031439789441251026233,-0.0054291129792680848743634469
2025-12-29,198363.7235009022225,969.7825839022225,-0.0113944140683318296567365653,-0.0167616654862903793317678527
2025-12-30,197136.5568179022225,969.7825839022225,-0.0061864471050545612904204226,-0.0228444174344213865496833808
2025-12-31,193743.2695679022225,969.7825839022225,-0.0172128767224763218094775922,-0.0396640760158022242188321390
