timestamp,symbol,side,quantity,market_price,fill_price,gross_value,commission,slippage,order_id,portfolio_value,cash,position_quantity
2016-01-05T09:30:00+00:00,AMZN,BUY,308,32.342999,32.375341999,9971.605335692,4.9858026678460,9.961643692,2016-01-05-0001,99995.0141973321540,90023.4088616401540,308
2016-01-05T09:30:00+00:00,ANDV,BUY,93,106.940002,107.046942002,9955.365606186,4.9776828030930,9.945420186,2016-01-05-0002,99990.0365145290610,80063.0655726510610,93
2016-01-05T09:30:00+00:00,GOOGL,BUY,261,38.205002,38.243207002,9981.477027522,4.9907385137610,9.971505522,2016-01-05-0003,99985.0457760153000,70076.5978066153000,261
2016-01-05T09:30:00+00:00,HRL,BUY,254,39.275002,39.314277002,9985.826358508,4.9929131792540,9.975850508,2016-01-05-0004,99980.0528628360460,60085.7785349280460,254
2016-01-05T09:30:00+00:00,NFLX,BUY,904,11.045000,11.056045000,9994.664680000,4.9973323400000,9.984680000,2016-01-05-0005,99975.0555304960460,50086.1165225880460,904
2016-01-05T09:30:00+00:00,SBUX,BUY,169,58.790001,58.848791001,9945.445679169,4.9727228395845,9.935510169,2016-01-05-0006,99970.0828076564615,40135.6981205794615,169
2016-01-05T09:30:00+00:00,STZ,BUY,70,141.559998,141.701557998,9919.109059860,4.9595545299300,9.909199860,2016-01-05-0007,99965.1232531265315,30211.6295061895315,70
2016-01-05T09:30:00+00:00,VLO,BUY,142,70.139999,70.210138999,9969.839737858,4.9849198689290,9.959879858,2016-01-05-0008,99960.1383332576025,20236.8048484626025,142
2016-01-05T09:30:00+00:00,VMC,BUY,107,92.750000,92.842750000,9934.174250000,4.9670871250000,9.924250000,2016-01-05-0009,99955.1712461326025,10297.6635113376025,107
2016-01-05T09:30:00+00:00,VRSN,BUY,122,81.720001,81.801721001,9979.809962122,4.9899049810610,9.969840122,2016-01-05-0010,99950.1813411515415,312.8636442345415,122
2016-02-02T09:30:00+00:00,ANDV,SELL,93,85.269997,85.184727003,7922.179611279,3.9610898056395,7.930109721,2016-02-02-0001,95483.2338187079020,8231.0821657079020,0
2016-02-02T09:30:00+00:00,GOOGL,SELL,23,40.025002,39.984976998,919.654470954,0.4598272354770,0.920575046,2016-02-02-0002,95472.3274659504250,9150.2768094264250,238
2016-02-02T09:30:00+00:00,HRL,SELL,21,40.935001,40.894065999,858.775385979,0.4293876929895,0.859635021,2016-02-02-0003,95461.5005880034355,10008.6228077124355,233
2016-02-02T09:30:00+00:00,NFLX,SELL,904,9.554000,9.544446000,8628.179184000,4.3140895920000,8.636816000,2016-02-02-0004,95448.5496824114355,18632.4879021204355,0
2016-02-02T09:30:00+00:00,SBUX,SELL,169,60.660000,60.599340000,10241.288460000,5.1206442300000,10.251540000,2016-02-02-0005,95433.1774981814355,28868.6557178904355,0
2016-02-02T09:30:00+00:00,STZ,SELL,70,153.589996,153.436406004,10740.548420280,5.3702742101400,10.751299720,2016-02-02-0006,95417.0559242512955,39603.8338639602955,0
2016-02-02T09:30:00+00:00,VLO,SELL,142,67.360001,67.292640999,9555.555021858,4.7777775109290,9.565120142,2016-02-02-0007,95402.7130265983665,49154.6111083073665,0
2016-02-02T09:30:00+00:00,VMC,SELL,107,86.639999,86.553359001,9261.209413107,4.6306047065535,9.270479893,2016-02-02-0008,95388.8119419988130,58411.1899167078130,0
2016-02-02T09:30:00+00:00,AMZN,BUY,26,28.500000,28.528500000,741.741000000,0.3708705000000,0.741000000,2016-02-02-0009,95397.2190714988130,57669.0780462078130,334
2016-02-02T09:30:00+00:00,AVGO,BUY,706,13.501000,13.514501000,9541.237706000,4.7706188530000,9.531706000,2016-02-02-0010,95392.4484526458130,48123.0697213548130,706
2016-02-02T09:30:00+00:00,EQIX,BUY,30,307.929993,308.237922993,9247.137689790,4.6235688448950,9.237899790,2016-02-02-0011,95387.8248838009180,38871.3084627199180,30
2016-02-02T09:30:00+00:00,EXPE,BUY,94,101.440002,101.541442002,9544.895548188,4.7724477740940,9.535360188,2016-02-02-0012,95383.0524360268240,29321.6404667578240,94
2016-02-02T09:30:00+00:00,FSLR,BUY,140,68.050003,68.118053003,9536.527420420,4.7682637102100,9.527000420,2016-02-02-0013,95378.2841723166140,19780.3447826276140,140
2016-02-02T09:30:00+00:00,GOOG,BUY,243,39.224998,39.264222998,9541.206188514,4.7706030942570,9.531674514,2016-02-02-0014,95373.5135692223570,10234.3679910193570,243
2016-02-02T09:30:00+00:00,MSFT,BUY,176,54.169998,54.224167998,9543.453567648,4.7717267838240,9.533919648,2016-02-02-0015,95368.7418424385330,686.1426965875330,176
2016-02-02T09:30:00+00:00,VRSN,BUY,5,75.040001,75.115041001,375.575205005,0.1877876025025,0.375200005,2016-02-02-0016,95377.7089349580305,310.3797039800305,127
2016-03-02T09:30:00+00:00,AVGO,SELL,706,13.785000,13.771215000,9722.477790000,4.8612388950000,9.732210000,2016-03-02-0001,96723.5838950850305,10027.9962550850305,0
2016-03-02T09:30:00+00:00,EXPE,SELL,94,107.830002,107.722171998,10125.884167812,5.0629420839060,10.136020188,2016-03-02-0002,96708.3849328131245,20148.8174808131245,0
2016-03-02T09:30:00+00:00,FSLR,SELL,140,68.949997,68.881047003,9643.346580420,4.8216732902100,9.652999580,2016-03-02-0003,96693.9102599429145,29787.3423879429145,0
2016-03-02T09:30:00+00:00,HRL,SELL,9,43.099998,43.056898002,387.512082018,0.1937560410090,0.387899982,2016-03-02-0004,96683.6742043679055,30174.6607139199055,224
2016-03-02T09:30:00+00:00,MSFT,SELL,176,52.410000,52.357590000,9214.935840000,4.6074679200000,9.224160000,2016-03-02-0005,96669.8425764479055,39384.9890859999055,0
2016-03-02T09:30:00+00:00,VRSN,SELL,127,87.540001,87.452460999,11106.462546873,5.5532312734365,11.117580127,2016-03-02-0006,96653.1717650474690,50485.8984015994690,0
2016-03-02T09:30:00+00:00,AIZ,BUY,132,72.970001,73.042971001,9641.672172132,4.8208360860660,9.632040132,2016-03-02-0007,96648.3509289614030,40839.4053933814030,132
2016-03-02T09:30:00+00:00,EQIX,BUY,1,307.709991,308.017700991,308.017700991,0.1540088504955,0.307709991,2016-03-02-0008,96657.4282198409075,40531.2336835399075,31
2016-03-02T09:30:00+00:00,EXR,BUY,115,84.010002,84.094012002,9670.811380230,4.8354056901150,9.661150230,2016-03-02-0009,96652.5928141507925,30855.5868976197925,115
2016-03-02T09:30:00+00:00,GOOG,BUY,25,35.950001,35.985951001,899.648775025,0.4498243875125,0.898750025,2016-03-02-0010,96660.8788400062800,29955.4882982072800,268
2016-03-02T09:30:00+00:00,GOOGL,BUY,22,37.143501,37.180644501,817.974179022,0.4089870895110,0.817157022,2016-03-02-0011,96669.3100061547690,29137.1051320957690,260
2016-03-02T09:30:00+00:00,PSA,BUY,37,254.899994,255.154893994,9440.731077778,4.7203655388890,9.431299778,2016-03-02-0012,96664.5896406158800,19691.6536887788800,37
2016-03-02T09:30:00+00:00,SBUX,BUY,161,59.830002,59.889832002,9642.262952322,4.8211314761610,9.632630322,2016-03-02-0013,96659.7685091397190,10044.5696049807190,161
2016-03-02T09:30:00+00:00,STZ,BUY,67,143.679993,143.823672993,9636.186090531,4.8180930452655,9.626559531,2016-03-02-0014,96654.9504160944535,403.5654214044535,67
2016-04-04T09:30:00+00:00,AIZ,SELL,132,78.080002,78.001921998,10296.253703736,5.1481268518680,10.306560264,2016-04-04-0001,101975.5642002885855,10694.6709982885855,0
2016-04-04T09:30:00+00:00,EXR,SELL,115,93.940002,93.846061998,10792.297129770,5.3961485648850,10.803100230,2016-04-04-0002,101959.3649514937005,21481.5719794937005,0
2016-04-04T09:30:00+00:00,GOOG,SELL,268,37.502998,37.465495002,10040.752660536,5.0203763302680,10.050803464,2016-04-04-0003,101944.2937716994325,31517.3042636994325,0
2016-04-04T09:30:00+00:00,SBUX,SELL,161,61.099998,61.038898002,9827.262578322,4.9136312891610,9.837099678,2016-04-04-0004,101929.5430407322715,41339.6532107322715,0
2016-04-04T09:30:00+00:00,STZ,SELL,67,153.169998,153.016828002,10252.127476134,5.1260637380670,10.262389866,2016-04-04-0005,101914.1545871282045,51586.6546231282045,0
2016-04-04T09:30:00+00:00,AMZN,BUY,6,29.950001,29.979951001,179.879706006,0.0899398530030,0.179700006,2016-04-04-0006,101924.0679476092015,51406.6849772692015,340
2016-04-04T09:30:00+00:00,CPB,BUY,156,65.150002,65.215152002,10173.563712312,5.0867818561560,10.163400312,2016-04-04-0007,101918.9811657530455,41228.0344831010455,156
2016-04-04T09:30:00+00:00,GOOGL,BUY,4,38.475498,38.513973498,154.055893992,0.0770279469960,0.153901992,2016-04-04-0008,101928.9077672860495,41073.9015611620495,264
2016-04-04T09:30:00+00:00,HRL,BUY,7,43.930000,43.973930000,307.817510000,0.1539087550000,0.307510000,2016-04-04-0009,101938.5941785310495,40765.9301424070495,231
2016-04-04T09:30:00+00:00,MAT,BUY,295,34.490002,34.524492002,10184.725140590,5.0923625702950,10.174550590,2016-04-04-0010,101933.5018159607545,30576.1126392467545,295
2016-04-04T09:30:00+00:00,MSFT,BUY,183,55.430000,55.485430000,10153.833690000,5.0769168450000,10.143690000,2016-04-04-0011,101928.4248991157545,20417.2020324017545,183
2016-04-04T09:30:00+00:00,NFLX,BUY,962,10.590000,10.600590000,10197.767580000,5.0988837900000,10.187580000,2016-04-04-0012,101923.3260153257545,10214.3355686117545,962
2016-04-04T09:30:00+00:00,TSN,BUY,149,68.050003,68.118053003,10149.589897447,5.0747949487235,10.139450447,2016-04-04-0013,101918.2512203770310,59.6708762160310,149
2016-05-03T09:30:00+00:00,AMZN,SELL,55,33.868000,33.834132000,1860.877260000,0.9304386300000,1.862740000,2016-05-03-0001,96445.0125215860310,1919.6176975860310,285
2016-05-03T09:30:00+00:00,EQIX,SELL,31,332.450012,332.117561988,10295.644421628,5.1478222108140,10.305950372,2016-05-03-0002,96429.5587490032170,12210.1142970032170,0
2016-05-03T09:30:00+00:00,MAT,SELL,295,31.200001,31.168800999,9194.796294705,4.5973981473525,9.204000295,2016-05-03-0003,96415.7573505608645,21400.3131935608645,0
2016-05-03T09:30:00+00:00,MSFT,SELL,183,50.340000,50.289660000,9203.007780000,4.6015038900000,9.212220000,2016-05-03-0004,96401.9436266708645,30598.7194696708645,0
2016-05-03T09:30:00+00:00,NFLX,SELL,962,9.208000,9.198792000,8849.237904000,4.4246189520000,8.858096000,2016-05-03-0005,96388.6609117188645,39443.5327547188645,0
2016-05-03T09:30:00+00:00,TSN,SELL,5,66.720001,66.653280999,333.266404995,0.1666332024975,0.333600005,2016-05-03-0006,96378.5529983673670,39776.6325265113670,144
2016-05-03T09:30:00+00:00,EW,BUY,272,35.363335,35.398698335,9628.445947120,4.8142229735600,9.618827120,2016-05-03-0007,96373.7387753938070,30143.3723564178070,272
2016-05-03T09:30:00+00:00,EXR,BUY,110,87.150002,87.237152002,9596.086720220,4.7980433601100,9.586500220,2016-05-03-0008,96368.9407320336970,20542.4875928376970,110
2016-05-03T09:30:00+00:00,GOOGL,BUY,6,35.625000,35.660625000,213.963750000,0.1069818750000,0.213750000,2016-05-03-0009,96378.2387501586970,20328.4168609626970,270
2016-05-03T09:30:00+00:00,HRL,BUY,18,38.650002,38.688652002,696.395736036,0.3481978680180,0.695700036,2016-05-03-0010,96386.8187027526790,19631.6729270586790,249
2016-05-03T09:30:00+00:00,NI,BUY,419,22.959999,22.982958999,9629.859820581,4.8149299102905,9.620239581,2016-05-03-0011,96382.0037728423885,9996.9981765673885,419
2016-05-03T09:30:00+00:00,PSA,BUY,1,251.809998,252.061807998,252.061807998,0.1260309039990,0.251809998,2016-05-03-0012,96391.1947118643895,9744.8103376653895,38
2016-05-03T09:30:00+00:00,VRSN,BUY,110,87.510002,87.597512002,9635.726320220,4.8178631601100,9.626100220,2016-05-03-0013,96386.3768487042795,104.2661542852795,110
2016-06-02T09:30:00+00:00,AMZN,SELL,18,36.048500,36.012451500,648.224127000,0.3241120635000,0.648873000,2016-06-02-0001,96162.6982507217795,752.1661692217795,267
2016-06-02T09:30:00+00:00,CPB,SELL,156,61.060001,60.998940999,9515.834795844,4.7579173979220,9.525360156,2016-06-02-0002,96148.4149731678575,10263.2430476678575,0
2016-06-02T09:30:00+00:00,EXR,SELL,110,92.690002,92.597311998,10185.704319780,5.0928521598900,10.195900220,2016-06-02-0003,96133.1262207879675,20443.8545152879675,0
2016-06-02T09:30:00+00:00,GOOGL,SELL,270,37.305000,37.267695000,10062.277650000,5.0311388250000,10.072350000,2016-06-02-0004,96118.0227319629675,30501.1010264629675,0
2016-06-02T09:30:00+00:00,NI,SELL,419,23.940001,23.916060999,10020.829558581,5.0104147792905,10.030860419,2016-06-02-0005,96102.9814567646770,40516.9201702646770,0
2016-06-02T09:30:00+00:00,PSA,SELL,38,255.559998,255.304438002,9701.568644076,4.8507843220380,9.711279924,2016-06-02-0006,96088.4193925186390,50213.6380300186390,0
2016-06-02T09:30:00+00:00,AWK,BUY,127,75.239998,75.315237998,9565.035225746,4.7825176128730,9.555479746,2016-06-02-0007,96083.6368749057660,40643.8202866597660,127
2016-06-02T09:30:00+00:00,AYI,BUY,37,253.880005,254.133885005,9402.953745185,4.7014768725925,9.393560185,2016-06-02-0008,96078.9353980331735,31236.1650646021735,37
2016-06-02T09:30:00+00:00,CINF,BUY,138,69.250000,69.319250000,9566.056500000,4.7830282500000,9.556500000,2016-06-02-0009,96074.1523697831735,21665.3255363521735,138
2016-06-02T09:30:00+00:00,DLR,BUY,100,95.400002,95.495402002,9549.540200200,4.7747701001000,9.540000200,2016-06-02-0010,96069.3775996830735,12111.0105660520735,100
2016-06-02T09:30:00+00:00,EW,BUY,16,33.333332,33.366665332,533.866645312,0.2669333226560,0.533333312,2016-06-02-0011,96078.1773326644175,11576.8769874174175,288
2016-06-02T09:30:00+00:00,GPN,BUY,123,77.599998,77.677597998,9554.344553754,4.7771722768770,9.544799754,2016-06-02-0012,96073.4001603875405,2017.7552613865405,123
2016-06-02T09:30:00+00:00,HRL,BUY,30,34.410000,34.444410000,1033.332300000,0.5166661500000,1.032300000,2016-06-02-0013,96081.4515842375405,983.9062952365405,279
2016-06-02T09:30:00+00:00,TSN,BUY,5,64.400002,64.464402002,322.322010010,0.1611610050050,0.322000010,2016-06-02-0014,96090.5640235205355,661.4231242215355,149
2016-06-02T09:30:00+00:00,VRSN,BUY,3,85.010002,85.095012002,255.285036006,0.1276425180030,0.255030006,2016-06-02-0015,96099.7874812225325,406.0104456975325,113
2016-07-05T09:30:00+00:00,AWK,SELL,10,84.099998,84.015898002,840.158980020,0.4200794900100,0.840999980,2016-07-05-0001,98859.1602494615225,1245.7493462275225,117
2016-07-05T09:30:00+00:00,AYI,SELL,37,248.229996,247.981766004,9175.325342148,4.5876626710740,9.184509852,2016-07-05-0002,98845.3880769384485,10416.4870257044485,0
2016-07-05T09:30:00+00:00,CINF,SELL,138,74.529999,74.455469001,10274.854722138,5.1374273610690,10.285139862,2016-07-05-0003,98829.9655097153795,20686.2043204813795,0
2016-07-05T09:30:00+00:00,DLR,SELL,10,109.010002,108.900991998,1089.009919980,0.5445049599900,1.090100020,2016-07-05-0004,98818.5200045553895,21774.6697355013895,90
2016-07-05T09:30:00+00:00,EW,SELL,288,32.776669,32.743892331,9430.240991328,4.7151204956640,9.439680672,2016-07-05-0005,98804.3652033877255,31200.1956063337255,0
2016-07-05T09:30:00+00:00,HRL,SELL,279,36.160000,36.123840000,10078.551360000,5.0392756800000,10.088640000,2016-07-05-0006,98789.2372877077255,41273.7076906537255,0
2016-07-05T09:30:00+00:00,VRSN,SELL,113,85.180000,85.094820000,9615.714660000,4.8078573300000,9.625340000,2016-07-05-0007,98774.8040903777255,50884.6144933237255,0
2016-07-05T09:30:00+00:00,ALB,BUY,123,80.080002,80.160082002,9859.690086246,4.9298450431230,9.849840246,2016-07-05-0008,98769.8742453346025,41019.9945620346025,123
2016-07-05T09:30:00+00:00,AMZN,BUY,6,36.139999,36.176138999,217.056833994,0.1085284169970,0.216839994,2016-07-05-0009,98779.4150966506055,40802.8291996236055,273
2016-07-05T09:30:00+00:00,EQIX,BUY,25,386.000000,386.386000000,9659.650000000,4.8298250000000,9.650000000,2016-07-05-0010,98774.5852716506055,31138.3493746236055,25
2016-07-05T09:30:00+00:00,GPN,BUY,15,71.300003,71.371303003,1070.569545045,0.5352847725225,1.069500045,2016-07-05-0011,98782.8198872470830,30067.2445448060830,138
2016-07-05T09:30:00+00:00,NI,BUY,369,26.700001,26.726701001,9862.152669369,4.9310763346845,9.852300369,2016-07-05-0012,98777.8888109123985,20200.1607991023985,369
2016-07-05T09:30:00+00:00,TAP,BUY,97,100.970001,101.070971001,9803.884187097,4.9019420935485,9.794090097,2016-07-05-0013,98772.9868688188500,10391.3746699118500,97
2016-07-05T09:30:00+00:00,ULTA,BUY,40,243.440002,243.683442002,9747.337680080,4.8736688400400,9.737600080,2016-07-05-0014,98768.1131999788100,639.1633209918100,40
2016-08-02T09:30:00+00:00,ALB,SELL,3,84.260002,84.175741998,252.527225994,0.1262636129970,0.252780006,2016-08-02-0001,101036.6082451328130,891.5642833728130,120
2016-08-02T09:30:00+00:00,AMZN,SELL,273,38.190498,38.152307502,10415.579948046,5.2077899740230,10.426005954,2016-08-02-0002,101020.9744492047900,11301.9364414447900,0
2016-08-02T09:30:00+00:00,GPN,SELL,138,73.320000,73.246680000,10108.041840000,5.0540209200000,10.118160000,2016-08-02-0003,101005.8022682847900,21404.9242605247900,0
2016-08-02T09:30:00+00:00,TSN,SELL,13,74.279999,74.205719001,964.674347013,0.4823371735065,0.965639987,2016-08-02-0004,100994.2522112602835,22369.1162703642835,136
2016-08-02T09:30:00+00:00,ULTA,SELL,2,261.510010,261.248499990,522.496999980,0.2612484999900,0.523020020,2016-08-02-0005,100983.5305623602935,22891.3520218442935,38
2016-08-02T09:30:00+00:00,AWK,BUY,5,82.589996,82.672585996,413.362929980,0.2066814649900,0.412949980,2016-08-02-0006,100992.9869104273035,22477.7824103993035,122
2016-08-02T09:30:00+00:00,DLR,BUY,5,106.099998,106.206097998,531.030489990,0.2655152449950,0.530499990,2016-08-02-0007,101002.2703950023085,21946.4864051643085,95
2016-08-02T09:30:00+00:00,EQIX,BUY,1,379.220001,379.599221001,379.599221001,0.1897996105005,0.379220001,2016-08-02-0008,101011.5610954168080,21566.6973845528080,26
2016-08-02T09:30:00+00:00,NEM,BUY,224,44.880001,44.924881001,10063.173344224,5.0315866721120,10.053120224,2016-08-02-0009,101006.5295087446960,11498.4924536566960,224
2016-08-02T09:30:00+00:00,NI,BUY,23,25.709999,25.735708999,591.921306977,0.2959606534885,0.591329977,2016-08-02-0010,101015.7205377222075,10906.2751860262075,392
2016-08-02T09:30:00+00:00,O,BUY,145,69.515503,69.585018503,10089.827682935,5.0449138414675,10.079747935,2016-08-02-0011,101010.6756238807400,811.4025892497400,145
2016-08-02T09:30:00+00:00,TAP,BUY,2,100.949997,101.050946997,202.101893994,0.1010509469970,0.201899994,2016-08-02-0012,101020.3667226427430,609.1996443087430,99
2016-09-02T09:30:00+00:00,ALB,SELL,4,82.459999,82.377539001,329.510156004,0.1647550780020,0.329839996,2016-09-02-0001,95965.6249703507410,938.5450452347410,116
2016-09-02T09:30:00+00:00,EQIX,SELL,26,367.429993,367.062563007,9543.626638182,4.7718133190910,9.553179818,2016-09-02-0002,95951.2999772136500,10477.3998700976500,0
2016-09-02T09:30:00+00:00,NI,SELL,392,23.870001,23.846130999,9347.683351608,4.6738416758040,9.357040392,2016-09-02-0003,95937.2690951458460,19820.4093800298460,0
2016-09-02T09:30:00+00:00,TAP,SELL,99,102.739998,102.637258002,10161.088542198,5.0805442710990,10.171259802,2016-09-02-0004,95922.0172910727470,29976.4173779567470,0
2016-09-02T09:30:00+00:00,TSN,SELL,9,75.540001,75.464460999,679.180148991,0.3395900744955,0.679860009,2016-09-02-0005,95911.4042608622515,30655.2579368732515,127
2016-09-02T09:30:00+00:00,AMAT,BUY,315,30.389999,30.420388999,9582.422534685,4.7912112673425,9.572849685,2016-09-02-0006,95906.6130495949090,21068.0441909209090,315
2016-09-02T09:30:00+00:00,AWK,BUY,8,73.489998,73.563487998,588.507903984,0.2942539519920,0.587919984,2016-09-02-0007,95915.2845753989170,20479.2420329849170,130
2016-09-02T09:30:00+00:00,DHR,BUY,132,72.526596,72.599122596,9583.084182672,4.7915420913360,9.573510672,2016-09-02-0008,95910.4930333075810,10891.3663082215810,132
2016-09-02T09:30:00+00:00,EW,BUY,248,38.623333,38.661956333,9588.165170584,4.7940825852920,9.578586584,2016-09-02-0009,95905.6989507222890,1298.4070550522890,248
2016-09-02T09:30:00+00:00,NEM,BUY,13,40.290001,40.330291001,524.293783013,0.2621468915065,0.523770013,2016-09-02-0010,95914.4617640547825,773.8511251477825,237
2016-09-02T09:30:00+00:00,O,BUY,4,63.953487,64.017440487,256.069761948,0.1280348809740,0.255813948,2016-09-02-0011,95923.6069847888085,517.6533283188085,149
2016-10-04T09:30:00+00:00,ALB,SELL,6,84.970001,84.885030999,509.310185994,0.2546550929970,0.509820006,2016-10-04-0001,94093.2821381098115,1026.7088592198115,110
2016-10-04T09:30:00+00:00,AWK,SELL,130,73.849998,73.776148002,9590.899240260,4.7954496201300,9.600499740,2016-10-04-0002,94078.8861887496815,10612.8126498596815,0
2016-10-04T09:30:00+00:00,EW,SELL,248,40.000000,39.960000000,9910.080000000,4.9550400000000,9.920000000,2016-10-04-0003,94064.0111487496815,20517.9376098596815,0
2016-10-04T09:30:00+00:00,O,SELL,149,63.304264,63.240959736,9422.903000664,4.7114515003320,9.432335336,2016-10-04-0004,94049.8673619133495,29936.1291590233495,0
2016-10-04T09:30:00+00:00,TSN,SELL,2,75.129997,75.054867003,150.109734006,0.0750548670030,0.150259994,2016-10-04-0005,94040.2507974273465,30086.1638381623465,125
2016-10-04T09:30:00+00:00,ULTA,SELL,38,237.729996,237.492266004,9024.706108152,4.5123530540760,9.033739848,2016-10-04-0006,94026.7047045252705,39106.3575932602705,0
2016-10-04T09:30:00+00:00,ADSK,BUY,131,71.320000,71.391320000,9352.262920000,4.6761314600000,9.342920000,2016-10-04-0007,94022.0285730652705,29749.4185418002705,131
2016-10-04T09:30:00+00:00,AYI,BUY,35,262.880005,263.142885005,9210.000975175,4.6050004875875,9.200800175,2016-10-04-0008,94017.4235725776830,20534.8125661376830,35
2016-10-04T09:30:00+00:00,DHR,BUY,3,69.397163,69.466560163,208.399680489,0.1041998402445,0.208191489,2016-10-04-0009,94026.4797982534385,20326.3086858084385,135
2016-10-04T09:30:00+00:00,DLR,BUY,5,93.989998,94.083987998,470.419939990,0.2352099699950,0.469949990,2016-10-04-0010,94035.1736380934435,19855.6535358484435,100
2016-10-04T09:30:00+00:00,MAT,BUY,306,30.709999,30.740708999,9406.656953694,4.7033284768470,9.397259694,2016-10-04-0011,94030.4703096165965,10444.2932536775965,306
2016-10-04T09:30:00+00:00,NEM,BUY,19,36.680000,36.716680000,697.616920000,0.3488084600000,0.696920000,2016-10-04-0012,94038.8146611565965,9746.3275252175965,256
2016-10-04T09:30:00+00:00,XYL,BUY,176,53.250000,53.303250000,9381.372000000,4.6906860000000,9.372000000,2016-10-04-0013,94034.1239751565965,360.2648392175965,176
2016-11-02T09:30:00+00:00,ADSK,SELL,131,70.180000,70.109820000,9184.386420000,4.5921932100000,9.193580000,2016-11-02-0001,90226.8302420075965,9540.0590660075965,0
2016-11-02T09:30:00+00:00,AYI,SELL,35,220.000000,219.780000000,7692.300000000,3.8461500000000,7.700000000,2016-11-02-0002,90215.2840920075965,17228.5129160075965,0
2016-11-02T09:30:00+00:00,DHR,SELL,3,68.306740,68.238433260,204.715299780,0.1023576498900,0.204920220,2016-11-02-0003,90205.9603244577065,17433.1258581377065,132
2016-11-02T09:30:00+00:00,DLR,SELL,100,89.870003,89.780132997,8978.013299700,4.4890066498500,8.987000300,2016-11-02-0004,90192.4843175078565,26406.6501511878565,0
2016-11-02T09:30:00+00:00,MAT,SELL,306,31.080000,31.048920000,9500.969520000,4.7504847600000,9.510480000,2016-11-02-0005,90178.2233527478565,35902.8691864278565,0
2016-11-02T09:30:00+00:00,NEM,SELL,22,38.560001,38.521440999,847.471701978,0.4237358509890,0.848320022,2016-11-02-0006,90167.9282566408675,36749.9171525548675,234
2016-11-02T09:30:00+00:00,CHTR,BUY,36,249.360001,249.609361001,8985.936996036,4.4929684980180,8.976960036,2016-11-02-0007,90163.4352881428495,27759.4871880208495,36
2016-11-02T09:30:00+00:00,EW,BUY,293,30.726667,30.757393667,9011.916344431,4.5059581722155,9.002913431,2016-11-02-0008,90158.9293299706340,18743.0648854176340,293
2016-11-02T09:30:00+00:00,HPE,BUY,703,12.809804,12.822613804,9014.297504212,4.5071487521060,9.005292212,2016-11-02-0009,90154.4221812185280,9724.2602324535280,703
2016-11-02T09:30:00+00:00,OKE,BUY,189,47.610001,47.657611001,9007.288479189,4.5036442395945,8.998290189,2016-11-02-0010,90149.9185369789335,712.4681090249335,189
2016-11-02T09:30:00+00:00,XYL,BUY,13,47.570000,47.617570000,619.028410000,0.3095142050000,0.618410000,2016-11-02-0011,90157.9813427739335,93.1301848199335,189
2016-12-02T09:30:00+00:00,ALB,SELL,5,85.680000,85.594320000,427.971600000,0.2139858000000,0.428400000,2016-12-02-0001,90195.5747920199335,520.8877990199335,105
2016-12-02T09:30:00+00:00,AMAT,SELL,17,30.200001,30.169800999,512.886616983,0.2564433084915,0.513400017,2016-12-02-0002,90185.8053483964420,1033.5179726944420,298
2016-12-02T09:30:00+00:00,CHTR,SELL,36,273.040009,272.766968991,9819.610883676,4.9098054418380,9.829440324,2016-12-02-0003,90171.0661026306040,10848.2190509286040,0
2016-12-02T09:30:00+00:00,EW,SELL,293,27.146667,27.119520333,7946.019457569,3.9730097287845,7.953973431,2016-12-02-0004,90159.1391194708195,18790.2654987688195,0
2016-12-02T09:30:00+00:00,HPE,SELL,38,13.576997,13.563420003,515.409960114,0.2577049800570,0.515925886,2016-12-02-0005,90149.3367855997625,19305.4177539027625,665
2016-12-02T09:30:00+00:00,OKE,SELL,24,54.459999,54.405539001,1305.732936024,0.6528664680120,1.307039976,2016-12-02-0006,90138.3909793207505,20610.4978234587505,165
2016-12-02T09:30:00+00:00,TSN,SELL,125,56.860001,56.803140999,7100.392624875,3.5501963124375,7.107500125,2016-12-02-0007,90127.7332828833130,27707.3402520213130,0
2016-12-02T09:30:00+00:00,XYL,SELL,189,51.900002,51.848101998,9799.291277622,4.8996456388110,9.809100378,2016-12-02-0008,90113.0245368665020,37501.7318840045020,0
2016-12-02T09:30:00+00:00,FCX,BUY,601,14.970000,14.984970000,9005.966970000,4.5029834850000,8.996970000,2016-12-02-0009,90108.5215533815020,28491.2619305195020,601
2016-12-02T09:30:00+00:00,NEM,BUY,42,32.549999,32.582548999,1368.467057958,0.6842335289790,1.367099958,2016-12-02-0010,90115.4540196185230,27122.1106390325230,276
2016-12-02T09:30:00+00:00,ULTA,BUY,33,271.700012,271.971712012,8975.066496396,4.4875332481980,8.966100396,2016-12-02-0011,90110.9664863703250,18142.5566093883250,33
2016-12-02T09:30:00+00:00,URBN,BUY,285,31.549999,31.581548999,9000.741464715,4.5003707323575,8.991749715,2016-12-02-0012,90106.4661156379675,9137.3147739409675,285
2016-12-02T09:30:00+00:00,WYNN,BUY,91,98.000000,98.098000000,8926.918000000,4.4634590000000,8.918000000,2016-12-02-0013,90102.0026566379675,205.9333149409675,91
2017-01-04T09:30:00+00:00,ALB,SELL,105,88.720001,88.631280999,9306.284504895,4.6531422524475,9.315600105,2017-01-04-0001,89814.5224735835200,9507.5646775835200,0
2017-01-04T09:30:00+00:00,AMAT,SELL,18,32.090000,32.057910000,577.042380000,0.2885211900000,0.577620000,2017-01-04-0002,89804.6711323935200,10084.3185363935200,280
2017-01-04T09:30:00+00:00,DHR,SELL,4,69.796097,69.726300903,278.905203612,0.1394526018060,0.279184388,2017-01-04-0003,89795.3185949877140,10363.0842874037140,128
2017-01-04T09:30:00+00:00,HPE,SELL,665,13.542125,13.528582875,8996.507611875,4.4982538059375,9.005513125,2017-01-04-0004,89781.8148280567765,19355.0936454727765,0
2017-01-04T09:30:00+00:00,NEM,SELL,19,34.900002,34.865101998,662.436937962,0.3312184689810,0.663100038,2017-01-04-0005,89771.8512090357955,20017.1993649657955,257
2017-01-04T09:30:00+00:00,OKE,SELL,13,59.049999,58.990949001,766.882337013,0.3834411685065,0.767649987,2017-01-04-0006,89761.7245180322890,20783.6982608102890,152
2017-01-04T09:30:00+00:00,ULTA,SELL,33,257.079987,256.822907013,8475.155931429,4.2375779657145,8.483639571,2017-01-04-0007,89749.0033004955745,29254.6166142735745,0
2017-01-04T09:30:00+00:00,URBN,SELL,285,28.830000,28.801170000,8208.333450000,4.1041667250000,8.216550000,2017-01-04-0008,89736.6825837705745,37458.8458975485745,0
2017-01-04T09:30:00+00:00,WYNN,SELL,91,87.709999,87.622289001,7973.628299091,3.9868141495455,7.981609909,2017-01-04-0009,89724.7141597120290,45428.4873824900290,0
2017-01-04T09:30:00+00:00,CMI,BUY,64,139.880005,140.019885005,8961.272640320,4.4806363201600,8.952320320,2017-01-04-0010,89720.2335233918690,36462.7341058498690,64
2017-01-04T09:30:00+00:00,FCX,BUY,35,14.090000,14.104090000,493.643150000,0.2468215750000,0.493150000,2017-01-04-0011,89728.4547918168690,35968.8441342748690,636
2017-01-04T09:30:00+00:00,JCI,BUY,211,42.439999,42.482438999,8963.794628789,4.4818973143945,8.954839789,2017-01-04-0012,89723.9728945024745,27000.5676081714745,211
2017-01-04T09:30:00+00:00,MLM,BUY,40,223.240005,223.463245005,8938.529800200,4.4692649001000,8.929600200,2017-01-04-0013,89719.5036296023745,18057.5685430713745,40
2017-01-04T09:30:00+00:00,NUE,BUY,150,59.759998,59.819757998,8972.963699700,4.4864818498500,8.963999700,2017-01-04-0014,89715.0171477525245,9080.1183615215245,150
2017-01-04T09:30:00+00:00,PWR,BUY,256,34.980000,35.014980000,8963.834880000,4.4819174400000,8.954880000,2017-01-04-0015,89710.5352303125245,111.8015640815245,256
2017-02-02T09:30:00+00:00,AMAT,SELL,15,34.970001,34.935030999,524.025464985,0.2620127324925,0.524550015,2017-02-02-0001,92867.3553650690320,635.5650163340320,265
2017-02-02T09:30:00+00:00,CMI,SELL,64,146.660004,146.513343996,9376.854015744,4.6884270078720,9.386240256,2017-02-02-0002,92853.2806978051600,10007.7306050701600,0
2017-02-02T09:30:00+00:00,DHR,SELL,2,73.687943,73.614255057,147.228510114,0.0736142550570,0.147375886,2017-02-02-0003,92843.7750268461030,10154.8855009291030,126
2017-02-02T09:30:00+00:00,FCX,SELL,79,16.690001,16.673310999,1317.191568921,0.6585957844605,1.318510079,2017-02-02-0004,92832.5015904256425,11471.4184740656425,557
2017-02-02T09:30:00+00:00,JCI,SELL,211,42.480000,42.437520000,8954.316720000,4.4771583600000,8.963280000,2017-02-02-0005,92819.0611520656425,20421.2580357056425,0
2017-02-02T09:30:00+00:00,MLM,SELL,40,229.479996,229.250516004,9170.020640160,4.5850103200800,9.179199840,2017-02-02-0006,92805.2969419055625,29586.6936655455625,0
2017-02-02T09:30:00+00:00,NEM,SELL,257,36.770000,36.733230000,9440.440110000,4.7202200550000,9.449890000,2017-02-02-0007,92791.1268318505625,39022.4135554905625,0
2017-02-02T09:30:00+00:00,NUE,SELL,150,57.029999,56.972969001,8545.945350150,4.2729726750750,8.554499850,2017-02-02-0008,92778.2993593254875,47564.0859329654875,0
2017-02-02T09:30:00+00:00,MU,BUY,378,24.530001,24.554531001,9281.612718378,4.6408063591890,9.272340378,2017-02-02-0009,92773.6585529662985,38277.8324082282985,378
2017-02-02T09:30:00+00:00,NAVI,BUY,621,14.940000,14.954940000,9287.017740000,4.6435088700000,9.277740000,2017-02-02-0010,92769.0150440962985,28986.1711593582985,621
2017-02-02T09:30:00+00:00,OKE,BUY,19,54.189999,54.244188999,1030.639590981,0.5153197954905,1.029609981,2017-02-02-0011,92776.7366041488080,27955.0162485818080,171
2017-02-02T09:30:00+00:00,PWR,BUY,3,35.770000,35.805770000,107.417310000,0.0537086550000,0.107310000,2017-02-02-0012,92785.8400154938080,27847.5452299268080,259
2017-02-02T09:30:00+00:00,RF,BUY,649,14.290000,14.304290000,9283.484210000,4.6417421050000,9.274210000,2017-02-02-0013,92781.1982733888080,18559.4192778218080,649
2017-02-02T09:30:00+00:00,URI,BUY,72,127.339996,127.467335996,9177.648191712,4.5888240958560,9.168479712,2017-02-02-0014,92776.6094492929520,9377.1822620139520,72
2017-02-02T09:30:00+00:00,ZION,BUY,221,41.880001,41.921881001,9264.735701221,4.6323678506105,9.255480221,2017-02-02-0015,92771.9770814423415,107.8141929423415,221
2017-03-02T09:30:00+00:00,AMAT,SELL,265,36.709999,36.673289001,9718.421585265,4.8592107926325,9.728149735,2017-03-02-0001,95829.4273344147090,9821.3765674147090,0
2017-03-02T09:30:00+00:00,DHR,SELL,2,77.109932,77.032822068,154.065644136,0.0770328220680,0.154219864,2017-03-02-0002,95819.6344501606410,9975.3651787286410,124
2017-03-02T09:30:00+00:00,NAVI,SELL,621,15.300000,15.284700000,9491.798700000,4.7458993500000,9.501300000,2017-03-02-0003,95805.3872508106410,19462.4179793786410,0
2017-03-02T09:30:00+00:00,PWR,SELL,259,38.279999,38.241719001,9904.605221259,4.9523026106295,9.914519741,2017-03-02-0004,95790.5204284590115,29362.0708980270115,0
2017-03-02T09:30:00+00:00,RF,SELL,50,16.010000,15.993990000,799.699500000,0.3998497500000,0.800500000,2017-03-02-0005,95779.7300887090115,30161.3705482770115,599
2017-03-02T09:30:00+00:00,ZION,SELL,16,46.669998,46.623328002,745.973248032,0.3729866240160,0.746719968,2017-03-02-0006,95769.0430325269955,30906.9708096849955,205
2017-03-02T09:30:00+00:00,CSX,BUY,583,16.403334,16.419737334,9572.706865722,4.7863534328610,9.563143722,2017-03-02-0007,95764.2566790941345,21329.4775905301345,583
2017-03-02T09:30:00+00:00,DVN,BUY,217,43.990002,44.033992002,9555.376264434,4.7776881322170,9.545830434,2017-03-02-0008,95759.4789909619175,11769.3236379639175,217
2017-03-02T09:30:00+00:00,FCX,BUY,129,13.940000,13.953940000,1800.058260000,0.9000291300000,1.798260000,2017-03-02-0009,95766.3435418319175,9968.3653488339175,686
2017-03-02T09:30:00+00:00,MU,BUY,6,24.879999,24.904878999,149.429273994,0.0747146369970,0.149279994,2017-03-02-0010,95775.6734668169205,9818.8613602029205,384
2017-03-02T09:30:00+00:00,OKE,BUY,2,55.080002,55.135082002,110.270164004,0.0551350820020,0.110160004,2017-03-02-0011,95785.0370120769185,9708.5360611169185,173
2017-03-02T09:30:00+00:00,WMB,BUY,332,28.790001,28.818791001,9567.838612332,4.7839193061660,9.558280332,2017-03-02-0012,95780.2530927707525,135.9135294787525,332
2017-04-04T09:30:00+00:00,DVN,SELL,217,42.060001,42.017940999,9117.893196783,4.5589465983915,9.127020217,2017-04-04-0001,93474.0684586633610,9249.2477796633610,0
2017-04-04T09:30:00+00:00,FCX,SELL,686,13.560000,13.546440000,9292.857840000,4.6464289200000,9.302160000,2017-04-04-0002,93460.1198697433610,18537.4591907433610,0
2017-04-04T09:30:00+00:00,MU,SELL,56,28.469999,28.441529001,1592.725624056,0.7963628120280,1.594319944,2017-04-04-0003,93448.3910273153330,20129.3884519873330,328
2017-04-04T09:30:00+00:00,OKE,SELL,4,55.340000,55.284660000,221.138640000,0.1105693200000,0.221360000,2017-04-04-0004,93438.7066379953330,20350.4165226673330,169
2017-04-04T09:30:00+00:00,WMB,SELL,19,29.860001,29.830140999,566.772678981,0.2833863394905,0.567340019,2017-04-04-0005,93428.5097313238425,20916.9058153088425,313
2017-04-04T09:30:00+00:00,ZION,SELL,205,41.500000,41.458500000,8498.992500000,4.2494962500000,8.507500000,2017-04-04-0006,93415.7527350738425,29411.6488190588425,0
2017-04-04T09:30:00+00:00,AMD,BUY,652,14.310000,14.324310000,9339.450120000,4.6697250600000,9.330120000,2017-04-04-0007,93411.0830100138425,20067.5289739988425,652
2017-04-04T09:30:00+00:00,BAC,BUY,402,23.200001,23.223201001,9335.726802402,4.6678634012010,9.326400402,2017-04-04-0008,93406.4151466126415,10727.1343081956415,402
2017-04-04T09:30:00+00:00,CSX,BUY,18,15.533333,15.548866333,279.879593994,0.1399397969970,0.279599994,2017-04-04-0009,93415.3311399546445,10447.1147744046445,601
2017-04-04T09:30:00+00:00,MS,BUY,219,42.540001,42.582541001,9325.576479219,4.6627882396095,9.316260219,2017-04-04-0010,93410.6683517150350,1116.8755069460350,219
2017-04-04T09:30:00+00:00,RF,BUY,46,14.460000,14.474460000,665.825160000,0.3329125800000,0.665160000,2017-04-04-0011,93418.9969791350350,450.7174343660350,645
2017-04-04T09:30:00+00:00,URI,BUY,3,123.120003,123.243123003,369.729369009,0.1848646845045,0.369360009,2017-04-04-0012,93427.6767546665305,80.8032006725305,75
2017-05-02T09:30:00+00:00,BAC,SELL,402,23.610001,23.586390999,9481.729181598,4.7408645907990,9.491220402,2017-05-02-0001,91345.9133956797315,9557.7915176797315,0
2017-05-02T09:30:00+00:00,CSX,SELL,601,17.256666,17.239409334,10360.885009734,5.1804425048670,10.371256266,2017-05-02-0002,91330.3616969088645,19913.4960849088645,0
2017-05-02T09:30:00+00:00,MS,SELL,219,43.669998,43.626328002,9554.165832438,4.7770829162190,9.563729562,2017-05-02-0003,91316.0208844306455,29462.8848344306455,0
2017-05-02T09:30:00+00:00,MU,SELL,5,28.280001,28.251720999,141.258604995,0.0706293024975,0.141400005,2017-05-02-0004,91306.6744148001480,29604.0728101231480,323
2017-05-02T09:30:00+00:00,OKE,SELL,169,53.220001,53.166780999,8985.185988831,4.4925929944155,8.994180169,2017-05-02-0005,91293.1876416367325,38584.7662059597325,0
2017-05-02T09:30:00+00:00,RF,SELL,645,13.910000,13.896090000,8962.978050000,4.4814890250000,8.971950000,2017-05-02-0006,91279.7342026117325,47543.2627669347325,0
2017-05-02T09:30:00+00:00,WMB,SELL,313,30.740000,30.709260000,9611.998380000,4.8059991900000,9.621620000,2017-05-02-0007,91265.3065834217325,57150.4551477447325,0
2017-05-02T09:30:00+00:00,AMAT,BUY,218,41.720001,41.761721001,9104.055178218,4.5520275891090,9.094960218,2017-05-02-0008,91260.7545558326235,48041.8479419376235,218
2017-05-02T09:30:00+00:00,AMD,BUY,126,11.730000,11.741730000,1479.457980000,0.7397289900000,1.477980000,2017-05-02-0009,91267.6627868426235,46561.6502329476235,778
2017-05-02T09:30:00+00:00,DXC,BUY,138,66.115913,66.182028913,9133.119989994,4.5665599949970,9.123995994,2017-05-02-0010,91263.0962268476265,37423.9636829586265,138
2017-05-02T09:30:00+00:00,IDXX,BUY,55,164.199997,164.364196997,9040.030834835,4.5200154174175,9.030999835,2017-05-02-0011,91258.5762114302090,28379.4128327062090,55
2017-05-02T09:30:00+00:00,INCY,BUY,73,123.980003,124.103983003,9059.590759219,4.5297953796095,9.050540219,2017-05-02-0012,91254.0464160505995,19315.2922781075995,73
2017-05-02T09:30:00+00:00,STX,BUY,216,42.230000,42.272230000,9130.801680000,4.5654008400000,9.121680000,2017-05-02-0013,91249.4810152105995,10179.9251972675995,216
2017-05-02T09:30:00+00:00,URI,BUY,8,108.980003,109.088983003,872.711864024,0.4363559320120,0.871840024,2017-05-02-0014,91257.2181595035875,9306.7769773115875,83
2017-05-02T09:30:00+00:00,WDC,BUY,137,66.364326,66.430690326,9101.004574662,4.5505022873310,9.091912662,2017-05-02-0015,91252.6676572162565,201.2219003622565,137
2017-06-02T09:30:00+00:00,AMAT,SELL,14,46.220001,46.173780999,646.432933986,0.3232164669930,0.647080014,2017-06-02-0001,94191.5749886772635,847.3316178812635,204
2017-06-02T09:30:00+00:00,DXC,SELL,138,66.608994,66.542385006,9182.849130828,4.5914245654140,9.192041172,2017-06-02-0002,94177.7915229398495,10025.5893241438495,0
2017-06-02T09:30:00+00:00,INCY,SELL,73,131.559998,131.428438002,9594.275974146,4.7971379870730,9.603879854,2017-06-02-0003,94163.3905050987765,19615.0681603027765,0
2017-06-02T09:30:00+00:00,MU,SELL,17,30.799999,30.769199001,523.076383017,0.2615381915085,0.523599983,2017-06-02-0004,94153.1805672302680,20137.8830051282680,306
2017-06-02T09:30:00+00:00,URI,SELL,83,109.660004,109.550343996,9092.678551668,4.5463392758340,9.101780332,2017-06-02-0005,94139.5324476224340,29226.0152175204340,0
2017-06-02T09:30:00+00:00,WDC,SELL,2,69.765686,69.695920314,139.391840628,0.0696959203140,0.139531372,2017-06-02-0006,94129.9048527201200,29365.3373622281200,135
2017-06-02T09:30:00+00:00,AMD,BUY,83,10.930000,10.940930000,908.097190000,0.4540485950000,0.907190000,2017-06-02-0007,94137.9543441251200,28456.7861236331200,861
2017-06-02T09:30:00+00:00,BBY,BUY,156,60.299999,60.360298999,9416.206643844,4.7081033219220,9.406799844,2017-06-02-0008,94133.2462408031980,19035.8713764671980,156
2017-06-02T09:30:00+00:00,CSX,BUY,515,18.263332,18.281595332,9415.021595980,4.7075107979900,9.405615980,2017-06-02-0009,94128.5387300052080,9616.1422696892080,515
2017-06-02T09:30:00+00:00,LRCX,BUY,598,15.715000,15.730715000,9406.967570000,4.7034837850000,9.397570000,2017-06-02-0010,94123.8352462202080,204.4712159042080,598
2017-06-02T09:30:00+00:00,STX,BUY,3,42.959999,43.002958999,129.008876997,0.0645044384985,0.128879997,2017-06-02-0011,94133.0501015657095,75.3978344687095,219
2017-07-05T09:30:00+00:00,AMD,SELL,129,12.360000,12.347640000,1592.845560000,0.7964227800000,1.594440000,2017-07-05-0001,90448.2913556887095,1667.4469716887095,732
2017-07-05T09:30:00+00:00,BBY,SELL,3,59.119999,59.060879001,177.182637003,0.0885913185015,0.177359997,2017-07-05-0002,90438.9800445262080,1844.5410173732080,153
2017-07-05T09:30:00+00:00,CSX,SELL,17,18.166668,18.148501332,308.524522644,0.1542622613220,0.308833356,2017-07-05-0003,90429.4699482448860,2152.9112777558860,498
2017-07-05T09:30:00+00:00,DHR,SELL,124,74.698586,74.623887414,9253.362039336,4.6266810196680,9.262624664,2017-07-05-0004,90415.5806425612180,11401.6466360722180,0
2017-07-05T09:30:00+00:00,IDXX,SELL,55,159.509995,159.350485005,8764.276675275,4.3821383376375,8.773049725,2017-07-05-0005,90402.4254544985805,20161.5411730095805,0
2017-07-05T09:30:00+00:00,ADSK,BUY,90,99.370003,99.469373003,8952.243570270,4.4761217851350,8.943300270,2017-07-05-0006,90397.9493327134455,11204.8214809544455,90
2017-07-05T09:30:00+00:00,AMAT,BUY,14,41.279999,41.321278999,578.497905986,0.2892489529930,0.577919986,2017-07-05-0007,90406.0812035564525,10626.0343260154525,218
2017-07-05T09:30:00+00:00,LRCX,BUY,45,14.042000,14.056042000,632.521890000,0.3162609450000,0.631890000,2017-07-05-0008,90414.1620586114525,9993.1961750704525,643
2017-07-05T09:30:00+00:00,STX,BUY,13,38.799999,38.838798999,504.904386987,0.2524521934935,0.504399987,2017-07-05-0009,90422.4068061989590,9488.0393358899590,232
2017-07-05T09:30:00+00:00,UAL,BUY,119,75.349998,75.425347998,8975.616411762,4.4878082058810,8.966649762,2017-07-05-0010,90417.9189979930780,507.9351159220780,119
2017-07-05T09:30:00+00:00,WDC,BUY,4,64.965988,65.030953988,260.123815952,0.1300619079760,0.259863952,2017-07-05-0011,90426.5593444651020,247.6812380621020,139
2017-08-02T09:30:00+00:00,ADSK,SELL,8,111.080002,110.968921998,887.751375984,0.4438756879920,0.888640016,2017-08-02-0001,91170.8980651941100,1134.9887383581100,82
2017-08-02T09:30:00+00:00,AMAT,SELL,218,44.349998,44.305648002,9658.631264436,4.8293156322180,9.668299564,2017-08-02-0002,91156.4004499978920,10788.7906871618920,0
2017-08-02T09:30:00+00:00,AMD,SELL,72,13.810000,13.796190000,993.325680000,0.4966628400000,0.994320000,2017-08-02-0003,91145.7948671578920,11781.6197043218920,660
2017-08-02T09:30:00+00:00,LRCX,SELL,643,15.897000,15.881103000,10211.549229000,5.1057746145000,10.221771000,2017-08-02-0004,91130.4673215433920,21988.0631587073920,0
2017-08-02T09:30:00+00:00,STX,SELL,232,33.459999,33.426539001,7754.957048232,3.8774785241160,7.762719768,2017-08-02-0005,91118.8271232512760,29739.1427284152760,0
2017-08-02T09:30:00+00:00,UAL,SELL,119,68.010002,67.941991998,8085.097047762,4.0425485238810,8.093190238,2017-08-02-0006,91106.6913844893950,37820.1972276533950,0
2017-08-02T09:30:00+00:00,ALGN,BUY,53,170.279999,170.450278999,9033.864786947,4.5169323934735,9.024839947,2017-08-02-0007,91102.1744520959215,28781.8155083129215,53
2017-08-02T09:30:00+00:00,BAC,BUY,372,24.440001,24.464441001,9100.772052372,4.5503860261860,9.091680372,2017-08-02-0008,91097.6240660697355,19676.4930699147355,372
2017-08-02T09:30:00+00:00,CSX,BUY,67,16.120001,16.136121001,1081.120107067,0.5405600535335,1.080040067,2017-08-02-0009,91105.1112665142020,18594.8324027942020,565
2017-08-02T09:30:00+00:00,IDXX,BUY,58,154.520004,154.674524004,8971.122392232,4.4855611961160,8.962160232,2017-08-02-0010,91100.6257053180860,9619.2244493660860,58
2017-08-02T09:30:00+00:00,LUV,BUY,163,55.639999,55.695638999,9078.389156837,4.5391945784185,9.069319837,2017-08-02-0011,91096.0865107396675,536.2960979506675,163
2017-08-02T09:30:00+00:00,MU,BUY,8,28.959999,28.988958999,231.911671992,0.1159558359960,0.231679992,2017-08-02-0012,91104.8323145976715,304.2684701226715,314
2017-09-05T09:30:00+00:00,ADSK,SELL,82,113.459999,113.346539001,9294.416198082,4.6472080990410,9.303719918,2017-09-05-0001,91003.6675111056305,9594.0374601056305,0
2017-09-05T09:30:00+00:00,ALGN,SELL,2,176.419998,176.243578002,352.487156004,0.1762435780020,0.352839996,2017-09-05-0002,90994.1410076336285,9946.3483725316285,51
2017-09-05T09:30:00+00:00,BAC,SELL,372,23.830000,23.806170000,8855.895240000,4.4279476200000,8.864760000,2017-09-05-0003,90980.8483000136285,18797.8156649116285,0
2017-09-05T09:30:00+00:00,BBY,SELL,153,54.299999,54.245699001,8299.591947153,4.1497959735765,8.307899847,2017-09-05-0004,90968.3906041930520,27093.2578160910520,0
2017-09-05T09:30:00+00:00,CSX,SELL,15,16.556667,16.540110333,248.101654995,0.1240508274975,0.248350005,2017-09-05-0005,90958.9120365105545,27341.2354202585545,550
2017-09-05T09:30:00+00:00,IDXX,SELL,58,154.160004,154.005843996,8932.338951768,4.4661694758840,8.941280232,2017-09-05-0006,90945.5045868026705,36269.1082025506705,0
2017-09-05T09:30:00+00:00,LUV,SELL,163,51.810001,51.758190999,8436.585132837,4.2182925664185,8.445030163,2017-09-05-0007,90932.8412640732520,44701.4750428212520,0
2017-09-05T09:30:00+00:00,MU,SELL,34,32.450001,32.417550999,1102.196733966,0.5510983669830,1.103300034,2017-09-05-0008,90922.1008653922690,45803.1206784202690,280
2017-09-05T09:30:00+00:00,WDC,SELL,6,68.027214,67.959186786,407.755120716,0.2038775603580,0.408163284,2017-09-05-0009,90912.4412050859110,46210.6719215759110,133
2017-09-05T09:30:00+00:00,AMD,BUY,45,12.880000,12.892880000,580.179600000,0.2900898000000,0.579600000,2017-09-05-0010,90920.6519152859110,45630.2022317759110,705
2017-09-05T09:30:00+00:00,BA,BUY,37,240.300003,240.540303003,8899.991211111,4.4499956055555,8.891100111,2017-09-05-0011,90916.2019196803555,36725.7610250593555,37
2017-09-05T09:30:00+00:00,FMC,BUY,119,75.975716,76.051691716,9050.151314204,4.5250756571020,9.041110204,2017-09-05-0012,90911.6768440232535,27671.0846351982535,119
2017-09-05T09:30:00+00:00,NFLX,BUY,524,17.340000,17.357340000,9095.246160000,4.5476230800000,9.086160000,2017-09-05-0013,90907.1292209432535,18571.2908521182535,524
2017-09-05T09:30:00+00:00,NRG,BUY,364,24.930000,24.954930000,9083.594520000,4.5417972600000,9.074520000,2017-09-05-0014,90902.5874236832535,9483.1545348582535,364
2017-09-05T09:30:00+00:00,RCL,BUY,73,123.919998,124.043917998,9055.206013854,4.5276030069270,9.046159854,2017-09-05-0015,90898.0598206763265,423.4209179973265,73
2017-10-03T09:30:00+00:00,ALGN,SELL,1,187.750000,187.562250000,187.562250000,0.0937811250000,0.187750000,2017-10-03-0001,94199.8644738723265,610.8893868723265,50
2017-10-03T09:30:00+00:00,CSX,SELL,550,17.559999,17.542439001,9648.341450550,4.8241707252750,9.657999450,2017-10-03-0002,94185.3823036970515,10254.4066666970515,0
2017-10-03T09:30:00+00:00,MU,SELL,44,39.930000,39.890070000,1755.163080000,0.8775815400000,1.756920000,2017-10-03-0003,94173.3243221570515,12008.6921651570515,236
2017-10-03T09:30:00+00:00,WDC,SELL,133,62.902493,62.839590507,8357.665537431,4.1788327687155,8.366031569,2017-10-03-0004,94160.7794578193360,20362.1788698193360,0
2017-10-03T09:30:00+00:00,AMD,BUY,34,12.730000,12.742730000,433.252820000,0.2166264100000,0.432820000,2017-10-03-0005,94169.5374814093360,19928.7094234093360,739
2017-10-03T09:30:00+00:00,FMC,BUY,2,77.267998,77.345265998,154.690531996,0.0773452659980,0.154535996,2017-10-03-0006,94178.6550279053380,19773.9415461473380,121
2017-10-03T09:30:00+00:00,LRCX,BUY,504,18.650999,18.669649999,9409.503599496,4.7047517997480,9.400103496,2017-10-03-0007,94173.9502761055900,10359.7331948515900,504
2017-10-03T09:30:00+00:00,RCL,BUY,5,119.199997,119.319196997,596.595984985,0.2982979924925,0.595999985,2017-10-03-0008,94182.3535778940975,9762.8389118740975,78
2017-10-03T09:30:00+00:00,VRTX,BUY,61,152.210007,152.362217007,9294.095237427,4.6470476187135,9.284810427,2017-10-03-0009,94177.7065302753840,464.0966268283840,61
2017-11-02T09:30:00+00:00,ALGN,SELL,9,235.380005,235.144624995,2116.301624955,1.0581508124775,2.118420045,2017-11-02-0001,97920.7825737659065,2579.3401009709065,41
2017-11-02T09:30:00+00:00,LRCX,SELL,22,20.299999,20.279699001,446.153378022,0.2230766890110,0.446599978,2017-11-02-0002,97910.3282975808955,3025.2704023038955,482
2017-11-02T09:30:00+00:00,MU,SELL,14,44.080002,44.035921998,616.502907972,0.3082514539860,0.617120028,2017-11-02-0003,97899.6171656549095,3641.4650588219095,222
2017-11-02T09:30:00+00:00,NFLX,SELL,524,19.745001,19.725255999,10336.034143476,5.1680170717380,10.346380524,2017-11-02-0004,97884.1027680591715,13972.3311852261715,0
2017-11-02T09:30:00+00:00,RCL,SELL,78,121.019997,120.898977003,9430.120206234,4.7150601031170,9.439559766,2017-11-02-0005,97869.9481481900545,23397.7363313570545,0
2017-11-02T09:30:00+00:00,AMAT,BUY,175,55.720001,55.775721001,9760.751175175,4.8803755875875,9.751000175,2017-11-02-0006,97865.0677726024670,13632.1047805944670,175
2017-11-02T09:30:00+00:00,AMD,BUY,161,10.870000,10.880870000,1751.820070000,0.8759100350000,1.750070000,2017-11-02-0007,97872.2247925674670,11879.4088005594670,900
2017-11-02T09:30:00+00:00,FMC,BUY,2,79.488289,79.567777289,159.135554578,0.0795677772890,0.158976578,2017-11-02-0008,97881.7633077591780,11720.1936782041780,123
2017-11-02T09:30:00+00:00,NRG,BUY,14,25.850000,25.875850000,362.261900000,0.1811309500000,0.361900000,2017-11-02-0009,97890.9915768091780,11357.7506472541780,378
2017-11-02T09:30:00+00:00,URI,BUY,68,143.369995,143.513364995,9758.908819660,4.8794544098300,9.749159660,2017-11-02-0010,97886.1121223993480,1593.9623731843480,68
2017-11-02T09:30:00+00:00,VRTX,BUY,7,142.009995,142.152004995,995.064034965,0.4975320174825,0.994069965,2017-11-02-0011,97894.2772000768655,598.4008062018655,68
2017-12-04T09:30:00+00:00,ALGN,SELL,3,257.829987,257.572157013,772.716471039,0.3863582355195,0.773489961,2017-12-04-0001,99886.3070624993460,1370.7309190053460,38
2017-12-04T09:30:00+00:00,AMD,SELL,900,10.850000,10.839150000,9755.235000000,4.8776175000000,9.765000000,2017-12-04-0002,99871.6644449993460,11121.0883015053460,0
2017-12-04T09:30:00+00:00,BA,SELL,37,276.160004,275.883843996,10207.702227852,5.1038511139260,10.217920148,2017-12-04-0003,99856.3426737374200,21323.6866782434200,0
2017-12-04T09:30:00+00:00,FMC,SELL,123,82.090202,82.008111798,10086.997751154,5.0434988755770,10.097094846,2017-12-04-0004,99841.2020800158430,31405.6409305218430,0
2017-12-04T09:30:00+00:00,NRG,SELL,20,27.860001,27.832140999,556.642819980,0.2783214099900,0.557200020,2017-12-04-0005,99830.3926782278530,31962.0054290918530,358
2017-12-04T09:30:00+00:00,URI,SELL,68,160.220001,160.059780999,10884.065107932,5.4420325539660,10.894960068,2017-12-04-0006,99814.0556856058870,42840.6285044698870,0
2017-12-04T09:30:00+00:00,ADBE,BUY,55,180.339996,180.520335996,9928.618479780,4.9643092398900,9.918699780,2017-12-04-0007,99809.0913763659970,32907.0457154499970,55
2017-12-04T09:30:00+00:00,ADSK,BUY,92,108.000000,108.108000000,9945.936000000,4.9729680000000,9.936000000,2017-12-04-0008,99804.1184083659970,22956.1367474499970,92
2017-12-04T09:30:00+00:00,AMAT,BUY,16,52.060001,52.112061001,833.792976016,0.4168964880080,0.832960016,2017-12-04-0009,99812.8120120529890,22121.9268749459890,191
2017-12-04T09:30:00+00:00,ISRG,BUY,74,133.276672,133.409948672,9872.336201728,4.9361681008640,9.862473728,2017-12-04-0010,99807.8758439521250,12244.6545051171250,74
2017-12-04T09:30:00+00:00,LRCX,BUY,44,18.969000,18.987969000,835.470636000,0.4177353180000,0.834636000,2017-12-04-0011,99816.6011666341250,11408.7661337991250,526
2017-12-04T09:30:00+00:00,MU,BUY,15,41.950001,41.991951001,629.879265015,0.3149396325075,0.629250015,2017-12-04-0012,99825.5991272236175,10778.5719291516175,237
2017-12-04T09:30:00+00:00,PYPL,BUY,132,75.589996,75.665585996,9987.857351472,4.9939286757360,9.977879472,2017-12-04-0013,99820.6051985478815,785.7206490038815,132
2017-12-04T09:30:00+00:00,VRTX,BUY,2,141.990005,142.131995005,284.263990010,0.1421319950050,0.283980010,2017-12-04-0014,99830.1183868928765,501.3145269988765,70
2018-01-03T09:30:00+00:00,ADBE,SELL,55,178.000000,177.822000000,9780.210000000,4.8901050000000,9.790000000,2018-01-03-0001,99732.3170269988765,10276.6344219988765,0
2018-01-03T09:30:00+00:00,ADSK,SELL,92,107.000000,106.893000000,9834.156000000,4.9170780000000,9.844000000,2018-01-03-0002,99717.5559489988765,20105.8733439988765,0
2018-01-03T09:30:00+00:00,AMAT,SELL,191,53.540001,53.486460999,10215.914050809,5.1079570254045,10.226140191,2018-01-03-0003,99702.2218517824720,30316.6794377824720,0
2018-01-03T09:30:00+00:00,MU,SELL,13,44.500000,44.455500000,577.921500000,0.2889607500000,0.578500000,2018-01-03-0004,99691.3863910324720,30894.3119770324720,224
2018-01-03T09:30:00+00:00,NRG,SELL,14,28.950001,28.921050999,404.894713986,0.2024473569930,0.405300014,2018-01-03-0005,99680.8198433174790,31299.0042436614790,344
2018-01-03T09:30:00+00:00,VRTX,SELL,5,153.500000,153.346500000,766.732500000,0.3833662500000,0.767500000,2018-01-03-0006,99669.6914770674790,32065.3533774114790,65
2018-01-03T09:30:00+00:00,ALGN,BUY,6,226.059998,226.286057998,1357.716347988,0.6788581739940,1.356359988,2018-01-03-0007,99677.6028988174850,30706.9581712494850,44
2018-01-03T09:30:00+00:00,DHI,BUY,194,51.279999,51.331278999,9958.268125806,4.9791340629030,9.948319806,2018-01-03-0008,99672.6237647545820,20743.7109113805820,194
2018-01-03T09:30:00+00:00,ISRG,BUY,5,125.706665,125.832371665,629.161858325,0.3145809291625,0.628533325,2018-01-03-0009,99681.6114770354195,20114.2344721264195,79
2018-01-03T09:30:00+00:00,PHM,BUY,297,33.490002,33.523492002,9956.477124594,4.9782385622970,9.946530594,2018-01-03-0010,99676.6332384731225,10152.7791089701225,297
2018-01-03T09:30:00+00:00,PYPL,BUY,2,74.300003,74.374303003,148.748606006,0.0743743030030,0.148600006,2018-01-03-0011,99686.3664645661195,10003.9561286611195,134
2018-01-03T09:30:00+00:00,WYNN,BUY,60,165.039993,165.205032993,9912.301979580,4.9561509897900,9.902399580,2018-01-03-0012,99681.4103135763295,86.6979980913295,60
2018-02-02T09:30:00+00:00,ALGN,SELL,4,251.570007,251.318436993,1005.273747972,0.5026368739860,1.006280028,2018-02-02-0001,100543.7544679093435,1091.4691091893435,40
2018-02-02T09:30:00+00:00,ISRG,SELL,79,141.003326,140.862322674,11128.123491246,5.5640617456230,11.139262754,2018-02-02-0002,100527.0511434097205,12214.0285386897205,0
2018-02-02T09:30:00+00:00,LRCX,SELL,526,18.671000,18.652329000,9811.125054000,4.9055625270000,9.820946000,2018-02-02-0003,100512.3246348827205,22020.2480301627205,0
2018-02-02T09:30:00+00:00,PHM,SELL,297,31.139999,31.108859001,9239.331123297,4.6196655616485,9.248579703,2018-02-02-0004,100498.4563896180720,31254.9594878980720,0
2018-02-02T09:30:00+00:00,PYPL,SELL,6,78.099998,78.021898002,468.131388012,0.2340656940060,0.468599988,2018-02-02-0005,100487.7569241920660,31722.8568102160660,128
2018-02-02T09:30:00+00:00,VRTX,SELL,6,169.419998,169.250578002,1015.503468012,0.5077517340060,1.016519988,2018-02-02-0006,100476.2368725880600,32737.8525264940600,59
2018-02-02T09:30:00+00:00,ABBV,BUY,86,115.500000,115.615500000,9942.933000000,4.9714665000000,9.933000000,2018-02-02-0007,100471.2654060880600,22789.9480599940600,86
2018-02-02T09:30:00+00:00,BA,BUY,28,354.000000,354.354000000,9921.912000000,4.9609560000000,9.912000000,2018-02-02-0008,100466.3044500880600,12863.0751039940600,28
2018-02-02T09:30:00+00:00,CAT,BUY,62,160.770004,160.930774004,9977.707988248,4.9888539941240,9.967740248,2018-02-02-0009,100461.3155960939360,2880.3782617519360,62
2018-02-02T09:30:00+00:00,DHI,BUY,17,47.590000,47.637590000,809.839030000,0.4049195150000,0.809030000,2018-02-02-0010,100470.1431365789360,2070.1343122369360,211
2018-02-02T09:30:00+00:00,MU,BUY,15,42.000000,42.042000000,630.630000000,0.3153150000000,0.630000000,2018-02-02-0011,100479.2358215789360,1439.1889972369360,239
2018-02-02T09:30:00+00:00,NRG,BUY,40,26.150000,26.176150000,1047.046000000,0.5235230000000,1.046000000,2018-02-02-0012,100487.7078985789360,391.6194742369360,384
2018-03-02T09:30:00+00:00,CAT,SELL,62,149.130005,148.980874995,9236.814249690,4.6184071248450,9.246060310,2018-03-02-0001,98184.8153578020910,9623.8153168020910,0
2018-03-02T09:30:00+00:00,DHI,SELL,211,41.840000,41.798160000,8819.411760000,4.4097058800000,8.828240000,2018-03-02-0002,98171.5774119220910,18438.8173709220910,0
2018-03-02T09:30:00+00:00,MU,SELL,239,46.360001,46.313640999,11068.960198761,5.5344800993805,11.080040239,2018-03-02-0003,98154.9628915837105,29502.2430895837105,0
2018-03-02T09:30:00+00:00,NRG,SELL,384,27.010000,26.982990000,10361.468160000,5.1807340800000,10.371840000,2018-03-02-0004,98139.4103175037105,39858.5305155037105,0
2018-03-02T09:30:00+00:00,PYPL,SELL,2,77.519997,77.442477003,154.884954006,0.0774424770030,0.155039994,2018-03-02-0005,98129.4103154107075,40013.3380270327075,126
2018-03-02T09:30:00+00:00,WYNN,SELL,60,161.779999,161.618219001,9697.093140060,4.8485465700300,9.706799940,2018-03-02-0006,98114.8549689006775,49705.5826205226775,0
2018-03-02T09:30:00+00:00,BBY,BUY,131,74.849998,74.924847998,9815.155087738,4.9075775438690,9.805349738,2018-03-02-0007,98109.9473913568085,39885.5199552408085,131
2018-03-02T09:30:00+00:00,CPRI,BUY,157,62.459999,62.522458999,9816.026062843,4.9080130314215,9.806219843,2018-03-02-0008,98105.0393783253870,30064.5858793663870,157
2018-03-02T09:30:00+00:00,ISRG,BUY,71,136.523331,136.659854331,9702.849657501,4.8514248287505,9.693156501,2018-03-02-0009,98100.1879534966365,20356.8847970366365,71
2018-03-02T09:30:00+00:00,KORS,BUY,157,62.459999,62.522458999,9816.026062843,4.9080130314215,9.806219843,2018-03-02-0010,98095.2799404652150,10535.9507211622150,157
2018-03-02T09:30:00+00:00,NFLX,BUY,344,28.465000,28.493465000,9801.751960000,4.9008759800000,9.791960000,2018-03-02-0011,98090.3790644852150,729.2978851822150,344
2018-03-02T09:30:00+00:00,VRTX,BUY,1,163.080002,163.243082002,163.243082002,0.0816215410010,0.163080002,2018-03-02-0012,98099.9191630622140,565.9731816392140,60
2018-04-03T09:30:00+00:00,ALGN,SELL,2,244.009995,243.765985005,487.531970010,0.2437659850050,0.488019990,2018-04-03-0001,94094.2122258542090,1053.2613856642090,38
2018-04-03T09:30:00+00:00,BBY,SELL,131,69.250000,69.180750000,9062.678250000,4.5313391250000,9.071750000,2018-04-03-0002,94080.6091367292090,10111.4082965392090,0
2018-04-03T09:30:00+00:00,CPRI,SELL,6,62.049999,61.987949001,371.927694006,0.1859638470030,0.372299994,2018-04-03-0003,94070.6813230392060,10483.1500266982060,151
2018-04-03T09:30:00+00:00,ISRG,SELL,71,134.246674,134.112427326,9521.982340146,4.7609911700730,9.531513854,2018-04-03-0004,94056.3888180151330,20000.3713756741330,0
2018-04-03T09:30:00+00:00,KORS,SELL,157,62.049999,61.987949001,9732.107993157,4.8660539965785,9.741849843,2018-04-03-0005,94041.7809141755545,29727.6133148345545,0
2018-04-03T09:30:00+00:00,NFLX,SELL,15,28.545000,28.516455000,427.746825000,0.2138734125000,0.428175000,2018-04-03-0006,94031.7475607630545,30155.1462664220545,329
2018-04-03T09:30:00+00:00,VRTX,SELL,60,155.860001,155.704140999,9342.248459940,4.6711242299700,9.351600060,2018-04-03-0007,94017.7248364730845,39492.7236021320845,0
2018-04-03T09:30:00+00:00,ABBV,BUY,15,92.339996,92.432335996,1386.485039940,0.6932425199700,1.385099940,2018-04-03-0008,94024.9728336091145,38105.5453196721145,101
2018-04-03T09:30:00+00:00,AMZN,BUY,135,69.569000,69.638569000,9401.206815000,4.7006034075000,9.391815000,2018-04-03-0009,94020.2722302016145,28699.6379012646145,135
2018-04-03T09:30:00+00:00,IPGP,BUY,41,227.039993,227.267032993,9317.948352713,4.6589741763565,9.308639713,2018-04-03-0010,94015.6132560252580,19377.0305743752580,41
2018-04-03T09:30:00+00:00,NKTR,BUY,6,1498.500000,1499.998500000,8999.991000000,4.4999955000000,8.991000000,2018-04-03-0011,94011.1132605252580,10372.5395788752580,6
2018-04-03T09:30:00+00:00,TTWO,BUY,97,96.650002,96.746652002,9384.425244194,4.6922126220970,9.375050194,2018-04-03-0012,94006.4210479031610,983.4221220591610,97
2018-05-02T09:30:00+00:00,ABBV,SELL,101,101.169998,101.068828002,10207.951628202,5.1039758141010,10.218169798,2018-05-02-0001,97463.5909034470600,11186.2697744470600,0
2018-05-02T09:30:00+00:00,AMZN,SELL,135,79.049004,78.969954996,10660.943924460,5.3304719622300,10.671615540,2018-05-02-0002,97447.5888159448300,21841.8832269448300,0
2018-05-02T09:30:00+00:00,CPRI,SELL,4,66.239998,66.173758002,264.695032008,0.1323475160040,0.264959992,2018-05-02-0003,97437.4542287308260,22106.4459114368260,147
2018-05-02T09:30:00+00:00,NFLX,SELL,16,31.165001,31.133835999,498.141375984,0.2490706879920,0.498640016,2018-05-02-0004,97426.9518727138340,22604.3382167328340,313
2018-05-02T09:30:00+00:00,PYPL,SELL,126,75.000000,74.925000000,9440.550000000,4.7202750000000,9.450000000,2018-05-02-0005,97412.7815977138340,32040.1679417328340,0
2018-05-02T09:30:00+00:00,TTWO,SELL,97,104.050003,103.945952997,10082.757440709,5.0413787203545,10.092850291,2018-05-02-0006,97397.6473687024795,42117.8840037214795,0
2018-05-02T09:30:00+00:00,BA,BUY,1,329.500000,329.829500000,329.829500000,0.1649147500000,0.329500000,2018-05-02-0007,97406.7084539524795,41787.8895889714795,29
2018-05-02T09:30:00+00:00,EL,BUY,69,140.000000,140.140000000,9669.660000000,4.8348300000000,9.660000000,2018-05-02-0008,97401.8736239524795,32113.3947589714795,69
2018-05-02T09:30:00+00:00,KSS,BUY,157,61.730000,61.791730000,9701.301610000,4.8506508050000,9.691610000,2018-05-02-0009,97397.0229731474795,22407.2424981664795,157
2018-05-02T09:30:00+00:00,MU,BUY,212,45.910000,45.955910000,9742.652920000,4.8713264600000,9.732920000,2018-05-02-0010,97392.1516466874795,12659.7182517064795,212
2018-05-02T09:30:00+00:00,NKTR,BUY,1,1251.300049,1252.551349049,1252.551349049,0.6262756745245,1.251300049,2018-05-02-0011,97399.0331713069550,11406.5406269829550,7
2018-05-02T09:30:00+00:00,NRG,BUY,318,30.590000,30.620590000,9737.347620000,4.8686738100000,9.727620000,2018-05-02-0012,97394.1644974969550,1664.3243331729550,318
2018-06-04T09:30:00+00:00,ALGN,SELL,7,335.540009,335.204468991,2346.431282937,1.1732156414685,2.348780063,2018-06-04-0001,105824.8447431894865,4009.5824004684865,31
2018-06-04T09:30:00+00:00,EL,SELL,69,149.199997,149.050797003,10284.504993207,5.1422524966035,10.294799793,2018-06-04-0002,105809.4076908998830,14288.9451411788830,0
2018-06-04T09:30:00+00:00,IPGP,SELL,41,248.830002,248.581171998,10191.828051918,5.0959140259590,10.202030082,2018-06-04-0003,105794.1097467919240,24475.6772790709240,0
2018-06-04T09:30:00+00:00,KSS,SELL,157,68.769997,68.701227003,10786.092639471,5.3930463197355,10.796889529,2018-06-04-0004,105777.9198109431885,35256.3768722221885,0
2018-06-04T09:30:00+00:00,MU,SELL,212,57.430000,57.372570000,12162.984840000,6.0814924200000,12.175160000,2018-06-04-0005,105759.6631585231885,47413.2802198021885,0
2018-06-04T09:30:00+00:00,NFLX,SELL,21,36.268002,36.231733998,760.866413958,0.3804332069790,0.761628042,2018-06-04-0006,105747.9308406902095,48173.7662005532095,292
2018-06-04T09:30:00+00:00,NRG,SELL,9,34.209999,34.175789001,307.582101009,0.1537910505045,0.307889991,2018-06-04-0007,105736.8982699577050,48481.1945105117050,309
2018-06-04T09:30:00+00:00,ANDV,BUY,70,150.080002,150.230082002,10516.105740140,5.2580528700700,10.505600140,2018-06-04-0008,105731.6402170876350,37959.8307175016350,70
2018-06-04T09:30:00+00:00,CPRI,BUY,30,59.700001,59.759701001,1792.791030030,0.8963955150150,1.791000030,2018-06-04-0009,105739.5197217196200,36166.1432919566200,177
2018-06-04T09:30:00+00:00,KORS,BUY,177,59.700001,59.759701001,10577.467077177,5.2887335385885,10.566900177,2018-06-04-0010,105734.2309881810315,25583.3874812410315,177
2018-06-04T09:30:00+00:00,NKTR,BUY,4,934.049988,934.984037988,3739.936151952,1.8699680759760,3.736199952,2018-06-04-0011,105738.8993700210555,21841.5813612130555,11
2018-06-04T09:30:00+00:00,NTAP,BUY,152,69.529999,69.599528999,10579.128407848,5.2895642039240,10.568559848,2018-06-04-0012,105733.6098058171315,11257.1633891611315,152
2018-06-04T09:30:00+00:00,VLO,BUY,84,124.629997,124.754626997,10479.388667748,5.2396943338740,10.468919748,2018-06-04-0013,105728.3701114832575,772.5350270792575,84
2018-07-03T09:30:00+00:00,ANDV,SELL,70,133.460007,133.326546993,9332.858289510,4.6664291447550,9.342200490,2018-07-03-0001,104806.5856504445025,10100.7268874445025,0
2018-07-03T09:30:00+00:00,CPRI,SELL,177,66.650002,66.583351998,11785.253303646,5.8926266518230,11.797050354,2018-07-03-0002,104788.8959734386795,21880.0875644386795,0
2018-07-03T09:30:00+00:00,KORS,SELL,177,66.650002,66.583351998,11785.253303646,5.8926266518230,11.797050354,2018-07-03-0003,104771.2062964328565,33659.4482414328565,0
2018-07-03T09:30:00+00:00,NFLX,SELL,30,39.949001,39.909051999,1197.271559970,0.5986357799850,1.198470030,2018-07-03-0004,104758.9425523608715,34856.1211656228715,262
2018-07-03T09:30:00+00:00,NTAP,SELL,152,79.809998,79.730188002,12118.988576304,6.0594942881520,12.131119696,2018-07-03-0005,104740.7519383767195,46969.0502476387195,0
2018-07-03T09:30:00+00:00,ADBE,BUY,42,244.720001,244.964721001,10288.518282042,5.1442591410210,10.278240042,2018-07-03-0006,104735.6076792356985,36675.3877064556985,42
2018-07-03T09:30:00+00:00,BA,BUY,1,338.179993,338.518172993,338.518172993,0.1692590864965,0.338179993,2018-07-03-0007,104745.2456399462020,36336.7002743762020,30
2018-07-03T09:30:00+00:00,KSS,BUY,145,71.830002,71.901832002,10425.765640290,5.2128828201450,10.415350290,2018-07-03-0008,104740.0327571260570,25905.7217512660570,145
2018-07-03T09:30:00+00:00,MU,BUY,191,54.549999,54.604548999,10429.468858809,5.2147344294045,10.419049809,2018-07-03-0009,104734.8180226966525,15471.0381580276525,191
2018-07-03T09:30:00+00:00,NKTR,BUY,3,732.750000,733.482750000,2200.448250000,1.1002241250000,2.198250000,2018-07-03-0010,104741.7780485716525,13269.4896839026525,14
2018-07-03T09:30:00+00:00,NRG,BUY,27,31.080000,31.111080000,839.999160000,0.4199995800000,0.839160000,2018-07-03-0011,104750.9617689916525,12429.0705243226525,336
2018-07-03T09:30:00+00:00,RL,BUY,82,126.290001,126.416291001,10366.135862082,5.1830679310410,10.355780082,2018-07-03-0012,104745.7787010606115,2057.7515943096115,82
2018-07-03T09:30:00+00:00,VLO,BUY,10,110.360001,110.470361001,1104.703610010,0.5523518050050,1.103600010,2018-07-03-0013,104754.4965893396065,952.4956324946065,94
2018-08-02T09:30:00+00:00,ADBE,SELL,42,245.699997,245.454297003,10309.080474126,5.1545402370630,10.319399874,2018-08-02-0001,104445.9373113835435,11256.4215663835435,0
2018-08-02T09:30:00+00:00,ALGN,SELL,2,351.000000,350.649000000,701.298000000,0.3506490000000,0.702000000,2018-08-02-0002,104434.7056623835435,11957.3689173835435,29
2018-08-02T09:30:00+00:00,BA,SELL,30,348.619995,348.271375005,10448.141250150,5.2240706250750,10.458599850,2018-08-02-0003,104419.0229919084685,22400.2860969084685,0
2018-08-02T09:30:00+00:00,KSS,SELL,145,70.690002,70.619311998,10239.800239710,5.1199001198550,10.250050290,2018-08-02-0004,104403.6530414986135,32634.9664364986135,0
2018-08-02T09:30:00+00:00,NKTR,SELL,1,790.049988,789.259938012,789.259938012,0.3946299690060,0.790049988,2018-08-02-0005,104392.1977116976075,33423.8317445416075,13
2018-08-02T09:30:00+00:00,NRG,SELL,336,31.059999,31.028939001,10425.723504336,5.2128617521680,10.436159664,2018-08-02-0006,104376.5486902814395,43844.3423871254395,0
2018-08-02T09:30:00+00:00,RL,SELL,82,128.279999,128.151719001,10508.440958082,5.2542204790410,10.518959918,2018-08-02-0007,104360.7755098843985,54347.5291247283985,0
2018-08-02T09:30:00+00:00,VLO,SELL,94,115.680000,115.564320000,10863.046080000,5.4315230400000,10.873920000,2018-08-02-0008,104344.4700668443985,65205.1436816883985,0
2018-08-02T09:30:00+00:00,CPRI,BUY,159,65.260002,65.325262002,10386.716658318,5.1933583291590,10.376340318,2018-08-02-0009,104339.2767085152395,54813.2336650412395,159
2018-08-02T09:30:00+00:00,CPRT,BUY,724,14.402500,14.416902500,10437.837410000,5.2189187050000,10.427410000,2018-08-02-0010,104334.0577898102395,44370.1773363362395,724
2018-08-02T09:30:00+00:00,GWW,BUY,30,338.779999,339.118778999,10173.563369970,5.0867816849850,10.163399970,2018-08-02-0011,104328.9710081252545,34191.5271846812545,30
2018-08-02T09:30:00+00:00,KORS,BUY,159,65.260002,65.325262002,10386.716658318,5.1933583291590,10.376340318,2018-08-02-0012,104323.7776497960955,23799.6171680340955,159
2018-08-02T09:30:00+00:00,MU,BUY,10,51.700001,51.751701001,517.517010010,0.2587585050050,0.517000010,2018-08-02-0013,104333.3935914820905,23281.8413995190905,201
2018-08-02T09:30:00+00:00,NFLX,BUY,47,33.723000,33.756723000,1586.565981000,0.7932829905000,1.584981000,2018-08-02-0014,104341.4357344915905,21694.4821355285905,309
2018-08-02T09:30:00+00:00,NTAP,BUY,133,78.160004,78.238164004,10405.675812532,5.2028379062660,10.395280532,2018-08-02-0015,104336.2328965853245,11283.6034850903245,133
2018-08-02T09:30:00+00:00,STX,BUY,198,52.590000,52.642590000,10423.232820000,5.2116164100000,10.412820000,2018-08-02-0016,104331.0212801753245,855.1590486803245,198
2018-09-05T09:30:00+00:00,CPRI,SELL,159,72.269997,72.197727003,11479.438593477,5.7397192967385,11.490929523,2018-09-05-0001,113577.1168438605860,12328.8579228605860,0
2018-09-05T09:30:00+00:00,CPRT,SELL,22,16.192499,16.176306501,355.878743022,0.1779393715110,0.356234978,2018-09-05-0002,113565.2155352130750,12684.5587265110750,702
2018-09-05T09:30:00+00:00,KORS,SELL,159,72.269997,72.197727003,11479.438593477,5.7397192967385,11.490929523,2018-09-05-0003,113547.9848863933365,24158.2576006913365,0
2018-09-05T09:30:00+00:00,MU,SELL,201,51.389999,51.338609001,10319.060409201,5.1595302046005,10.329389799,2018-09-05-0004,113532.4959663897360,34472.1584796877360,0
2018-09-05T09:30:00+00:00,NKTR,SELL,2,1024.800049,1023.775248951,2047.550497902,1.0237752489510,2.049600098,2018-09-05-0005,113518.1497905037850,36518.6852023407850,11
2018-09-05T09:30:00+00:00,NTAP,SELL,4,87.889999,87.802109001,351.208436004,0.1756042180020,0.351559996,2018-09-05-0006,113506.2848164187830,36869.7180341267830,129
2018-09-05T09:30:00+00:00,AMZN,BUY,111,101.905502,102.007407502,11322.822232722,5.6614111163610,11.311510722,2018-09-05-0007,113500.6234053024220,25541.2343902884220,111
2018-09-05T09:30:00+00:00,GWW,BUY,1,355.549988,355.905537988,355.905537988,0.1779527689940,0.355549988,2018-09-05-0008,113511.1119521734280,25185.1508995314280,31
2018-09-05T09:30:00+00:00,KSS,BUY,138,81.919998,82.001917998,11316.264683724,5.6581323418620,11.304959724,2018-09-05-0009,113505.4538198315660,13863.2280834655660,138
2018-09-05T09:30:00+00:00,M,BUY,315,36.020000,36.056020000,11357.646300000,5.6788231500000,11.346300000,2018-09-05-0010,113499.7749966815660,2499.9029603155660,315
2018-09-05T09:30:00+00:00,NFLX,BUY,6,36.000000,36.036000000,216.216000000,0.1081080000000,0.216000000,2018-09-05-0011,113510.7908886815660,2283.5788523155660,315
2018-09-05T09:30:00+00:00,STX,BUY,32,49.189999,49.239188999,1575.654047968,0.7878270239840,1.574079968,2018-09-05-0012,113519.7426814595820,707.1369773235820,230
2018-10-02T09:30:00+00:00,ALGN,SELL,2,390.519989,390.129469011,780.258938022,0.3901294690110,0.781039978,2018-10-02-0001,108034.2755591735710,1487.0057858765710,27
2018-10-02T09:30:00+00:00,AMZN,SELL,3,99.999496,99.899496504,299.698489512,0.1498492447560,0.299998488,2018-10-02-0002,108023.0257658728150,1786.5544261438150,108
2018-10-02T09:30:00+00:00,GWW,SELL,1,353.239990,352.886750010,352.886750010,0.1764433750050,0.353239990,2018-10-02-0003,108011.8988828078100,2139.2647327788100,30
2018-10-02T09:30:00+00:00,KSS,SELL,138,76.190002,76.113811998,10503.706055724,5.2518530278620,10.514220276,2018-10-02-0004,107996.1328095039480,12637.7189354749480,0
2018-10-02T09:30:00+00:00,M,SELL,315,34.700001,34.665300999,10919.569814685,5.4597849073425,10.930500315,2018-10-02-0005,107979.7425242816055,23551.8289652526055,0
2018-10-02T09:30:00+00:00,NFLX,SELL,34,38.438000,38.399562000,1305.585108000,0.6527925540000,1.306892000,2018-10-02-0006,107966.9817617276055,24856.7612806986055,281
2018-10-02T09:30:00+00:00,NTAP,SELL,4,86.029999,85.943969001,343.775876004,0.1718879380020,0.344119996,2018-10-02-0007,107955.7120039186035,25200.3652687646035,125
2018-10-02T09:30:00+00:00,STX,SELL,230,46.939999,46.893059001,10785.403570230,5.3927017851150,10.796199770,2018-10-02-0008,107939.5231023634885,35980.3761372094885,0
2018-10-02T09:30:00+00:00,ADBE,BUY,39,274.709991,274.984700991,10724.403338649,5.3622016693245,10.713689649,2018-10-02-0009,107934.1609006941640,25250.6105968911640,39
2018-10-02T09:30:00+00:00,AMD,BUY,351,30.730000,30.760730000,10797.016230000,5.3985081150000,10.786230000,2018-10-02-0010,107928.7623925791640,14448.1958587761640,351
2018-10-02T09:30:00+00:00,CPRT,BUY,122,13.090000,13.103090000,1598.576980000,0.7992884900000,1.596980000,2018-10-02-0011,107937.1522840891640,12848.8195902861640,824
2018-10-02T09:30:00+00:00,ILMN,BUY,30,357.178986,357.536164986,10726.084949580,5.3630424747900,10.715369580,2018-10-02-0012,107931.7892416143740,2117.3715982313740,30
2018-10-02T09:30:00+00:00,NKTR,BUY,1,847.950012,848.797962012,848.797962012,0.4243989810060,0.847950012,2018-10-02-0013,107940.6922927653680,1268.1492372383680,12
2018-11-02T09:30:00+00:00,ADBE,SELL,39,246.570007,246.323436993,9606.614042727,4.8033070213635,9.616230273,2018-11-02-0001,88102.6937349440045,10869.9599729440045,0
2018-11-02T09:30:00+00:00,ALGN,SELL,27,233.529999,233.296469001,6299.004663027,3.1495023315135,6.305309973,2018-11-02-0002,88093.2389226394910,17165.8151336394910,0
2018-11-02T09:30:00+00:00,AMZN,SELL,108,83.929497,83.845567503,9055.321290324,4.5276606451620,9.064385676,2018-11-02-0003,88079.6468763183290,26216.6087633183290,0
2018-11-02T09:30:00+00:00,CPRT,SELL,824,12.657500,12.644842500,10419.350220000,5.2096751100000,10.429780000,2018-11-02-0004,88064.0074212083290,36630.7493082083290,0
2018-11-02T09:30:00+00:00,ILMN,SELL,30,308.550598,308.242047402,9247.261422060,4.6236307110300,9.256517940,2018-11-02-0005,88050.1272725572990,45873.3870995572990,0
2018-11-02T09:30:00+00:00,NFLX,SELL,4,31.799999,31.768199001,127.072796004,0.0635363980020,0.127199996,2018-11-02-0006,88041.1279364402970,46000.3963591632970,277
2018-11-02T09:30:00+00:00,NTAP,SELL,14,79.190002,79.110811998,1107.551367972,0.5537756839860,1.108660028,2018-11-02-0007,88030.6754105063110,47107.3939514513110,111
2018-11-02T09:30:00+00:00,AAP,BUY,53,165.020004,165.185024004,8754.806272212,4.3774031361060,8.746060212,2018-11-02-0008,88026.2980073702050,38348.2102761032050,53
2018-11-02T09:30:00+00:00,AMD,BUY,76,20.590000,20.610590000,1566.404840000,0.7832024200000,1.564840000,2018-11-02-0009,88032.7418949502050,36781.0222336832050,427
2018-11-02T09:30:00+00:00,FTNT,BUY,538,16.336000,16.352336000,8797.556768000,4.3987783840000,8.788768000,2018-11-02-0010,88028.3431165662050,27979.0666872992050,538
2018-11-02T09:30:00+00:00,HCA,BUY,64,136.520004,136.656524004,8746.017536256,4.3730087681280,8.737280256,2018-11-02-0011,88023.9701077980770,19228.6761422750770,64
2018-11-02T09:30:00+00:00,KSS,BUY,114,77.150002,77.227152002,8803.895328228,4.4019476641140,8.795100228,2018-11-02-0012,88019.5681601339630,10420.3788663829630,114
2018-11-02T09:30:00+00:00,M,BUY,249,35.279999,35.315278999,8793.504470751,4.3967522353755,8.784719751,2018-11-02-0013,88015.1714078985875,1622.4776433965875,249
2018-11-02T09:30:00+00:00,NKTR,BUY,2,616.200012,616.816212012,1233.632424024,0.6168162120120,1.232400024,2018-11-02-0014,88021.9489918305755,388.2284031605755,14
2018-12-04T09:30:00+00:00,AAP,SELL,5,180.119995,179.939875005,899.699375025,0.4498496875125,0.900599975,2018-12-04-0001,87261.4115107380630,1287.4779284980630,48
2018-12-04T09:30:00+00:00,AMD,SELL,53,23.350000,23.326650000,1236.312450000,0.6181562250000,1.237550000,2018-12-04-0002,87250.8229045130630,2523.1722222730630,374
2018-12-04T09:30:00+00:00,GWW,SELL,30,316.170013,315.853842987,9475.615289610,4.7378076448050,9.485100390,2018-12-04-0003,87236.5999964782580,11994.0497042382580,0
2018-12-04T09:30:00+00:00,HCA,SELL,5,146.100006,145.953905994,729.769529970,0.3648847649850,0.730500030,2018-12-04-0004,87226.8847113292730,12723.4543494432730,59
2018-12-04T09:30:00+00:00,M,SELL,249,34.200001,34.165800999,8507.284448751,4.2536422243755,8.515800249,2018-12-04-0005,87214.1152688558975,21226.4851559698975,0
2018-12-04T09:30:00+00:00,NKTR,SELL,14,605.099976,604.494876024,8462.928264336,4.2314641321680,8.471399664,2018-12-04-0006,87201.4124050597295,29685.1819561737295,0
2018-12-04T09:30:00+00:00,NTAP,SELL,111,69.699997,69.630297003,7728.962967333,3.8644814836665,7.736699667,2018-12-04-0007,87189.8112239090630,37410.2804420230630,0
2018-12-04T09:30:00+00:00,CTL,BUY,463,18.790001,18.808791001,8708.470233463,4.3542351167315,8.699770463,2018-12-04-0008,87185.4569887923315,28697.4559734433315,463
2018-12-04T09:30:00+00:00,FTNT,BUY,39,15.096000,15.111096000,589.332744000,0.2946663720000,0.588744000,2018-12-04-0009,87193.2839704203315,28107.8285630713315,577
2018-12-04T09:30:00+00:00,KSS,BUY,15,67.580002,67.647582002,1014.713730030,0.5073568650150,1.013700030,2018-12-04-0010,87200.4807337833165,27092.6074761763165,129
2018-12-04T09:30:00+00:00,NFLX,BUY,25,28.813000,28.841813000,721.045325000,0.3605226625000,0.720325000,2018-12-04-0011,87208.1014121208165,26371.2016285138165,302
2018-12-04T09:30:00+00:00,TRIP,BUY,135,64.339996,64.404335996,8694.585359460,4.3472926797300,8.685899460,2018-12-04-0012,87203.7541194410865,17672.2689763740865,135
2018-12-04T09:30:00+00:00,UA,BUY,387,22.500000,22.522500000,8716.207500000,4.3581037500000,8.707500000,2018-12-04-0013,87199.3960156910865,8951.7033726240865,387
2018-12-04T09:30:00+00:00,UAA,BUY,363,23.990000,24.013990000,8717.078370000,4.3585391850000,8.708370000,2018-12-04-0014,87195.0374765060865,230.2664634390865,363
2019-01-03T09:30:00+00:00,AAP,SELL,2,158.229996,158.071766004,316.143532008,0.1580717660040,0.316459992,2019-01-03-0001,73690.5627908650825,546.2519236810825,46
2019-01-03T09:30:00+00:00,CTL,SELL,463,15.400000,15.384600000,7123.069800000,3.5615349000000,7.130200000,2019-01-03-0002,73679.8710559650825,7665.7601887810825,0
2019-01-03T09:30:00+00:00,FTNT,SELL,41,13.760000,13.746240000,563.595840000,0.2817979200000,0.564160000,2019-01-03-0003,73671.6497380450825,8229.0742308610825,536
2019-01-03T09:30:00+00:00,KSS,SELL,129,67.239998,67.172758002,8665.285782258,4.3326428911290,8.673959742,2019-01-03-0004,73658.6431354119535,16890.0273702279535,0
2019-01-03T09:30:00+00:00,NFLX,SELL,29,27.020000,26.992980000,782.796420000,0.3913982100000,0.783580000,2019-01-03-0005,73650.0916972019535,17672.4323920179535,273
2019-01-03T09:30:00+00:00,AMD,BUY,25,18.420000,18.438420000,460.960500000,0.2304802500000,0.460500000,2019-01-03-0006,73656.7502969519535,17211.2414117679535,399
2019-01-03T09:30:00+00:00,BSX,BUY,215,34.240002,34.274242002,7368.962030430,3.6844810152150,7.361600430,2019-01-03-0007,73653.0658159367385,9838.5949003227385,215
2019-01-03T09:30:00+00:00,HCA,BUY,1,120.820000,120.940820000,120.940820000,0.0604704100000,0.120820000,2019-01-03-0008,73660.1337255267385,9717.5936099127385,60
2019-01-03T09:30:00+00:00,ILMN,BUY,25,290.554474,290.845028474,7271.125711850,3.6355628559250,7.263861850,2019-01-03-0009,73656.4981626708135,2442.8323352068135,25
2019-01-03T09:30:00+00:00,TRIP,BUY,2,53.689999,53.743688999,107.487377998,0.0537436889990,0.107379998,2019-01-03-0010,73663.6925688468145,2335.2912135198145,137
2019-01-03T09:30:00+00:00,UA,BUY,65,16.280001,16.296281001,1059.258265065,0.5296291325325,1.058200065,2019-01-03-0011,73669.4633001012820,1275.5033193222820,452
2019-01-03T09:30:00+00:00,UAA,BUY,54,17.639999,17.657638999,953.512505946,0.4767562529730,0.952559946,2019-01-03-0012,73675.3898634853090,321.5140571233090,417
2019-02-04T09:30:00+00:00,AMD,SELL,57,24.430000,24.405570000,1391.117490000,0.6955587450000,1.392510000,2019-02-04-0001,83685.2537623783090,1711.9359883783090,342
2019-02-04T09:30:00+00:00,BSX,SELL,215,37.840000,37.802160000,8127.464400000,4.0637322000000,8.135600000,2019-02-04-0002,83673.0544301783090,9835.3366561783090,0
2019-02-04T09:30:00+00:00,FTNT,SELL,10,15.906000,15.890094000,158.900940000,0.0794504700000,0.159060000,2019-02-04-0003,83664.4493637083090,9994.1581457083090,526
2019-02-04T09:30:00+00:00,HCA,SELL,60,138.990005,138.851014995,8331.060899700,4.1655304498500,8.339400300,2019-02-04-0004,83651.9444329584590,18321.0535149584590,0
2019-02-04T09:30:00+00:00,ILMN,SELL,25,275.690674,275.414983326,6885.374583150,3.4426872915750,6.892266850,2019-02-04-0005,83641.6094788168840,25202.9854108168840,0
2019-02-04T09:30:00+00:00,NFLX,SELL,273,34.259998,34.225738002,9343.626474546,4.6718132372730,9.352979454,2019-02-04-0006,83627.5846861256110,34541.9400721256110,0
2019-02-04T09:30:00+00:00,UA,SELL,452,18.830000,18.811170000,8502.648840000,4.2513244200000,8.511160000,2019-02-04-0007,83614.8222017056110,43040.3375877056110,0
2019-02-04T09:30:00+00:00,UAA,SELL,417,20.600000,20.579400000,8581.609800000,4.2908049000000,8.590200000,2019-02-04-0008,83601.9411968056110,51617.6565828056110,0
2019-02-04T09:30:00+00:00,AAP,BUY,6,159.630005,159.789635005,958.737810030,0.4793689050150,0.957780030,2019-02-04-0009,83608.8048081305960,50658.4394038705960,52
2019-02-04T09:30:00+00:00,CHD,BUY,127,65.440002,65.505442002,8319.191134254,4.1595955671270,8.310880254,2019-02-04-0010,83604.6452125634690,42335.0886740494690,127
2019-02-04T09:30:00+00:00,CMG,BUY,791,10.565200,10.575765200,8365.430273200,4.1827151366000,8.357073200,2019-02-04-0011,83600.4624974268690,33965.4756857128690,791
2019-02-04T09:30:00+00:00,KEYS,BUY,111,75.260002,75.335262002,8362.214082222,4.1811070411110,8.353860222,2019-02-04-0012,83596.2813903857580,25599.0804964497580,111
2019-02-04T09:30:00+00:00,LLY,BUY,68,121.209999,121.331208999,8250.522211932,4.1252611059660,8.242279932,2019-02-04-0013,83592.1561292797920,17344.4330234117920,68
2019-02-04T09:30:00+00:00,MRK,BUY,115,72.471375,72.543846375,8342.542333125,4.1712711665625,8.334208125,2019-02-04-0014,83587.9848581132295,8997.7194191202295,115
2019-02-04T09:30:00+00:00,NRG,BUY,205,40.779999,40.820778999,8368.259694795,4.1841298473975,8.359899795,2019-02-04-0015,83583.8007282658320,625.2755944778320,205
2019-02-04T09:30:00+00:00,TRIP,BUY,7,57.930000,57.987930000,405.915510000,0.2029577550000,0.405510000,2019-02-04-0016,83591.5341805108320,219.1571267228320,144
2019-03-04T09:30:00+00:00,AAP,SELL,52,161.919998,161.758078002,8411.420056104,4.2057100280520,8.419839896,2019-03-04-0001,87765.7235157987800,8626.3714727987800,0
2019-03-04T09:30:00+00:00,CHD,SELL,127,65.900002,65.834101998,8360.930953746,4.1804654768730,8.369300254,2019-03-04-0002,87753.1737500679070,16983.1219610679070,0
2019-03-04T09:30:00+00:00,CMG,SELL,74,12.248000,12.235752000,905.445648000,0.4527228240000,0.906352000,2019-03-04-0003,87743.0328592439070,17888.1148862439070,717
2019-03-04T09:30:00+00:00,FTNT,SELL,23,17.440001,17.422560999,400.718902977,0.2003594514885,0.401120023,2019-03-04-0004,87733.6590592664185,18288.6334297694185,503
2019-03-04T09:30:00+00:00,KEYS,SELL,10,86.150002,86.063851998,860.638519980,0.4303192599900,0.861500020,2019-03-04-0005,87723.6660897844285,19148.8416304894285,101
2019-03-04T09:30:00+00:00,MRK,SELL,115,78.272903,78.194630097,8992.382461155,4.4961912305775,9.001383845,2019-03-04-0006,87710.1685147088510,28136.7279004138510,0
2019-03-04T09:30:00+00:00,TRIP,SELL,144,52.900002,52.847101998,7609.982687712,3.8049913438560,7.617600288,2019-03-04-0007,87698.7459230769950,35742.9055967819950,0
2019-03-04T09:30:00+00:00,AES,BUY,500,17.530001,17.547531001,8773.765500500,4.3868827502500,8.765000500,2019-03-04-0008,87694.3590403267450,26964.7532135317450,500
2019-03-04T09:30:00+00:00,AMD,BUY,25,23.889999,23.913888999,597.847224975,0.2989236124875,0.597249975,2019-03-04-0009,87702.2304963722575,26366.6070649442575,367
2019-03-04T09:30:00+00:00,O,BUY,130,67.063950,67.131013950,8727.031813500,4.3635159067500,8.718313500,2019-03-04-0010,87697.8669804655075,17635.2117355375075,130
2019-03-04T09:30:00+00:00,VRSN,BUY,48,181.080002,181.261082002,8700.531936096,4.3502659680480,8.691840096,2019-03-04-0011,87693.5167144974595,8930.3295334734595,48
2019-03-04T09:30:00+00:00,WELL,BUY,118,74.250000,74.324250000,8770.261500000,4.3851307500000,8.761500000,2019-03-04-0012,87689.1315837474595,155.6829027234595,118
2019-04-02T09:30:00+00:00,AMD,SELL,24,26.510000,26.483490000,635.603760000,0.3178018800000,0.636240000,2019-04-02-0001,91088.1321518434595,790.9688608434595,343
2019-04-02T09:30:00+00:00,CMG,SELL,69,14.060000,14.045940000,969.169860000,0.4845849300000,0.970140000,2019-04-02-0002,91077.5665469134595,1759.6541359134595,648
2019-04-02T09:30:00+00:00,NRG,SELL,205,41.919998,41.878078002,8585.005990410,4.2925029952050,8.593599590,2019-04-02-0003,91064.6804443282545,10340.3676233282545,0
2019-04-02T09:30:00+00:00,O,SELL,130,70.300385,70.230084615,9129.910999950,4.5649554999750,9.139050050,2019-04-02-0004,91050.9764387782795,19465.7136677782795,0
2019-04-02T09:30:00+00:00,VRSN,SELL,48,185.940002,185.754061998,8916.194975904,4.4580974879520,8.925120096,2019-04-02-0005,91037.5932211943275,28377.4505461943275,0
2019-04-02T09:30:00+00:00,WELL,SELL,118,77.239998,77.162758002,9105.205444236,4.5526027221180,9.114319764,2019-04-02-0006,91023.9262987082095,37478.1033877082095,0
2019-04-02T09:30:00+00:00,AES,BUY,6,17.959999,17.977958999,107.867753994,0.0539338769970,0.107759994,2019-04-02-0007,91032.8523643312125,37370.1816998372125,506
2019-04-02T09:30:00+00:00,CDNS,BUY,140,64.750000,64.814750000,9074.065000000,4.5370325000000,9.065000000,2019-04-02-0008,91028.3153318312125,28291.5796673372125,140
2019-04-02T09:30:00+00:00,FTNT,BUY,29,17.076000,17.093076000,495.699204000,0.2478496020000,0.495204000,2019-04-02-0009,91036.6567102292125,27795.6326137352125,532
2019-04-02T09:30:00+00:00,LLY,BUY,2,129.039993,129.169032993,258.338065986,0.1291690329930,0.258079986,2019-04-02-0010,91045.3022607202195,27537.1653787162195,70
2019-04-02T09:30:00+00:00,MRK,BUY,114,79.637405,79.717042405,9087.742834170,4.5438714170850,9.078664170,2019-04-02-0011,91040.7583893031345,18444.8786731291345,114
2019-04-02T09:30:00+00:00,TSCO,BUY,466,19.502001,19.521503001,9097.020398466,4.5485101992330,9.087932466,2019-04-02-0012,91036.2098791039015,9343.3097644639015,466
2019-04-02T09:30:00+00:00,ULTA,BUY,25,353.369995,353.723364995,8843.084124875,4.4215420624375,8.834249875,2019-04-02-0013,91031.7883370414640,495.8040975264640,25
2019-05-02T09:30:00+00:00,AES,SELL,506,16.860001,16.843140999,8522.629345494,4.2613146727470,8.531160506,2019-05-02-0001,89814.9734833477170,9014.1721283477170,0
2019-05-02T09:30:00+00:00,AMD,SELL,10,26.940001,26.913060999,269.130609990,0.1345653049950,0.269400010,2019-05-02-0002,89805.5984976997220,9283.1681730327220,333
2019-05-02T09:30:00+00:00,CDNS,SELL,9,68.540001,68.471460999,616.243148991,0.3081215744955,0.616860009,2019-05-02-0003,89795.6947759852265,9899.1032004492265,131
2019-05-02T09:30:00+00:00,FTNT,SELL,43,18.364000,18.345636000,788.862348000,0.3944311740000,0.789652000,2019-05-02-0004,89785.5306968112265,10687.5711172752265,489
2019-05-02T09:30:00+00:00,MRK,SELL,114,75.009544,74.934534456,8542.536927984,4.2712684639920,8.551088016,2019-05-02-0005,89772.7083403312345,19225.8367767952345,0
2019-05-02T09:30:00+00:00,TSCO,SELL,466,20.190001,20.169810999,9399.131925534,4.6995659627670,9.408540466,2019-05-02-0006,89758.6002339024675,28620.2691363664675,0
2019-05-02T09:30:00+00:00,ULTA,SELL,25,335.010010,334.674999990,8366.874999750,4.1834374998750,8.375250250,2019-05-02-0007,89746.0415461525925,36982.9606986165925,0
2019-05-02T09:30:00+00:00,AZO,BUY,8,1024.920044,1025.944964044,8207.559712352,4.1037798561760,8.199360352,2019-05-02-0008,89741.9377662964165,28771.2972064084165,8
2019-05-02T09:30:00+00:00,CHD,BUY,122,73.400002,73.473402002,8963.755044244,4.4818775221220,8.954800244,2019-05-02-0009,89737.4558887742945,19803.0602846422945,122
2019-05-02T09:30:00+00:00,GRMN,BUY,111,80.139999,80.220138999,8904.435428889,4.4522177144445,8.895539889,2019-05-02-0010,89733.0036710598500,10894.1726380388500,111
2019-05-02T09:30:00+00:00,KEYS,BUY,3,85.750000,85.835750000,257.507250000,0.1287536250000,0.257250000,2019-05-02-0011,89741.5356674348500,10636.5366344138500,104
2019-05-02T09:30:00+00:00,LLY,BUY,5,118.440002,118.558442002,592.792210010,0.2963961050050,0.592200010,2019-05-02-0012,89749.5300714698450,10043.4480282988450,75
2019-05-02T09:30:00+00:00,VRSN,BUY,46,194.029999,194.224028999,8934.305333954,4.4671526669770,8.925379954,2019-05-02-0013,89745.0629188028680,1104.6755416778680,46
2019-06-04T09:30:00+00:00,AMD,SELL,31,28.389999,28.361609001,879.209879031,0.4396049395155,0.880089969,2019-06-04-0001,85765.8675070713525,1983.4458157693525,302
2019-06-04T09:30:00+00:00,CHD,SELL,10,76.099998,76.023898002,760.238980020,0.3801194900100,0.760999980,2019-06-04-0002,85756.2031878253425,2743.3046762993425,112
2019-06-04T09:30:00+00:00,GRMN,SELL,111,77.480003,77.402522997,8591.680052667,4.2958400263335,8.600280333,2019-06-04-0003,85743.3070674660090,11330.6888889400090,0
2019-06-04T09:30:00+00:00,KEYS,SELL,104,75.250000,75.174750000,7818.174000000,3.9090870000000,7.826000000,2019-06-04-0004,85731.5719804660090,19144.9538019400090,0
2019-06-04T09:30:00+00:00,LLY,SELL,75,118.080002,117.961921998,8847.144149850,4.4235720749250,8.856000150,2019-06-04-0005,85718.2924082410840,27987.6743797150840,0
2019-06-04T09:30:00+00:00,VRSN,SELL,1,190.699997,190.509297003,190.509297003,0.0952546485015,0.190699997,2019-06-04-0006,85709.4249537305825,28178.0884220695825,45
2019-06-04T09:30:00+00:00,BLL,BUY,137,62.310001,62.372311001,8545.006607137,4.2725033035685,8.536470137,2019-06-04-0007,85705.1524504270140,19628.8093116290140,137
2019-06-04T09:30:00+00:00,CDNS,BUY,5,62.570000,62.632570000,313.162850000,0.1565814250000,0.312850000,2019-06-04-0008,85713.1925390020140,19315.4898802040140,136
2019-06-04T09:30:00+00:00,CMG,BUY,12,12.981400,12.994381400,155.932576800,0.0779662884000,0.155776800,2019-06-04-0009,85721.5265199136140,19159.4793371156140,660
2019-06-04T09:30:00+00:00,FTNT,BUY,116,14.142000,14.156142000,1642.112472000,0.8210562360000,1.640472000,2019-06-04-0010,85727.6209016776140,17516.5458088796140,605
2019-06-04T09:30:00+00:00,MKC,BUY,108,78.864998,78.943862998,8525.937203784,4.2629686018920,8.517419784,2019-06-04-0011,85723.3579330757220,8986.3456364937220,108
2019-06-04T09:30:00+00:00,QCOM,BUY,126,67.610001,67.677611001,8527.378986126,4.2636894930630,8.518860126,2019-06-04-0012,85719.0942435826590,454.7029608746590,126
2019-07-02T09:30:00+00:00,BLL,SELL,5,70.410004,70.339593996,351.697969980,0.1758489849900,0.352050020,2019-07-02-0001,93130.8407953416690,806.2250818696690,132
2019-07-02T09:30:00+00:00,CDNS,SELL,9,73.349998,73.276648002,659.489832018,0.3297449160090,0.660149982,2019-07-02-0002,93120.5354506976600,1465.3851689716600,127
2019-07-02T09:30:00+00:00,CHD,SELL,112,73.750000,73.676250000,8251.740000000,4.1258700000000,8.260000000,2019-07-02-0003,93108.1495806976600,9712.9992989716600,0
2019-07-02T09:30:00+00:00,CMG,SELL,19,14.523000,14.508477000,275.661063000,0.1378305315000,0.275937000,2019-07-02-0004,93098.4265701661600,9988.5225314401600,641
2019-07-02T09:30:00+00:00,FTNT,SELL,605,15.488000,15.472512000,9360.869760000,4.6804348800000,9.370240000,2019-07-02-0005,93084.3758952861600,19344.7118565601600,0
2019-07-02T09:30:00+00:00,MKC,SELL,108,77.849998,77.772148002,8399.391984216,4.1996959921080,8.407799784,2019-07-02-0006,93071.7683995100520,27739.9041447840520,0
2019-07-02T09:30:00+00:00,QCOM,SELL,126,77.279999,77.202719001,9727.542594126,4.8637712970630,9.737279874,2019-07-02-0007,93057.1673483389890,37462.5829676129890,0
2019-07-02T09:30:00+00:00,VRSN,SELL,45,211.809998,211.598188002,9521.918460090,4.7609592300450,9.531449910,2019-07-02-0008,93042.8749391989440,46979.7404684729440,0
2019-07-02T09:30:00+00:00,AMT,BUY,45,202.919998,203.122917998,9140.531309910,4.5702656549550,9.131399910,2019-07-02-0009,93038.3046735439890,37834.6388929079890,45
2019-07-02T09:30:00+00:00,CINF,BUY,88,104.989998,105.094987998,9248.358943824,4.6241794719120,9.239119824,2019-07-02-0010,93033.6804940720770,28581.6557696120770,88
2019-07-02T09:30:00+00:00,HSY,BUY,69,134.470001,134.604471001,9287.708499069,4.6438542495345,9.278430069,2019-07-02-0011,93029.0366398225425,19289.3034162935425,69
2019-07-02T09:30:00+00:00,MKTX,BUY,28,323.510010,323.833520010,9067.338560280,4.5336692801400,9.058280280,2019-07-02-0012,93024.5029705424025,10217.4311867334025,28
2019-07-02T09:30:00+00:00,SBUX,BUY,109,84.739998,84.824737998,9245.896441782,4.6229482208910,9.236659782,2019-07-02-0013,93019.8800223215115,966.9117967305115,109
2019-08-02T09:30:00+00:00,AMT,SELL,45,211.740005,211.528264995,9518.771924775,4.7593859623875,9.528300225,2019-08-02-0001,97044.2546305431240,10480.9243355431240,0
2019-08-02T09:30:00+00:00,CINF,SELL,88,106.400002,106.293601998,9353.836975824,4.6769184879120,9.363200176,2019-08-02-0002,97030.2145118792120,19830.0843928792120,0
2019-08-02T09:30:00+00:00,CMG,SELL,27,15.811000,15.795189000,426.470103000,0.2132350515000,0.426897000,2019-08-02-0003,97019.8664258277120,20256.3412608277120,614
2019-08-02T09:30:00+00:00,HSY,SELL,69,152.119995,151.967875005,10485.783375345,5.2428916876725,10.496279655,2019-08-02-0004,97004.1272544850395,30736.8817444850395,0
2019-08-02T09:30:00+00:00,SBUX,SELL,7,95.000000,94.905000000,664.335000000,0.3321675000000,0.665000000,2019-08-02-0005,96993.4400869850395,31400.8845769850395,102
2019-08-02T09:30:00+00:00,AMD,BUY,26,29.480000,29.509480000,767.246480000,0.3836232400000,0.766480000,2019-08-02-0006,97001.9594237450395,30633.2544737450395,328
2019-08-02T09:30:00+00:00,CDNS,BUY,7,72.320000,72.392320000,506.746240000,0.2533731200000,0.506240000,2019-08-02-0007,97010.8906906250395,30126.2548606250395,134
2019-08-02T09:30:00+00:00,KEYS,BUY,108,89.000000,89.089000000,9621.612000000,4.8108060000000,9.612000000,2019-08-02-0008,97006.0798846250395,20499.8320546250395,108
2019-08-02T09:30:00+00:00,MSCI,BUY,43,224.570007,224.794577007,9666.166811301,4.8330834056505,9.656510301,2019-08-02-0009,97001.2468012193890,10828.8321599183890,43
2019-08-02T09:30:00+00:00,SNPS,BUY,73,132.070007,132.202077007,9650.751621511,4.8253758107555,9.641110511,2019-08-02-0010,96996.4214254086335,1173.2551625966335,73
2019-09-04T09:30:00+00:00,AMD,SELL,328,31.320000,31.288680000,10262.687040000,5.1313435200000,10.272960000,2019-09-04-0001,102113.8401760766335,11430.8108590766335,0
2019-09-04T09:30:00+00:00,AZO,SELL,8,1112.229980,1111.117750020,8888.942000160,4.4444710000800,8.897839840,2019-09-04-0002,102100.4978652365535,20315.3083882365535,0
2019-09-04T09:30:00+00:00,BLL,SELL,6,80.550003,80.469452997,482.816717982,0.2414083589910,0.483300018,2019-09-04-0003,102089.6238564815625,20797.8836978595625,126
2019-09-04T09:30:00+00:00,KEYS,SELL,108,96.070000,95.973930000,10365.184440000,5.1825922200000,10.375560000,2019-09-04-0004,102074.0657042615625,31157.8855456395625,0
2019-09-04T09:30:00+00:00,MKTX,SELL,3,404.470001,404.065530999,1212.196592997,0.6060982964985,1.213410003,2019-09-04-0005,102062.1344459370640,32369.4760403400640,25
2019-09-04T09:30:00+00:00,MSCI,SELL,43,233.360001,233.126640999,10024.445562957,5.0122227814785,10.034480043,2019-09-04-0006,102047.0877431125855,42388.9093805155855,0
2019-09-04T09:30:00+00:00,SNPS,SELL,73,141.169998,141.028828002,10295.104444146,5.1475522220730,10.305409854,2019-09-04-0007,102031.6347810365125,52678.8662724395125,0
2019-09-04T09:30:00+00:00,AMT,BUY,42,238.229996,238.468225996,10015.665491832,5.0078327459160,10.005659832,2019-09-04-0008,102026.6269482905965,42658.1929478615965,42
2019-09-04T09:30:00+00:00,CDNS,BUY,13,69.089996,69.159085996,899.068117948,0.4495340589740,0.898169948,2019-09-04-0009,102035.4354736956225,41758.6752958546225,147
2019-09-04T09:30:00+00:00,EW,BUY,139,73.180000,73.253180000,10182.192020000,5.0910960100000,10.172020000,2019-09-04-0010,102030.3443776856225,31571.3921798446225,139
2019-09-04T09:30:00+00:00,HSY,BUY,63,160.080002,160.240082002,10095.125166126,5.0475625830630,10.085040126,2019-09-04-0011,102025.2968151025595,21471.2194511355595,63
2019-09-04T09:30:00+00:00,SBAC,BUY,38,266.899994,267.166893994,10152.341971772,5.0761709858860,10.142199772,2019-09-04-0012,102020.2206441166735,11313.8013083776735,38
2019-09-04T09:30:00+00:00,SBUX,BUY,5,94.480003,94.574483003,472.872415015,0.2364362075075,0.472400015,2019-09-04-0013,102029.6211682151660,10840.6924571551660,107
2019-09-04T09:30:00+00:00,TFX,BUY,28,363.500000,363.863500000,10188.178000000,5.0940890000000,10.178000000,2019-09-04-0014,102024.5270792151660,647.4203681551660,28
2019-10-02T09:30:00+00:00,CDNS,SELL,2,64.699997,64.635297003,129.270594006,0.0646352970030,0.129399994,2019-10-02-0001,93735.3356792991630,776.6263268641630,145
2019-10-02T09:30:00+00:00,CMG,SELL,47,16.533600,16.517066400,776.302120800,0.3881510604000,0.777079200,2019-10-02-0002,93724.7958978387630,1552.5402966037630,567
2019-10-02T09:30:00+00:00,EW,SELL,139,71.940002,71.868061998,9989.660617722,4.9948303088610,9.999660278,2019-10-02-0003,93709.8014072519020,11537.2060840169020,0
2019-10-02T09:30:00+00:00,HSY,SELL,3,154.740005,154.585264995,463.755794985,0.2318778974925,0.464220015,2019-10-02-0004,93699.8209090394095,12000.7300011044095,60
2019-10-02T09:30:00+00:00,TFX,SELL,28,330.160004,329.829843996,9235.235631888,4.6176178159440,9.244480112,2019-10-02-0005,93685.9588111114655,21231.3480151764655,0
2019-10-02T09:30:00+00:00,BLL,BUY,4,71.500000,71.571500000,286.286000000,0.1431430000000,0.286000000,2019-10-02-0006,93694.8246681114655,20944.9188721764655,130
2019-10-02T09:30:00+00:00,MKTX,BUY,4,319.730011,320.049741011,1280.198964044,0.6400994820220,1.278920044,2019-10-02-0007,93702.1778189044435,19664.0798086504435,29
2019-10-02T09:30:00+00:00,SBAC,BUY,1,236.100006,236.336106006,236.336106006,0.1181680530030,0.236100006,2019-10-02-0008,93711.0314510794405,19427.6255345914405,39
2019-10-02T09:30:00+00:00,TDG,BUY,18,501.839996,502.341835996,9042.153047928,4.5210765239640,9.033119928,2019-10-02-0009,93706.5103745554765,10380.9514101394765,18
2019-10-02T09:30:00+00:00,TSN,BUY,112,83.320000,83.403320000,9341.171840000,4.6705859200000,9.331840000,2019-10-02-0010,93701.8397886354765,1035.1089842194765,112
2019-11-04T09:30:00+00:00,AMT,SELL,42,214.759995,214.545235005,9010.899870210,4.5054499351050,9.019919790,2019-11-04-0001,93871.9642414943715,10041.5034044943715,0
2019-11-04T09:30:00+00:00,CDNS,SELL,145,66.080002,66.013921998,9572.018689710,4.7860093448550,9.581600290,2019-11-04-0002,93857.5966318595165,19608.7360848595165,0
2019-11-04T09:30:00+00:00,HSY,SELL,60,143.050003,142.906952997,8574.417179820,4.2872085899100,8.583000180,2019-11-04-0003,93844.7264230896065,28178.8660560896065,0
2019-11-04T09:30:00+00:00,MKTX,SELL,4,368.529999,368.161469001,1472.645876004,0.7363229380020,1.474119996,2019-11-04-0004,93833.3027301806045,29650.7756091556045,25
2019-11-04T09:30:00+00:00,SBAC,SELL,39,239.970001,239.730030999,9349.471208961,4.6747356044805,9.358830039,2019-11-04-0005,93819.2691645371240,38995.5720825121240,0
2019-11-04T09:30:00+00:00,SBUX,SELL,107,83.300003,83.216702997,8904.187220679,4.4520936103395,8.913100321,2019-11-04-0006,93805.9039706057845,47895.3072095807845,0
2019-11-04T09:30:00+00:00,TDG,SELL,1,539.500000,538.960500000,538.960500000,0.2694802500000,0.539500000,2019-11-04-0007,93795.9234903557845,48433.9982293307845,17
2019-11-04T09:30:00+00:00,TSN,SELL,112,83.669998,83.586328002,9361.668736224,4.6808343681120,9.371039776,2019-11-04-0008,93781.8716162116725,57790.9861311866725,0
2019-11-04T09:30:00+00:00,AMD,BUY,266,35.189999,35.225188999,9369.900273734,4.6849501368670,9.360539734,2019-11-04-0009,93777.1866660748055,48416.4009073158055,266
2019-11-04T09:30:00+00:00,BLL,BUY,6,68.580002,68.648582002,411.891492012,0.2059457460060,0.411480012,2019-11-04-0010,93785.8961205887995,48004.3034695577995,136
2019-11-04T09:30:00+00:00,CMG,BUY,43,15.360000,15.375360000,661.140480000,0.3305702400000,0.660480000,2019-11-04-0011,93794.2746703487995,47342.8324193177995,610
2019-11-04T09:30:00+00:00,CPRT,BUY,449,20.857500,20.878357500,9374.382517500,4.6871912587500,9.365017500,2019-11-04-0012,93789.5874790900495,37963.7627105590495,449
2019-11-04T09:30:00+00:00,KEYS,BUY,90,103.430000,103.533430000,9318.008700000,4.6590043500000,9.308700000,2019-11-04-0013,93784.9284747400495,28641.0950062090495,90
2019-11-04T09:30:00+00:00,KLAC,BUY,536,17.478001,17.495479001,9377.576744536,4.6887883722680,9.368208536,2019-11-04-0014,93780.2396863677815,19258.8294733007815,536
2019-11-04T09:30:00+00:00,LRCX,BUY,334,28.000000,28.028000000,9361.352000000,4.6806760000000,9.352000000,2019-11-04-0015,93775.5590103677815,9892.7967973007815,334
2019-11-04T09:30:00+00:00,NVR,BUY,2,3689.020020,3692.709040020,7385.418080040,3.6927090400200,7.378040040,2019-11-04-0016,93771.8663013277615,2503.6860082207615,2
2019-12-03T09:30:00+00:00,AMD,SELL,15,37.340000,37.302660000,559.539900000,0.2797699500000,0.560100000,2019-12-03-0001,93909.5577562707615,3062.9461382707615,251
2019-12-03T09:30:00+00:00,BLL,SELL,136,65.589996,65.524406004,8911.319216544,4.4556596082720,8.920239456,2019-12-03-0002,93896.1818572064895,11969.8096952064895,0
2019-12-03T09:30:00+00:00,CMG,SELL,23,16.000000,15.984000000,367.632000000,0.1838160000000,0.368000000,2019-12-03-0003,93886.2380412064895,12337.2578792064895,587
2019-12-03T09:30:00+00:00,CPRT,SELL,20,21.887501,21.865613499,437.312269980,0.2186561349900,0.437750020,2019-12-03-0004,93876.1918971224995,12774.3514930514995,429
2019-12-03T09:30:00+00:00,MKTX,SELL,2,397.230011,396.832780989,793.665561978,0.3968327809890,0.794460022,2019-12-03-0005,93865.8643140665105,13567.6202222485105,23
2019-12-03T09:30:00+00:00,NVR,SELL,2,3750.000000,3746.250000000,7492.500000000,3.7462500000000,7.500000000,2019-12-03-0006,93854.6180640665105,21056.3739722485105,0
2019-12-03T09:30:00+00:00,TDG,SELL,17,551.440002,550.888561998,9365.105553966,4.6825527769830,9.374480034,2019-12-03-0007,93840.5610312555275,30416.7969734375275,0
2019-12-03T09:30:00+00:00,FLT,BUY,30,304.609985,304.914594985,9147.437849550,4.5737189247750,9.138299550,2019-12-03-0008,93835.9873123307525,21264.7854049627525,30
2019-12-03T09:30:00+00:00,GPN,BUY,53,174.259995,174.434254995,9245.015514735,4.6225077573675,9.235779735,2019-12-03-0009,93831.3648045733850,12015.1473824703850,53
2019-12-03T09:30:00+00:00,KEYS,BUY,2,101.389999,101.491388999,202.982777998,0.1014913889990,0.202779998,2019-12-03-0010,93840.3884130943860,11812.0631130833860,92
2019-12-03T09:30:00+00:00,KLAC,BUY,57,15.800000,15.815800000,901.500600000,0.4507503000000,0.900600000,2019-12-03-0011,93848.4064627943860,10910.1117627833860,593
2019-12-03T09:30:00+00:00,LRCX,BUY,31,25.679001,25.704680001,796.845080031,0.3984225400155,0.796049031,2019-12-03-0012,93856.5848265883705,10112.8682602123705,365
2019-12-03T09:30:00+00:00,TGT,BUY,76,122.599998,122.722597998,9326.917447848,4.6634587239240,9.317599848,2019-12-03-0013,93851.9213678644465,781.2873536404465,76
2020-01-03T09:30:00+00:00,AMD,SELL,43,48.029999,47.981969001,2063.224667043,1.0316123335215,2.065289957,2020-01-03-0001,99888.9083725579250,2843.4804083499250,208
2020-01-03T09:30:00+00:00,FLT,SELL,30,284.170013,283.885842987,8516.575289610,4.2582876448050,8.525100390,2020-01-03-0002,99876.1249845231200,11355.7974103151200,0
2020-01-03T09:30:00+00:00,GPN,SELL,53,183.149994,182.966844006,9697.242732318,4.8486213661590,9.706949682,2020-01-03-0003,99861.5694134749610,21048.1915212669610,0
2020-01-03T09:30:00+00:00,KEYS,SELL,92,102.410004,102.307593996,9412.298647632,4.7061493238160,9.421720368,2020-01-03-0004,99847.4415437831450,30455.7840195751450,0
2020-01-03T09:30:00+00:00,KLAC,SELL,36,17.933001,17.915067999,644.942447964,0.3224712239820,0.645588036,2020-01-03-0005,99836.4848029661630,31100.4039963151630,557
2020-01-03T09:30:00+00:00,LRCX,SELL,23,29.205000,29.175795000,671.043285000,0.3355216425000,0.671715000,2020-01-03-0006,99825.4894563236630,31771.1117596726630,342
2020-01-03T09:30:00+00:00,LDOS,BUY,102,97.540001,97.637541001,9959.029182102,4.9795145910510,9.949080102,2020-01-03-0007,99820.5099417326120,21807.1030629796120,102
2020-01-03T09:30:00+00:00,MKTX,BUY,3,377.940002,378.317942002,1134.953826006,0.5674769130030,1.133820006,2020-01-03-0008,99828.6350848656090,20671.5817600606090,26
2020-01-03T09:30:00+00:00,MSCI,BUY,38,262.200012,262.462212012,9973.564056456,4.9867820282280,9.963600456,2020-01-03-0009,99823.6483028373810,10693.0309215763810,38
2020-01-03T09:30:00+00:00,TGT,BUY,4,124.660004,124.784664004,499.138656016,0.2495693280080,0.498640016,2020-01-03-0010,99832.8728938133730,10193.6426962323730,80
2020-01-03T09:30:00+00:00,XRX,BUY,274,36.299999,36.336298999,9956.145925726,4.9780729628630,9.946199726,2020-01-03-0011,99827.8948208505100,232.5186975435100,274
2020-02-04T09:30:00+00:00,CMG,SELL,587,17.520201,17.502680799,10274.073629013,5.1370368145065,10.284357987,2020-02-04-0001,102547.8873017420035,10501.4552897420035,0
2020-02-04T09:30:00+00:00,CPRT,SELL,26,25.467501,25.442033499,661.492870974,0.3307464354870,0.662155026,2020-02-04-0002,102536.6309973775165,11162.6174142805165,403
2020-02-04T09:30:00+00:00,LDOS,SELL,102,103.190002,103.086811998,10514.854823796,5.2574274118980,10.525380204,2020-02-04-0003,102520.8481897616185,21672.2148106646185,0
2020-02-04T09:30:00+00:00,LRCX,SELL,18,31.656000,31.624344000,569.238192000,0.2846190960000,0.569808000,2020-02-04-0004,102509.7372186656185,22241.1683835686185,324
2020-02-04T09:30:00+00:00,MSCI,SELL,38,297.390015,297.092624985,11289.519749430,5.6447598747150,11.300820570,2020-02-04-0005,102492.7916382209035,33525.0433731239035,0
2020-02-04T09:30:00+00:00,XRX,SELL,274,36.950001,36.913050999,10114.175973726,5.0570879868630,10.124300274,2020-02-04-0006,102477.6102499600405,43634.1622588630405,0
2020-02-04T09:30:00+00:00,AAPL,BUY,129,78.827499,78.906326499,10178.916118371,5.0894580591855,10.168747371,2020-02-04-0007,102472.5207919008550,33450.1566824328550,129
2020-02-04T09:30:00+00:00,KLAC,BUY,30,17.433001,17.450434001,523.513020030,0.2617565100150,0.522990030,2020-02-04-0008,102481.9692169478400,32926.3819058928400,587
2020-02-04T09:30:00+00:00,MKTX,BUY,2,357.959991,358.317950991,716.635901982,0.3583179509910,0.715919982,2020-02-04-0009,102490.9178587628490,32209.3876859598490,28
2020-02-04T09:30:00+00:00,PAYC,BUY,31,328.200012,328.528212012,10184.374572372,5.0921872861860,10.174200372,2020-02-04-0010,102485.8256714766630,22019.9209263016630,31
2020-02-04T09:30:00+00:00,QCOM,BUY,116,88.250000,88.338250000,10247.237000000,5.1236185000000,10.237000000,2020-02-04-0011,102480.7020529766630,11767.5603078016630,116
2020-02-04T09:30:00+00:00,QRVO,BUY,93,110.050003,110.160053003,10244.884929279,5.1224424646395,10.234650279,2020-02-04-0012,102475.5796105120235,1517.5529360580235,93
2020-02-04T09:30:00+00:00,TGT,BUY,10,113.639999,113.753638999,1137.536389990,0.5687681949950,1.136399990,2020-02-04-0013,102484.1020422370285,379.4477778730285,90
2020-03-03T09:30:00+00:00,AAPL,SELL,3,75.917503,75.841585497,227.524756491,0.1137623782455,0.227752509,2020-03-03-0001,95784.7681476077830,606.8587719857830,126
2020-03-03T09:30:00+00:00,AMD,SELL,13,49.029999,48.980969001,636.752597013,0.3183762985065,0.637389987,2020-03-03-0002,95774.2515315172765,1243.2929927002765,195
2020-03-03T09:30:00+00:00,KLAC,SELL,587,15.681000,15.665319000,9195.542253000,4.5977711265000,9.204747000,2020-03-03-0003,95760.4490133907765,10434.2374745737765,0
2020-03-03T09:30:00+00:00,LRCX,SELL,5,30.030001,29.999970999,149.999854995,0.0749999274975,0.150150005,2020-03-03-0004,95750.6442931392790,10584.1623296412790,319
2020-03-03T09:30:00+00:00,MKTX,SELL,28,346.899994,346.553094006,9703.486632168,4.8517433160840,9.713199832,2020-03-03-0005,95736.0793499911950,20282.7972184931950,0
2020-03-03T09:30:00+00:00,QRVO,SELL,93,103.000000,102.897000000,9569.421000000,4.7847105000000,9.579000000,2020-03-03-0006,95721.7156394911950,29847.4335079931950,0
2020-03-03T09:30:00+00:00,TGT,SELL,90,112.000000,111.888000000,10069.920000000,5.0349600000000,10.080000000,2020-03-03-0007,95706.6006794911950,39912.3185479931950,0
2020-03-03T09:30:00+00:00,CPRT,BUY,43,21.437500,21.458937500,922.734312500,0.4613671562500,0.921812500,2020-03-03-0008,95714.7786248349450,38989.1228683369450,446
2020-03-03T09:30:00+00:00,KMX,BUY,106,89.449997,89.539446997,9491.181381682,4.7455906908410,9.481699682,2020-03-03-0009,95710.0330341441040,29493.1958959641040,106
2020-03-03T09:30:00+00:00,PAYC,BUY,1,293.630005,293.923635005,293.923635005,0.1469618175025,0.293630005,2020-03-03-0010,95718.9886024816015,29199.1252991416015,32
2020-03-03T09:30:00+00:00,PHM,BUY,227,42.000000,42.042000000,9543.534000000,4.7717670000000,9.534000000,2020-03-03-0011,95714.2168354816015,19650.8195321416015,227
2020-03-03T09:30:00+00:00,QCOM,BUY,2,80.820000,80.900820000,161.801640000,0.0809008200000,0.161640000,2020-03-03-0012,95723.5110546616015,19488.9369913216015,118
2020-03-03T09:30:00+00:00,RMD,BUY,56,168.679993,168.848672993,9455.525687608,4.7277628438040,9.446079608,2020-03-03-0013,95718.7832918177975,10028.6835408697975,56
2020-03-03T09:30:00+00:00,TDG,BUY,16,565.859985,566.425844985,9062.813519760,4.5314067598800,9.053759760,2020-03-03-0014,95714.2518850579175,961.3386143499175,16
2020-04-02T09:30:00+00:00,AAPL,SELL,15,60.084999,60.024914001,900.373710015,0.4501868550075,0.901274985,2020-04-02-0001,66795.1804676209100,1861.2621375099100,111
2020-04-02T09:30:00+00:00,AMD,SELL,41,43.400002,43.356601998,1777.620681918,0.8888103409590,1.779400082,2020-04-02-0002,66785.8286568899510,3637.9940090869510,154
2020-04-02T09:30:00+00:00,CPRT,SELL,446,15.905000,15.889095000,7086.536370000,3.5432681850000,7.093630000,2020-04-02-0003,66775.1917587049510,10720.9871109019510,0
2020-04-02T09:30:00+00:00,KMX,SELL,106,49.009998,48.960988002,5189.864728212,2.5949323641060,5.195059788,2020-04-02-0004,66767.4017665528450,15908.2569067498450,0
2020-04-02T09:30:00+00:00,LRCX,SELL,15,21.958000,21.936042000,329.040630000,0.1645203150000,0.329370000,2020-04-02-0005,66760.2326442378450,16237.1330164348450,304
2020-04-02T09:30:00+00:00,QCOM,SELL,118,65.870003,65.804132997,7764.887693646,3.8824438468230,7.772660354,2020-04-02-0006,66748.5775400370220,23998.1382662340220,0
2020-04-02T09:30:00+00:00,RMD,SELL,9,140.490005,140.349514995,1263.145634955,0.6315728174775,1.264410045,2020-04-02-0007,66740.0785269395445,25260.6523283715445,47
2020-04-02T09:30:00+00:00,TDG,SELL,16,270.010010,269.739999990,4315.839999840,2.1579199999200,4.320160160,2020-04-02-0008,66733.6004467796245,29574.3344082116245,0
2020-04-02T09:30:00+00:00,AMAT,BUY,157,42.500000,42.542500000,6679.172500000,3.3395862500000,6.672500000,2020-04-02-0009,66730.2608605296245,22891.8223219616245,157
2020-04-02T09:30:00+00:00,LDOS,BUY,77,86.510002,86.596512002,6667.931424154,3.3339657120770,6.661270154,2020-04-02-0010,66726.9268948175475,16220.5569320955475,77
2020-04-02T09:30:00+00:00,MSCI,BUY,24,268.779999,269.048778999,6457.170695976,3.2285853479880,6.450719976,2020-04-02-0011,66723.6983094695595,9760.1576507715595,24
2020-04-02T09:30:00+00:00,PAYC,BUY,4,183.699997,183.883696997,735.534787988,0.3677673939940,0.734799988,2020-04-02-0012,66729.2089419795655,9024.2550953895655,36
2020-04-02T09:30:00+00:00,PHM,BUY,96,20.600000,20.620600000,1979.577600000,0.9897888000000,1.977600000,2020-04-02-0013,66732.8953531795655,7043.6877065895655,323
2020-04-02T09:30:00+00:00,SBAC,BUY,25,259.549988,259.809537988,6495.238449700,3.2476192248500,6.488749700,2020-04-02-0014,66729.6477339547155,545.2016376647155,25
2020-05-04T09:30:00+00:00,AAPL,SELL,111,72.292503,72.220210497,8016.443365167,4.0082216825835,8.024467833,2020-05-04-0001,77715.7584671491320,8557.6367811491320,0
2020-05-04T09:30:00+00:00,AMAT,SELL,157,46.560001,46.513440999,7302.610236843,3.6513051184215,7.309920157,2020-05-04-0002,77704.7972418737105,15856.5957128737105,0
2020-05-04T09:30:00+00:00,LDOS,SELL,77,97.889999,97.792109001,7529.992393077,3.7649961965385,7.537529923,2020-05-04-0003,77693.4947157541720,23382.8231097541720,0
2020-05-04T09:30:00+00:00,LRCX,SELL,304,23.398001,23.374602999,7105.879311696,3.5529396558480,7.112992304,2020-05-04-0004,77682.8287837943240,30485.1494817943240,0
2020-05-04T09:30:00+00:00,MSCI,SELL,24,317.649994,317.332344006,7615.976256144,3.8079881280720,7.623599856,2020-05-04-0005,77671.3971958102520,38097.3177498102520,0
2020-05-04T09:30:00+00:00,PAYC,SELL,36,236.979996,236.743016004,8522.748576144,4.2613742880720,8.531279856,2020-05-04-0006,77658.6045416661800,46615.8049516661800,0
2020-05-04T09:30:00+00:00,PHM,SELL,323,26.709999,26.683289001,8618.702347323,4.3093511736615,8.627329677,2020-05-04-0007,77645.6678608155185,55230.1979478155185,0
2020-05-04T09:30:00+00:00,BIIB,BUY,26,294.059998,294.354057998,7653.205507948,3.8266027539740,7.645559948,2020-05-04-0008,77641.8412580615445,47573.1658371135445,26
2020-05-04T09:30:00+00:00,DVA,BUY,102,75.800003,75.875803003,7739.331906306,3.8696659531530,7.731600306,2020-05-04-0009,77637.9715921083915,39829.9642648543915,102
2020-05-04T09:30:00+00:00,EQIX,BUY,11,664.510010,665.174520010,7316.919720110,3.6584598600550,7.309610110,2020-05-04-0010,77634.3131322483365,32509.3860848843365,11
2020-05-04T09:30:00+00:00,NEM,BUY,125,62.099998,62.162097998,7770.262249750,3.8851311248750,7.762499750,2020-05-04-0011,77630.4280011234615,24735.2387040094615,125
2020-05-04T09:30:00+00:00,REGN,BUY,14,528.179993,528.708172993,7401.914421902,3.7009572109510,7.394519902,2020-05-04-0012,77626.7270439125105,17329.6233248965105,14
2020-05-04T09:30:00+00:00,RMD,BUY,1,159.020004,159.179024004,159.179024004,0.0795895120020,0.159020004,2020-05-04-0013,77634.1213945885085,17170.3647113805085,48
2020-05-04T09:30:00+00:00,SBAC,BUY,1,290.769989,291.060758989,291.060758989,0.1455303794945,0.290769989,2020-05-04-0014,77641.2451139340140,16879.1584220120140,26
2020-05-04T09:30:00+00:00,TGT,BUY,72,107.830002,107.937832002,7771.523904144,3.8857619520720,7.763760144,2020-05-04-0015,77637.3593519819420,9103.7487559159420,72
2020-05-04T09:30:00+00:00,VRTX,BUY,30,257.399994,257.657393994,7729.721819820,3.8648609099100,7.721999820,2020-05-04-0016,77633.4944910720320,1370.1620751860320,30
2020-06-02T09:30:00+00:00,BIIB,SELL,26,300.279999,299.979719001,7799.472694026,3.8997363470130,7.807279974,2020-06-02-0001,82567.8064218650190,9165.7350328650190,0
2020-06-02T09:30:00+00:00,EQIX,SELL,11,718.330017,717.611686983,7893.728556813,3.9468642784065,7.901630187,2020-06-02-0002,82555.9579273996125,17055.5167253996125,0
2020-06-02T09:30:00+00:00,REGN,SELL,1,602.200012,601.597811988,601.597811988,0.3007989059940,0.602200012,2020-06-02-0003,82547.2263283256185,17656.8137384816185,13
2020-06-02T09:30:00+00:00,RMD,SELL,48,161.000000,160.839000000,7720.272000000,3.8601360000000,7.728000000,2020-06-02-0004,82535.6381923256185,25373.2256024816185,0
2020-06-02T09:30:00+00:00,SBAC,SELL,26,314.350006,314.035655994,8164.927055844,4.0824635279220,8.173100156,2020-06-02-0005,82523.3826286416965,33534.0701947976965,0
2020-06-02T09:30:00+00:00,TGT,SELL,72,119.660004,119.540343996,8606.904767712,4.3034523838560,8.615520288,2020-06-02-0006,82510.4636559698405,42136.6715101258405,0
2020-06-02T09:30:00+00:00,VRTX,SELL,30,283.920013,283.636092987,8509.082789610,4.2545413948050,8.517600390,2020-06-02-0007,82497.6915141850355,50641.4997583410355,0
2020-06-02T09:30:00+00:00,AAPL,BUY,102,80.187500,80.267687500,8187.304125000,4.0936520625000,8.179125000,2020-06-02-0008,82493.5978621225355,42450.1019812785355,102
2020-06-02T09:30:00+00:00,DXCM,BUY,87,94.002502,94.096504502,8186.395891674,4.0931979458370,8.178217674,2020-06-02-0009,82489.5046641766985,34259.6128916586985,87
2020-06-02T09:30:00+00:00,KLAC,BUY,470,17.530001,17.547531001,8247.339570470,4.1236697852350,8.239100470,2020-06-02-0010,82485.3809943914635,26008.1496514034635,470
2020-06-02T09:30:00+00:00,NEM,BUY,10,60.900002,60.960902002,609.609020020,0.3048045100100,0.609000020,2020-06-02-0011,82492.6886901314535,25398.2358268734535,135
2020-06-02T09:30:00+00:00,ODFL,BUY,97,84.500000,84.584500000,8204.696500000,4.1023482500000,8.196500000,2020-06-02-0012,82488.5863418814535,17189.4369786234535,97
2020-06-02T09:30:00+00:00,QRVO,BUY,77,106.000000,106.106000000,8170.162000000,4.0850810000000,8.162000000,2020-06-02-0013,82484.5012608814535,9015.1898976234535,77
2020-06-02T09:30:00+00:00,WST,BUY,39,210.750000,210.960750000,8227.469250000,4.1137346250000,8.219250000,2020-06-02-0014,82480.3875262564535,783.6069129984535,39
2020-07-02T09:30:00+00:00,AAPL,SELL,9,91.962502,91.870539498,826.834855482,0.4134174277410,0.827662518,2020-07-02-0001,86121.4272183667125,1610.0283510527125,93
2020-07-02T09:30:00+00:00,DVA,SELL,102,81.500000,81.418500000,8304.687000000,4.1523435000000,8.313000000,2020-07-02-0002,86108.9618748667125,9910.5630075527125,0
2020-07-02T09:30:00+00:00,DXCM,SELL,2,100.555000,100.454445000,200.908890000,0.1004544450000,0.201110000,2020-07-02-0003,86100.1131354217125,10111.3714431077125,85
2020-07-02T09:30:00+00:00,KLAC,SELL,470,19.455999,19.436543001,9135.175210470,4.5675876052350,9.144319530,2020-07-02-0004,86086.4012282864775,19241.9790659724775,0
2020-07-02T09:30:00+00:00,NEM,SELL,135,60.889999,60.829109001,8211.929715135,4.1059648575675,8.220149865,2020-07-02-0005,86074.0751135639100,27449.8028162499100,0
2020-07-02T09:30:00+00:00,WST,SELL,1,225.509995,225.284485005,225.284485005,0.1126422425025,0.225509995,2020-07-02-0006,86065.1675815164075,27674.9746590124075,38
2020-07-02T09:30:00+00:00,AMD,BUY,8,53.029999,53.083028999,424.664231992,0.2123321159960,0.424239992,2020-07-02-0007,86073.1218692464115,27250.0980949044115,162
2020-07-02T09:30:00+00:00,FTNT,BUY,306,28.063999,28.092062999,8596.171277694,4.2980856388470,8.587583694,2020-07-02-0008,86068.8237836075645,18649.6287315715645,306
2020-07-02T09:30:00+00:00,ODFL,BUY,4,84.724998,84.809722998,339.238891992,0.1696194459960,0.338899992,2020-07-02-0009,86076.8724889675685,18310.2202201335685,101
2020-07-02T09:30:00+00:00,QRVO,BUY,1,109.150002,109.259152002,109.259152002,0.0546295760010,0.109150002,2020-07-02-0010,86085.2224095455675,18200.9064385555675,78
2020-07-02T09:30:00+00:00,REGN,BUY,1,612.099976,612.712075976,612.712075976,0.3063560379880,0.612099976,2020-07-02-0011,86092.8733531955795,17587.8880065415795,14
2020-07-02T09:30:00+00:00,TYL,BUY,24,351.489990,351.841479990,8444.195519760,4.2220977598800,8.435759760,2020-07-02-0012,86088.6512554356995,9139.4703890216995,24
2020-07-02T09:30:00+00:00,VRTX,BUY,29,288.519989,288.808508989,8375.446760681,4.1877233803405,8.367079681,2020-07-02-0013,86084.4635320553590,759.8359049603590,29
2020-08-04T09:30:00+00:00,AAPL,SELL,4,109.132500,109.023367500,436.093470000,0.2180467350000,0.436530000,2020-08-04-0001,97367.9313147253590,1195.7113282253590,89
2020-08-04T09:30:00+00:00,AMD,SELL,38,78.029999,77.951969001,2962.174822038,1.4810874110190,2.965139962,2020-08-04-0002,97353.8093674763400,4156.4050628523400,124
2020-08-04T09:30:00+00:00,FTNT,SELL,306,27.464001,27.436536999,8395.580321694,4.1977901608470,8.403984306,2020-08-04-0003,97341.2075930094930,12547.7875943854930,0
2020-08-04T09:30:00+00:00,ODFL,SELL,101,91.260002,91.168741998,9208.042941798,4.6040214708990,9.217260202,2020-08-04-0004,97327.3863113365940,21751.2265147125940,0
2020-08-04T09:30:00+00:00,QRVO,SELL,78,132.440002,132.307561998,10319.989835844,5.1599949179220,10.330320156,2020-08-04-0005,97311.8959962626720,32066.0563556386720,0
2020-08-04T09:30:00+00:00,TYL,SELL,24,363.140015,362.776874985,8706.644999640,4.3533224998200,8.715360360,2020-08-04-0006,97298.8273134028520,40768.3480327788520,0
2020-08-04T09:30:00+00:00,WST,SELL,3,276.489990,276.213500010,828.640500030,0.4143202500150,0.829469970,2020-08-04-0007,97287.9063735328370,41596.5742125588370,35
2020-08-04T09:30:00+00:00,DXCM,BUY,3,110.525002,110.635527002,331.906581006,0.1659532905030,0.331575006,2020-08-04-0008,97297.1350454123340,41264.5016782623340,88
2020-08-04T09:30:00+00:00,NEM,BUY,142,68.370003,68.438373003,9718.248966426,4.8591244832130,9.708540426,2020-08-04-0009,97292.2759209291210,31541.3935873531210,142
2020-08-04T09:30:00+00:00,NVDA,BUY,880,11.050000,11.061050000,9733.724000000,4.8668620000000,9.724000000,2020-08-04-0010,97287.4090589291210,21802.8027253531210,880
2020-08-04T09:30:00+00:00,PYPL,BUY,49,196.350006,196.546356006,9630.771444294,4.8153857221470,9.621150294,2020-08-04-0011,97282.5936732069740,12167.2158953369740,49
2020-08-04T09:30:00+00:00,SWKS,BUY,65,147.440002,147.587442002,9593.183730130,4.7965918650650,9.583600130,2020-08-04-0012,97277.7970813419090,2569.2355733419090,65
2020-08-04T09:30:00+00:00,VRTX,BUY,5,279.230011,279.509241011,1397.546205055,0.6987731025275,1.396150055,2020-08-04-0013,97285.1959785583815,1170.9905951843815,34
2020-09-02T09:30:00+00:00,AAPL,SELL,14,137.589996,137.452406004,1924.333684056,0.9621668420280,1.926259944,2020-09-02-0001,104299.2913666983535,3094.3621123983535,75
2020-09-02T09:30:00+00:00,AMD,SELL,13,94.010002,93.915991998,1220.907895974,0.6104539479870,1.222130026,2020-09-02-0002,104287.0236725023665,4314.6595544243665,111
2020-09-02T09:30:00+00:00,NEM,SELL,142,66.000000,65.934000000,9362.628000000,4.6813140000000,9.372000000,2020-09-02-0003,104272.9703585023665,13672.6062404243665,0
2020-09-02T09:30:00+00:00,NVDA,SELL,170,14.703750,14.689046250,2497.137862500,1.2485689312500,2.499637500,2020-09-02-0004,104258.7824895711165,16168.4955339931165,710
2020-09-02T09:30:00+00:00,VRTX,SELL,34,275.640015,275.364374985,9362.388749490,4.6811943747450,9.371760510,2020-09-02-0005,104244.7295346863715,25526.2030891083715,0
2020-09-02T09:30:00+00:00,DXCM,BUY,10,105.977501,106.083478501,1060.834785010,0.5304173925050,1.059775010,2020-09-02-0006,104253.5251373818665,24464.8378867058665,98
2020-09-02T09:30:00+00:00,LRCX,BUY,301,34.598000,34.632598000,10424.411998000,5.2122059990000,10.413998000,2020-09-02-0007,104248.3129313828665,14035.2136827068665,301
2020-09-02T09:30:00+00:00,QRVO,BUY,78,132.669998,132.802667998,10358.608103844,5.1793040519220,10.348259844,2020-09-02-0008,104243.1336273309445,3671.4262748109445,78
2020-09-02T09:30:00+00:00,REGN,BUY,3,591.299988,591.891287988,1775.673863964,0.8878369319820,1.773899964,2020-09-02-0009,104250.5239902309625,1894.8645739149625,17
2020-09-02T09:30:00+00:00,SWKS,BUY,5,148.500000,148.648500000,743.242500000,0.3716212500000,0.742500000,2020-09-02-0010,104259.8048689809625,1151.2504526649625,70
2020-09-02T09:30:00+00:00,WST,BUY,1,283.700012,283.983712012,283.983712012,0.1419918560060,0.283700012,2020-09-02-0011,104269.5923775449565,867.1247487969565,36
2020-10-02T09:30:00+00:00,LRCX,SELL,301,32.936001,32.903064999,9903.822564699,4.9519112823495,9.913736301,2020-10-02-0001,96995.1404332136070,10765.9954022136070,0
2020-10-02T09:30:00+00:00,QRVO,SELL,78,131.500000,131.368500000,10246.743000000,5.1233715000000,10.257000000,2020-10-02-0002,96979.7600617136070,21007.6150307136070,0
2020-10-02T09:30:00+00:00,SWKS,SELL,70,148.100006,147.951905994,10356.633419580,5.1783167097900,10.367000420,2020-10-02-0003,96964.2147445838170,31359.0701335838170,0
2020-10-02T09:30:00+00:00,WST,SELL,1,273.839996,273.566156004,273.566156004,0.1367830780020,0.273839996,2020-10-02-0004,96954.2197216498150,31632.4995065098150,35
2020-10-02T09:30:00+00:00,AAPL,BUY,10,112.889999,113.002888999,1130.028889990,0.5650144449950,1.128899990,2020-10-02-0005,96962.1214571298200,30501.9056020748200,85
2020-10-02T09:30:00+00:00,AMD,BUY,6,82.580002,82.662582002,495.975492012,0.2479877460060,0.495480012,2020-10-02-0006,96971.0398496058140,30005.6821223168140,117
2020-10-02T09:30:00+00:00,AMZN,BUY,61,157.681503,157.839184503,9628.190254683,4.8140951273415,9.618571683,2020-10-02-0007,96966.2257544784725,20372.6777725064725,61
2020-10-02T09:30:00+00:00,ETSY,BUY,76,127.489998,127.617487998,9698.929087848,4.8494645439240,9.689239848,2020-10-02-0008,96961.3762899345485,10668.8992201145485,76
2020-10-02T09:30:00+00:00,NFLX,BUY,187,51.643002,51.694645002,9666.898615374,4.8334493076870,9.657241374,2020-10-02-0009,96956.5428406268615,997.1671554328615,187
2020-10-02T09:30:00+00:00,NVDA,BUY,22,13.225000,13.238225000,291.240950000,0.1456204750000,0.290950000,2020-10-02-0010,96965.7869701518615,705.7805849578615,732
2020-10-02T09:30:00+00:00,PYPL,BUY,1,192.729996,192.922725996,192.922725996,0.0964613629980,0.192729996,2020-10-02-0011,96975.1342785928635,512.7613975988635,50
2020-11-03T09:30:00+00:00,AAPL,SELL,2,109.660004,109.550343996,219.100687992,0.1095503439960,0.219320008,2020-11-03-0001,91445.1020919148675,731.7525352468675,83
2020-11-03T09:30:00+00:00,AMZN,SELL,61,150.926498,150.775571502,9197.309861622,4.5986549308110,9.206516378,2020-11-03-0002,91431.2969206060565,9924.4637419380565,0
2020-11-03T09:30:00+00:00,ETSY,SELL,5,127.956001,127.828044999,639.140224995,0.3195701124975,0.639780005,2020-11-03-0003,91421.2526944175590,10563.2843968205590,71
2020-11-03T09:30:00+00:00,NVDA,SELL,12,12.708500,12.695791500,152.349498000,0.0761747490000,0.152502000,2020-11-03-0004,91411.8738976685590,10715.5577200715590,720
2020-11-03T09:30:00+00:00,REGN,SELL,1,551.890015,551.338124985,551.338124985,0.2756690624925,0.551890015,2020-11-03-0005,91402.2160983510665,11266.6201759940665,16
2020-11-03T09:30:00+00:00,WST,SELL,2,273.000000,272.727000000,545.454000000,0.2727270000000,0.546000000,2020-11-03-0006,91392.3883713510665,11811.8014489940665,33
2020-11-03T09:30:00+00:00,AMD,BUY,4,74.930000,75.004930000,300.019720000,0.1500098600000,0.299720000,2020-11-03-0007,91401.0051714910665,11511.6317191340665,121
2020-11-03T09:30:00+00:00,DXCM,BUY,18,78.752502,78.831254502,1418.962581036,0.7094812905180,1.417545036,2020-11-03-0008,91408.0134353965485,10091.9596568075485,116
2020-11-03T09:30:00+00:00,NOW,BUY,95,95.522003,95.617525003,9083.664875285,4.5418324376425,9.074590285,2020-11-03-0009,91403.4716029589060,1003.7529490849060,95
2020-11-03T09:30:00+00:00,PYPL,BUY,1,177.940002,178.117942002,178.117942002,0.0890589710010,0.177940002,2020-11-03-0010,91412.2795440879050,825.5459481119050,51
2020-12-02T09:30:00+00:00,AAPL,SELL,83,122.019997,121.897977003,10117.532091249,5.0587660456245,10.127659751,2020-12-02-0001,99702.9779763152805,10938.0192733152805,0
2020-12-02T09:30:00+00:00,AMD,SELL,14,92.889999,92.797109001,1299.159526014,0.6495797630070,1.300459986,2020-12-02-0002,99691.0887066732735,12236.5292195662735,107
2020-12-02T09:30:00+00:00,DXCM,SELL,116,81.669998,81.588328002,9464.246048232,4.7321230241160,9.473719768,2020-12-02-0003,99676.8828638811575,21696.0431447741575,0
2020-12-02T09:30:00+00:00,ETSY,SELL,6,151.375000,151.223625000,907.341750000,0.4536708750000,0.908250000,2020-12-02-0004,99665.6815680061575,22602.9312238991575,65
2020-12-02T09:30:00+00:00,NFLX,SELL,187,50.161999,50.111837001,9370.913519187,4.6854567595935,9.380293813,2020-12-02-0005,99651.6158174335640,31969.1592863265640,0
2020-12-02T09:30:00+00:00,NOW,SELL,1,106.153999,106.047845001,106.047845001,0.0530239225005,0.106153999,2020-12-02-0006,99641.4781636060635,32075.1541074050635,94
2020-12-02T09:30:00+00:00,PYPL,SELL,5,215.600006,215.384405994,1076.922029970,0.5384610149850,1.078000030,2020-12-02-0007,99629.9441022850785,33151.5376763600785,46
2020-12-02T09:30:00+00:00,REGN,SELL,16,515.940002,515.424061998,8246.784991968,4.1233924959840,8.255040032,2020-12-02-0008,99617.5656697570945,41394.1992758320945,0
2020-12-02T09:30:00+00:00,AMZN,BUY,61,161.082504,161.243586504,9835.858776744,4.9179293883720,9.826032744,2020-12-02-0009,99612.6477403687225,31553.4225696997225,61
2020-12-02T09:30:00+00:00,FDX,BUY,43,231.442383,231.673825383,9961.974491469,4.9809872457345,9.952022469,2020-12-02-0010,99607.6667531229880,21586.4670909849880,43
2020-12-02T09:30:00+00:00,IDXX,BUY,21,465.510010,465.975520010,9785.485920210,4.8927429601050,9.775710210,2020-12-02-0011,99602.7740101628830,11796.0884278148830,21
2020-12-02T09:30:00+00:00,NVDA,BUY,26,13.350500,13.363850500,347.460113000,0.1737300565000,0.347113000,2020-12-02-0012,99612.2126401063830,11448.4545847583830,746
2020-12-02T09:30:00+00:00,POOL,BUY,28,350.700012,351.050712012,9829.419936336,4.9147099681680,9.819600336,2020-12-02-0013,99607.2979301382150,1614.1199384542150,28
2020-12-02T09:30:00+00:00,WST,BUY,3,272.000000,272.272000000,816.816000000,0.4084080000000,0.816000000,2020-12-02-0014,99615.8655221382150,796.8955304542150,36
2021-01-05T09:30:00+00:00,AMZN,SELL,61,158.300507,158.142206493,9646.674596073,4.8233372980365,9.656330927,2021-01-05-0001,100831.7961822291785,10438.7467892291785,0
2021-01-05T09:30:00+00:00,ETSY,SELL,6,170.190002,170.019811998,1020.118871988,0.5100594359940,1.021140012,2021-01-05-0002,100820.2237726631845,11458.3556017811845,59
2021-01-05T09:30:00+00:00,IDXX,SELL,21,488.910004,488.421093996,10256.842973916,5.1284214869580,10.267110084,2021-01-05-0003,100804.8282410922265,21710.0701542102265,0
2021-01-05T09:30:00+00:00,POOL,SELL,28,356.529999,356.173469001,9972.857132028,4.9864285660140,9.982839972,2021-01-05-0004,100789.8589725542125,31677.9408576722125,0
2021-01-05T09:30:00+00:00,PYPL,SELL,3,230.470001,230.239530999,690.718592997,0.3453592964985,0.691410003,2021-01-05-0005,100778.9119932117140,32368.3140913727140,43
2021-01-05T09:30:00+00:00,WST,SELL,1,284.670013,284.385342987,284.385342987,0.1421926714935,0.284670013,2021-01-05-0006,100768.5216800722205,32652.5572416882205,35
2021-01-05T09:30:00+00:00,ALB,BUY,65,152.669998,152.822667998,9933.473419870,4.9667367099350,9.923549870,2021-01-05-0007,100763.5549433622855,22714.1170851082855,65
2021-01-05T09:30:00+00:00,AMD,BUY,2,92.099998,92.192097998,184.384195996,0.0921920979980,0.184199996,2021-01-05-0008,100773.3174510502875,22529.6406970142875,109
2021-01-05T09:30:00+00:00,FCX,BUY,371,27.139999,27.167138999,10079.008568629,5.0395042843145,10.068939629,2021-01-05-0009,100768.2779467659730,12445.5926241009730,371
2021-01-05T09:30:00+00:00,FDX,BUY,6,202.659149,202.861808149,1217.170848894,0.6085854244470,1.215954894,2021-01-05-0010,100776.3837047485260,11227.8131897825260,49
2021-01-05T09:30:00+00:00,NOW,BUY,1,105.208000,105.313208000,105.313208000,0.0526566040000,0.105208000,2021-01-05-0011,100786.2206001445260,11122.4473251785260,95
2021-01-05T09:30:00+00:00,NVDA,BUY,23,13.099750,13.112849750,301.595544250,0.1507977721250,0.301294250,2021-01-05-0012,100795.8422158724010,10820.7009831564010,769
2021-01-05T09:30:00+00:00,TSLA,BUY,41,241.220001,241.461221001,9899.910061041,4.9499550305205,9.890020041,2021-01-05-0013,100790.8922608418805,915.8409670848805,41
2021-02-02T09:30:00+00:00,ALB,SELL,2,169.449997,169.280547003,338.561094006,0.1692805470030,0.338899994,2021-02-02-0001,107542.5890677328775,1254.2327805438775,63
2021-02-02T09:30:00+00:00,ETSY,SELL,8,207.399994,207.192594006,1657.540752048,0.8287703760240,1.659199952,2021-02-02-0002,107529.5236977108535,2910.9447622158535,51
2021-02-02T09:30:00+00:00,FDX,SELL,49,198.541504,198.342962496,9718.805162304,4.8594025811520,9.728533696,2021-02-02-0003,107514.9357614337015,12624.8905219387015,0
2021-02-02T09:30:00+00:00,NOW,SELL,95,112.575996,112.463420004,10684.024900380,5.3420124501900,10.694719620,2021-02-02-0004,107498.8990293635115,23303.5734098685115,0
2021-02-02T09:30:00+00:00,TSLA,SELL,3,281.559998,281.278438002,843.835314006,0.4219176570030,0.844679994,2021-02-02-0005,107486.9331517885085,24146.9868062175085,38
2021-02-02T09:30:00+00:00,WST,SELL,35,300.000000,299.700000000,10489.500000000,5.2447500000000,10.500000000,2021-02-02-0006,107471.1884017885085,34631.2420562175085,0
2021-02-02T09:30:00+00:00,ALGN,BUY,19,551.780029,552.331809029,10494.304371551,5.2471521857755,10.483820551,2021-02-02-0007,107465.9412496027330,24131.6905324807330,19
2021-02-02T09:30:00+00:00,AMD,BUY,12,88.489998,88.578487998,1062.941855976,0.5314709279880,1.061879976,2021-02-02-0008,107475.0551884567450,23068.2172055767450,121
2021-02-02T09:30:00+00:00,CDNS,BUY,79,135.330002,135.465332002,10701.761228158,5.3508806140790,10.691070158,2021-02-02-0009,107469.7043078426660,12361.1050968046660,79
2021-02-02T09:30:00+00:00,ENPH,BUY,56,189.839996,190.029835996,10641.670815776,5.3208354078880,10.631039776,2021-02-02-0010,107464.3834724347780,1714.1134456207780,56
2021-02-02T09:30:00+00:00,FCX,BUY,8,28.290001,28.318291001,226.546328008,0.1132731640040,0.226320008,2021-02-02-0011,107474.7657896417740,1487.4538444487740,379
2021-02-02T09:30:00+00:00,NVDA,BUY,32,13.398750,13.412148750,429.188760000,0.2145943800000,0.428760000,2021-02-02-0012,107484.8548340117740,1058.0504900687740,801
2021-02-02T09:30:00+00:00,PYPL,BUY,1,243.610001,243.853611001,243.853611001,0.1219268055005,0.243610001,2021-02-02-0013,107495.2081372492735,814.0749522622735,44
2021-03-02T09:30:00+00:00,AMD,SELL,121,86.919998,86.833078002,10506.802438242,5.2534012191210,10.517319758,2021-03-02-0001,111837.9073222851525,11315.6239892851525,0
2021-03-02T09:30:00+00:00,CDNS,SELL,79,147.660004,147.512343996,11653.475175684,5.8267375878420,11.665140316,2021-03-02-0002,111820.4154443813105,22963.2724273813105,0
2021-03-02T09:30:00+00:00,ETSY,SELL,6,243.500000,243.256500000,1459.539000000,0.7297695000000,1.461000000,2021-03-02-0003,111807.2671748813105,24422.0816578813105,45
2021-03-02T09:30:00+00:00,FCX,SELL,59,34.980000,34.945020000,2061.756180000,1.0308780900000,2.063820000,2021-03-02-0004,111792.9788767913105,26482.8069597913105,320
2021-03-02T09:30:00+00:00,NVDA,SELL,801,13.900000,13.886100000,11122.766100000,5.5613830500000,11.133900000,2021-03-02-0005,111776.2835937413105,37600.0116767413105,0
2021-03-02T09:30:00+00:00,PYPL,SELL,4,275.959991,275.684031009,1102.736124036,0.5513680620180,1.103839964,2021-03-02-0006,111763.5899860752925,38702.1964327152925,40
2021-03-02T09:30:00+00:00,ALB,BUY,9,153.889999,154.043888999,1386.395000991,0.6931975004955,1.385009991,2021-03-02-0007,111772.5918585117970,37315.1082342237970,72
2021-03-02T09:30:00+00:00,ENPH,BUY,4,185.300003,185.485303003,741.941212012,0.3709706060060,0.741200012,2021-03-02-0008,111782.5976880737910,36572.7960516057910,60
2021-03-02T09:30:00+00:00,MPWR,BUY,28,390.440002,390.830442002,10943.252376056,5.4716261880280,10.932320056,2021-03-02-0009,111777.1260618857630,25624.0720493617630,28
2021-03-02T09:30:00+00:00,QCOM,BUY,79,140.000000,140.140000000,11071.060000000,5.5355300000000,11.060000000,2021-03-02-0010,111771.5905318857630,14547.4765193617630,79
2021-03-02T09:30:00+00:00,TER,BUY,83,133.750000,133.883750000,11112.351250000,5.5561756250000,11.101250000,2021-03-02-0011,111766.0343562607630,3429.5690937367630,83
2021-03-02T09:30:00+00:00,TSLA,BUY,8,239.426666,239.666092666,1917.328741328,0.9586643706640,1.915413328,2021-03-02-0012,111774.1739051980990,1511.2816880380990,46
2021-04-05T09:30:00+00:00,ALB,SELL,72,153.470001,153.316530999,11038.790231928,5.5193951159640,11.049840072,2021-04-05-0001,106723.3254098501350,12544.5525248501350,0
2021-04-05T09:30:00+00:00,ALGN,SELL,19,550.330017,549.779686983,10445.814052677,5.2229070263385,10.456270323,2021-04-05-0002,106707.6462325007965,22985.1436705007965,0
2021-04-05T09:30:00+00:00,FCX,SELL,13,34.730000,34.695270000,451.038510000,0.2255192550000,0.451490000,2021-04-05-0003,106696.3071132457965,23435.9566612457965,307
2021-04-05T09:30:00+00:00,MPWR,SELL,28,373.869995,373.496125005,10457.891500140,5.2289457500700,10.468359860,2021-04-05-0004,106680.6098076357265,33888.6192156357265,0
2021-04-05T09:30:00+00:00,PYPL,SELL,40,250.509995,250.259485005,10010.379400200,5.0051897001000,10.020399800,2021-04-05-0005,106665.5842181356265,43893.9934261356265,0
2021-04-05T09:30:00+00:00,QCOM,SELL,79,139.039993,138.900953007,10973.175287553,5.4865876437765,10.984159447,2021-04-05-0006,106649.1134710448500,54861.6821260448500,0
2021-04-05T09:30:00+00:00,TER,SELL,83,130.559998,130.429438002,10825.643354166,5.4128216770830,10.836479834,2021-04-05-0007,106632.8641695337670,65681.9126585337670,0
2021-04-05T09:30:00+00:00,TSLA,SELL,1,235.903336,235.667432664,235.667432664,0.1178337163320,0.235903336,2021-04-05-0008,106621.8947823614350,65917.4622574814350,45
2021-04-05T09:30:00+00:00,APA,BUY,566,18.809999,18.828808999,10657.105893434,5.3285529467170,10.646459434,2021-04-05-0009,106616.5662294147180,55255.0278111007180,566
2021-04-05T09:30:00+00:00,CZR,BUY,115,92.669998,92.762667998,10667.706819770,5.3338534098850,10.657049770,2021-04-05-0010,106611.2323760048330,44581.9871379208330,115
2021-04-05T09:30:00+00:00,ENPH,BUY,4,165.139999,165.305138999,661.220555996,0.3306102779980,0.660559996,2021-04-05-0011,106620.8101656668350,43920.4359716468350,64
2021-04-05T09:30:00+00:00,ETSY,BUY,5,211.990005,212.201995005,1061.009975025,0.5305049875125,1.059950025,2021-04-05-0012,106629.8192109043225,42858.8954916343225,50
2021-04-05T09:30:00+00:00,GNRC,BUY,32,327.000000,327.327000000,10474.464000000,5.2372320000000,10.464000000,2021-04-05-0013,106624.5819789043225,32379.1942596343225,32
2021-04-05T09:30:00+00:00,PENN,BUY,96,110.169998,110.280167998,10586.896127808,5.2934480639040,10.576319808,2021-04-05-0014,106619.2885308404185,21787.0046837624185,96
2021-04-05T09:30:00+00:00,RCL,BUY,119,89.440002,89.529442002,10654.003598238,5.3270017991190,10.643360238,2021-04-05-0015,106613.9615290412995,11127.6740837252995,119
2021-04-05T09:30:00+00:00,TPR,BUY,256,41.630001,41.671631001,10667.937536256,5.3339687681280,10.657280256,2021-04-05-0016,106608.6275602731715,454.4025787011715,256
2021-05-04T09:30:00+00:00,APA,SELL,566,20.629999,20.609369001,11664.902854566,5.8324514272830,11.676579434,2021-05-04-0001,104473.6924928398885,12113.4729818398885,0
2021-05-04T09:30:00+00:00,CZR,SELL,5,94.830002,94.735171998,473.675859990,0.2368379299950,0.474150010,2021-05-04-0002,104462.5502046798935,12586.9120038998935,110
2021-05-04T09:30:00+00:00,FCX,SELL,39,38.910000,38.871090000,1515.972510000,0.7579862550000,1.517490000,2021-05-04-0003,104449.8468484248935,14102.1265276448935,268
2021-05-04T09:30:00+00:00,RCL,SELL,119,87.000000,86.913000000,10342.647000000,5.1713235000000,10.353000000,2021-05-04-0004,104434.3225249248935,24439.6022041448935,0
2021-05-04T09:30:00+00:00,TPR,SELL,256,48.299999,48.251699001,12352.434944256,6.1762174721280,12.364799744,2021-05-04-0005,104415.7815077087655,36785.8609309287655,0
2021-05-04T09:30:00+00:00,AMAT,BUY,80,129.990005,130.119995005,10409.599600400,5.2047998002000,10.399200400,2021-05-04-0006,104410.5767079085655,26371.0565307285655,80
2021-05-04T09:30:00+00:00,ENPH,BUY,14,133.699997,133.833696997,1873.671757958,0.9368358789790,1.871799958,2021-05-04-0007,104418.1966718375865,24496.4479368915865,78
2021-05-04T09:30:00+00:00,ETSY,BUY,6,185.110001,185.295111001,1111.770666006,0.5558853330030,1.110660006,2021-05-04-0008,104426.8962865545835,23384.1213855525835,56
2021-05-04T09:30:00+00:00,IVZ,BUY,383,27.240000,27.267240000,10443.352920000,5.2216764600000,10.432920000,2021-05-04-0009,104421.6746100945835,12935.5467890925835,383
2021-05-04T09:30:00+00:00,MOS,BUY,318,32.790001,32.822791001,10437.647538318,5.2188237691590,10.427220318,2021-05-04-0010,104416.4557863254245,2492.6804270054245,318
2021-05-04T09:30:00+00:00,PENN,BUY,21,89.129997,89.219126997,1873.601666937,0.9368008334685,1.871729937,2021-05-04-0011,104424.0754652039560,618.1419592349560,117
2021-05-04T09:30:00+00:00,TSLA,BUY,1,226.313339,226.539652339,226.539652339,0.1132698261695,0.226313339,2021-05-04-0012,104434.1462956327865,391.4890370697865,46
2021-06-02T09:30:00+00:00,AMAT,SELL,80,138.050003,137.911952997,11032.956239760,5.5164781198800,11.044000240,2021-06-02-0001,107417.6184217099065,11418.9287987099065,0
2021-06-02T09:30:00+00:00,CZR,SELL,13,109.820000,109.710180000,1426.232340000,0.7131161700000,1.427660000,2021-06-02-0002,107404.8251055399065,12844.4480225399065,97
2021-06-02T09:30:00+00:00,ENPH,SELL,78,139.029999,138.890969001,10833.495582078,5.4167477910390,10.844339922,2021-06-02-0003,107388.5640178268675,23672.5268568268675,0
2021-06-02T09:30:00+00:00,ETSY,SELL,56,164.419998,164.255578002,9198.312368112,4.5991561840560,9.207519888,2021-06-02-0004,107374.7573417548115,32866.2400687548115,0
2021-06-02T09:30:00+00:00,FCX,SELL,24,44.000000,43.956000000,1054.944000000,0.5274720000000,1.056000000,2021-06-02-0005,107362.4378697548115,33920.6565967548115,244
2021-06-02T09:30:00+00:00,MOS,SELL,34,37.849998,37.812148002,1285.613032068,0.6428065160340,1.286899932,2021-06-02-0006,107349.7587638747775,35205.6268223067775,284
2021-06-02T09:30:00+00:00,GNRC,BUY,1,321.929993,322.251922993,322.251922993,0.1611259614965,0.321929993,2021-06-02-0007,107359.8993976892810,34883.2137733522810,33
2021-06-02T09:30:00+00:00,PENN,BUY,15,81.230003,81.311233003,1219.668495045,0.6098342475225,1.218450045,2021-06-02-0008,107368.7934737927585,33662.9354440597585,132
2021-06-02T09:30:00+00:00,PWR,BUY,111,96.559998,96.656557998,10728.877937778,5.3644389688890,10.718159778,2021-06-02-0009,107363.4290348238695,22928.6930673128695,111
2021-06-02T09:30:00+00:00,TPR,BUY,239,44.900002,44.944902002,10741.831578478,5.3709157892390,10.731100478,2021-06-02-0010,107358.0581190346305,12181.4905730456305,239
2021-06-02T09:30:00+00:00,TSLA,BUY,5,206.710007,206.916717007,1034.583585035,0.5172917925175,1.033550035,2021-06-02-0011,107367.0494875641130,11146.3896962181130,51
2021-06-02T09:30:00+00:00,UAA,BUY,463,23.139999,23.163138999,10724.533356537,5.3622666782685,10.713819537,2021-06-02-0012,107361.6872208858445,416.4940730028445,463
2021-07-02T09:30:00+00:00,GNRC,SELL,33,415.250000,414.834750000,13689.546750000,6.8447733750000,13.703250000,2021-07-02-0001,104483.1062706278445,14099.1960496278445,0
2021-07-02T09:30:00+00:00,PENN,SELL,132,76.610001,76.533390999,10102.407611868,5.0512038059340,10.112520132,2021-07-02-0002,104467.9425466899105,24196.5524576899105,0
2021-07-02T09:30:00+00:00,PWR,SELL,111,90.750000,90.659250000,10063.176750000,5.0315883750000,10.073250000,2021-07-02-0003,104452.8377083149105,34254.6976193149105,0
2021-07-02T09:30:00+00:00,TSLA,SELL,5,226.326660,226.100333340,1130.501666700,0.5652508333500,1.131633300,2021-07-02-0004,104440.7297978215605,35384.6340351815605,46
2021-07-02T09:30:00+00:00,UAA,SELL,463,21.410000,21.388590000,9902.917170000,4.9514585850000,9.912830000,2021-07-02-0005,104425.8655092365605,45282.5997465965605,0
2021-07-02T09:30:00+00:00,COF,BUY,66,157.699997,157.857696997,10418.608001802,5.2093040009010,10.408199802,2021-07-02-0006,104420.6562052356595,34858.7824407936595,66
2021-07-02T09:30:00+00:00,CZR,BUY,3,103.599998,103.703597998,311.110793994,0.1555553969970,0.310799994,2021-07-02-0007,104430.5498496446625,34547.5160914026625,100
2021-07-02T09:30:00+00:00,DVN,BUY,349,29.860001,29.889861001,10431.561489349,5.2157807446745,10.421140349,2021-07-02-0008,104425.3340688999880,24110.7388213089880,349
2021-07-02T09:30:00+00:00,ENPH,BUY,56,185.880005,186.065885005,10419.689560280,5.2098447801400,10.409280280,2021-07-02-0009,104420.1242241198480,13685.8394162488480,56
2021-07-02T09:30:00+00:00,FCX,BUY,35,37.380001,37.417381001,1309.608335035,0.6548041675175,1.308300035,2021-07-02-0010,104428.5901401963305,12375.5762770463305,279
2021-07-02T09:30:00+00:00,IVZ,BUY,4,26.969999,26.996968999,107.987875996,0.0539939379980,0.107879996,2021-07-02-0011,104438.8656558753325,12267.5344071123325,387
2021-07-02T09:30:00+00:00,MOS,BUY,44,31.790001,31.821791001,1400.158804044,0.7000794020220,1.398760044,2021-07-02-0012,104447.1939367573105,10866.6755236663105,328
2021-07-02T09:30:00+00:00,NUE,BUY,107,97.059998,97.157057998,10395.805205786,5.1979026028930,10.385419786,2021-07-02-0013,104441.9960341544175,465.6724152774175,107
2021-07-02T09:30:00+00:00,TPR,BUY,5,42.740002,42.782742002,213.913710010,0.1069568550050,0.213700010,2021-07-02-0014,104452.1039377774125,251.6517484124125,244
2021-08-03T09:30:00+00:00,COF,SELL,66,161.050003,160.888952997,10618.670897802,5.3093354489010,10.629300198,2021-08-03-0001,100919.2594017655115,10865.0133107655115,0
2021-08-03T09:30:00+00:00,ENPH,SELL,3,188.940002,188.751061998,566.253185994,0.2831265929970,0.566820006,2021-08-03-0002,100908.3956350605145,11430.9833701665145,53
2021-08-03T09:30:00+00:00,MOS,SELL,328,30.250000,30.219750000,9912.078000000,4.9560390000000,9.922000000,2021-08-03-0003,100893.5175960605145,21338.1053311665145,0
2021-08-03T09:30:00+00:00,NUE,SELL,107,102.300003,102.197702997,10935.154220679,5.4675771103395,10.946100321,2021-08-03-0004,100877.1039186291750,32267.7919747351750,0
2021-08-03T09:30:00+00:00,TPR,SELL,8,42.759998,42.717238002,341.737904016,0.1708689520080,0.342079984,2021-08-03-0005,100866.4996101651670,32609.3590097991670,236
2021-08-03T09:30:00+00:00,TSLA,SELL,46,239.666672,239.427005328,11013.642245088,5.5068211225440,11.024666912,2021-08-03-0006,100849.9681221306230,43617.4944337646230,0
2021-08-03T09:30:00+00:00,CZR,BUY,16,86.779999,86.866778999,1389.868463984,0.6949342319920,1.388479984,2021-08-03-0007,100857.9511877986310,42226.9310355486310,116
2021-08-03T09:30:00+00:00,DVN,BUY,50,25.260000,25.285260000,1264.263000000,0.6321315000000,1.263000000,2021-08-03-0008,100866.1347962986310,40962.0359040486310,399
2021-08-03T09:30:00+00:00,FANG,BUY,133,75.519997,75.595516997,10054.203760601,5.0271018803005,10.044159601,2021-08-03-0009,100861.1076944183305,30902.8050415673305,133
2021-08-03T09:30:00+00:00,GNRC,BUY,25,403.119995,403.523114995,10088.077874875,5.0440389374375,10.077999875,2021-08-03-0010,100856.0636554808930,20809.6831277548930,25
2021-08-03T09:30:00+00:00,IVZ,BUY,23,24.549999,24.574548999,565.214626977,0.2826073134885,0.564649977,2021-08-03-0011,100865.2818977804045,20244.1858934644045,410
2021-08-03T09:30:00+00:00,MGM,BUY,269,37.369999,37.407368999,10062.582260731,5.0312911303655,10.052529731,2021-08-03-0012,100860.2506066500390,10176.5723416030390,269
2021-08-03T09:30:00+00:00,MRNA,BUY,28,348.500000,348.848500000,9767.758000000,4.8838790000000,9.758000000,2021-08-03-0013,100855.3667276500390,403.9304626030390,28
2021-09-02T09:30:00+00:00,CZR,SELL,116,102.620003,102.517382997,11892.016427652,5.9460082138260,11.903920348,2021-09-02-0001,106677.5315730412130,12290.0008820412130,0
2021-09-02T09:30:00+00:00,DVN,SELL,26,28.600000,28.571400000,742.856400000,0.3714282000000,0.743600000,2021-09-02-0002,106665.7487448412130,13032.4858538412130,373
2021-09-02T09:30:00+00:00,FANG,SELL,133,75.260002,75.184741998,9999.570685734,4.9997853428670,10.009580266,2021-09-02-0003,106650.7393792323460,23027.0567542323460,0
2021-09-02T09:30:00+00:00,FCX,SELL,279,36.139999,36.103859001,10072.976661279,5.0364883306395,10.083059721,2021-09-02-0004,106635.6198311807065,33094.9969271807065,0
2021-09-02T09:30:00+00:00,GNRC,SELL,25,443.500000,443.056500000,11076.412500000,5.5382062500000,11.087500000,2021-09-02-0005,106618.9941249307065,44165.8712209307065,0
2021-09-02T09:30:00+00:00,MGM,SELL,269,42.480000,42.437520000,11415.692880000,5.7078464400000,11.427120000,2021-09-02-0006,106601.8591584907065,55575.8562544907065,0
2021-09-02T09:30:00+00:00,MRNA,SELL,1,393.130005,392.736874995,392.736874995,0.1963684374975,0.393130005,2021-09-02-0007,106590.6551499132090,55968.3967610482090,27
2021-09-02T09:30:00+00:00,ALGN,BUY,14,721.590027,722.311617027,10112.362638378,5.0561813191890,10.102260378,2021-09-02-0008,106585.5989685940200,45850.9779413510200,14
2021-09-02T09:30:00+00:00,AMAT,BUY,79,134.729996,134.864725996,10654.313353684,5.3271566768420,10.643669684,2021-09-02-0009,106580.2718119171780,35191.3374309901780,79
2021-09-02T09:30:00+00:00,BBWI,BUY,160,66.279999,66.346278999,10615.404639840,5.3077023199200,10.604799840,2021-09-02-0010,106574.9641095972580,24570.6250888302580,160
2021-09-02T09:30:00+00:00,COF,BUY,65,162.500000,162.662500000,10573.062500000,5.2865312500000,10.562500000,2021-09-02-0011,106569.6775783472580,13992.2760575802580,65
2021-09-02T09:30:00+00:00,ENPH,BUY,6,177.649994,177.827643994,1066.965863964,0.5334829319820,1.065899964,2021-09-02-0012,106578.5595450972760,12924.7767106842760,59
2021-09-02T09:30:00+00:00,IVZ,BUY,11,25.290001,25.315291001,278.468201011,0.1392341005055,0.278190011,2021-09-02-0013,106588.7892114067705,12646.1692755727705,421
2021-09-02T09:30:00+00:00,NUE,BUY,91,116.660004,116.776664004,10626.676424364,5.3133382121820,10.616060364,2021-09-02-0014,106583.4758731945885,2014.1795129965885,91
2021-09-02T09:30:00+00:00,TPR,BUY,26,40.580002,40.620582002,1056.135132052,0.5280675660260,1.055080052,2021-09-02-0015,106592.5246861005625,957.5163133785625,262
2021-10-04T09:30:00+00:00,ALGN,SELL,14,658.599976,657.941376024,9211.179264336,4.6055896321680,9.220399664,2021-10-04-0001,101765.9897750823945,10164.0899880823945,0
2021-10-04T09:30:00+00:00,AMAT,SELL,79,127.660004,127.532343996,10075.055175684,5.0375275878420,10.085140316,2021-10-04-0002,101750.8671071785525,20234.1076361785525,0
2021-10-04T09:30:00+00:00,COF,SELL,65,166.539993,166.373453007,10814.274445455,5.4071372227275,10.825099545,2021-10-04-0003,101734.6348704108250,31042.9749444108250,0
2021-10-04T09:30:00+00:00,DVN,SELL,102,37.500000,37.462500000,3821.175000000,1.9105875000000,3.825000000,2021-10-04-0004,101718.7367829108250,34862.2393569108250,271
2021-10-04T09:30:00+00:00,ENPH,SELL,59,153.539993,153.386453007,9049.800727413,4.5249003637065,9.058859587,2021-10-04-0005,101705.1530229601185,43907.5151839601185,0
2021-10-04T09:30:00+00:00,IVZ,SELL,421,24.240000,24.215760000,10194.834960000,5.0974174800000,10.205040000,2021-10-04-0006,101689.8505654801185,54097.2527264801185,0
2021-10-04T09:30:00+00:00,ALB,BUY,46,219.000000,219.219000000,10084.074000000,5.0420370000000,10.074000000,2021-10-04-0007,101684.8085284801185,44008.1366894801185,46
2021-10-04T09:30:00+00:00,FANG,BUY,101,100.440002,100.540442002,10154.584642202,5.0772923211010,10.144440202,2021-10-04-0008,101679.7312361590175,33848.4747549570175,101
2021-10-04T09:30:00+00:00,FTNT,BUY,173,58.507999,58.566506999,10132.005710827,5.0660028554135,10.121883827,2021-10-04-0009,101674.6652333036040,23711.4030412746040,173
2021-10-04T09:30:00+00:00,IT,BUY,33,304.890015,305.194905015,10071.431865495,5.0357159327475,10.061370495,2021-10-04-0010,101669.6295173708565,13634.9354598468565,33
2021-10-04T09:30:00+00:00,MRNA,BUY,5,308.880005,309.188885005,1545.944425025,0.7729722125125,1.544400025,2021-10-04-0011,101677.1963052933440,12088.2180626093440,32
2021-10-04T09:30:00+00:00,NUE,BUY,12,98.000000,98.098000000,1177.176000000,0.5885880000000,1.176000000,2021-10-04-0012,101685.5257172933440,10910.4534746093440,103
2021-10-04T09:30:00+00:00,OXY,BUY,321,31.639999,31.671638999,10166.596118679,5.0832980593395,10.156439679,2021-10-04-0013,101680.4424192340045,738.7740578710045,321
2021-10-04T09:30:00+00:00,TPR,BUY,4,38.150002,38.188152002,152.752608008,0.0763763040040,0.152600008,2021-10-04-0014,101690.3613434540005,585.9450735590005,266
2021-11-02T09:30:00+00:00,ALB,SELL,46,256.000000,255.744000000,11764.224000000,5.8821120000000,11.776000000,2021-11-02-0001,112968.5247325590005,12344.2869615590005,0
2021-11-02T09:30:00+00:00,BBWI,SELL,160,71.489998,71.418508002,11426.961280320,5.7134806401600,11.438399680,2021-11-02-0002,112951.3728522388405,23765.5347612388405,0
2021-11-02T09:30:00+00:00,IT,SELL,2,362.820007,362.457186993,724.914373986,0.3624571869930,0.725640014,2021-11-02-0003,112939.0373348208475,24490.0866780378475,31
2021-11-02T09:30:00+00:00,NUE,SELL,103,107.750000,107.642250000,11087.151750000,5.5435758750000,11.098250000,2021-11-02-0004,112922.3955089458475,35571.6948521628475,0
2021-11-02T09:30:00+00:00,TPR,SELL,266,39.689999,39.650309001,10546.982194266,5.2734910971330,10.557539734,2021-11-02-0005,112906.5644781147145,46113.4035553317145,0
2021-11-02T09:30:00+00:00,APA,BUY,419,26.889999,26.916888999,11278.176490581,5.6390882452905,11.266909581,2021-11-02-0006,112900.9253898694240,34829.5879765054240,419
2021-11-02T09:30:00+00:00,COP,BUY,151,74.540001,74.614541001,11266.795691151,5.6333978455755,11.255540151,2021-11-02-0007,112895.2919920238485,23557.1588875088485,151
2021-11-02T09:30:00+00:00,CZR,BUY,101,111.184998,111.296182998,11240.914482798,5.6204572413990,11.229684798,2021-11-02-0008,112889.6715347824495,12310.6239474694495,101
2021-11-02T09:30:00+00:00,EOG,BUY,121,92.730003,92.822733003,11231.550693363,5.6157753466815,11.220330363,2021-11-02-0009,112884.0557594357680,1073.4574787597680,121
2021-11-02T09:30:00+00:00,FANG,BUY,1,109.750000,109.859750000,109.859750000,0.0549298750000,0.109750000,2021-11-02-0010,112895.0855795607680,963.5427988847680,102
2021-11-02T09:30:00+00:00,MRNA,BUY,1,338.739990,339.078729990,339.078729990,0.1695393649950,0.338739990,2021-11-02-0011,112905.7557198757730,624.2945295297730,33
2021-11-02T09:30:00+00:00,OXY,BUY,6,34.490002,34.524492002,207.146952012,0.1035734760060,0.206940012,2021-11-02-0012,112916.7234370417670,417.0440040417670,327
2021-12-02T09:30:00+00:00,APA,SELL,19,25.209999,25.184789001,478.510991019,0.2392554955095,0.478989981,2021-12-02-0001,100788.8979509652575,895.3157395652575,400
2021-12-02T09:30:00+00:00,COP,SELL,151,69.190002,69.120811998,10437.242611698,5.2186213058490,10.447690302,2021-12-02-0002,100773.2316393574085,11327.3397299574085,0
2021-12-02T09:30:00+00:00,CZR,SELL,101,84.410004,84.325593996,8516.884993596,4.2584424967980,8.525410404,2021-12-02-0003,100760.4477864566105,19839.9662810566105,0
2021-12-02T09:30:00+00:00,DVN,SELL,21,40.279999,40.239719001,845.034099021,0.4225170495105,0.845879979,2021-12-02-0004,100749.1093896781000,20684.5778630281000,250
2021-12-02T09:30:00+00:00,EOG,SELL,2,84.750000,84.665250000,169.330500000,0.0846652500000,0.169500000,2021-12-02-0005,100738.7699744281000,20853.8236977781000,119
2021-12-02T09:30:00+00:00,FANG,SELL,3,101.529999,101.428469001,304.285407003,0.1521427035015,0.304589997,2021-12-02-0006,100728.2617718265985,21157.9569620775985,99
2021-12-02T09:30:00+00:00,FTNT,SELL,8,61.051998,60.990946002,487.927568016,0.2439637840080,0.488415984,2021-12-02-0007,100717.4558123885905,21645.6405663095905,165
2021-12-02T09:30:00+00:00,BBWI,BUY,140,71.860001,71.931861001,10070.460540140,5.0352302700700,10.060400140,2021-12-02-0008,100712.4205821185205,11570.1447958995205,140
2021-12-02T09:30:00+00:00,GNRC,BUY,25,402.209991,402.612200991,10065.305024775,5.0326525123875,10.055249775,2021-12-02-0009,100707.3879296061330,1499.8071186121330,25
2021-12-02T09:30:00+00:00,IT,BUY,1,306.000000,306.306000000,306.306000000,0.1531530000000,0.306000000,2021-12-02-0010,100716.7207766061330,1193.3479656121330,32
2021-12-02T09:30:00+00:00,OXY,BUY,25,28.530001,28.558531001,713.963275025,0.3569816375125,0.713250025,2021-12-02-0011,100725.6931052956205,479.0277089496205,352
2022-01-04T09:30:00+00:00,APA,SELL,400,28.700001,28.671300999,11468.520399600,5.7342601998000,11.480000400,2022-01-04-0001,104131.7340813498205,11941.8138483498205,0
2022-01-04T09:30:00+00:00,DVN,SELL,25,46.270000,46.223730000,1155.593250000,0.5777966250000,1.156750000,2022-01-04-0002,104119.5887847248205,13096.8293017248205,225
2022-01-04T09:30:00+00:00,EOG,SELL,119,92.050003,91.957952997,10942.996406643,5.4714982033215,10.953950357,2022-01-04-0003,104103.1633361644990,24034.3542101644990,0
2022-01-04T09:30:00+00:00,FANG,SELL,7,113.309998,113.196688002,792.376816014,0.3961884080070,0.793169986,2022-01-04-0004,104091.5494579544920,24826.3348377704920,92
2022-01-04T09:30:00+00:00,FTNT,SELL,8,66.099998,66.033898002,528.271184016,0.2641355920080,0.528799984,2022-01-04-0005,104080.3788226924840,25354.3418861944840,157
2022-01-04T09:30:00+00:00,GNRC,SELL,25,346.640015,346.293374985,8657.334374625,4.3286671873125,8.666000375,2022-01-04-0006,104067.3841551301715,34007.3475936321715,0
2022-01-04T09:30:00+00:00,OXY,SELL,352,31.610001,31.578390999,11115.593631648,5.5577968158240,11.126720352,2022-01-04-0007,104050.6996379623475,45117.3834284643475,0
2022-01-04T09:30:00+00:00,BBWI,BUY,9,69.680000,69.749680000,627.747120000,0.3138735600000,0.627120000,2022-01-04-0008,104060.1409644023475,44489.3224349043475,149
2022-01-04T09:30:00+00:00,EXR,BUY,47,219.360001,219.579361001,10320.229967047,5.1601149835235,10.309920047,2022-01-04-0009,104054.9808494188240,34163.9323528738240,47
2022-01-04T09:30:00+00:00,F,BUY,462,22.520000,22.542520000,10414.644240000,5.2073221200000,10.404240000,2022-01-04-0010,104049.7735272988240,23744.0807907538240,462
2022-01-04T09:30:00+00:00,MRNA,BUY,11,232.199997,232.432196997,2556.754166967,1.2783770834835,2.554199967,2022-01-04-0011,104056.1577501163405,21186.0482467033405,44
2022-01-04T09:30:00+00:00,NUE,BUY,91,114.070000,114.184070000,10390.750370000,5.1953751850000,10.380370000,2022-01-04-0012,104050.9623749313405,10790.1025015183405,91
2022-01-04T09:30:00+00:00,NVDA,BUY,343,30.277000,30.307277000,10395.396011000,5.1976980055000,10.385011000,2022-01-04-0013,104045.7646769258405,389.5087925128405,343
2022-02-02T09:30:00+00:00,DVN,SELL,39,52.119999,52.067879001,2030.647281039,1.0153236405195,2.032679961,2022-02-02-0001,97038.9252470973210,2419.1407499113210,186
2022-02-02T09:30:00+00:00,FANG,SELL,18,129.990005,129.860014995,2337.480269910,1.1687401349550,2.339820090,2022-02-02-0002,97025.7974265023660,4755.4522796863660,74
2022-02-02T09:30:00+00:00,MRNA,SELL,44,170.807007,170.636199993,7507.992799692,3.7539963998460,7.515508308,2022-02-02-0003,97014.5279217945200,12259.6910829785200,0
2022-02-02T09:30:00+00:00,BBWI,BUY,17,58.259998,58.318257998,991.410385966,0.4957051929830,0.990419966,2022-02-02-0004,97022.7129563035370,11267.7849918195370,166
2022-02-02T09:30:00+00:00,EOG,BUY,86,112.540001,112.652541001,9688.118526086,4.8440592630430,9.678440086,2022-02-02-0005,97017.8688970404940,1574.8224064704940,86
2022-02-02T09:30:00+00:00,EXR,BUY,1,198.960007,199.158967007,199.158967007,0.0995794835035,0.198960007,2022-02-02-0006,97027.1204378859905,1375.5638599799905,48
2022-02-02T09:30:00+00:00,NVDA,BUY,32,25.794001,25.819795001,826.233440032,0.4131167200160,0.825408032,2022-02-02-0007,97035.5546635089745,548.9173032279745,375
2022-03-02T09:30:00+00:00,BBWI,SELL,166,51.709999,51.658289001,8575.275974166,4.2876379870830,8.583859834,2022-03-02-0001,98680.1560344068915,9119.9056394068915,0
2022-03-02T09:30:00+00:00,DVN,SELL,22,60.060001,59.999940999,1319.998701978,0.6599993509890,1.321320022,2022-03-02-0002,98668.3248748699025,10439.2443420339025,164
2022-03-02T09:30:00+00:00,EOG,SELL,3,118.000000,117.882000000,353.646000000,0.1768230000000,0.354000000,2022-03-02-0003,98658.0000518699025,10792.7135190339025,83
2022-03-02T09:30:00+00:00,EXR,SELL,48,191.699997,191.508297003,9192.398256144,4.5961991280720,9.201599856,2022-03-02-0004,98644.2022528858305,19980.5155760498305,0
2022-03-02T09:30:00+00:00,F,SELL,462,17.500000,17.482500000,8076.915000000,4.0384575000000,8.085000000,2022-03-02-0005,98632.0787953858305,28053.3921185498305,0
2022-03-02T09:30:00+00:00,FANG,SELL,4,140.190002,140.049811998,560.199247992,0.2800996239960,0.560760008,2022-03-02-0006,98621.4246356138345,28613.3112669178345,70
2022-03-02T09:30:00+00:00,FTNT,SELL,157,67.930000,67.862070000,10654.344990000,5.3271724950000,10.665010000,2022-03-02-0007,98605.4324531188345,39262.3290844228345,0
2022-03-02T09:30:00+00:00,IT,SELL,32,278.019989,277.741969011,8887.743008352,4.4438715041760,8.896639648,2022-03-02-0008,98592.0919419666585,48145.6282212706585,0
2022-03-02T09:30:00+00:00,NUE,SELL,17,133.080002,132.946921998,2260.097673966,1.1300488369830,2.262360034,2022-03-02-0009,98578.8516129476755,50404.5958463996755,74
2022-03-02T09:30:00+00:00,ANET,BUY,332,29.647499,29.677146499,9852.812637668,4.9264063188340,9.842969668,2022-03-02-0010,98573.9252066288415,40546.8568024128415,332
2022-03-02T09:30:00+00:00,APA,BUY,259,38.000000,38.038000000,9851.842000000,4.9259210000000,9.842000000,2022-03-02-0011,98568.9992856288415,30690.0888814128415,259
2022-03-02T09:30:00+00:00,AZO,BUY,5,1819.989990,1821.809979990,9109.049899950,4.5545249499750,9.099949950,2022-03-02-0012,98564.4447606788665,21576.4844565128665,5
2022-03-02T09:30:00+00:00,COP,BUY,100,98.370003,98.468373003,9846.837300300,4.9234186501500,9.837000300,2022-03-02-0013,98559.5213420287165,11724.7237375627165,100
2022-03-02T09:30:00+00:00,NVDA,BUY,40,23.756001,23.779757001,951.190280040,0.4755951400200,0.950240040,2022-03-02-0014,98567.9542472636965,10773.0578623826965,415
2022-03-02T09:30:00+00:00,PFE,BUY,213,46.110001,46.156111001,9831.251643213,4.9156258216065,9.821430213,2022-03-02-0015,98563.0386214420900,936.8905933480900,213
2022-04-04T09:30:00+00:00,ANET,SELL,332,34.869999,34.835129001,11565.262828332,5.7826314141660,11.576839668,2022-04-04-0001,106716.6812302659240,12496.3707902659240,0
2022-04-04T09:30:00+00:00,APA,SELL,11,43.000000,42.957000000,472.527000000,0.2362635000000,0.473000000,2022-04-04-0002,106705.3079667659240,12968.6615267659240,248
2022-04-04T09:30:00+00:00,AZO,SELL,5,1964.099976,1962.135876024,9810.679380120,4.9053396900600,9.820499880,2022-04-04-0003,106690.5821271958640,22774.4355671958640,0
2022-04-04T09:30:00+00:00,NUE,SELL,3,149.509995,149.360485005,448.081455015,0.2240407275075,0.448529985,2022-04-04-0004,106679.2943468383565,23222.2929814833565,71
2022-04-04T09:30:00+00:00,NVDA,SELL,415,26.728001,26.701272999,11081.028294585,5.5405141472925,11.092120415,2022-04-04-0005,106662.6617122760640,34297.7807619210640,0
2022-04-04T09:30:00+00:00,PFE,SELL,213,51.779999,51.728219001,11018.110647213,5.5090553236065,11.029139787,2022-04-04-0006,106646.1235171654575,45310.3823538104575,0
2022-04-04T09:30:00+00:00,CF,BUY,104,102.449997,102.552446997,10665.454487688,5.3327272438440,10.654799688,2022-04-04-0007,106640.7907899216135,34639.5951388786135,104
2022-04-04T09:30:00+00:00,COP,BUY,5,101.410004,101.511414004,507.557070020,0.2537785350100,0.507050020,2022-04-04-0008,106650.6780117866035,34131.7842903236035,105
2022-04-04T09:30:00+00:00,DVN,BUY,9,61.330002,61.391332002,552.521988018,0.2762609940090,0.551970018,2022-04-04-0009,106660.4598711205945,33578.9860413115945,173
2022-04-04T09:30:00+00:00,EOG,BUY,4,121.430000,121.551430000,486.205720000,0.2431028600000,0.485720000,2022-04-04-0010,106670.2954582605945,33092.5372184515945,87
2022-04-04T09:30:00+00:00,FANG,BUY,6,140.000000,140.140000000,840.840000000,0.4204200000000,0.840000000,2022-04-04-0011,106679.6750382605945,32251.2767984515945,76
2022-04-04T09:30:00+00:00,FTNT,BUY,155,68.496002,68.564498002,10627.497190310,5.3137485951550,10.616880310,2022-04-04-0012,106674.3612896654395,21618.4658595464395,155
2022-04-04T09:30:00+00:00,MOS,BUY,159,67.059998,67.127057998,10673.202221682,5.3366011108410,10.662539682,2022-04-04-0013,106669.0246885545985,10939.9270367535985,159
2022-04-04T09:30:00+00:00,OXY,BUY,181,58.709999,58.768708999,10637.136328819,5.3185681644095,10.626509819,2022-04-04-0014,106663.7061203901890,297.4721397701890,181
2022-05-03T09:30:00+00:00,DVN,SELL,7,60.900002,60.839101998,425.873713986,0.2129368569930,0.426300014,2022-05-03-0001,101091.5724145671960,723.1329168991960,166
2022-05-03T09:30:00+00:00,EOG,SELL,87,116.349998,116.233648002,10112.327376174,5.0561636880870,10.122449826,2022-05-03-0002,101076.3938010531090,10830.4041293851090,0
2022-05-03T09:30:00+00:00,FANG,SELL,76,133.869995,133.736125005,10163.945500380,5.0819727501900,10.174119620,2022-05-03-0003,101061.1377086829190,20989.2676570149190,0
2022-05-03T09:30:00+00:00,FTNT,SELL,155,58.403999,58.345595001,9043.567225155,4.5217836125775,9.052619845,2022-05-03-0004,101047.5633052253415,30028.3130985573415,0
2022-05-03T09:30:00+00:00,NUE,SELL,4,150.360001,150.209640999,600.838563996,0.3004192819980,0.601440004,2022-05-03-0005,101036.5873258723435,30628.8512432713435,67
2022-05-03T09:30:00+00:00,OXY,SELL,6,57.779999,57.722219001,346.333314006,0.1731666570030,0.346679994,2022-05-03-0006,101025.9559793963405,30975.0113906203405,175
2022-05-03T09:30:00+00:00,ANET,BUY,357,28.222500,28.250722500,10085.507932500,5.0427539662500,10.075432500,2022-05-03-0007,101020.9132254300905,20884.4607041540905,357
2022-05-03T09:30:00+00:00,HAL,BUY,279,36.099998,36.136097998,10081.971341442,5.0409856707210,10.071899442,2022-05-03-0008,101015.8722397593695,10797.4483770413695,279
2022-05-03T09:30:00+00:00,MOS,BUY,8,60.299999,60.360298999,482.882391992,0.2414411959960,0.482399992,2022-05-03-0009,101025.2184984043735,10314.3245438533735,167
2022-05-03T09:30:00+00:00,NVDA,BUY,520,19.400000,19.419400000,10098.088000000,5.0490440000000,10.088000000,2022-05-03-0010,101020.1694544043735,211.1874998533735,520
2022-06-02T09:30:00+00:00,ANET,SELL,357,25.330000,25.304670000,9033.767190000,4.5168835950000,9.042810000,2022-06-02-0001,107349.1080382583735,9240.4378062583735,0
2022-06-02T09:30:00+00:00,APA,SELL,21,47.139999,47.092859001,988.950039021,0.4944750195105,0.989939979,2022-06-02-0002,107336.9228434868630,10228.8933702598630,227
2022-06-02T09:30:00+00:00,COP,SELL,11,114.260002,114.145741998,1255.603161978,0.6278015809890,1.256860022,2022-06-02-0003,107324.2977416958740,11483.8687306568740,94
2022-06-02T09:30:00+00:00,DVN,SELL,24,75.410004,75.334593996,1808.030255904,0.9040151279520,1.809840096,2022-06-02-0004,107310.8756659039220,13290.9949714329220,142
2022-06-02T09:30:00+00:00,HAL,SELL,279,41.119999,41.078879001,11461.007241279,5.7305036206395,11.472479721,2022-06-02-0005,107293.6726825622825,24746.2717090912825,0
2022-06-02T09:30:00+00:00,NUE,SELL,67,132.600006,132.467405994,8875.316201598,4.4376581007990,8.884200402,2022-06-02-0006,107280.3508240594835,33617.1502525884835,0
2022-06-02T09:30:00+00:00,NVDA,SELL,520,18.292000,18.273708000,9502.328160000,4.7511640800000,9.511840000,2022-06-02-0007,107266.0878199794835,43114.7272485084835,0
2022-06-02T09:30:00+00:00,OXY,SELL,21,69.599998,69.530398002,1460.138358042,0.7300691790210,1.461599958,2022-06-02-0008,107253.1777511504625,44574.1355373714625,154
2022-06-02T09:30:00+00:00,CF,BUY,8,95.570000,95.665570000,765.324560000,0.3826622800000,0.764560000,2022-06-02-0009,107262.7343688704625,43808.4283150914625,112
2022-06-02T09:30:00+00:00,CVX,BUY,61,174.740005,174.914745005,10669.799445305,5.3348997226525,10.659140305,2022-06-02-0010,107257.3994691478100,33133.2939700638100,61
2022-06-02T09:30:00+00:00,DLTR,BUY,66,161.300003,161.461303003,10656.445998198,5.3282229990990,10.645800198,2022-06-02-0011,107252.0712461487110,22471.5197488667110,66
2022-06-02T09:30:00+00:00,FANG,BUY,70,151.350006,151.501356006,10605.094920420,5.3025474602100,10.594500420,2022-06-02-0012,107246.7686986885010,11861.1222809865010,70
2022-06-02T09:30:00+00:00,MCK,BUY,33,321.950012,322.271962012,10634.974746396,5.3174873731980,10.624350396,2022-06-02-0013,107241.4512113153030,1220.8300472173030,33
2022-06-02T09:30:00+00:00,MOS,BUY,13,59.369999,59.429368999,772.581796987,0.3862908984935,0.771809987,2022-06-02-0014,107250.9797102498095,447.8619593318095,180
2022-07-05T09:30:00+00:00,CF,SELL,5,82.519997,82.437477003,412.187385015,0.2060936925075,0.412599985,2022-07-05-0001,88731.6315429753020,859.8432506543020,107
2022-07-05T09:30:00+00:00,CVX,SELL,61,143.649994,143.506344006,8753.886984366,4.3769434921830,8.762649634,2022-07-05-0002,88718.4919498491190,9609.3532915281190,0
2022-07-05T09:30:00+00:00,DLTR,SELL,66,157.089996,156.932906004,10357.571796264,5.1787858981320,10.367939736,2022-07-05-0003,88702.9452242149870,19961.7463018939870,0
2022-07-05T09:30:00+00:00,FANG,SELL,70,117.250000,117.132750000,8199.292500000,4.0996462500000,8.207500000,2022-07-05-0004,88690.6380779649870,28156.9391556439870,0
2022-07-05T09:30:00+00:00,MCK,SELL,33,327.369995,327.042625005,10792.406625165,5.3962033125825,10.803209835,2022-07-05-0005,88674.4386648174045,38943.9495774964045,0
2022-07-05T09:30:00+00:00,OXY,SELL,4,59.060001,59.000940999,236.003763996,0.1180018819980,0.236240004,2022-07-05-0006,88665.2254227814065,39179.8353396104065,150
2022-07-05T09:30:00+00:00,APA,BUY,32,34.099998,34.134097998,1092.291135936,0.5461455679680,1.091199936,2022-07-05-0007,88672.4199767594385,38086.9980581064385,259
2022-07-05T09:30:00+00:00,COP,BUY,5,89.349998,89.439347998,447.196739990,0.2235983699950,0.446749990,2022-07-05-0008,88680.5952782014435,37639.5777197464435,99
2022-07-05T09:30:00+00:00,DVN,BUY,23,53.419998,53.473417998,1229.888613954,0.6149443069770,1.228659954,2022-07-05-0009,88687.5659736104665,36409.0741614854665,165
2022-07-05T09:30:00+00:00,EOG,BUY,81,109.220001,109.329221001,8855.666901081,4.4278334505405,8.846820081,2022-07-05-0010,88683.1381401599260,27548.9794269539260,81
2022-07-05T09:30:00+00:00,HAL,BUY,292,30.309999,30.340308999,8859.370227708,4.4296851138540,8.850519708,2022-07-05-0011,88678.7084550460720,18685.1795141320720,292
2022-07-05T09:30:00+00:00,MOS,BUY,17,44.939999,44.984938999,764.743962983,0.3823719814915,0.763979983,2022-07-05-0012,88686.4152828845805,17920.0531791675805,197
2022-07-05T09:30:00+00:00,MPC,BUY,107,82.570000,82.652570000,8843.824990000,4.4219124950000,8.834990000,2022-07-05-0013,88681.9933703895805,9071.8062766725805,107
2022-07-05T09:30:00+00:00,VLO,BUY,84,105.239998,105.345237998,8848.999991832,4.4244999959160,8.840159832,2022-07-05-0014,88677.5688703936645,218.3817848446645,84
2022-08-02T09:30:00+00:00,CF,SELL,7,93.949997,93.856047003,656.992329021,0.3284961645105,0.657649979,2022-08-02-0001,94666.7799550011540,875.0456177011540,100
2022-08-02T09:30:00+00:00,DVN,SELL,11,61.320000,61.258680000,673.845480000,0.3369227400000,0.674520000,2022-08-02-0002,94656.3252322611540,1548.5541749611540,154
2022-08-02T09:30:00+00:00,HAL,SELL,292,28.240000,28.211760000,8237.833920000,4.1189169600000,8.246080000,2022-08-02-0003,94643.9602353011540,9782.2691780011540,0
2022-08-02T09:30:00+00:00,MOS,SELL,197,49.250000,49.200750000,9692.547750000,4.8462738750000,9.702250000,2022-08-02-0004,94629.4117114261540,19469.9706541261540,0
2022-08-02T09:30:00+00:00,MPC,SELL,107,90.849998,90.759148002,9711.228836214,4.8556144181070,9.720949786,2022-08-02-0005,94614.8351472220470,29176.3438759220470,0
2022-08-02T09:30:00+00:00,OXY,SELL,5,65.309998,65.244688002,326.223440010,0.1631117200050,0.326549990,2022-08-02-0006,94604.8755358020420,29502.4042042120420,145
2022-08-02T09:30:00+00:00,APA,BUY,4,35.950001,35.985951001,143.943804004,0.0719719020020,0.143800004,2022-08-02-0007,94614.1146141590400,29358.3884283060400,263
2022-08-02T09:30:00+00:00,EOG,BUY,6,107.919998,108.027917998,648.167507988,0.3240837539940,0.647519988,2022-08-02-0008,94622.5320502430460,28709.8968365640460,87
2022-08-02T09:30:00+00:00,FANG,BUY,75,124.650002,124.774652002,9358.098900150,4.6790494500750,9.348750150,2022-08-02-0009,94617.8530007929710,19347.1188869639710,75
2022-08-02T09:30:00+00:00,MCK,BUY,27,344.730011,345.074741011,9317.018007297,4.6585090036485,9.307710297,2022-08-02-0010,94613.1944917893225,10025.4423706633225,27
2022-08-02T09:30:00+00:00,XOM,BUY,99,94.690002,94.784692002,9383.684508198,4.6918422540990,9.374310198,2022-08-02-0011,94608.5026495352235,637.0660202112235,99
2022-09-02T09:30:00+00:00,CF,SELL,2,104.330002,104.225671998,208.451343996,0.1042256719980,0.208660004,2022-09-02-0001,103102.2588313392255,845.4131385352255,98
2022-09-02T09:30:00+00:00,COP,SELL,5,109.639999,109.530359001,547.651795005,0.2738258975025,0.548199995,2022-09-02-0002,103091.1306455407230,1392.7911076427230,94
2022-09-02T09:30:00+00:00,DVN,SELL,8,70.620003,70.549382997,564.395063976,0.2821975319880,0.564960024,2022-09-02-0003,103079.9729675467350,1956.9039740867350,146
2022-09-02T09:30:00+00:00,EOG,SELL,3,122.339996,122.217656004,366.652968012,0.1833264840060,0.367019988,2022-09-02-0004,103069.1460614107290,2323.3736156147290,84
2022-09-02T09:30:00+00:00,MCK,SELL,27,365.359985,364.994625015,9854.854875405,4.9274274377025,9.864719595,2022-09-02-0005,103054.3539143780265,12173.3010635820265,0
2022-09-02T09:30:00+00:00,DLTR,BUY,74,137.380005,137.517385005,10176.286490370,5.0881432451850,10.166120370,2022-09-02-0006,103049.2657711328415,1991.9264299668415,74
2022-09-02T09:30:00+00:00,FANG,BUY,1,134.740005,134.874745005,134.874745005,0.0674373725025,0.134740005,2022-09-02-0007,103059.3038341353390,1856.9842475893390,76
2022-09-02T09:30:00+00:00,VLO,BUY,6,113.400002,113.513402002,681.080412012,0.3405402060060,0.680400012,2022-09-02-0008,103068.4888940973330,1175.5632953713330,90
2022-09-02T09:30:00+00:00,XOM,BUY,7,96.349998,96.446347998,675.124435986,0.3375622179930,0.674449986,2022-09-02-0009,103077.6899816813400,500.1012971673400,106
2022-10-04T09:30:00+00:00,COP,SELL,4,112.470001,112.357530999,449.430123996,0.2247150619980,0.449880004,2022-10-04-0001,101690.3955910113420,949.3067061013420,90
2022-10-04T09:30:00+00:00,DLTR,SELL,74,142.470001,142.327530999,10532.237293926,5.2661186469630,10.542780074,2022-10-04-0002,101674.5866922903790,11476.2778813803790,0
2022-10-04T09:30:00+00:00,EOG,SELL,84,123.040001,122.916960999,10325.024723916,5.1625123619580,10.335360084,2022-10-04-0003,101659.0888198444210,21796.1400929344210,0
2022-10-04T09:30:00+00:00,FANG,SELL,76,133.490005,133.356514995,10135.095139620,5.0675475698100,10.145240380,2022-10-04-0004,101643.8760318946110,31926.1676849846110,0
2022-10-04T09:30:00+00:00,VLO,SELL,90,114.449997,114.335547003,10290.199230270,5.1450996151350,10.300499730,2022-10-04-0005,101628.4304325494760,42211.2218156394760,0
2022-10-04T09:30:00+00:00,CF,BUY,1,102.260002,102.362262002,102.362262002,0.0511811310010,0.102260002,2022-10-04-0006,101638.4007316144750,42108.8083725064750,99
2022-10-04T09:30:00+00:00,DVN,BUY,5,67.070000,67.137070000,335.685350000,0.1678426750000,0.335350000,2022-10-04-0007,101648.0251089394750,41772.9551798314750,151
2022-10-04T09:30:00+00:00,ENPH,BUY,34,296.000000,296.296000000,10074.064000000,5.0370320000000,10.064000000,2022-10-04-0008,101642.9880769394750,31693.8541478314750,34
2022-10-04T09:30:00+00:00,EQT,BUY,236,42.869999,42.912868999,10127.437083764,5.0637185418820,10.117319764,2022-10-04-0009,101637.9243583975930,21561.3533455255930,236
2022-10-04T09:30:00+00:00,MCK,BUY,29,348.720001,349.068721001,10122.992909029,5.0614964545145,10.112880029,2022-10-04-0010,101632.8628619430785,11433.2989400420785,29
2022-10-04T09:30:00+00:00,OXY,BUY,10,65.160004,65.225164004,652.251640040,0.3261258200200,0.651600040,2022-10-04-0011,101641.9849367030585,10780.7211741820585,155
2022-10-04T09:30:00+00:00,VRTX,BUY,33,299.850006,300.149856006,9904.945248198,4.9524726240990,9.895050198,2022-10-04-0012,101637.0324640789595,870.8234533599595,33
2022-10-04T09:30:00+00:00,XOM,BUY,2,93.239998,93.333237998,186.666475996,0.0933332379980,0.186479996,2022-10-04-0013,101646.8225706289615,684.0636441259615,108
2022-11-02T09:30:00+00:00,APA,SELL,263,45.509998,45.464488002,11957.160344526,5.9785801722630,11.969129474,2022-11-02-0001,110709.9754294796985,12635.2454084796985,0
2022-11-02T09:30:00+00:00,COP,SELL,3,127.080002,126.952921998,380.858765994,0.1904293829970,0.381240006,2022-11-02-0002,110698.3477999167015,13015.9137450907015,87
2022-11-02T09:30:00+00:00,DVN,SELL,5,75.449997,75.374547003,376.872735015,0.1884363675075,0.377249985,2022-11-02-0003,110686.7664140021940,13392.5980437381940,146
2022-11-02T09:30:00+00:00,ENPH,SELL,34,300.000000,299.700000000,10189.800000000,5.0949000000000,10.200000000,2022-11-02-0004,110671.4715140021940,23577.3031437381940,0
2022-11-02T09:30:00+00:00,OXY,SELL,4,73.400002,73.326601998,293.306407992,0.1466532039960,0.293600008,2022-11-02-0005,110659.9478604881980,23870.4628985261980,151
2022-11-02T09:30:00+00:00,XOM,SELL,9,111.580002,111.468421998,1003.215797982,0.5016078989910,1.004220018,2022-11-02-0006,110647.3956123732070,24873.1770886092070,99
2022-11-02T09:30:00+00:00,CF,BUY,5,106.000000,106.106000000,530.530000000,0.2652650000000,0.530000000,2022-11-02-0007,110657.6243473732070,24342.3818236092070,104
2022-11-02T09:30:00+00:00,EQT,BUY,34,40.959999,41.000958999,1394.032605966,0.6970163029830,1.392639966,2022-11-02-0008,110666.5938908342240,22947.6522013402240,270
2022-11-02T09:30:00+00:00,MPC,BUY,92,119.080002,119.199082002,10966.315544184,5.4831577720920,10.955360184,2022-11-02-0009,110661.1107330621320,11975.8534993841320,92
2022-11-02T09:30:00+00:00,VLO,BUY,85,129.300003,129.429303003,11001.490755255,5.5007453776275,10.990500255,2022-11-02-0010,110655.6099876845045,968.8619987515045,85
2022-11-02T09:30:00+00:00,VRTX,BUY,2,314.470001,314.784471001,629.568942002,0.3147844710010,0.628940002,2022-11-02-0011,110665.6727132465035,338.9782722785035,35
2022-12-02T09:30:00+00:00,EQT,SELL,5,40.779999,40.739219001,203.696095005,0.1018480475025,0.203899995,2022-12-02-0001,108098.0759085010010,542.5725192360010,265
2022-12-02T09:30:00+00:00,MCK,SELL,29,378.609985,378.231375015,10968.709875435,5.4843549377175,10.979689565,2022-12-02-0002,108081.6118639982835,11505.7980397332835,0
2022-12-02T09:30:00+00:00,MPC,SELL,2,119.639999,119.520359001,239.040718002,0.1195203590010,0.239279998,2022-12-02-0003,108070.4854637312825,11744.7192373762825,90
2022-12-02T09:30:00+00:00,VLO,SELL,3,131.570007,131.438436993,394.315310979,0.1971576554895,0.394710021,2022-12-02-0004,108059.1048554807930,12138.8373906997930,82
2022-12-02T09:30:00+00:00,VRTX,SELL,35,317.399994,317.082594006,11097.890790210,5.5489453951050,11.108999790,2022-12-02-0005,108042.4469102956880,23231.1792355146880,0
2022-12-02T09:30:00+00:00,APA,BUY,233,46.189999,46.236188999,10773.032036767,5.3865160183835,10.762269767,2022-12-02-0006,108037.0603942773045,12452.7606827293045,233
2022-12-02T09:30:00+00:00,COP,BUY,1,122.120003,122.242123003,122.242123003,0.0611210615015,0.122120003,2022-12-02-0007,108047.6237134768030,12330.4574386648030,88
2022-12-02T09:30:00+00:00,DVN,BUY,12,68.000000,68.068000000,816.816000000,0.4084080000000,0.816000000,2022-12-02-0008,108057.1433054768030,11513.2330306648030,158
2022-12-02T09:30:00+00:00,OXY,BUY,7,68.300003,68.368303003,478.578121021,0.2392890605105,0.478100021,2022-12-02-0009,108067.2173168692925,11034.4156205832925,158
2022-12-02T09:30:00+00:00,SLB,BUY,209,51.500000,51.551500000,10774.263500000,5.3871317500000,10.763500000,2022-12-02-0010,108061.8301851192925,254.7649888332925,209
2023-01-04T09:30:00+00:00,APA,SELL,8,42.410000,42.367590000,338.940720000,0.1694703600000,0.339280000,2023-01-04-0001,95665.7244104732925,593.5362384732925,225
2023-01-04T09:30:00+00:00,CF,SELL,104,81.620003,81.538382997,8479.991831688,4.2399959158440,8.488480312,2023-01-04-0002,95652.9959342454485,9069.2880742454485,0
2023-01-04T09:30:00+00:00,COP,SELL,2,111.220001,111.108780999,222.217561998,0.1111087809990,0.222440002,2023-01-04-0003,95643.0974653764495,9291.3945274624495,86
2023-01-04T09:30:00+00:00,DVN,SELL,158,56.880001,56.823120999,8978.053117842,4.4890265589210,8.987040158,2023-01-04-0004,95629.6213986595285,18264.9586187455285,0
2023-01-04T09:30:00+00:00,MPC,SELL,3,109.080002,108.970921998,326.912765994,0.1634563829970,0.327240006,2023-01-04-0005,95619.6407420965315,18591.7079283565315,87
2023-01-04T09:30:00+00:00,SLB,SELL,20,50.459999,50.409539001,1008.190780020,0.5040953900100,1.009199980,2023-01-04-0006,95608.5905069155215,19599.3946129865215,189
2023-01-04T09:30:00+00:00,VLO,SELL,1,118.019997,117.901977003,117.901977003,0.0589509885015,0.118019997,2023-01-04-0007,95598.8539161730200,19717.2376390010200,81
2023-01-04T09:30:00+00:00,XOM,SELL,8,104.800003,104.695202997,837.561623976,0.4187808119880,0.838400024,2023-01-04-0008,95588.0599350640320,20554.3804821650320,91
2023-01-04T09:30:00+00:00,EQT,BUY,36,31.660000,31.691660000,1140.899760000,0.5704498800000,1.139760000,2023-01-04-0009,95595.8793851840320,19412.9102722850320,301
2023-01-04T09:30:00+00:00,FSLR,BUY,65,146.649994,146.796643994,9541.781859610,4.7708909298050,9.532249610,2023-01-04-0010,95591.1084942542270,9866.3575217452270,65
2023-01-04T09:30:00+00:00,STLD,BUY,100,94.940002,95.034942002,9503.494200200,4.7517471001000,9.494000200,2023-01-04-0011,95586.3567471541270,358.1115744451270,100
2023-02-02T09:30:00+00:00,APA,SELL,225,43.160000,43.116840000,9701.289000000,4.8506445000000,9.711000000,2023-02-02-0001,105952.3790049451270,10054.5499299451270,0
2023-02-02T09:30:00+00:00,COP,SELL,86,113.489998,113.376508002,9750.379688172,4.8751898440860,9.760139828,2023-02-02-0002,105937.7436752730410,19800.0544282730410,0
2023-02-02T09:30:00+00:00,FSLR,SELL,6,177.759995,177.582235005,1065.493410030,0.5327467050150,1.066559970,2023-02-02-0003,105925.6565288930260,20865.0150915980260,59
2023-02-02T09:30:00+00:00,SLB,SELL,189,55.259998,55.204738002,10433.695482378,5.2168477411890,10.444139622,2023-02-02-0004,105909.9955415298370,31293.4937262348370,0
2023-02-02T09:30:00+00:00,STLD,SELL,16,125.309998,125.184688002,2002.955008032,1.0014775040160,2.004959968,2023-02-02-0005,105896.4630642258210,33295.4472567628210,84
2023-02-02T09:30:00+00:00,VLO,SELL,3,135.250000,135.114750000,405.344250000,0.2026721250000,0.405750000,2023-02-02-0006,105885.3051421008210,33700.5888346378210,78
2023-02-02T09:30:00+00:00,XOM,SELL,91,114.849998,114.735148002,10440.898468182,5.2204492340910,10.451349818,2023-02-02-0007,105869.6333430487300,44136.2668535857300,0
2023-02-02T09:30:00+00:00,CAH,BUY,137,77.250000,77.327250000,10593.833250000,5.2969166250000,10.583250000,2023-02-02-0008,105864.3364264237300,33537.1366869607300,137
2023-02-02T09:30:00+00:00,CEG,BUY,123,85.480003,85.565483003,10524.554409369,5.2622772046845,10.514040369,2023-02-02-0009,105859.0741492190455,23007.3200003870455,123
2023-02-02T09:30:00+00:00,ENPH,BUY,45,232.699997,232.932696997,10481.971364865,5.2409856824325,10.471499865,2023-02-02-0010,105853.8331635366130,12520.1076498396130,45
2023-02-02T09:30:00+00:00,EQT,BUY,33,31.670000,31.701670000,1046.155110000,0.5230775550000,1.045110000,2023-02-02-0011,105862.8427559816130,11473.4294622846130,334
2023-02-02T09:30:00+00:00,LLY,BUY,31,334.000000,334.334000000,10364.354000000,5.1821770000000,10.354000000,2023-02-02-0012,105857.6605789816130,1103.8932852846130,31
2023-02-02T09:30:00+00:00,OXY,BUY,9,63.220001,63.283221001,569.548989009,0.2847744945045,0.568980009,2023-02-02-0013,105867.3645646451085,534.0595217811085,167
2023-03-02T09:30:00+00:00,ENPH,SELL,45,209.339996,209.130656004,9410.879520180,4.7054397600900,9.420299820,2023-03-02-0001,104476.9738612010185,9940.2336022010185,0
2023-03-02T09:30:00+00:00,EQT,SELL,334,33.230000,33.196770000,11087.721180000,5.5438605900000,11.098820000,2023-03-02-0002,104460.3311806110185,21022.4109216110185,0
2023-03-02T09:30:00+00:00,FSLR,SELL,6,195.729996,195.534266004,1173.205596024,0.5866027980120,1.174379976,2023-03-02-0003,104448.1965080490065,22195.0299148370065,53
2023-03-02T09:30:00+00:00,LLY,SELL,31,311.790009,311.478218991,9655.824788721,4.8279123943605,9.665490279,2023-03-02-0004,104433.7031053756460,31846.0267911636460,0
2023-03-02T09:30:00+00:00,MPC,SELL,6,128.710007,128.581296993,771.487781958,0.3857438909790,0.772260042,2023-03-02-0005,104422.1195908756670,32617.1288292306670,81
2023-03-02T09:30:00+00:00,STLD,SELL,3,128.389999,128.261609001,384.784827003,0.1923924135015,0.385169997,2023-03-02-0006,104411.1424385461655,33001.7212638201655,81
2023-03-02T09:30:00+00:00,VLO,SELL,3,138.500000,138.361500000,415.084500000,0.2075422500000,0.415500000,2023-03-02-0007,104400.1318962961655,33416.5982215701655,75
2023-03-02T09:30:00+00:00,CEG,BUY,17,74.129997,74.204126997,1261.470158949,0.6307350794745,1.260209949,2023-03-02-0008,104408.6191508476910,32154.4973275416910,140
2023-03-02T09:30:00+00:00,EPAM,BUY,34,305.000000,305.305000000,10380.370000000,5.1901850000000,10.370000000,2023-03-02-0009,104403.4289658476910,21768.9371425416910,34
2023-03-02T09:30:00+00:00,LW,BUY,103,101.180000,101.281180000,10431.961540000,5.2159807700000,10.421540000,2023-03-02-0010,104398.2129850776910,11331.7596217716910,103
2023-03-02T09:30:00+00:00,OXY,BUY,8,59.400002,59.459402002,475.675216016,0.2378376080080,0.475200016,2023-03-02-0011,104407.8949478036830,10855.8465681476830,175
2023-03-02T09:30:00+00:00,XOM,BUY,94,110.620003,110.730623003,10408.678562282,5.2043392811410,10.398280282,2023-03-02-0012,104402.6906085225420,441.9636665845420,94
2023-04-04T09:30:00+00:00,CAH,SELL,137,76.709999,76.633289001,10498.760593137,5.2493802965685,10.509269863,2023-04-04-0001,106244.9058474249735,10935.4748794249735,0
2023-04-04T09:30:00+00:00,CEG,SELL,2,76.669998,76.593328002,153.186656004,0.0765933280020,0.153339996,2023-04-04-0002,106234.0954543769715,11088.5849421009715,138
2023-04-04T09:30:00+00:00,EPAM,SELL,34,298.910004,298.611093996,10152.777195864,5.0763885979320,10.162940136,2023-04-04-0003,106218.8561256430395,21236.2857493670395,0
2023-04-04T09:30:00+00:00,FSLR,SELL,2,207.320007,207.112686993,414.225373986,0.2071126869930,0.414640014,2023-04-04-0004,106207.6610525850465,21650.3040106660465,51
2023-04-04T09:30:00+00:00,LW,SELL,2,104.459999,104.355539001,208.711078002,0.1043555390010,0.208919998,2023-04-04-0005,106196.7973171490455,21858.9107331290455,101
2023-04-04T09:30:00+00:00,MPC,SELL,2,134.279999,134.145719001,268.291438002,0.1341457190010,0.268559998,2023-04-04-0006,106185.7864915110445,22127.0680254120445,79
2023-04-04T09:30:00+00:00,OXY,SELL,175,65.830002,65.764171998,11508.730099650,5.7543650498250,11.520250350,2023-04-04-0007,106168.5118761112195,33630.0437600122195,0
2023-04-04T09:30:00+00:00,XOM,SELL,94,116.260002,116.143741998,10917.511747812,5.4587558739060,10.928440188,2023-04-04-0008,106152.1246800493135,44542.0967519503135,0
2023-04-04T09:30:00+00:00,ACGL,BUY,154,68.650002,68.718652002,10582.672408308,5.2913362041540,10.572100308,2023-04-04-0009,106146.8333438451595,33954.1330074381595,154
2023-04-04T09:30:00+00:00,FICO,BUY,15,689.080017,689.769097017,10346.536455255,5.1732682276275,10.336200255,2023-04-04-0010,106141.6600756175320,23602.4232839555320,15
2023-04-04T09:30:00+00:00,LVS,BUY,182,58.119999,58.178118999,10588.417657818,5.2942088289090,10.577839818,2023-04-04-0011,106136.3658667886230,13008.7114173086230,182
2023-04-04T09:30:00+00:00,STLD,BUY,13,112.330002,112.442332002,1461.750316026,0.7308751580130,1.460290026,2023-04-04-0012,106144.7337217926100,11546.2302261246100,94
2023-04-04T09:30:00+00:00,VLO,BUY,2,136.550003,136.686553003,273.373106006,0.1366865530030,0.273100006,2023-04-04-0013,106154.8382854646070,11272.7204335656070,77
2023-04-04T09:30:00+00:00,WYNN,BUY,94,112.800003,112.912803003,10613.803482282,5.3069017411410,10.603200282,2023-04-04-0014,106149.5313837234660,653.6100495424660,94
2023-05-02T09:30:00+00:00,ACGL,SELL,15,75.410004,75.334593996,1130.018909940,0.5650094549700,1.131150060,2023-05-02-0001,105297.4731434714960,1783.0639500274960,139
2023-05-02T09:30:00+00:00,CEG,SELL,138,76.730003,76.653272997,10578.151673586,5.2890758367930,10.588740414,2023-05-02-0002,105281.5953272207030,12355.9265477767030,0
2023-05-02T09:30:00+00:00,FICO,SELL,1,749.440002,748.690561998,748.690561998,0.3743452809990,0.749440002,2023-05-02-0003,105269.9793819097040,13104.2427644937040,14
2023-05-02T09:30:00+00:00,LVS,SELL,19,64.400002,64.335601998,1222.376437962,0.6111882189810,1.223600038,2023-05-02-0004,105257.6473933267230,14326.0080142367230,163
2023-05-02T09:30:00+00:00,LW,SELL,7,112.000000,111.888000000,783.216000000,0.3916080000000,0.784000000,2023-05-02-0005,105245.9437853267230,15108.8324062367230,94
2023-05-02T09:30:00+00:00,STLD,SELL,94,103.769997,103.666227003,9744.625338282,4.8723126691410,9.754379718,2023-05-02-0006,105231.3170929395820,24848.5854318495820,0
2023-05-02T09:30:00+00:00,VLO,SELL,77,114.180000,114.065820000,8783.068140000,4.3915340700000,8.791860000,2023-05-02-0007,105218.1336988695820,33627.2620377795820,0
2023-05-02T09:30:00+00:00,WYNN,SELL,3,114.820000,114.705180000,344.115540000,0.1720577700000,0.344460000,2023-05-02-0008,105207.1685610995820,33971.2055200095820,91
2023-05-02T09:30:00+00:00,FSLR,BUY,7,180.440002,180.620442002,1264.343094014,0.6321715470070,1.263080014,2023-05-02-0009,105215.7388296545750,32706.2302544485750,58
2023-05-02T09:30:00+00:00,GE,BUY,131,80.295288,80.375583288,10529.201410728,5.2646007053640,10.518682728,2023-05-02-0010,105210.4742289492110,22171.7642430152110,131
2023-05-02T09:30:00+00:00,MPC,BUY,7,122.000000,122.122000000,854.854000000,0.4274270000000,0.854000000,2023-05-02-0011,105219.6848019492110,21316.4828160152110,86
2023-05-02T09:30:00+00:00,NFLX,BUY,323,32.500000,32.532500000,10507.997500000,5.2539987500000,10.497500000,2023-05-02-0012,105214.4308031992110,10803.2313172652110,323
2023-05-02T09:30:00+00:00,ON,BUY,132,79.379997,79.459376997,10488.637763604,5.2443188818020,10.478159604,2023-05-02-0013,105209.1864843174090,309.3492347794090,132
2023-06-02T09:30:00+00:00,FICO,SELL,1,793.330017,792.536686983,792.536686983,0.3962683434915,0.793330017,2023-06-02-0001,107317.4612221979175,1101.4896534189175,13
2023-06-02T09:30:00+00:00,FSLR,SELL,8,211.759995,211.548235005,1692.385880040,0.8461929400200,1.694079960,2023-06-02-0002,107304.3329495478975,2793.0293405188975,50
2023-06-02T09:30:00+00:00,GE,SELL,4,84.197922,84.113724078,336.454896312,0.1682274481560,0.336791688,2023-06-02-0003,107293.1347943177415,3129.3160093827415,127
2023-06-02T09:30:00+00:00,MPC,SELL,86,107.940002,107.832061998,9273.557331828,4.6367786659140,9.282840172,2023-06-02-0004,107279.2151754798275,12398.2365625448275,0
2023-06-02T09:30:00+00:00,NFLX,SELL,57,40.289001,40.248711999,2294.176583943,1.1470882919715,2.296473057,2023-06-02-0005,107265.0547398648560,14691.2660581958560,266
2023-06-02T09:30:00+00:00,ON,SELL,132,88.800003,88.711202997,11709.878795604,5.8549393978020,11.721600396,2023-06-02-0006,107247.4782000710540,26395.2899144020540,0
2023-06-02T09:30:00+00:00,ACGL,BUY,13,70.169998,70.240167998,913.122183974,0.4565610919870,0.912209974,2023-06-02-0007,107256.7752687010670,25481.7111693360670,152
2023-06-02T09:30:00+00:00,AXON,BUY,55,193.339996,193.533335996,10644.333479780,5.3221667398900,10.633699780,2023-06-02-0008,107251.4531019611770,14832.0555228161770,55
2023-06-02T09:30:00+00:00,DXCM,BUY,89,120.000000,120.120000000,10690.680000000,5.3453400000000,10.680000000,2023-06-02-0009,107246.1077619611770,4136.0301828161770,89
2023-06-02T09:30:00+00:00,LVS,BUY,24,57.250000,57.307250000,1375.374000000,0.6876870000000,1.374000000,2023-06-02-0010,107254.7518249611770,2759.9684958161770,187
2023-06-02T09:30:00+00:00,LW,BUY,1,112.589996,112.702585996,112.702585996,0.0563512929980,0.112589996,2023-06-02-0011,107265.2789332921790,2647.2095585271790,95
2023-06-02T09:30:00+00:00,WYNN,BUY,18,97.959999,98.057958999,1765.043261982,0.8825216309910,1.763279982,2023-06-02-0012,107273.3107715701880,881.2837749141880,109
2023-07-05T09:30:00+00:00,ACGL,SELL,152,73.379997,73.306617003,11142.605784456,5.5713028922280,11.153759544,2023-07-05-0001,109864.1917354779600,12018.3182564779600,0
2023-07-05T09:30:00+00:00,DXCM,SELL,89,126.580002,126.453421998,11254.354557822,5.6271772789110,11.265620178,2023-07-05-0002,109847.2989380210490,23267.0456370210490,0
2023-07-05T09:30:00+00:00,LVS,SELL,187,58.090000,58.031910000,10851.967170000,5.4259835850000,10.862830000,2023-07-05-0003,109831.0101244360490,34113.5868234360490,0
2023-07-05T09:30:00+00:00,LW,SELL,95,114.639999,114.525359001,10879.909105095,5.4399545525475,10.890799905,2023-07-05-0004,109814.6793699785015,44988.0559739785015,0
2023-07-05T09:30:00+00:00,NFLX,SELL,19,44.491001,44.446509999,844.483689981,0.4222418449905,0.845329019,2023-07-05-0005,109802.4225218675110,45832.1174221145110,247
2023-07-05T09:30:00+00:00,WYNN,SELL,109,105.400002,105.294601998,11477.111617782,5.7385558088910,11.488600218,2023-07-05-0006,109785.1953658406200,57303.4904840876200,0
2023-07-05T09:30:00+00:00,ANET,BUY,277,39.555000,39.594555000,10967.691735000,5.4838458675000,10.956735000,2023-07-05-0007,109779.7115199731200,46330.3149032201200,277
2023-07-05T09:30:00+00:00,AXON,BUY,1,193.309998,193.503307998,193.503307998,0.0967516539990,0.193309998,2023-07-05-0008,109790.2468182091210,46136.7148435681210,56
2023-07-05T09:30:00+00:00,FSLR,BUY,6,192.630005,192.822635005,1156.935810030,0.5784679050150,1.155780030,2023-07-05-0009,109799.2998505541060,44979.2005656331060,56
2023-07-05T09:30:00+00:00,NVDA,BUY,260,42.134998,42.177132998,10966.054579480,5.4830272897400,10.955099480,2023-07-05-0010,109793.8168232643660,34007.6629588633660,260
2023-07-05T09:30:00+00:00,ON,BUY,114,95.510002,95.605512002,10899.028368228,5.4495141841140,10.888140228,2023-07-05-0011,109788.3673090802520,23103.1850764512520,114
2023-07-05T09:30:00+00:00,PHM,BUY,140,78.110001,78.188111001,10946.335540140,5.4731677700700,10.935400140,2023-07-05-0012,109782.8941413101820,12151.3763685411820,140
2023-07-05T09:30:00+00:00,RCL,BUY,106,102.699997,102.802696997,10897.085881682,5.4485429408410,10.886199682,2023-07-05-0013,109777.4455983693410,1248.8419439183410,106
2023-08-02T09:30:00+00:00,ANET,SELL,277,45.777500,45.731722500,12667.687132500,6.3338435662500,12.680367500,2023-08-02-0001,115258.6180548520910,13910.1952328520910,0
2023-08-02T09:30:00+00:00,FICO,SELL,13,821.210022,820.388811978,10665.054555714,5.3325272778570,10.675730286,2023-08-02-0002,115242.6097972882340,24569.9172612882340,0
2023-08-02T09:30:00+00:00,NVDA,SELL,9,45.831001,45.785169999,412.066529991,0.2060332649955,0.412479009,2023-08-02-0003,115230.4877037632385,24981.7777580142385,251
2023-08-02T09:30:00+00:00,ON,SELL,114,106.889999,106.783109001,12173.274426114,6.0866372130570,12.185459886,2023-08-02-0004,115212.2156066641815,37148.9655469151815,0
2023-08-02T09:30:00+00:00,PHM,SELL,3,83.970001,83.886030999,251.658092997,0.1258290464985,0.251910003,2023-08-02-0005,115200.3339774776830,37400.4978108656830,137
2023-08-02T09:30:00+00:00,AXON,BUY,7,181.940002,182.121942002,1274.853594014,0.6374267970070,1.273580014,2023-08-02-0006,115209.8851907926760,36125.0067900546760,63
2023-08-02T09:30:00+00:00,CCL,BUY,653,17.620001,17.637621001,11517.366513653,5.7586832568265,11.505860653,2023-08-02-0007,115204.1265075358495,24601.8815931448495,653
2023-08-02T09:30:00+00:00,FSLR,BUY,1,198.880005,199.078885005,199.078885005,0.0995394425025,0.198880005,2023-08-02-0008,115215.1642483733470,24402.7031686973470,57
2023-08-02T09:30:00+00:00,META,BUY,36,318.000000,318.318000000,11459.448000000,5.7297240000000,11.448000000,2023-08-02-0009,115209.4345243733470,12937.5254446973470,36
2023-08-02T09:30:00+00:00,NCLH,BUY,614,18.750000,18.768750000,11524.012500000,5.7620062500000,11.512500000,2023-08-02-0010,115203.6725181233470,1407.7509384473470,614
2023-08-02T09:30:00+00:00,NFLX,BUY,17,43.522999,43.566521999,740.630873983,0.3703154369915,0.739890983,2023-08-02-0011,115214.0523834393555,666.7497490273555,264
2023-08-02T09:30:00+00:00,RCL,BUY,2,106.500000,106.606500000,213.213000000,0.1066065000000,0.213000000,2023-08-02-0012,115225.2347769393555,453.4301425273555,108
2023-09-05T09:30:00+00:00,AXON,SELL,63,214.500000,214.285500000,13499.986500000,6.7499932500000,13.513500000,2023-09-05-0001,112329.6530192773555,13946.6666492773555,0
2023-09-05T09:30:00+00:00,FSLR,SELL,57,183.899994,183.716094006,10471.817358342,5.2359086791710,10.482299658,2023-09-05-0002,112313.9348109401845,24413.2480989401845,0
2023-09-05T09:30:00+00:00,GE,SELL,4,90.734238,90.643503762,362.574015048,0.1812870075240,0.362936952,2023-09-05-0003,112302.2302757066605,24775.6408269806605,123
2023-09-05T09:30:00+00:00,NCLH,SELL,614,16.320000,16.303680000,10010.459520000,5.0052297600000,10.020480000,2023-09-05-0004,112287.2045659466605,34781.0951172206605,0
2023-09-05T09:30:00+00:00,NFLX,SELL,8,43.839001,43.795161999,350.361295992,0.1751806479960,0.350712008,2023-09-05-0005,112275.4558890346645,35131.2812325646645,256
2023-09-05T09:30:00+00:00,NVDA,SELL,18,48.223000,48.174777000,867.145986000,0.4335729930000,0.868014000,2023-09-05-0006,112262.9183430416645,35997.9936455716645,233
2023-09-05T09:30:00+00:00,AVGO,BUY,129,86.950996,87.037946996,11227.895162484,5.6139475812420,11.216678484,2023-09-05-0007,112257.3043954604225,24764.4845355064225,129
2023-09-05T09:30:00+00:00,CCL,BUY,67,15.570000,15.585570000,1044.233190000,0.5221165950000,1.043190000,2023-09-05-0008,112266.9494888654225,23719.7292289114225,720
2023-09-05T09:30:00+00:00,FICO,BUY,12,889.479980,890.369459980,10684.433519760,5.3422167598800,10.673759760,2023-09-05-0009,112261.6072721055425,13029.9534923915425,12
2023-09-05T09:30:00+00:00,META,BUY,1,297.019989,297.317008989,297.317008989,0.1486585044945,0.297019989,2023-09-05-0010,112272.1513332050480,12732.4878248980480,37
2023-09-05T09:30:00+00:00,RCL,BUY,6,97.709999,97.807708999,586.846253994,0.2934231269970,0.586259994,2023-09-05-0011,112282.4105899700510,12145.3481477770510,114
2023-09-05T09:30:00+00:00,WYNN,BUY,111,100.459999,100.560458999,11162.210948889,5.5811054744445,11.151059889,2023-09-05-0012,112276.8294844956065,977.5560934136065,111
2023-10-03T09:30:00+00:00,AVGO,SELL,4,82.699997,82.617297003,330.469188012,0.1652345940060,0.330799988,2023-10-03-0001,104003.7197422066005,1307.8600468316005,125
2023-10-03T09:30:00+00:00,CCL,SELL,720,13.370000,13.356630000,9616.773600000,4.8083868000000,9.626400000,2023-10-03-0002,103989.2849554066005,10919.8252600316005,0
2023-10-03T09:30:00+00:00,GE,SELL,3,86.440544,86.354103456,259.062310368,0.1295311551840,0.259321632,2023-10-03-0003,103978.5232373394165,11178.7580392444165,120
2023-10-03T09:30:00+00:00,META,SELL,3,304.260010,303.955749990,911.867249970,0.4559336249850,0.912780030,2023-10-03-0004,103966.8096833444315,12090.1693555894315,34
2023-10-03T09:30:00+00:00,NFLX,SELL,256,37.710999,37.673288001,9644.361728256,4.8221808641280,9.654015744,2023-10-03-0005,103952.3334867363035,21729.7089029813035,0
2023-10-03T09:30:00+00:00,WYNN,SELL,111,91.650002,91.558351998,10162.977071778,5.0814885358890,10.173150222,2023-10-03-0006,103937.0788479784145,31887.6044862234145,0
2023-10-03T09:30:00+00:00,ADBE,BUY,20,517.520020,518.037540020,10360.750800400,5.1803754002000,10.350400400,2023-10-03-0007,103931.8984725782145,21521.6733104232145,20
2023-10-03T09:30:00+00:00,LRCX,BUY,164,63.007999,63.071006999,10343.645147836,5.1718225739180,10.333311836,2023-10-03-0008,103926.7266500042965,11172.8563400132965,164
2023-10-03T09:30:00+00:00,ORCL,BUY,97,106.419998,106.526417998,10333.062545806,5.1665312729030,10.322739806,2023-10-03-0009,103921.5601187313935,834.6272629343935,97
2023-10-03T09:30:00+00:00,PHM,BUY,6,72.480003,72.552483003,435.314898018,0.2176574490090,0.434880018,2023-10-03-0010,103931.2722216933845,399.0947074673845,143
2023-11-02T09:30:00+00:00,ADBE,SELL,20,550.440002,549.889561998,10997.791239960,5.4988956199800,11.008800040,2023-11-02-0001,105819.7439628074045,11391.3870518074045,0
2023-11-02T09:30:00+00:00,AVGO,SELL,3,86.199997,86.113797003,258.341391009,0.1291706955045,0.258599991,2023-11-02-0002,105808.8397924869000,11649.5992721209000,122
2023-11-02T09:30:00+00:00,LRCX,SELL,164,62.250000,62.187750000,10198.791000000,5.0993955000000,10.209000000,2023-11-02-0003,105793.5313969869000,21843.2908766209000,0
2023-11-02T09:30:00+00:00,META,SELL,1,317.299988,316.982688012,316.982688012,0.1584913440060,0.317299988,2023-11-02-0004,105782.5847060508940,22160.1150732888940,33
2023-11-02T09:30:00+00:00,ORCL,SELL,97,106.449997,106.343547003,10315.324059291,5.1576620296455,10.325649709,2023-11-02-0005,105767.1013943122485,32470.2814705502485,0
2023-11-02T09:30:00+00:00,PHM,SELL,10,79.309998,79.230688002,792.306880020,0.3961534400100,0.793099980,2023-11-02-0006,105755.3639111582385,33262.1921971302385,133
2023-11-02T09:30:00+00:00,AMD,BUY,97,107.959999,108.067958999,10482.592022903,5.2412960114515,10.472119903,2023-11-02-0007,105750.1226151467870,22774.3588782157870,97
2023-11-02T09:30:00+00:00,BKNG,BUY,94,112.280403,112.392683403,10564.912239882,5.2824561199410,10.554357882,2023-11-02-0008,105744.8401590268460,12204.1641822138460,94
2023-11-02T09:30:00+00:00,FDX,BUY,53,197.598709,197.796307709,10483.204308577,5.2416021542885,10.472731577,2023-11-02-0009,105739.5985568725575,1715.7182714825575,53
2023-11-02T09:30:00+00:00,NVDA,BUY,11,43.327999,43.371326999,477.084596989,0.2385422984945,0.476607989,2023-11-02-0010,105749.4554383410630,1238.3951321950630,244
2023-11-02T09:30:00+00:00,RCL,BUY,7,86.930000,87.016930000,609.118510000,0.3045592550000,0.608510000,2023-11-02-0011,105759.0608990860630,628.9720629400630,121
2023-12-04T09:30:00+00:00,AMD,SELL,97,119.750000,119.630250000,11604.134250000,5.8020671250000,11.615750000,2023-12-04-0001,118730.1793238150630,12227.3042458150630,0
2023-12-04T09:30:00+00:00,BKNG,SELL,94,125.897202,125.771304798,11822.502651012,5.9112513255060,11.834336988,2023-12-04-0002,118712.4337355015570,24043.8956455015570,0
2023-12-04T09:30:00+00:00,FDX,SELL,53,211.627716,211.416088284,11205.052679052,5.6025263395260,11.216268948,2023-12-04-0003,118695.6149402140310,35243.3457982140310,0
2023-12-04T09:30:00+00:00,FICO,SELL,12,1120.000000,1118.880000000,13426.560000000,6.7132800000000,13.440000000,2023-12-04-0004,118675.4616602140310,48663.1925182140310,0
2023-12-04T09:30:00+00:00,PHM,SELL,2,90.230003,90.139772997,180.279545994,0.0901397729970,0.180460006,2023-12-04-0005,118663.3709300420340,48843.3819244350340,131
2023-12-04T09:30:00+00:00,RCL,SELL,121,110.750000,110.639250000,13387.349250000,6.6936746250000,13.400750000,2023-12-04-0006,118643.2765054170340,62224.0374998100340,0
2023-12-04T09:30:00+00:00,ACGL,BUY,143,82.570000,82.652570000,11819.317510000,5.9096587550000,11.807510000,2023-12-04-0007,118637.3668466620340,50398.8103310550340,143
2023-12-04T09:30:00+00:00,ADBE,BUY,19,604.909973,605.514882973,11504.782776487,5.7523913882435,11.493289487,2023-12-04-0008,118631.6144552737905,38888.2751631797905,19
2023-12-04T09:30:00+00:00,ANET,BUY,222,53.290001,53.343291001,11842.210602222,5.9211053011110,11.830380222,2023-12-04-0009,118625.6933499726795,27040.1434556566795,222
2023-12-04T09:30:00+00:00,AVGO,BUY,6,92.064003,92.156067003,552.936402018,0.2764682010090,0.552384018,2023-12-04-0010,118636.6486901376705,26486.9305854376705,128
2023-12-04T09:30:00+00:00,GE,BUY,2,97.214684,97.311898684,194.623797368,0.0973118986840,0.194429368,2023-12-04-0011,118648.2171403189865,26292.2094761709865,122
2023-12-04T09:30:00+00:00,LLY,BUY,20,582.130005,582.712135005,11654.242700100,5.8271213500500,11.642600100,2023-12-04-0012,118642.3900189689365,14632.1396547209365,20
2023-12-04T09:30:00+00:00,META,BUY,4,317.290009,317.607299009,1270.429196036,0.6352145980180,1.269160036,2023-12-04-0013,118652.2253746679185,13361.0752440869185,37
2023-12-04T09:30:00+00:00,NVDA,BUY,13,46.077000,46.123077000,599.600001000,0.2998000005000,0.599001000,2023-12-04-0014,118663.1683626674185,12761.1754430864185,257
2023-12-04T09:30:00+00:00,PANW,BUY,80,147.119995,147.267114995,11781.369199600,5.8906845998000,11.769599600,2023-12-04-0015,118657.2776780676185,973.9155588866185,80
2024-01-03T09:30:00+00:00,ACGL,SELL,143,75.910004,75.834093996,10844.275441428,5.4221377207140,10.855130572,2024-01-03-0001,122799.8485795939045,11812.7688625939045,0
2024-01-03T09:30:00+00:00,ADBE,SELL,19,574.580017,574.005436983,10906.103302677,5.4530516513385,10.917020323,2024-01-03-0002,122783.4785076195660,22713.4191136195660,0
2024-01-03T09:30:00+00:00,ANET,SELL,222,57.360001,57.302640999,12721.186301778,6.3605931508890,12.733920222,2024-01-03-0003,122764.3839942466770,35428.2448222466770,0
2024-01-03T09:30:00+00:00,AVGO,SELL,128,107.019997,106.912977003,13684.861056384,6.8424305281920,13.698559616,2024-01-03-0004,122743.8430041024850,49106.2634481024850,0
2024-01-03T09:30:00+00:00,GE,SELL,122,99.856346,99.756489654,12170.291737788,6.0851458688940,12.182474212,2024-01-03-0005,122725.5753840215910,61270.4700400215910,0
2024-01-03T09:30:00+00:00,LLY,SELL,20,600.000000,599.400000000,11988.000000000,5.9940000000000,12.000000000,2024-01-03-0006,122707.5813840215910,73252.4760400215910,0
2024-01-03T09:30:00+00:00,META,SELL,2,344.980011,344.635030989,689.270061978,0.3446350309890,0.689960022,2024-01-03-0007,122694.4724885836020,73941.4014669686020,35
2024-01-03T09:30:00+00:00,PHM,SELL,9,100.000000,99.900000000,899.100000000,0.4495500000000,0.900000000,2024-01-03-0008,122680.9229385836020,74840.0519169686020,122
2024-01-03T09:30:00+00:00,AMD,BUY,90,135.710007,135.845717007,12226.114530630,6.1130572653150,12.213900630,2024-01-03-0009,122674.8098813182870,62607.8243290732870,90
2024-01-03T09:30:00+00:00,BLDR,BUY,75,161.970001,162.131971001,12159.897825075,6.0799489125375,12.147750075,2024-01-03-0010,122668.7299324057495,50441.8465550857495,75
2024-01-03T09:30:00+00:00,CRM,BUY,48,253.500000,253.753500000,12180.168000000,6.0900840000000,12.168000000,2024-01-03-0011,122662.6398484057495,38255.5884710857495,48
2024-01-03T09:30:00+00:00,PANW,BUY,6,142.339996,142.482335996,854.894015976,0.4274470079880,0.854039976,2024-01-03-0012,122673.5996010777615,37400.2670081017615,86
2024-01-03T09:30:00+00:00,RCL,BUY,104,117.599998,117.717597998,12242.630191792,6.1213150958960,12.230399792,2024-01-03-0013,122667.4782859818655,25151.5155012138655,104
2024-01-03T09:30:00+00:00,TSLA,BUY,50,244.979996,245.224975996,12261.248799800,6.1306243999000,12.248999800,2024-01-03-0014,122661.3476615819655,12884.1360770139655,50
2024-01-03T09:30:00+00:00,UBER,BUY,213,57.480000,57.537480000,12255.483240000,6.1277416200000,12.243240000,2024-01-03-0015,122655.2199199619655,622.5250953939655,213
2024-02-02T09:30:00+00:00,AMD,SELL,10,173.789993,173.616203007,1736.162030070,0.8680810150350,1.737899930,2024-02-02-0001,139668.2942040089305,2357.8190444489305,80
2024-02-02T09:30:00+00:00,CRM,SELL,48,285.200012,284.914811988,13675.910975424,6.8379554877120,13.689600576,2024-02-02-0002,139647.7666479452185,16026.8920643852185,0
2024-02-02T09:30:00+00:00,META,SELL,5,459.600006,459.140405994,2295.702029970,1.1478510149850,2.298000030,2024-02-02-0003,139630.5327967202335,18321.4462433402335,30
2024-02-02T09:30:00+00:00,NVDA,SELL,39,63.973999,63.910025001,2492.490975039,1.2462454875195,2.494985961,2024-02-02-0004,139612.8452334897140,20812.6909728917140,218
2024-02-02T09:30:00+00:00,PANW,SELL,4,169.779999,169.610219001,678.440876004,0.3392204380020,0.679119996,2024-02-02-0005,139597.9049331377120,21490.7926284577120,82
2024-02-02T09:30:00+00:00,TSLA,SELL,50,185.039993,184.854953007,9242.747650350,4.6213738251750,9.251999650,2024-02-02-0006,139584.0315596625370,30728.9189049825370,0
2024-02-02T09:30:00+00:00,UBER,SELL,5,66.980003,66.913022997,334.565114985,0.1672825574925,0.334900015,2024-02-02-0007,139569.5975364660445,31063.3167374100445,208
2024-02-02T09:30:00+00:00,ANET,BUY,203,68.660004,68.728664004,13951.918792812,6.9759593964060,13.937980812,2024-02-02-0008,139562.6215770696385,17104.4219852016385,203
2024-02-02T09:30:00+00:00,AVGO,BUY,115,120.875000,120.995875000,13914.525625000,6.9572628125000,13.900625000,2024-02-02-0009,139555.6643142571385,3182.9390973891385,115
2024-02-02T09:30:00+00:00,BLDR,BUY,4,175.639999,175.815638999,703.262555996,0.3516312779980,0.702559996,2024-02-02-0010,139568.4856829041405,2479.3249101151405,79
2024-02-02T09:30:00+00:00,PHM,BUY,11,104.800003,104.904803003,1153.952833033,0.5769764165165,1.152800033,2024-02-02-0011,139580.6943068536240,1324.7951006656240,133
2024-02-02T09:30:00+00:00,RCL,BUY,6,126.209999,126.336208999,758.017253994,0.3790086269970,0.757259994,2024-02-02-0012,139593.4411381226270,566.3988380446270,110
2024-03-04T09:30:00+00:00,AMD,SELL,5,205.160004,204.954843996,1024.774219980,0.5123871099900,1.025800020,2024-03-04-0001,155241.3298046146370,1590.6606709146370,75
2024-03-04T09:30:00+00:00,AVGO,SELL,5,140.315002,140.174686998,700.873434990,0.3504367174950,0.701575010,2024-03-04-0002,155224.8431426671420,2291.1836691871420,110
2024-03-04T09:30:00+00:00,BLDR,SELL,2,201.820007,201.618186993,403.236373986,0.2016181869930,0.403640014,2024-03-04-0003,155208.6977439271490,2694.2184249861490,77
2024-03-04T09:30:00+00:00,NVDA,SELL,34,84.129997,84.045867003,2857.559478102,1.4287797390510,2.860419898,2024-03-04-0004,155188.9286248420980,5550.3491233490980,184
2024-03-04T09:30:00+00:00,PANW,SELL,82,151.000000,150.849000000,12369.618000000,6.1848090000000,12.382000000,2024-03-04-0005,155170.3618158420980,17913.7823143490980,0
2024-03-04T09:30:00+00:00,RCL,SELL,110,125.459999,125.334539001,13786.799290110,6.8933996450550,13.800599890,2024-03-04-0006,155149.6678163070430,31693.6882048140430,0
2024-03-04T09:30:00+00:00,UBER,SELL,19,81.940002,81.858061998,1555.303177962,0.7776515889810,1.556860038,2024-03-04-0007,155131.8466443020620,33248.2137311870620,189
2024-03-04T09:30:00+00:00,ADBE,BUY,27,572.849976,573.422825976,15482.416301352,7.7412081506760,15.466949352,2024-03-04-0008,155124.1054361513860,17758.0562216843860,27
2024-03-04T09:30:00+00:00,ANET,BUY,12,72.000000,72.072000000,864.864000000,0.4324320000000,0.864000000,2024-03-04-0009,155138.2890041513860,16892.7597896843860,215
2024-03-04T09:30:00+00:00,LLY,BUY,19,796.440002,797.236442002,15147.492398038,7.5737461990190,15.132360038,2024-03-04-0010,155130.7152579523670,1737.6936454473670,19
2024-03-04T09:30:00+00:00,PHM,BUY,5,112.230003,112.342233003,561.711165015,0.2808555825075,0.561150015,2024-03-04-0011,155145.3609927688595,1175.7016248498595,138
2024-04-02T09:30:00+00:00,ADBE,SELL,27,494.399994,493.905594006,13335.451038162,6.6677255190810,13.348799838,2024-04-02-0001,149093.9225454927785,14504.4849374927785,0
2024-04-02T09:30:00+00:00,ANET,SELL,215,72.925003,72.852077997,15663.196769355,7.8315983846775,15.678875645,2024-04-02-0002,149070.4120714631010,30159.8501084631010,0
2024-04-02T09:30:00+00:00,BLDR,SELL,3,201.539993,201.338453007,604.015359021,0.3020076795105,0.604619979,2024-04-02-0003,149054.5914843225905,30763.5634598045905,74
2024-04-02T09:30:00+00:00,NVDA,SELL,16,88.447998,88.359550002,1413.752800032,0.7068764000160,1.415167968,2024-04-02-0004,149037.6101762905745,32176.6093834365745,168
2024-04-02T09:30:00+00:00,PHM,SELL,138,115.830002,115.714171998,15968.555735724,7.9842778678620,15.984540276,2024-04-02-0005,149013.6413581467125,48137.1808412927125,0
2024-04-02T09:30:00+00:00,AMD,BUY,8,179.470001,179.649471001,1437.195768008,0.7185978840040,1.435760008,2024-04-02-0006,149026.3830103377085,46699.2664754007085,83
2024-04-02T09:30:00+00:00,AVGO,BUY,3,131.578995,131.710573995,395.131721985,0.1975658609925,0.394736985,2024-04-02-0007,149040.6591339267160,46303.9371875547160,113
2024-04-02T09:30:00+00:00,CEG,BUY,80,184.684998,184.869682998,14789.574639840,7.3947873199200,14.774799840,2024-04-02-0008,149033.2643466067960,31506.9677603947960,80
2024-04-02T09:30:00+00:00,DECK,BUY,97,153.300003,153.453303003,14884.970391291,7.4424851956455,14.870100291,2024-04-02-0009,149025.8218614111505,16614.5548839081505,97
2024-04-02T09:30:00+00:00,SMCI,BUY,148,100.000000,100.100000000,14814.800000000,7.4074000000000,14.800000000,2024-04-02-0010,149018.4144614111505,1792.3474839081505,148
2024-04-02T09:30:00+00:00,UBER,BUY,7,75.660004,75.735664004,530.149648028,0.2650748240140,0.529620028,2024-04-02-0011,149032.4491273431365,1261.9327610561365,196
2024-05-02T09:30:00+00:00,AMD,SELL,83,145.509995,145.364485005,12065.252255415,6.0326261277075,12.077329585,2024-05-02-0001,136414.3988233434290,13321.1523903434290,0
2024-05-02T09:30:00+00:00,AVGO,SELL,5,125.627998,125.502370002,627.511850010,0.3137559250050,0.628139990,2024-05-02-0002,136399.8891036444240,13948.3504844284240,108
2024-05-02T09:30:00+00:00,BLDR,SELL,1,186.899994,186.713094006,186.713094006,0.0933565470030,0.186899994,2024-05-02-0003,136385.9651475414210,14134.9702218874210,73
2024-05-02T09:30:00+00:00,CEG,SELL,7,185.000000,184.815000000,1293.705000000,0.6468525000000,1.295000000,2024-05-02-0004,136370.5182950414210,15428.0283693874210,73
2024-05-02T09:30:00+00:00,DECK,SELL,97,137.981674,137.843692326,13370.838155622,6.6854190778110,13.384222378,2024-05-02-0005,136350.4486535856100,28792.1811059316100,0
2024-05-02T09:30:00+00:00,LLY,SELL,19,777.340027,776.562686973,14754.691052487,7.3773455262435,14.769460513,2024-05-02-0006,136328.3018475463665,43539.4948128923665,0
2024-05-02T09:30:00+00:00,NVDA,SELL,7,84.448997,84.364548003,590.551836021,0.2952759180105,0.591142979,2024-05-02-0007,136313.8191401323560,44129.7513729953560,161
2024-05-02T09:30:00+00:00,META,BUY,1,438.839996,439.278835996,439.278835996,0.2196394179980,0.438839996,2024-05-02-0008,136326.7647005943580,43690.2528975813580,31
2024-05-02T09:30:00+00:00,NRG,BUY,183,74.300003,74.374303003,13610.497449549,6.8052487247745,13.596900549,2024-05-02-0009,136319.9594518695835,30072.9501993075835,183
2024-05-02T09:30:00+00:00,RCL,BUY,97,139.110001,139.249111001,13507.163767097,6.7535818835485,13.493670097,2024-05-02-0010,136313.2058699860350,16559.0328503270350,97
2024-05-02T09:30:00+00:00,SMCI,BUY,29,76.716003,76.792719003,2226.988851087,1.1134944255435,2.224764087,2024-05-02-0011,136323.4463440044915,14330.9305048144915,177
2024-05-02T09:30:00+00:00,UBER,BUY,3,68.400002,68.468402002,205.405206006,0.1027026030030,0.205200006,2024-05-02-0012,136336.7500417934885,14125.4225962054885,199
2024-05-02T09:30:00+00:00,WDC,BUY,255,53.401360,53.454761360,13630.964146800,6.8154820734000,13.617346800,2024-05-02-0013,136329.9345597200885,487.6429673320885,255
2024-06-04T09:30:00+00:00,AVGO,SELL,108,132.039993,131.907953007,14246.058924756,7.1230294623780,14.260319244,2024-06-04-0001,143700.1718586257105,14726.5788626257105,0
2024-06-04T09:30:00+00:00,BLDR,SELL,73,150.539993,150.389453007,10978.430069511,5.4892150347555,10.989419489,2024-06-04-0002,143683.6932241019550,25699.5197171019550,0
2024-06-04T09:30:00+00:00,CEG,SELL,4,206.990005,206.783014995,827.132059980,0.4135660299900,0.827960020,2024-06-04-0003,143668.1693877069650,26526.2382110519650,69
2024-06-04T09:30:00+00:00,META,SELL,31,477.000000,476.523000000,14772.213000000,7.3861065000000,14.787000000,2024-06-04-0004,143645.9962812069650,41291.0651045519650,0
2024-06-04T09:30:00+00:00,NVDA,SELL,37,115.716003,115.600286997,4277.210618889,2.1386053094445,4.281492111,2024-06-04-0005,143625.2273994145205,45566.1371181315205,124
2024-06-04T09:30:00+00:00,RCL,SELL,97,150.460007,150.309546993,14580.026058321,7.2900130291605,14.594620679,2024-06-04-0006,143603.3427657063600,60138.8731634233600,0
2024-06-04T09:30:00+00:00,UBER,SELL,199,64.059998,63.995938002,12735.191662398,6.3675958311990,12.747939602,2024-06-04-0007,143584.2272302731610,72867.6972299901610,0
2024-06-04T09:30:00+00:00,WDC,SELL,255,56.500378,56.443877622,14393.188793610,7.1965943968050,14.407596390,2024-06-04-0008,143562.6230394863560,87253.6894292033560,0
2024-06-04T09:30:00+00:00,DECK,BUY,79,180.198334,180.378532334,14249.904054386,7.1249520271930,14.235668386,2024-06-04-0009,143555.4980874591630,72996.6604227901630,79
2024-06-04T09:30:00+00:00,GE,BUY,89,161.000000,161.161000000,14343.329000000,7.1716645000000,14.329000000,2024-06-04-0010,143548.3264229591630,58646.1597582901630,89
2024-06-04T09:30:00+00:00,LDOS,BUY,98,145.279999,145.425278999,14251.677341902,7.1258386709510,14.237439902,2024-06-04-0011,143541.2005842882120,44387.3565777172120,98
2024-06-04T09:30:00+00:00,SMCI,BUY,12,75.900002,75.975902002,911.710824024,0.4558554120120,0.910800024,2024-06-04-0012,143554.1790292302000,43475.1898982812000,189
2024-06-04T09:30:00+00:00,TT,BUY,44,323.489990,323.813479990,14247.793119560,7.1238965597800,14.233559560,2024-06-04-0013,143547.0551326704200,29220.2728821614200,44
2024-06-04T09:30:00+00:00,URI,BUY,22,630.799988,631.430787988,13891.477335736,6.9457386678680,13.877599736,2024-06-04-0014,143540.1093940025520,15321.8498077575520,22
2024-06-04T09:30:00+00:00,VST,BUY,154,92.750000,92.842750000,14297.783500000,7.1488917500000,14.283500000,2024-06-04-0015,143532.9605022525520,1016.9174160075520,154
2024-07-02T09:30:00+00:00,LDOS,SELL,98,145.470001,145.324530999,14241.804037902,7.1209020189510,14.256060098,2024-07-02-0001,141753.4190648906010,15251.6005518906010,0
2024-07-02T09:30:00+00:00,NVDA,SELL,7,121.129997,121.008867003,847.062069021,0.4235310345105,0.847909979,2024-07-02-0002,141737.9754142280905,16098.2390898770905,117
2024-07-02T09:30:00+00:00,SMCI,SELL,12,79.940002,79.860061998,958.320743976,0.4791603719880,0.959280024,2024-07-02-0003,141722.3875934781025,17056.0806734811025,177
2024-07-02T09:30:00+00:00,TT,SELL,44,323.079987,322.756907013,14201.303908572,7.1006519542860,14.215519428,2024-07-02-0004,141701.0714220958165,31250.2839300988165,0
2024-07-02T09:30:00+00:00,URI,SELL,22,635.789978,635.154188022,13973.392136484,6.9866960682420,13.987379516,2024-07-02-0005,141680.0973465115745,45216.6893705145745,0
2024-07-02T09:30:00+00:00,CRWD,BUY,148,95.567497,95.663064497,14158.133545556,7.0790667727780,14.143989556,2024-07-02-0006,141673.0182797387965,31051.4767581857965,148
2024-07-02T09:30:00+00:00,DECK,BUY,11,157.268326,157.425594326,1731.681537586,0.8658407687930,1.729951586,2024-07-02-0007,141684.5766367240035,29318.9293798310035,90
2024-07-02T09:30:00+00:00,MU,BUY,109,129.910004,130.039914004,14174.350626436,7.0871753132180,14.160190436,2024-07-02-0008,141677.4894614107855,15137.4915780817855,109
2024-07-02T09:30:00+00:00,VST,BUY,8,86.970001,87.056971001,696.455768008,0.3482278840040,0.695760008,2024-07-02-0009,141690.5346136807815,14440.6875821897815,162
2024-07-02T09:30:00+00:00,WDC,BUY,247,57.271355,57.328626355,14160.170709685,7.0800853548425,14.146024685,2024-07-02-0010,141683.4545283259390,273.4367871499390,247
2024-08-02T09:30:00+00:00,CEG,SELL,2,174.470001,174.295530999,348.591061998,0.1742955309990,0.348940002,2024-08-02-0001,118426.1807465499400,621.8535536169400,67
2024-08-02T09:30:00+00:00,DECK,SELL,90,147.151672,147.004520328,13230.406829520,6.6152034147600,13.243650480,2024-08-02-0002,118406.3218926551800,13845.6451797221800,0
2024-08-02T09:30:00+00:00,GE,SELL,89,165.570007,165.404436993,14720.994892377,7.3604974461885,14.735730623,2024-08-02-0003,118384.2256645859915,28559.2795746529915,0
2024-08-02T09:30:00+00:00,NRG,SELL,20,72.629997,72.557367003,1451.147340060,0.7255736700300,1.452599940,2024-08-02-0004,118370.2088014649615,30009.7013410429615,163
2024-08-02T09:30:00+00:00,NVDA,SELL,3,103.760002,103.656241998,310.968725994,0.1554843629970,0.311280006,2024-08-02-0005,118357.9133968679645,30320.5145826739645,114
2024-08-02T09:30:00+00:00,VST,SELL,3,74.290001,74.215710999,222.647132997,0.1113235664985,0.222870003,2024-08-02-0006,118345.7670931394660,30543.0503921044660,159
2024-08-02T09:30:00+00:00,WDC,SELL,247,44.149658,44.105508342,10894.060560474,5.4470302802370,10.904965526,2024-08-02-0007,118329.4150973332290,41431.6639222982290,0
2024-08-02T09:30:00+00:00,ANET,BUY,147,80.000000,80.080000000,11771.760000000,5.8858800000000,11.760000000,2024-08-02-0008,118323.5292173332290,29654.0180422982290,147
2024-08-02T09:30:00+00:00,CRWD,BUY,69,54.287498,54.341785498,3749.583199362,1.8747915996810,3.745837362,2024-08-02-0009,118329.6889754375480,25902.5600513365480,217
2024-08-02T09:30:00+00:00,GDDY,BUY,80,146.910004,147.056914004,11764.553120320,5.8822765601600,11.752800320,2024-08-02-0010,118323.8066988773880,14132.1246544563880,80
2024-08-02T09:30:00+00:00,LLY,BUY,14,816.669983,817.486652983,11444.813141762,5.7224065708810,11.433379762,2024-08-02-0011,118318.0842923065070,2681.5891061235070,14
2024-08-02T09:30:00+00:00,MU,BUY,12,97.160004,97.257164004,1167.085968048,0.5835429840240,1.165920048,2024-08-02-0012,118328.0911897584830,1513.9195950914830,121
2024-08-02T09:30:00+00:00,SMCI,BUY,10,63.000000,63.063000000,630.630000000,0.3153150000000,0.630000000,2024-08-02-0013,118338.9268747584830,882.9742800914830,187
2024-09-04T09:30:00+00:00,ANET,SELL,147,81.000000,80.919000000,11895.093000000,5.9475465000000,11.907000000,2024-09-04-0001,120383.6753775914830,12772.1197335914830,0
2024-09-04T09:30:00+00:00,CEG,SELL,67,177.679993,177.502313007,11892.654971469,5.9463274857345,11.904559531,2024-09-04-0002,120365.8244905747485,24658.8283775747485,0
2024-09-04T09:30:00+00:00,CRWD,SELL,217,65.110001,65.044890999,14114.741346783,7.0573706733915,14.128870217,2024-09-04-0003,120344.6382496843570,38766.5123536843570,0
2024-09-04T09:30:00+00:00,GDDY,SELL,5,159.100006,158.940905994,794.704529970,0.3973522649850,0.795500030,2024-09-04-0004,120331.5128969393720,39560.8195313893720,75
2024-09-04T09:30:00+00:00,LLY,SELL,14,949.750000,948.800250000,13283.203500000,6.6416017500000,13.296500000,2024-09-04-0005,120311.5747951893720,52837.3814296393720,0
2024-09-04T09:30:00+00:00,MU,SELL,121,88.360001,88.271640999,10680.868560879,5.3404342804395,10.691560121,2024-09-04-0006,120295.5428007879325,63512.9095562379325,0
2024-09-04T09:30:00+00:00,NRG,SELL,12,79.660004,79.580343996,954.964127952,0.4774820639760,0.955920048,2024-09-04-0007,120282.0807380719565,64467.3962021259565,151
2024-09-04T09:30:00+00:00,FICO,BUY,7,1677.469971,1679.147440971,11754.032086797,5.8770160433985,11.742289797,2024-09-04-0008,120276.2037220285580,52707.4870992855580,7
2024-09-04T09:30:00+00:00,GE,BUY,73,163.500000,163.663500000,11947.435500000,5.9737177500000,11.935500000,2024-09-04-0009,120270.2300042785580,40754.0778815355580,73
2024-09-04T09:30:00+00:00,HWM,BUY,129,92.900002,92.992902002,11996.084358258,5.9980421791290,11.984100258,2024-09-04-0010,120264.2319620994290,28751.9954810984290,129
2024-09-04T09:30:00+00:00,IRM,BUY,106,113.010002,113.123012002,11991.039272212,5.9955196361060,11.979060212,2024-09-04-0011,120258.2364424633230,16754.9606892503230,106
2024-09-04T09:30:00+00:00,KKR,BUY,101,117.930000,118.047930000,11922.840930000,5.9614204650000,11.910930000,2024-09-04-0012,120252.2750219983230,4826.1583387853230,101
2024-09-04T09:30:00+00:00,SMCI,BUY,99,42.012001,42.054013001,4163.347287099,2.0816736435495,4.159188099,2024-09-04-0013,120258.0495925417735,660.7293780427735,286
2024-10-02T09:30:00+00:00,IRM,SELL,106,117.209999,117.092789001,12411.835634106,6.2059178170530,12.424259894,2024-10-02-0001,135247.1205593317205,13066.3590943317205,0
2024-10-02T09:30:00+00:00,NRG,SELL,4,92.000000,91.908000000,367.632000000,0.1838160000000,0.368000000,2024-10-02-0002,135233.0447433317205,13433.8072783317205,147
2024-10-02T09:30:00+00:00,SMCI,SELL,286,40.009998,39.969988002,11431.416568572,5.7157082842860,11.442859428,2024-10-02-0003,135215.8861756194345,24859.5081386194345,0
2024-10-02T09:30:00+00:00,VST,SELL,47,120.050003,119.929952997,5636.707790859,2.8183538954295,5.642350141,2024-10-02-0004,135193.9798712470050,30493.3975755830050,112
2024-10-02T09:30:00+00:00,AVGO,BUY,80,167.550003,167.717553003,13417.404240240,6.7087021201200,13.404000240,2024-10-02-0005,135187.2711691268850,17069.2846332228850,80
2024-10-02T09:30:00+00:00,GDDY,BUY,13,152.440002,152.592442002,1983.701746026,0.9918508730130,1.981720026,2024-10-02-0006,135197.7123184038720,15084.5910363238720,88
2024-10-02T09:30:00+00:00,HWM,BUY,4,100.940002,101.040942002,404.163768008,0.2020818840040,0.403760008,2024-10-02-0007,135210.5314967778680,14680.2251864318680,133
2024-10-02T09:30:00+00:00,KKR,BUY,2,130.000000,130.130000000,260.260000000,0.1301300000000,0.260000000,2024-10-02-0008,135223.5313667778680,14419.8350564318680,103
2024-10-02T09:30:00+00:00,MPWR,BUY,14,901.780029,902.681809029,12637.545326406,6.3187726632030,12.624920406,2024-10-02-0009,135217.2125941146650,1775.9709573626650,14
2024-10-02T09:30:00+00:00,NVDA,BUY,2,116.440002,116.556442002,233.112884004,0.1165564420020,0.232880004,2024-10-02-0010,135230.3701979006630,1542.7415169166630,116
2024-11-04T09:30:00+00:00,AVGO,SELL,80,169.279999,169.110719001,13528.857520080,6.7644287600400,13.542399920,2024-11-04-0001,135726.3572092366230,15064.8346082366230,0
2024-11-04T09:30:00+00:00,FICO,SELL,1,1986.300049,1984.313748951,1984.313748951,0.9921568744755,1.986300049,2024-11-04-0002,135711.4609520191475,17048.1562003131475,6
2024-11-04T09:30:00+00:00,GDDY,SELL,5,163.350006,163.186655994,815.933279970,0.4079666399850,0.816750030,2024-11-04-0003,135696.6781848511625,17863.6815136431625,83
2024-11-04T09:30:00+00:00,KKR,SELL,5,137.520004,137.382483996,686.912419980,0.3434562099900,0.687600020,2024-11-04-0004,135682.1701682291725,18550.2504774131725,98
2024-11-04T09:30:00+00:00,MPWR,SELL,14,758.809998,758.051188002,10612.716632028,5.3063583160140,10.623339972,2024-11-04-0005,135666.2404699411585,29157.6607511251585,0
2024-11-04T09:30:00+00:00,NVDA,SELL,17,137.210007,137.072796993,2330.237548881,1.1651187744405,2.332570119,2024-11-04-0006,135649.1589903547180,31486.7331812317180,99
2024-11-04T09:30:00+00:00,CEG,BUY,58,232.500000,232.732500000,13498.485000000,6.7492425000000,13.485000000,2024-11-04-0007,135642.4097478547180,17981.4989387317180,58
2024-11-04T09:30:00+00:00,GE,BUY,5,172.300003,172.472303003,862.361515015,0.4311807575075,0.861500015,2024-11-04-0008,135654.5564673162105,17118.7062429592105,78
2024-11-04T09:30:00+00:00,HWM,BUY,2,100.160004,100.260164004,200.520328008,0.1002601640040,0.200320008,2024-11-04-0009,135667.7774876842065,16918.0856547872065,135
2024-11-04T09:30:00+00:00,NRG,BUY,11,85.699997,85.785696997,943.642666967,0.4718213334835,0.942699967,2024-11-04-0010,135679.9035659097230,15973.9711664867230,158
2024-11-04T09:30:00+00:00,PLTR,BUY,330,41.080002,41.121082002,13569.957060660,6.7849785303300,13.556400660,2024-11-04-0011,135673.1185873793930,2397.2291272963930,330
2024-11-04T09:30:00+00:00,VST,BUY,3,117.690002,117.807692002,353.423076006,0.1767115380030,0.353070006,2024-11-04-0012,135686.1231560653900,2043.6293397523900,115
2024-12-03T09:30:00+00:00,FICO,SELL,6,2313.300049,2310.986748951,13865.920493706,6.9329602468530,13.879800294,2024-12-03-0001,162045.0555922115370,15902.6168732115370,0
2024-12-03T09:30:00+00:00,GDDY,SELL,83,197.130005,196.932874995,16345.428624585,8.1727143122925,16.361790415,2024-12-03-0002,162020.5210874842445,32239.8727834842445,0
2024-12-03T09:30:00+00:00,GE,SELL,78,181.000000,180.819000000,14103.882000000,7.0519410000000,14.118000000,2024-12-03-0003,161999.3511464842445,46336.7028424842445,0
2024-12-03T09:30:00+00:00,KKR,SELL,98,160.250000,160.089750000,15688.795500000,7.8443977500000,15.704500000,2024-12-03-0004,161975.8022487342445,62017.6539447342445,0
2024-12-03T09:30:00+00:00,PLTR,SELL,86,66.410004,66.343593996,5705.549083656,2.8527745418280,5.711260344,2024-12-03-0005,161951.0341728724165,67720.3502538484165,244
2024-12-03T09:30:00+00:00,VST,SELL,11,155.639999,155.484359001,1710.327949011,0.8551639745055,1.712039989,2024-12-03-0006,161932.2804090129110,69429.8230388849110,104
2024-12-03T09:30:00+00:00,CEG,BUY,6,251.470993,251.722463993,1510.334783958,0.7551673919790,1.508825958,2024-12-03-0007,161946.1105592149320,67918.7330875349320,64
2024-12-03T09:30:00+00:00,HWM,BUY,1,118.250000,118.368250000,118.368250000,0.0591841250000,0.118250000,2024-12-03-0008,161962.0151250899320,67800.3056534099320,136
2024-12-03T09:30:00+00:00,IRM,BUY,132,122.000000,122.122000000,16120.104000000,8.0600520000000,16.104000000,2024-12-03-0009,161953.9550730899320,51672.1416014099320,132
2024-12-03T09:30:00+00:00,NRG,BUY,2,100.680000,100.780680000,201.561360000,0.1007806800000,0.201360000,2024-12-03-0010,161969.7617324099320,51470.4794607299320,160
2024-12-03T09:30:00+00:00,NVDA,BUY,18,138.259995,138.398254995,2491.168589910,1.2455842949550,2.488679910,2024-12-03-0011,161982.2038876199770,48978.0652865249770,117
2024-12-03T09:30:00+00:00,RCL,BUY,65,247.500000,247.747500000,16103.587500000,8.0517937500000,16.087500000,2024-12-03-0012,161974.1520938699770,32866.4259927749770,65
2024-12-03T09:30:00+00:00,TPL,BUY,32,504.653320,505.157973320,16165.055146240,8.0825275731200,16.148906240,2024-12-03-0013,161966.0695662968570,16693.2883189618570,32
2024-12-03T09:30:00+00:00,UAL,BUY,166,97.349998,97.447347998,16176.259767668,8.0881298838340,16.160099668,2024-12-03-0014,161957.9814364130230,508.9404214100230,166
2025-01-03T09:30:00+00:00,CEG,SELL,3,250.500000,250.249500000,750.748500000,0.3753742500000,0.751500000,2025-01-03-0001,154826.7860491600230,1259.3135471600230,61
2025-01-03T09:30:00+00:00,IRM,SELL,132,105.040001,104.934960999,13851.414851868,6.9257074259340,13.865280132,2025-01-03-0002,154805.9950616020890,15103.8026916020890,0
2025-01-03T09:30:00+00:00,NRG,SELL,160,93.930000,93.836070000,15013.771200000,7.5068856000000,15.028800000,2025-01-03-0003,154783.4593760020890,30110.0670060020890,0
2025-01-03T09:30:00+00:00,NVDA,SELL,7,140.009995,139.869985005,979.089895035,0.4895449475175,0.980069965,2025-01-03-0004,154766.5886616395715,31088.6673560895715,110
2025-01-03T09:30:00+00:00,PLTR,SELL,39,75.389999,75.314609001,2937.269751039,1.4686348755195,2.940209961,2025-01-03-0005,154746.7248670080520,34024.4684722530520,205
2025-01-03T09:30:00+00:00,RCL,SELL,65,230.029999,229.799969001,14936.997985065,7.4684989925325,14.951949935,2025-01-03-0006,154724.3044180805195,48953.9979583255195,0
2025-01-03T09:30:00+00:00,UAL,SELL,4,95.400002,95.304601998,381.218407992,0.1906092039960,0.381600008,2025-01-03-0007,154708.2774085445235,49335.0257571135235,162
2025-01-03T09:30:00+00:00,VST,SELL,4,154.360001,154.205640999,616.822563996,0.3084112819980,0.617440004,2025-01-03-0008,154691.9155571585255,49951.5399098275255,100
2025-01-03T09:30:00+00:00,AXON,BUY,25,595.359985,595.955344985,14898.883624625,7.4494418123125,14.883999625,2025-01-03-0009,154684.4661153462130,35045.2068433902130,25
2025-01-03T09:30:00+00:00,FICO,BUY,7,2003.109985,2005.113094985,14035.791664895,7.0178958324475,14.021769895,2025-01-03-0010,154677.4482195137655,21002.3972826627655,7
2025-01-03T09:30:00+00:00,HWM,BUY,3,111.169998,111.281167998,333.843503994,0.1669217519970,0.333509994,2025-01-03-0011,154692.4004174897685,20668.3868569167685,139
2025-01-03T09:30:00+00:00,TPL,BUY,7,395.966675,396.362641675,2774.538491725,1.3872692458625,2.771766725,2025-01-03-0012,154703.6840818439060,17892.4610959459060,39
2025-01-03T09:30:00+00:00,TRGP,BUY,83,184.360001,184.544361001,15317.181963083,7.6585909815415,15.301880083,2025-01-03-0013,154696.0254908623645,2567.6205418813645,83
2025-02-04T09:30:00+00:00,CEG,SELL,61,298.226990,297.928763010,18173.654543610,9.0868272718050,18.191846390,2025-02-04-0001,169578.6599292195595,20732.1882582195595,0
2025-02-04T09:30:00+00:00,FICO,SELL,7,1816.630005,1814.813374995,12703.693624965,6.3518468124825,12.716410035,2025-02-04-0002,169559.5916723720770,33429.5300363720770,0
2025-02-04T09:30:00+00:00,HWM,SELL,6,127.400002,127.272601998,763.635611988,0.3818178059940,0.764400012,2025-02-04-0003,169541.5012542880830,34192.7838305540830,133
2025-02-04T09:30:00+00:00,PLTR,SELL,40,102.800003,102.697202997,4107.888119880,2.0539440599400,4.112000120,2025-02-04-0004,169518.3733096131430,38298.6180063741430,165
2025-02-04T09:30:00+00:00,TPL,SELL,1,444.033325,443.589291675,443.589291675,0.2217946458375,0.444033325,2025-02-04-0005,169500.8342152923055,38741.9855034033055,38
2025-02-04T09:30:00+00:00,UAL,SELL,3,106.620003,106.513382997,319.540148991,0.1597700744955,0.319860009,2025-02-04-0006,169483.4020047318100,39061.3658823198100,159
2025-02-04T09:30:00+00:00,AVGO,BUY,77,219.350006,219.569356006,16906.840412462,8.4534202062310,16.889950462,2025-02-04-0007,169474.9485845255790,22146.0720496515790,77
2025-02-04T09:30:00+00:00,NVDA,BUY,34,116.959999,117.076958999,3980.616605966,1.9903083029830,3.976639966,2025-02-04-0008,169485.8238761125960,18163.4651353825960,144
2025-02-04T09:30:00+00:00,TRGP,BUY,1,200.139999,200.340138999,200.340138999,0.1001700694995,0.200139999,2025-02-04-0009,169502.3353259600965,17963.0248263140965,84
2025-02-04T09:30:00+00:00,TSLA,BUY,44,382.630005,383.012635005,16852.555940220,8.4262779701100,16.835720220,2025-02-04-0010,169493.9090479899865,1102.0426081239865,44
2025-03-04T09:30:00+00:00,AVGO,SELL,77,189.220001,189.030780999,14555.370136923,7.2776850684615,14.569940077,2025-03-04-0001,145900.0027409785250,15650.1350599785250,0
2025-03-04T09:30:00+00:00,HWM,SELL,133,127.660004,127.532343996,16961.801751468,8.4809008757340,16.978780532,2025-03-04-0002,145874.5430595707910,32603.4559105707910,0
2025-03-04T09:30:00+00:00,NVDA,SELL,144,110.650002,110.539351998,15917.666687712,7.9588333438560,15.933600288,2025-03-04-0003,145850.6506259389350,48513.1637649389350,0
2025-03-04T09:30:00+00:00,TPL,SELL,6,443.333344,442.890010656,2657.340063936,1.3286700319680,2.660000064,2025-03-04-0004,145832.4752888349670,51169.1751588429670,32
2025-03-04T09:30:00+00:00,TRGP,SELL,8,192.009995,191.817985005,1534.543880040,0.7672719400200,1.536079960,2025-03-04-0005,145815.5791773149470,52702.9517669429470,76
2025-03-04T09:30:00+00:00,AXON,BUY,3,513.869995,514.383864995,1543.151594985,0.7715757974925,1.541609985,2025-03-04-0006,145827.6543513924545,51159.0285961604545,28
2025-03-04T09:30:00+00:00,MMM,BUY,96,150.500000,150.650500000,14462.448000000,7.2312240000000,14.448000000,2025-03-04-0007,145820.4231273924545,36689.3493721604545,96
2025-03-04T09:30:00+00:00,NRG,BUY,148,98.110001,98.208111001,14534.800428148,7.2674002140740,14.520280148,2025-03-04-0008,145813.1557271783805,22147.2815437983805,148
2025-03-04T09:30:00+00:00,PLTR,BUY,16,80.160004,80.240164004,1283.842624064,0.6419213120320,1.282560064,2025-03-04-0009,145825.7402065263485,20862.7969984223485,181
2025-03-04T09:30:00+00:00,RCL,BUY,61,236.309998,236.546307998,14429.324787878,7.2146623939390,14.414909878,2025-03-04-0010,145818.5255441324095,6426.2575481504095,61
2025-03-04T09:30:00+00:00,TSLA,BUY,9,270.929993,271.200922993,2440.808306937,1.2204041534685,2.438369937,2025-03-04-0011,145829.2260596709410,3984.2288370599410,53
2025-03-04T09:30:00+00:00,UAL,BUY,5,88.489998,88.578487998,442.892439990,0.2214462199950,0.442449990,2025-03-04-0012,145843.0745231329460,3541.1149508499460,164
2025-03-04T09:30:00+00:00,VST,BUY,18,122.980003,123.102983003,2215.853694054,1.1079268470270,2.213640054,2025-03-04-0013,145854.2645965859190,1324.1533299489190,118
2025-04-02T09:30:00+00:00,AXON,SELL,28,530.690002,530.159311998,14844.460735944,7.4222303679720,14.859320056,2025-04-02-0001,139473.4439005249470,16161.1918355249470,0
2025-04-02T09:30:00+00:00,MMM,SELL,96,145.710007,145.564296993,13974.172511328,6.9870862556640,13.988160672,2025-04-02-0002,139452.4686535972830,30128.3772605972830,0
2025-04-02T09:30:00+00:00,NRG,SELL,148,96.559998,96.463438002,14276.588824296,7.1382944121480,14.290879704,2025-04-02-0003,139431.0394794811350,44397.8277904811350,0
2025-04-02T09:30:00+00:00,PLTR,SELL,12,82.400002,82.317601998,987.811223976,0.4939056119880,0.988800024,2025-04-02-0004,139415.6311735071470,45385.1451088451470,169
2025-04-02T09:30:00+00:00,RCL,SELL,61,204.110001,203.905890999,12438.259350939,6.2191296754695,12.450710061,2025-04-02-0005,139396.9613337706775,57817.1853301086775,0
2025-04-02T09:30:00+00:00,TPL,SELL,1,440.570007,440.129436993,440.129436993,0.2200647184965,0.440570007,2025-04-02-0006,139382.6430288281810,58257.0947023831810,31
2025-04-02T09:30:00+00:00,TRGP,SELL,76,200.020004,199.819983996,15186.318783696,7.5931593918480,15.201520304,2025-04-02-0007,139359.8483491323330,73435.8203266873330,0
2025-04-02T09:30:00+00:00,TSLA,SELL,53,254.600006,254.345405994,13480.306517682,6.7401532588410,13.493800318,2025-04-02-0008,139339.6143955554920,86909.3866911104920,0
2025-04-02T09:30:00+00:00,FOX,BUY,269,51.790001,51.841791001,13945.441779269,6.9727208896345,13.931510269,2025-04-02-0009,139332.6416746658575,72956.9721909518575,269
2025-04-02T09:30:00+00:00,FOXA,BUY,250,55.560001,55.615561001,13903.890250250,6.9519451251250,13.890000250,2025-04-02-0010,139325.6897295407325,59046.1299955767325,250
2025-04-02T09:30:00+00:00,GEV,BUY,45,307.079987,307.387066987,13832.418014415,6.9162090072075,13.818599415,2025-04-02-0011,139318.7735205335250,45206.7957721545250,45
2025-04-02T09:30:00+00:00,HWM,BUY,107,129.169998,129.299167998,13835.010975786,6.9175054878930,13.821189786,2025-04-02-0012,139311.8560150456320,31364.8672908806320,107
2025-04-02T09:30:00+00:00,PM,BUY,88,158.089996,158.248085996,13925.831567648,6.9629157838240,13.911919648,2025-04-02-0013,139304.8930992618080,17432.0728074488080,88
2025-04-02T09:30:00+00:00,TPR,BUY,192,72.300003,72.372303003,13895.482176576,6.9477410882880,13.881600576,2025-04-02-0014,139297.9453581735200,3529.6428897845200,192
2025-04-02T09:30:00+00:00,UAL,BUY,46,66.160004,66.226164004,3046.403544184,1.5232017720920,3.043360184,2025-04-02-0015,139307.2723970574280,481.7161438284280,210
2025-05-02T09:30:00+00:00,GEV,SELL,6,391.000000,390.609000000,2343.654000000,1.1718270000000,2.346000000,2025-05-02-0001,152854.8262078284280,2824.1983168284280,39
2025-05-02T09:30:00+00:00,HWM,SELL,6,150.210007,150.059796993,900.358781958,0.4501793909790,0.901260042,2025-05-02-0002,152838.3035576884490,3724.1069193954490,101
2025-05-02T09:30:00+00:00,PLTR,SELL,41,118.660004,118.541343996,4860.195103836,2.4300975519180,4.865060164,2025-05-02-0003,152815.8199194605310,8581.8719256795310,128
2025-05-02T09:30:00+00:00,PM,SELL,88,170.399994,170.229594006,14980.204272528,7.4901021362640,14.995199472,2025-05-02-0004,152793.3346178522670,23554.5860960712670,0
2025-05-02T09:30:00+00:00,UAL,SELL,210,71.239998,71.168758002,14945.439180420,7.4727195902100,14.960399580,2025-05-02-0005,152770.9014986820570,38492.5525569010570,0
2025-05-02T09:30:00+00:00,VST,SELL,118,138.919998,138.781078002,16376.167204236,8.1880836021180,16.392559764,2025-05-02-0006,152746.3208553159390,54860.5316775349390,0
2025-05-02T09:30:00+00:00,FOX,BUY,60,46.279999,46.326278999,2779.576739940,1.3897883699700,2.776799940,2025-05-02-0007,152757.3803866769690,52079.5651492249690,329
2025-05-02T09:30:00+00:00,FOXA,BUY,58,49.480000,49.529480000,2872.709840000,1.4363549200000,2.869840000,2025-05-02-0008,152768.3140317569690,49205.4189543049690,308
2025-05-02T09:30:00+00:00,GILD,BUY,145,104.870003,104.974873003,15221.356585435,7.6106782927175,15.206150435,2025-05-02-0009,152760.7033534642515,33976.4516905772515,145
2025-05-02T09:30:00+00:00,T,BUY,553,27.600000,27.627600000,15278.062800000,7.6390314000000,15.262800000,2025-05-02-0010,152753.0643220642515,18690.7498591772515,553
2025-05-02T09:30:00+00:00,TPL,BUY,3,443.066681,443.509747681,1330.529243043,0.6652646215215,1.329200043,2025-05-02-0011,152766.1341245537300,17359.5553515127300,34
2025-05-02T09:30:00+00:00,TPR,BUY,20,71.709999,71.781708999,1435.634179980,0.7178170899900,1.434199980,2025-05-02-0012,152779.1846272717400,15923.2033544427400,212
2025-05-02T09:30:00+00:00,TRGP,BUY,93,163.860001,164.023861001,15254.219073093,7.6271095365465,15.238980093,2025-05-02-0013,152771.5575177351935,661.3571718131935,93
2025-06-03T09:30:00+00:00,FOX,SELL,329,50.599998,50.549398002,16630.751942658,8.3153759713290,16.647399342,2025-06-03-0001,163496.1875574998645,17283.7937384998645,0
2025-06-03T09:30:00+00:00,FOXA,SELL,308,55.139999,55.084859001,16966.136572308,8.4830682861540,16.983119692,2025-06-03-0002,163470.7213695217105,34241.4472425217105,0
2025-06-03T09:30:00+00:00,GEV,SELL,6,494.000000,493.506000000,2961.036000000,1.4805180000000,2.964000000,2025-06-03-0003,163449.9748515217105,37201.0027245217105,33
2025-06-03T09:30:00+00:00,GILD,SELL,145,108.400002,108.291601998,15702.282289710,7.8511411448550,15.718000290,2025-06-03-0004,163426.4057100868555,52895.4338730868555,0
2025-06-03T09:30:00+00:00,HWM,SELL,7,172.559998,172.387438002,1206.712066014,0.6033560330070,1.207919986,2025-06-03-0005,163408.3737942558485,54101.5425830678485,94
2025-06-03T09:30:00+00:00,PLTR,SELL,5,133.070007,132.936936993,664.684684965,0.3323423424825,0.665350035,2025-06-03-0006,163391.0084910173660,54765.8949256903660,123
2025-06-03T09:30:00+00:00,T,SELL,553,27.889999,27.862109001,15407.746277553,7.7038731387765,15.423169447,2025-06-03-0007,163367.8814484315895,70165.9373301045895,0
2025-06-03T09:30:00+00:00,TPR,SELL,4,78.500000,78.421500000,313.686000000,0.1568430000000,0.314000000,2025-06-03-0008,163351.0826054315895,70479.4664871045895,208
2025-06-03T09:30:00+00:00,TRGP,SELL,93,162.750000,162.587250000,15120.614250000,7.5603071250000,15.135750000,2025-06-03-0009,163328.3865483065895,85592.5204299795895,0
2025-06-03T09:30:00+00:00,AXON,BUY,21,761.000000,761.761000000,15996.981000000,7.9984905000000,15.981000000,2025-06-03-0010,163320.3880578065895,69587.5409394795895,21
2025-06-03T09:30:00+00:00,DASH,BUY,76,213.429993,213.643422993,16236.900147468,8.1184500737340,16.220679468,2025-06-03-0011,163312.2696077328555,53342.5223419378555,76
2025-06-03T09:30:00+00:00,FTNT,BUY,159,102.260002,102.362262002,16275.599658318,8.1377998291590,16.259340318,2025-06-03-0012,163304.1318079036965,37058.7848837906965,159
2025-06-03T09:30:00+00:00,NFLX,BUY,133,121.987000,122.108987000,16240.495271000,8.1202476355000,16.224271000,2025-06-03-0013,163296.0115602681965,20810.1693651551965,133
2025-06-03T09:30:00+00:00,PM,BUY,89,182.199997,182.382196997,16232.015532733,8.1160077663665,16.215799733,2025-06-03-0014,163287.8955525018300,4570.0378246558300,89
2025-06-03T09:30:00+00:00,TPL,BUY,10,370.083344,370.453427344,3704.534273440,1.8522671367200,3.700833440,2025-06-03-0015,163298.6261190611100,863.6512840791100,44
2025-07-02T09:30:00+00:00,DASH,SELL,6,237.710007,237.472296993,1424.833781958,0.7124168909790,1.426260042,2025-07-02-0001,167301.0573626561310,2287.7726491461310,70
2025-07-02T09:30:00+00:00,FTNT,SELL,159,101.809998,101.708188002,16171.601892318,8.0858009461590,16.187789682,2025-07-02-0002,167276.7837720279720,18451.2887405179720,0
2025-07-02T09:30:00+00:00,NFLX,SELL,133,129.695999,129.566303001,17232.318299133,8.6161591495665,17.249567867,2025-07-02-0003,167250.9180450114055,35674.9908805014055,0
2025-07-02T09:30:00+00:00,TPL,SELL,44,357.303345,356.946041655,15705.625832820,7.8528129164100,15.721347180,2025-07-02-0004,167227.3438849149955,51372.7639004049955,0
2025-07-02T09:30:00+00:00,TPR,SELL,15,86.669998,86.583328002,1298.749920030,0.6493749600150,1.300049970,2025-07-02-0005,167208.6671503709805,52670.8644454749805,193
2025-07-02T09:30:00+00:00,HWM,BUY,1,175.369995,175.545364995,175.545364995,0.0877726824975,0.175369995,2025-07-02-0006,167225.0641572184830,52495.2313077974830,95
2025-07-02T09:30:00+00:00,NRG,BUY,107,155.539993,155.695532993,16659.422030251,8.3297110151255,16.642779251,2025-07-02-0007,167216.7344462033575,35827.4795665313575,107
2025-07-02T09:30:00+00:00,PAYC,BUY,71,233.779999,234.013778999,16614.978308929,8.3074891544645,16.598379929,2025-07-02-0008,167208.4269570488930,19204.1937684478930,71
2025-07-02T09:30:00+00:00,PLTR,BUY,4,131.470001,131.601471001,526.405884004,0.2632029420020,0.525880004,2025-07-02-0009,167224.3345642298910,18677.5246815018910,127
2025-07-02T09:30:00+00:00,PM,BUY,5,176.350006,176.526356006,882.631780030,0.4413158900150,0.881750030,2025-07-02-0010,167239.5883988738760,17794.4515855818760,94
2025-07-02T09:30:00+00:00,VST,BUY,90,184.699997,184.884696997,16639.622729730,8.3198113648650,16.622999730,2025-07-02-0011,167231.2685875090110,1146.5090444870110,90
2025-08-04T09:30:00+00:00,GEV,SELL,6,659.359985,658.700625015,3952.203750090,1.9761018750450,3.956159910,2025-08-04-0001,183516.7639911069660,5096.7366927019660,27
2025-08-04T09:30:00+00:00,HWM,SELL,95,185.500000,185.314500000,17604.877500000,8.8024387500000,17.622500000,2025-08-04-0002,183490.3390523569660,22692.8117539519660,0
2025-08-04T09:30:00+00:00,PAYC,SELL,71,227.440002,227.212561998,16132.091901858,8.0660459509290,16.148240142,2025-08-04-0003,183466.1247662640370,38816.8376098590370,0
2025-08-04T09:30:00+00:00,PLTR,SELL,12,158.529999,158.371469001,1900.457628012,0.9502288140060,1.902359988,2025-08-04-0004,183445.0412275770310,40716.3450090570310,115
2025-08-04T09:30:00+00:00,PM,SELL,94,163.690002,163.526311998,15371.473327812,7.6857366639060,15.386860188,2025-08-04-0005,183421.9686307251250,56080.1326002051250,0
2025-08-04T09:30:00+00:00,TPR,SELL,24,108.209999,108.101789001,2594.442936024,1.2972214680120,2.597039976,2025-08-04-0006,183399.7868794501130,58673.2783147611130,169
2025-08-04T09:30:00+00:00,VST,SELL,3,210.550003,210.339452997,631.018358991,0.3155091794955,0.631650009,2025-08-04-0007,183380.5218700006175,59303.9811645726175,87
2025-08-04T09:30:00+00:00,AXON,BUY,3,751.039978,751.791017978,2255.373053934,1.1276865269670,2.253119934,2025-08-04-0008,183395.1660230116505,57047.4804241116505,24
2025-08-04T09:30:00+00:00,CRWD,BUY,161,113.224998,113.338222998,18247.453902678,9.1237269513390,18.229224678,2025-08-04-0009,183386.0422960603115,38790.9027944823115,161
2025-08-04T09:30:00+00:00,DASH,BUY,2,251.470001,251.721471001,503.442942002,0.2517214710010,0.502940002,2025-08-04-0010,183403.3934746593105,38287.2081310093105,72
2025-08-04T09:30:00+00:00,NFLX,BUY,157,116.764999,116.881763999,18350.436947843,9.1752184739215,18.332104843,2025-08-04-0011,183394.2182561853890,19927.5959646923890,157
2025-08-04T09:30:00+00:00,NRG,BUY,1,169.490005,169.659495005,169.659495005,0.0848297475025,0.169490005,2025-08-04-0012,183412.2688569728865,19757.8516399398865,108
2025-08-04T09:30:00+00:00,RCL,BUY,57,317.989990,318.307979990,18143.554859430,9.0717774297150,18.125429430,2025-08-04-0013,183403.1970795431715,1605.2250030801715,57
2025-09-03T09:30:00+00:00,AXON,SELL,1,737.260010,736.522749990,736.522749990,0.3682613749950,0.737260010,2025-09-03-0001,175851.8404234651765,2341.3794916951765,23
2025-09-03T09:30:00+00:00,CRWD,SELL,161,103.246246,103.142999754,16606.022960394,8.3030114801970,16.622645606,2025-09-03-0002,175826.9147663789795,18939.0994406089795,0
2025-09-03T09:30:00+00:00,NFLX,SELL,157,120.514000,120.393486000,18901.777302000,9.4508886510000,18.920698000,2025-09-03-0003,175798.5431797279795,37831.4258539579795,0
2025-09-03T09:30:00+00:00,PLTR,SELL,4,158.000000,157.842000000,631.368000000,0.3156840000000,0.632000000,2025-09-03-0004,175780.0574957279795,38462.4781699579795,111
2025-09-03T09:30:00+00:00,RCL,SELL,57,354.720001,354.365280999,20198.821016943,10.0994105084715,20.219040057,2025-09-03-0005,175749.7390451625080,58651.1997763925080,0
2025-09-03T09:30:00+00:00,GEV,BUY,2,586.284973,586.871257973,1173.742515946,0.5868712579730,1.172569946,2025-09-03-0006,175764.9818681755350,57476.8703891885350,29
2025-09-03T09:30:00+00:00,IBKR,BUY,274,63.950001,64.013951001,17539.822574274,8.7699112871370,17.522300274,2025-09-03-0007,175756.2119568883980,39928.2779036273980,274
2025-09-03T09:30:00+00:00,JBL,BUY,86,203.649994,203.853643994,17531.413383484,8.7657066917420,17.513899484,2025-09-03-0008,175747.4462501966560,22388.0988134516560,86
2025-09-03T09:30:00+00:00,NRG,BUY,13,144.889999,145.034888999,1885.453556987,0.9427267784935,1.883569987,2025-09-03-0009,175762.1516433101625,20501.7025296861625,121
2025-09-03T09:30:00+00:00,TPR,BUY,1,103.000000,103.103000000,103.103000000,0.0515515000000,0.103000000,2025-09-03-0010,175779.5070918101625,20398.5479781861625,170
2025-09-03T09:30:00+00:00,UAL,BUY,167,105.099998,105.205097998,17569.251365666,8.7846256828330,17.551699666,2025-09-03-0011,175770.7224661273295,2820.5119868373295,167
2025-09-03T09:30:00+00:00,VST,BUY,7,186.000000,186.186000000,1303.302000000,0.6516510000000,1.302000000,2025-09-03-0012,175786.2528151273295,1516.5583358373295,94
2025-10-02T09:30:00+00:00,DASH,SELL,72,268.899994,268.631094006,19341.438768432,9.6707193842160,19.360799568,2025-10-02-0001,187607.3555438851135,20848.3263848851135,0
2025-10-02T09:30:00+00:00,IBKR,SELL,4,69.480003,69.410522997,277.642091988,0.1388210459940,0.277920012,2025-10-02-0002,187588.1792020171195,21125.8296558271195,270
2025-10-02T09:30:00+00:00,JBL,SELL,86,217.130005,216.912874995,18654.507249570,9.3272536247850,18.673180430,2025-10-02-0003,187560.1787679623345,39771.0096517723345,0
2025-10-02T09:30:00+00:00,NRG,SELL,121,162.970001,162.807030999,19699.650750879,9.8498253754395,19.719370121,2025-10-02-0004,187530.6095724658950,59460.8105772758950,0
2025-10-02T09:30:00+00:00,PLTR,SELL,11,186.699997,186.513297003,2051.646267033,1.0258231335165,2.053699967,2025-10-02-0005,187508.8600496653785,61511.4310211753785,100
2025-10-02T09:30:00+00:00,TPR,SELL,7,114.750000,114.635250000,802.446750000,0.4012233750000,0.803250000,2025-10-02-0006,187488.9513262903785,62313.4765478003785,163
2025-10-02T09:30:00+00:00,VST,SELL,94,204.039993,203.835953007,19160.579582658,9.5802897913290,19.179759342,2025-10-02-0007,187460.1912771570495,81464.4758406670495,0
2025-10-02T09:30:00+00:00,APP,BUY,26,710.190002,710.900192002,18483.404992052,9.2417024960260,18.464940052,2025-10-02-0008,187450.9495746610235,62971.8291461190235,26
2025-10-02T09:30:00+00:00,AXON,BUY,3,719.909973,720.629882973,2161.889648919,1.0809448244595,2.159729919,2025-10-02-0009,187466.4265592155640,60808.8585523755640,26
2025-10-02T09:30:00+00:00,GEV,BUY,1,611.109985,611.721094985,611.721094985,0.3058605474925,0.611109985,2025-10-02-0010,187483.8428882330715,60196.8315968430715,30
2025-10-02T09:30:00+00:00,HOOD,BUY,131,142.779999,142.922778999,18722.884048869,9.3614420244345,18.704179869,2025-10-02-0011,187474.4814462086370,41464.5861059496370,131
2025-10-02T09:30:00+00:00,HWM,BUY,96,195.119995,195.315114995,18750.251039520,9.3751255197600,18.731519520,2025-10-02-0012,187465.1063206888770,22704.9599409098770,96
2025-10-02T09:30:00+00:00,RCL,BUY,59,315.750000,316.065750000,18647.879250000,9.3239396250000,18.629250000,2025-10-02-0013,187455.7823810638770,4047.7567512848770,59
2025-10-02T09:30:00+00:00,UAL,BUY,33,93.639999,93.733638999,3093.210086967,1.5466050434835,3.090119967,2025-10-02-0014,187469.8736558533935,953.0000592743935,200
2025-11-04T09:30:00+00:00,AXON,SELL,26,715.460022,714.744561978,18583.358611428,9.2916793057140,18.601960572,2025-11-04-0001,180889.6584303966795,19527.0669913966795,0
2025-11-04T09:30:00+00:00,HOOD,SELL,2,139.869995,139.730125005,279.460250010,0.1397301250050,0.279739990,2025-11-04-0002,180871.1957309266745,19806.3875112816745,129
2025-11-04T09:30:00+00:00,HWM,SELL,96,203.070007,202.866936993,19475.225951328,9.7376129756640,19.494720672,2025-11-04-0003,180841.9633972790105,39271.8758496340105,0
2025-11-04T09:30:00+00:00,IBKR,SELL,270,70.910004,70.839093996,19126.555378920,9.5632776894600,19.145701080,2025-11-04-0004,180813.2544185095505,58388.8679508645505,0
2025-11-04T09:30:00+00:00,PLTR,SELL,6,192.070007,191.877936993,1151.267621958,0.5756338109790,1.152420042,2025-11-04-0005,180793.4717839985715,59539.5599390115715,94
2025-11-04T09:30:00+00:00,RCL,SELL,59,266.350006,266.083655994,15698.935703646,7.8494678518230,15.714650354,2025-11-04-0006,180769.9076657927485,75230.6461748057485,0
2025-11-04T09:30:00+00:00,UAL,SELL,200,94.239998,94.145758002,18829.151600400,9.4145758002000,18.847999600,2025-11-04-0007,180741.6450903925485,94050.3831994055485,0
2025-11-04T09:30:00+00:00,APP,BUY,2,630.174988,630.805162988,1261.610325976,0.6308051629880,1.260349976,2025-11-04-0008,180757.3988349175605,92788.1420682665605,28
2025-11-04T09:30:00+00:00,AVGO,BUY,50,358.519989,358.878508989,17943.925449450,8.9719627247250,17.925999450,2025-11-04-0009,180748.4268721928355,74835.2446560918355,50
2025-11-04T09:30:00+00:00,GEV,BUY,1,571.000000,571.571000000,571.571000000,0.2857855000000,0.571000000,2025-11-04-0010,180765.2710866928355,74263.3878705918355,31
2025-11-04T09:30:00+00:00,LRCX,BUY,116,155.630005,155.785635005,18071.133660580,9.0355668302900,18.053080580,2025-11-04-0011,180756.2355198625455,56183.2186431815455,116
2025-11-04T09:30:00+00:00,STX,BUY,70,255.059998,255.315057998,17872.054059860,8.9360270299300,17.854199860,2025-11-04-0012,180747.2994928326155,38302.2285562916155,70
2025-11-04T09:30:00+00:00,TPR,BUY,9,105.000000,105.105000000,945.945000000,0.4729725000000,0.945000000,2025-11-04-0013,180763.9415203326155,37355.8105837916155,172
2025-11-04T09:30:00+00:00,WBD,BUY,816,22.139999,22.162138999,18084.305423184,9.0421527115920,18.066239184,2025-11-04-0014,180754.8993676210235,19262.4630078960235,816
2025-11-04T09:30:00+00:00,WDC,BUY,119,151.339996,151.491335996,18027.468983524,9.0137344917620,18.009459524,2025-11-04-0015,180745.8856331292615,1225.9802898802615,119
2025-12-02T09:30:00+00:00,APP,SELL,28,632.530029,631.897498971,17693.129971188,8.8465649855940,17.710840812,2025-12-02-0001,184775.2833250826675,18910.2636960826675,0
2025-12-02T09:30:00+00:00,AVGO,SELL,3,388.309998,387.921688002,1163.765064006,0.5818825320030,1.164929994,2025-12-02-0002,184755.2859426506645,20073.4468775566645,47
2025-12-02T09:30:00+00:00,GEV,SELL,31,586.169983,585.583813017,18153.098203527,9.0765491017635,18.171269473,2025-12-02-0003,184728.0381240759010,38217.4685319819010,0
2025-12-02T09:30:00+00:00,STX,SELL,3,272.910004,272.637093996,817.911281988,0.4089556409940,0.818730012,2025-12-02-0004,184708.5254681549070,39034.9708583289070,67
2025-12-02T09:30:00+00:00,TPR,SELL,172,112.419998,112.307578002,19316.903416344,9.6584517081720,19.336239656,2025-12-02-0005,184679.5307767907350,58342.2158229647350,0
2025-12-02T09:30:00+00:00,WBD,SELL,54,24.250000,24.225750000,1308.190500000,0.6540952500000,1.309500000,2025-12-02-0006,184659.0886815407350,59649.7522277147350,762
2025-12-02T09:30:00+00:00,WDC,SELL,9,167.000000,166.833000000,1501.497000000,0.7507485000000,1.503000000,2025-12-02-0007,184638.4649330407350,61150.4984792147350,110
2025-12-02T09:30:00+00:00,HOOD,BUY,18,125.250000,125.375250000,2256.754500000,1.1283772500000,2.254500000,2025-12-02-0008,184653.4938057907350,58892.6156019647350,147
2025-12-02T09:30:00+00:00,KLAC,BUY,157,117.050003,117.167053003,18395.227321471,9.1976136607355,18.376850471,2025-12-02-0009,184644.2961921299995,40488.1906668329995,157
2025-12-02T09:30:00+00:00,LRCX,BUY,2,155.850006,156.005856006,312.011712012,0.1560058560060,0.311700012,2025-12-02-0010,184662.2187869699935,40176.0229489649935,118
2025-12-02T09:30:00+00:00,MU,BUY,77,238.750000,238.988750000,18402.133750000,9.2010668750000,18.383750000,2025-12-02-0011,184653.0177200949935,21764.6881320899935,77
2025-12-02T09:30:00+00:00,NEM,BUY,201,91.489998,91.581487998,18407.879087598,9.2039395437990,18.389489598,2025-12-02-0012,184643.8137805511945,3347.6051049481945,201
2025-12-02T09:30:00+00:00,PLTR,BUY,14,169.589996,169.759585996,2376.634203944,1.1883171019720,2.374259944,2025-12-02-0013,184658.5669230732225,969.7825839022225,108
