security_id,seed_key,historical_ticker,pit_start,pit_end,pit_intervals,identity_status,market_data_status,vendor_symbol,price_start,price_end,coverage_days,expected_days,coverage_ratio,quality_status,reason,confidence,rebalance_encountered,local_listing_csv,notes
,,A,2000-06-05,,2000-06-05→open,UNRESOLVED,available,A,2013-07-08,2025-12-31,4018,4018,1.0000,valid,D_unresolved_identity,low,true,true,Local prices cover the PIT membership interval in this window.
,,AABA,1999-12-08,2017-06-19,1999-12-08→2017-06-19,UNRESOLVED,missing,AABA,,,0,900,0.0000,not_applicable,D_unresolved_identity,low,true,false,No Security Master row and no local CSV under the PIT ticker.
,,AAL,2015-03-23,2024-09-23,2015-03-23→2024-09-23,UNRESOLVED,available,AAL,2013-07-08,2025-12-31,3472,3472,1.0000,valid,D_unresolved_identity,low,true,true,Local prices cover the PIT membership interval in this window.
,,AAP,2015-07-09,2023-08-25,2015-07-09→2023-08-25,UNRESOLVED,available,AAP,2013-07-08,2025-12-31,2969,2969,1.0000,valid,D_unresolved_identity,low,true,true,Local prices cover the PIT membership interval in this window.
,,AAPL,1996-01-02,,1996-01-02→open,UNRESOLVED,available,AAPL,2013-07-08,2025-12-31,4018,4018,1.0000,valid,D_unresolved_identity,low,true,true,Local prices cover the PIT membership interval in this window.
,,ABBV,2013-01-02,,2013-01-02→open,UNRESOLVED,available,ABBV,2013-07-08,2025-12-31,4018,4018,1.0000,valid,D_unresolved_identity,low,true,true,Local prices cover the PIT membership interval in this window.
,cencora,ABC,2001-08-30,2023-08-30,2001-08-30→2023-08-30,RESOLVED,available_other_ticker,COR,2013-07-08,2025-12-31,3163,3163,1.0000,valid,G_data_under_other_ticker,high,true,false,Vendor series stored as COR.
,,ABMD,2018-05-31,2022-12-22,2018-05-31→2022-12-22,UNRESOLVED,missing,ABMD,,,0,1666,0.0000,not_applicable,D_unresolved_identity,low,true,false,No Security Master row and no local CSV under the PIT ticker.
,,ABNB,2023-09-18,,2023-09-18→open,UNRESOLVED,available,ABNB,2020-12-10,2025-12-31,836,836,1.0000,valid,D_unresolved_identity,low,true,true,Local prices cover the PIT membership interval in this window.
,,ABT,1996-01-02,,1996-01-02→open,UNRESOLVED,available,ABT,2013-07-08,2025-12-31,4018,4018,1.0000,valid,D_unresolved_identity,low,true,true,Local prices cover the PIT membership interval in this window.
,,ACGL,2022-11-01,,2022-11-01→open,UNRESOLVED,available,ACGL,2013-07-08,2025-12-31,1157,1157,1.0000,valid,D_unresolved_identity,low,true,true,Local prices cover the PIT membership interval in this window.
,,ACN,2011-07-06,,2011-07-06→open,UNRESOLVED,available,ACN,2013-07-08,2025-12-31,4018,4018,1.0000,valid,D_unresolved_identity,low,true,true,Local prices cover the PIT membership interval in this window.
,,ADBE,1997-05-06,,1997-05-06→open,UNRESOLVED,available,ADBE,2013-07-08,2025-12-31,4018,4018,1.0000,valid,D_unresolved_identity,low,true,true,Local prices cover the PIT membership interval in this window.
,,ADI,1999-10-12,,1999-10-12→open,UNRESOLVED,available,ADI,2013-07-08,2025-12-31,4018,4018,1.0000,valid,D_unresolved_identity,low,true,true,Local prices cover the PIT membership interval in this window.
,,ADM,1996-01-02,,1996-01-02→open,UNRESOLVED,available,ADM,2013-07-08,2025-12-31,4018,4018,1.0000,valid,D_unresolved_identity,low,true,true,Local prices cover the PIT membership interval in this window.
,,ADP,1996-01-02,,1996-01-02→open,UNRESOLVED,available,ADP,2013-07-08,2025-12-31,4018,4018,1.0000,valid,D_unresolved_identity,low,true,true,Local prices cover the PIT membership interval in this window.
,,ADS,2013-12-23,2020-06-22,2013-12-23→2020-06-22,UNRESOLVED,missing,ADS,,,0,1999,0.0000,not_applicable,D_unresolved_identity,low,true,false,No Security Master row and no local CSV under the PIT ticker.
,,ADSK,1996-01-02,,1996-01-02→open,UNRESOLVED,available,ADSK,2013-07-08,2025-12-31,4018,4018,1.0000,valid,D_unresolved_identity,low,true,true,Local prices cover the PIT membership interval in this window.
,,ADT,2012-10-02,2016-05-02,2012-10-02→2016-05-02,UNRESOLVED,missing,ADT,2018-01-19,2025-12-31,0,487,0.0000,not_applicable,D_unresolved_identity,low,true,true,No valid prices overlapping the PIT membership interval.
,,AEE,1996-01-02,,1996-01-02→open,UNRESOLVED,available,AEE,2013-07-08,2025-12-31,4018,4018,1.0000,valid,D_unresolved_identity,low,true,true,Local prices cover the PIT membership interval in this window.
,,AEP,1996-01-02,,1996-01-02→open,UNRESOLVED,available,AEP,2013-07-08,2025-12-31,4018,4018,1.0000,valid,D_unresolved_identity,low,true,true,Local prices cover the PIT membership interval in this window.
,,AES,1998-10-02,,1998-10-02→open,UNRESOLVED,available,AES,2013-07-08,2025-12-31,4018,4018,1.0000,valid,D_unresolved_identity,low,true,true,Local prices cover the PIT membership interval in this window.
,,AET,1996-01-02,2018-11-29,1996-01-02→2018-11-29,UNRESOLVED,available,AET,2013-07-08,2018-11-29,1428,1428,1.0000,valid,D_unresolved_identity,low,true,true,Local prices cover the PIT membership interval in this window.
,,AFL,1999-05-28,,1999-05-28→open,UNRESOLVED,available,AFL,2013-07-08,2025-12-31,4018,4018,1.0000,valid,D_unresolved_identity,low,true,true,Local prices cover the PIT membership interval in this window.
,,AGN,1996-01-02,2020-05-12,1996-01-02→2020-05-12,UNRESOLVED,missing,AGN,,,0,1958,0.0000,not_applicable,D_unresolved_identity,low,true,false,No Security Master row and no local CSV under the PIT ticker.
,,AIG,1996-01-02,,1996-01-02→open,UNRESOLVED,available,AIG,2013-07-08,2025-12-31,4018,4018,1.0000,valid,D_unresolved_identity,low,true,true,Local prices cover the PIT membership interval in this window.
,,AIV,2003-03-14,2020-12-21,2003-03-14→2020-12-21,UNRESOLVED,available,AIV,2013-07-08,2025-12-31,2181,2181,1.0000,valid,D_unresolved_identity,low,true,true,Local prices cover the PIT membership interval in this window.
,,AIZ,2007-04-10,,2007-04-10→open,UNRESOLVED,available,AIZ,2013-07-08,2025-12-31,4018,4018,1.0000,valid,D_unresolved_identity,low,true,true,Local prices cover the PIT membership interval in this window.
,,AJG,2016-05-31,,2016-05-31→open,UNRESOLVED,available,AJG,2013-07-08,2025-12-31,3502,3502,1.0000,valid,D_unresolved_identity,low,true,true,Local prices cover the PIT membership interval in this window.
,,AKAM,2007-07-12,,2007-07-12→open,UNRESOLVED,available,AKAM,2013-07-08,2025-12-31,4018,4018,1.0000,valid,D_unresolved_identity,low,true,true,Local prices cover the PIT membership interval in this window.
,,ALB,2016-07-01,,2016-07-01→open,UNRESOLVED,available,ALB,2013-07-08,2025-12-31,3471,3471,1.0000,valid,D_unresolved_identity,low,true,true,Local prices cover the PIT membership interval in this window.
,,ALGN,2017-06-19,,2017-06-19→open,UNRESOLVED,available,ALGN,2013-07-08,2025-12-31,3118,3118,1.0000,valid,D_unresolved_identity,low,true,true,Local prices cover the PIT membership interval in this window.
,,ALK,2016-05-13,2023-12-18,2016-05-13→2023-12-18,UNRESOLVED,available,ALK,2013-07-08,2025-12-31,2775,2775,1.0000,valid,D_unresolved_identity,low,true,true,Local prices cover the PIT membership interval in this window.
,,ALL,1996-01-02,,1996-01-02→open,UNRESOLVED,available,ALL,2013-07-08,2025-12-31,4018,4018,1.0000,valid,D_unresolved_identity,low,true,true,Local prices cover the PIT membership interval in this window.
,,ALLE,2013-12-02,,2013-12-02→open,UNRESOLVED,available,ALLE,2013-11-18,2025-12-31,4018,4018,1.0000,valid,D_unresolved_identity,low,true,true,Local prices cover the PIT membership interval in this window.
,,ALTR,2000-04-18,2015-12-28,2000-04-18→2015-12-28,UNRESOLVED,missing,ALTR,,,0,361,0.0000,not_applicable,D_unresolved_identity,low,false,false,No Security Master row and no local CSV under the PIT ticker.
,,ALXN,2012-05-25,2021-07-21,2012-05-25→2021-07-21,UNRESOLVED,missing,ALXN,,,0,2393,0.0000,not_applicable,D_unresolved_identity,low,true,false,No Security Master row and no local CSV under the PIT ticker.
,,AMAT,1996-01-02,,1996-01-02→open,UNRESOLVED,available,AMAT,2013-07-08,2025-12-31,4018,4018,1.0000,valid,D_unresolved_identity,low,true,true,Local prices cover the PIT membership interval in this window.
,,AMCR,2019-06-07,,2019-06-07→open,UNRESOLVED,available,AMCR,2013-07-08,2025-12-31,2400,2400,1.0000,valid,D_unresolved_identity,low,true,true,Local prices cover the PIT membership interval in this window.
,,AMD,2017-03-20,,2017-03-20→open,UNRESOLVED,available,AMD,2013-07-08,2025-12-31,3209,3209,1.0000,valid,D_unresolved_identity,low,true,true,Local prices cover the PIT membership interval in this window.
,,AME,2013-09-23,,2013-09-23→open,UNRESOLVED,available,AME,2013-07-08,2025-12-31,4018,4018,1.0000,valid,D_unresolved_identity,low,true,true,Local prices cover the PIT membership interval in this window.
,,AMG,2014-07-01,2019-12-23,2014-07-01→2019-12-23,UNRESOLVED,available,AMG,2013-07-08,2025-12-31,1817,1817,1.0000,valid,D_unresolved_identity,low,true,true,Local prices cover the PIT membership interval in this window.
,,AMGN,1996-01-02,,1996-01-02→open,UNRESOLVED,available,AMGN,2013-07-08,2025-12-31,4018,4018,1.0000,valid,D_unresolved_identity,low,true,true,Local prices cover the PIT membership interval in this window.
,,AMP,2005-10-03,,2005-10-03→open,UNRESOLVED,available,AMP,2013-07-08,2025-12-31,4018,4018,1.0000,valid,D_unresolved_identity,low,true,true,Local prices cover the PIT membership interval in this window.
,,AMT,2007-11-19,,2007-11-19→open,UNRESOLVED,available,AMT,2013-07-08,2025-12-31,4018,4018,1.0000,valid,D_unresolved_identity,low,true,true,Local prices cover the PIT membership interval in this window.
,,AMTM,2024-09-30,2024-12-23,2024-09-30→2024-12-23,UNRESOLVED,available,AMTM,2024-09-24,2025-12-31,84,84,1.0000,valid,D_unresolved_identity,low,true,true,Local prices cover the PIT membership interval in this window.
,,AMZN,2005-11-21,,2005-11-21→open,UNRESOLVED,available,AMZN,2013-07-08,2025-12-31,4018,4018,1.0000,valid,D_unresolved_identity,low,true,true,Local prices cover the PIT membership interval in this window.
,,AN,2003-02-24,2017-08-08,2003-02-24→2017-08-08,UNRESOLVED,available,AN,2013-07-08,2025-12-31,950,950,1.0000,valid,D_unresolved_identity,low,true,true,Local prices cover the PIT membership interval in this window.
,,ANDV,2007-09-27,2018-10-01,2007-09-27→2018-10-01,UNRESOLVED,available,ANDV,2013-07-08,2018-10-01,1369,1369,1.0000,valid,D_unresolved_identity,low,true,true,Local prices cover the PIT membership interval in this window.
,,ANET,2018-08-28,,2018-08-28→open,UNRESOLVED,available,ANET,2014-06-06,2025-12-31,2683,2683,1.0000,valid,D_unresolved_identity,low,true,true,Local prices cover the PIT membership interval in this window.
,,ANSS,2017-06-19,2025-07-18,2017-06-19→2025-07-18,UNRESOLVED,missing,ANSS,,,0,2951,0.0000,not_applicable,D_unresolved_identity,low,true,false,No Security Master row and no local CSV under the PIT ticker.
,elevance-health,ANTM,2002-07-25,2022-06-28,2002-07-25→2022-06-28,RESOLVED,available_other_ticker,ELV,2013-07-08,2025-12-31,2735,2735,1.0000,valid,G_data_under_other_ticker,high,true,false,Vendor series stored as ELV.
,,AON,1996-04-23,,1996-04-23→open,UNRESOLVED,available,AON,2013-07-08,2025-12-31,4018,4018,1.0000,valid,D_unresolved_identity,low,true,true,Local prices cover the PIT membership interval in this window.
,,AOS,2017-07-26,,2017-07-26→open,UNRESOLVED,available,AOS,2013-07-08,2025-12-31,3081,3081,1.0000,valid,D_unresolved_identity,low,true,true,Local prices cover the PIT membership interval in this window.
,,APA,1997-07-28,,1997-07-28→open,UNRESOLVED,available,APA,2013-07-08,2025-12-31,4018,4018,1.0000,valid,D_unresolved_identity,low,true,true,Local prices cover the PIT membership interval in this window.
,,APC,1997-07-28,2019-08-09,1997-07-28→2019-08-09,UNRESOLVED,missing,APC,,,0,1681,0.0000,not_applicable,D_unresolved_identity,low,true,false,No Security Master row and no local CSV under the PIT ticker.
,,APD,1996-01-02,,1996-01-02→open,UNRESOLVED,available,APD,2013-07-08,2025-12-31,4018,4018,1.0000,valid,D_unresolved_identity,low,true,true,Local prices cover the PIT membership interval in this window.
,,APH,2008-09-30,,2008-09-30→open,UNRESOLVED,available,APH,2013-07-08,2025-12-31,4018,4018,1.0000,valid,D_unresolved_identity,low,true,true,Local prices cover the PIT membership interval in this window.
,,APO,2024-12-23,,2024-12-23→open,UNRESOLVED,available,APO,2013-07-08,2025-12-31,374,374,1.0000,valid,D_unresolved_identity,low,true,true,Local prices cover the PIT membership interval in this window.
,,APP,2025-09-22,,2025-09-22→open,UNRESOLVED,available,APP,2021-04-15,2025-12-31,101,101,1.0000,valid,D_unresolved_identity,low,true,true,Local prices cover the PIT membership interval in this window.
,,APTV,2012-12-24,,2012-12-24→open,UNRESOLVED,available,APTV,2013-07-08,2025-12-31,4018,4018,1.0000,valid,D_unresolved_identity,low,true,true,Local prices cover the PIT membership interval in this window.
,,ARE,2017-03-20,,2017-03-20→open,UNRESOLVED,available,ARE,2013-07-08,2025-12-31,3209,3209,1.0000,valid,D_unresolved_identity,low,true,true,Local prices cover the PIT membership interval in this window.
,,ARES,2025-12-11,,2025-12-11→open,UNRESOLVED,available,ARES,2014-05-02,2025-12-31,21,21,1.0000,valid,D_unresolved_identity,low,false,true,Local prices cover the PIT membership interval in this window.
,,ARG,2009-09-09,2016-05-23,2009-09-09→2016-05-23,UNRESOLVED,missing,ARG,,,0,508,0.0000,not_applicable,D_unresolved_identity,low,true,false,No Security Master row and no local CSV under the PIT ticker.
,,ARNC,1996-01-02,2020-04-06,1996-01-02→2020-04-06,UNRESOLVED,missing,ARNC,,,0,1922,0.0000,not_applicable,D_unresolved_identity,low,true,false,No Security Master row and no local CSV under the PIT ticker.
,,ATI,1996-01-02,2015-07-02,1996-01-02→2015-07-02,UNRESOLVED,available,ATI,2013-07-08,2025-12-31,182,182,1.0000,valid,D_unresolved_identity,low,false,true,Local prices cover the PIT membership interval in this window.
,,ATO,2019-02-15,,2019-02-15→open,UNRESOLVED,available,ATO,2013-07-08,2025-12-31,2512,2512,1.0000,valid,D_unresolved_identity,low,true,true,Local prices cover the PIT membership interval in this window.
,,ATVI,2015-08-31,2023-10-18,2015-08-31→2023-10-18,UNRESOLVED,missing,ATVI,,,0,2970,0.0000,not_applicable,D_unresolved_identity,low,true,false,No Security Master row and no local CSV under the PIT ticker.
,,AVB,2007-01-10,,2007-01-10→open,UNRESOLVED,missing,AVB,,,0,4018,0.0000,not_applicable,D_unresolved_identity,low,true,false,No Security Master row and no local CSV under the PIT ticker.
,,AVGO,2014-05-08,,2014-05-08→open,UNRESOLVED,available,AVGO,2013-07-08,2025-12-31,4018,4018,1.0000,valid,D_unresolved_identity,low,true,true,Local prices cover the PIT membership interval in this window.
,,AVP,1996-01-02,2015-03-23,1996-01-02→2015-03-23,UNRESOLVED,missing,AVP,,,0,81,0.0000,not_applicable,D_unresolved_identity,low,false,false,No Security Master row and no local CSV under the PIT ticker.
,,AVY,1996-01-02,,1996-01-02→open,UNRESOLVED,available,AVY,2013-07-08,2025-12-31,4018,4018,1.0000,valid,D_unresolved_identity,low,true,true,Local prices cover the PIT membership interval in this window.
,,AWK,2016-03-04,,2016-03-04→open,UNRESOLVED,available,AWK,2013-07-08,2025-12-31,3590,3590,1.0000,valid,D_unresolved_identity,low,true,true,Local prices cover the PIT membership interval in this window.
,,AXON,2023-05-04,,2023-05-04→open,UNRESOLVED,available,AXON,2013-07-08,2025-12-31,973,973,1.0000,valid,D_unresolved_identity,low,true,true,Local prices cover the PIT membership interval in this window.
,,AXP,1996-01-02,,1996-01-02→open,UNRESOLVED,available,AXP,2013-07-08,2025-12-31,4018,4018,1.0000,valid,D_unresolved_identity,low,true,true,Local prices cover the PIT membership interval in this window.
,,AYI,2016-05-03,2018-06-18,2016-05-03→2018-06-18,UNRESOLVED,available,AYI,2013-07-08,2025-12-31,776,776,1.0000,valid,D_unresolved_identity,low,true,true,Local prices cover the PIT membership interval in this window.
,,AZO,1997-01-02,,1997-01-02→open,UNRESOLVED,available,AZO,2013-07-08,2025-12-31,4018,4018,1.0000,valid,D_unresolved_identity,low,true,true,Local prices cover the PIT membership interval in this window.
,,BA,1996-01-02,,1996-01-02→open,UNRESOLVED,available,BA,2013-07-08,2025-12-31,4018,4018,1.0000,valid,D_unresolved_identity,low,true,true,Local prices cover the PIT membership interval in this window.
,,BAC,1996-01-02,,1996-01-02→open,UNRESOLVED,available,BAC,2013-07-08,2025-12-31,4018,4018,1.0000,valid,D_unresolved_identity,low,true,true,Local prices cover the PIT membership interval in this window.
,ball-corporation,BALL,2022-05-10,,2022-05-10→open,RESOLVED,available,BALL,2013-07-08,2025-12-31,1332,1332,1.0000,valid,,high,true,true,Local prices cover the PIT membership interval in this window.
,,BAX,1996-01-02,,1996-01-02→open,UNRESOLVED,available,BAX,2013-07-08,2025-12-31,4018,4018,1.0000,valid,D_unresolved_identity,low,true,true,Local prices cover the PIT membership interval in this window.
,,BBBY,1999-10-01,2017-07-26,1999-10-01→2017-07-26,UNRESOLVED,missing,BBBY,,,0,937,0.0000,not_applicable,D_unresolved_identity,low,true,false,No Security Master row and no local CSV under the PIT ticker.
,,BBT,1997-12-04,2019-12-09,1997-12-04→2019-12-09,UNRESOLVED,available,BBT,2013-07-08,2025-12-31,1803,1803,1.0000,valid,D_unresolved_identity,low,true,true,Local prices cover the PIT membership interval in this window.
,,BBWI,2021-08-03,2024-10-01,2021-08-03→2024-10-01,UNRESOLVED,available,BBWI,2013-07-08,2025-12-31,1155,1155,1.0000,valid,D_unresolved_identity,low,true,true,Local prices cover the PIT membership interval in this window.
,,BBY,1999-06-30,,1999-06-30→open,UNRESOLVED,available,BBY,2013-07-08,2025-12-31,4018,4018,1.0000,valid,D_unresolved_identity,low,true,true,Local prices cover the PIT membership interval in this window.
,,BCR,1996-01-02,2017-12-29,1996-01-02→2017-12-29,UNRESOLVED,missing,BCR,,,0,1093,0.0000,not_applicable,D_unresolved_identity,low,true,false,No Security Master row and no local CSV under the PIT ticker.
,,BDX,1996-01-02,,1996-01-02→open,UNRESOLVED,available,BDX,2013-07-08,2025-12-31,4018,4018,1.0000,valid,D_unresolved_identity,low,true,true,Local prices cover the PIT membership interval in this window.
,,BEN,1998-04-29,,1998-04-29→open,UNRESOLVED,available,BEN,2013-07-08,2025-12-31,4018,4018,1.0000,valid,D_unresolved_identity,low,true,true,Local prices cover the PIT membership interval in this window.
,brown-forman-class-b,BF.B,1996-01-02,,1996-01-02→open,RESOLVED,available_other_ticker,BF-B,2013-07-08,2025-12-31,4018,4018,1.0000,valid,G_data_under_other_ticker,high,true,false,Vendor series stored as BF-B.
,,BG,2023-03-15,,2023-03-15→open,UNRESOLVED,available,BG,2013-07-08,2025-12-31,1023,1023,1.0000,valid,D_unresolved_identity,low,true,true,Local prices cover the PIT membership interval in this window.
,,BHF,2017-08-07,2019-04-02,2017-08-07→2019-04-02,UNRESOLVED,available,BHF,2017-07-17,2025-12-31,603,603,1.0000,valid,D_unresolved_identity,low,true,true,Local prices cover the PIT membership interval in this window.
,baker-hughes,BHGE,1996-01-02,2019-10-18,1996-01-02→2019-10-18,RESOLVED,available_other_ticker,BKR,2013-07-08,2025-12-31,1751,1751,1.0000,valid,G_data_under_other_ticker,high,true,false,Vendor series stored as BKR.
,,BIIB,2003-11-13,,2003-11-13→open,UNRESOLVED,available,BIIB,2013-07-08,2025-12-31,4018,4018,1.0000,valid,D_unresolved_identity,low,true,true,Local prices cover the PIT membership interval in this window.
,,BIO,2020-06-22,2024-09-23,2020-06-22→2024-09-23,UNRESOLVED,available,BIO,2013-07-08,2025-12-31,1554,1554,1.0000,valid,D_unresolved_identity,low,true,true,Local prices cover the PIT membership interval in this window.
,,BK,1996-01-02,2026-05-21,1996-01-02→2026-05-21,UNRESOLVED,missing,BK,,,0,4018,0.0000,not_applicable,D_unresolved_identity,low,true,false,No Security Master row and no local CSV under the PIT ticker.
,,BKNG,2009-11-06,,2009-11-06→open,UNRESOLVED,available,BKNG,2013-07-08,2025-12-31,4018,4018,1.0000,valid,D_unresolved_identity,low,true,true,Local prices cover the PIT membership interval in this window.
,baker-hughes,BKR,2019-10-18,,2019-10-18→open,RESOLVED,available,BKR,2013-07-08,2025-12-31,2267,2267,1.0000,valid,,high,true,true,Local prices cover the PIT membership interval in this window.
,,BLDR,2023-12-18,,2023-12-18→open,UNRESOLVED,available,BLDR,2013-07-08,2025-12-31,745,745,1.0000,valid,D_unresolved_identity,low,true,true,Local prices cover the PIT membership interval in this window.
,,BLK,2011-04-04,,2011-04-04→open,UNRESOLVED,available,BLK,2013-07-08,2025-12-31,4018,4018,1.0000,valid,D_unresolved_identity,low,true,true,Local prices cover the PIT membership interval in this window.
,ball-corporation,BLL,1996-01-02,2022-05-10,1996-01-02→2022-05-10,RESOLVED,available_other_ticker,BALL,2013-07-08,2025-12-31,2686,2686,1.0000,valid,G_data_under_other_ticker,high,true,false,Vendor series stored as BALL.
,,BMY,1996-01-02,,1996-01-02→open,UNRESOLVED,available,BMY,2013-07-08,2025-12-31,4018,4018,1.0000,valid,D_unresolved_identity,low,true,true,Local prices cover the PIT membership interval in this window.
,,BR,2018-06-18,,2018-06-18→open,UNRESOLVED,available,BR,2013-07-08,2025-12-31,2754,2754,1.0000,valid,D_unresolved_identity,low,true,true,Local prices cover the PIT membership interval in this window.
,,BRCM,2000-07-03,2016-02-01,2000-07-03→2016-02-01,UNRESOLVED,missing,BRCM,,,0,396,0.0000,not_applicable,D_unresolved_identity,low,true,false,No Security Master row and no local CSV under the PIT ticker.
,berkshire-hathaway-class-b,BRK.B,2010-02-16,,2010-02-16→open,RESOLVED,available_other_ticker,BRK-B,2013-07-08,2025-12-31,4018,4018,1.0000,valid,G_data_under_other_ticker,high,true,false,Vendor series stored as BRK-B.
,,BRO,2021-09-20,,2021-09-20→open,UNRESOLVED,available,BRO,2013-07-08,2025-12-31,1564,1564,1.0000,valid,D_unresolved_identity,low,true,true,Local prices cover the PIT membership interval in this window.
,,BSX,1996-01-02,,1996-01-02→open,UNRESOLVED,available,BSX,2013-07-08,2025-12-31,4018,4018,1.0000,valid,D_unresolved_identity,low,true,true,Local prices cover the PIT membership interval in this window.
,,BWA,2011-12-19,2025-03-24,2011-12-19→2025-03-24,UNRESOLVED,available,BWA,2013-07-08,2025-12-31,3735,3735,1.0000,valid,D_unresolved_identity,low,true,true,Local prices cover the PIT membership interval in this window.
,,BX,2023-09-18,,2023-09-18→open,UNRESOLVED,available,BX,2013-07-08,2025-12-31,836,836,1.0000,valid,D_unresolved_identity,low,true,true,Local prices cover the PIT membership interval in this window.
,,BXLT,2015-07-01,2016-06-03,2015-07-01→2016-06-03,UNRESOLVED,missing,BXLT,,,0,338,0.0000,not_applicable,D_unresolved_identity,low,true,false,No Security Master row and no local CSV under the PIT ticker.
,,BXP,2006-04-03,,2006-04-03→open,UNRESOLVED,available,BXP,2013-07-08,2025-12-31,4018,4018,1.0000,valid,D_unresolved_identity,low,true,true,Local prices cover the PIT membership interval in this window.
,,C,1996-01-02,,1996-01-02→open,UNRESOLVED,available,C,2013-07-08,2025-12-31,4018,4018,1.0000,valid,D_unresolved_identity,low,true,true,Local prices cover the PIT membership interval in this window.
,,CA,1996-01-02,2018-11-06,1996-01-02→2018-11-06,UNRESOLVED,missing,CA,,,0,1405,0.0000,not_applicable,D_unresolved_identity,low,true,false,No Security Master row and no local CSV under the PIT ticker.
,,CAG,1996-01-02,2026-06-30,1996-01-02→2026-06-30,UNRESOLVED,available,CAG,2013-07-08,2025-12-31,4018,4018,1.0000,valid,D_unresolved_identity,low,true,true,Local prices cover the PIT membership interval in this window.
,,CAH,1997-05-27,,1997-05-27→open,UNRESOLVED,available,CAH,2013-07-08,2025-12-31,4018,4018,1.0000,valid,D_unresolved_identity,low,true,true,Local prices cover the PIT membership interval in this window.
,,CAM,2008-01-29,2016-04-04,2008-01-29→2016-04-04,UNRESOLVED,missing,CAM,2025-10-06,2025-12-31,0,459,0.0000,not_applicable,D_unresolved_identity,low,true,true,No valid prices overlapping the PIT membership interval.
,,CARR,2020-04-03,,2020-04-03→open,UNRESOLVED,available,CARR,2020-03-19,2025-12-31,2099,2099,1.0000,valid,D_unresolved_identity,low,true,true,Local prices cover the PIT membership interval in this window.
,,CAT,1996-01-02,,1996-01-02→open,UNRESOLVED,available,CAT,2013-07-08,2025-12-31,4018,4018,1.0000,valid,D_unresolved_identity,low,true,true,Local prices cover the PIT membership interval in this window.
,,CB,1996-01-02,,1996-01-02→open,UNRESOLVED,available,CB,2013-07-08,2025-12-31,4018,4018,1.0000,valid,D_unresolved_identity,low,true,true,Local prices cover the PIT membership interval in this window.
,,CBOE,2017-03-01,,2017-03-01→open,UNRESOLVED,available,CBOE,2013-07-08,2025-12-31,3228,3228,1.0000,valid,D_unresolved_identity,low,true,true,Local prices cover the PIT membership interval in this window.
,,CBRE,2006-11-10,,2006-11-10→open,UNRESOLVED,available,CBRE,2013-07-08,2025-12-31,4018,4018,1.0000,valid,D_unresolved_identity,low,true,true,Local prices cover the PIT membership interval in this window.
,,CBS,1996-01-02,2019-12-05,1996-01-02→2019-12-05,UNRESOLVED,missing,CBS,,,0,1799,0.0000,not_applicable,D_unresolved_identity,low,true,false,No Security Master row and no local CSV under the PIT ticker.
,coca-cola-enterprises,CCE,1998-10-08,2016-05-31,1998-10-08→2016-05-31,RESOLVED,missing,CCE,2019-02-27,2020-04-29,0,516,0.0000,not_applicable,C_ticker_recycled,high,true,true,Local series starts after the listing ended; possible ticker recycling.
,,CCEP,2016-01-04,2016-05-31,2016-01-04→2016-05-31,UNRESOLVED,available,CCEP,2013-07-08,2025-12-31,148,148,1.0000,valid,D_unresolved_identity,low,true,true,Local prices cover the PIT membership interval in this window.
,,CCI,2012-03-13,,2012-03-13→open,UNRESOLVED,available,CCI,2013-07-08,2025-12-31,4018,4018,1.0000,valid,D_unresolved_identity,low,true,true,Local prices cover the PIT membership interval in this window.
,,CCL,1998-12-22,,1998-12-22→open,UNRESOLVED,available,CCL,2013-07-08,2025-12-31,4018,4018,1.0000,valid,D_unresolved_identity,low,true,true,Local prices cover the PIT membership interval in this window.
,,CDAY,2021-09-20,2024-02-01,2021-09-20→2024-02-01,UNRESOLVED,missing,CDAY,,,0,864,0.0000,not_applicable,D_unresolved_identity,low,true,false,No Security Master row and no local CSV under the PIT ticker.
,,CDNS,2017-09-18,,2017-09-18→open,UNRESOLVED,available,CDNS,2013-07-08,2025-12-31,3027,3027,1.0000,valid,D_unresolved_identity,low,true,true,Local prices cover the PIT membership interval in this window.
,,CDW,2019-09-23,,2019-09-23→open,UNRESOLVED,available,CDW,2013-07-08,2025-12-31,2292,2292,1.0000,valid,D_unresolved_identity,low,true,true,Local prices cover the PIT membership interval in this window.
,,CE,2018-12-24,2025-03-24,2018-12-24→2025-03-24,UNRESOLVED,available,CE,2013-07-08,2025-12-31,2282,2282,1.0000,valid,D_unresolved_identity,low,true,true,Local prices cover the PIT membership interval in this window.
,,CEG,2022-02-02,,2022-02-02→open,UNRESOLVED,available,CEG,2022-01-19,2025-12-31,1429,1429,1.0000,valid,D_unresolved_identity,low,true,true,Local prices cover the PIT membership interval in this window.
,,CELG,2006-11-06,2019-11-21,2006-11-06→2019-11-21,UNRESOLVED,missing,CELG,,,0,1785,0.0000,not_applicable,D_unresolved_identity,low,true,false,No Security Master row and no local CSV under the PIT ticker.
,,CERN,2010-04-30,2022-06-08,2010-04-30→2022-06-08,UNRESOLVED,missing,CERN,,,0,2715,0.0000,not_applicable,D_unresolved_identity,low,true,false,No Security Master row and no local CSV under the PIT ticker.
,,CF,2008-08-27,,2008-08-27→open,UNRESOLVED,available,CF,2013-07-08,2025-12-31,4018,4018,1.0000,valid,D_unresolved_identity,low,true,true,Local prices cover the PIT membership interval in this window.
,,CFG,2016-02-01,,2016-02-01→open,UNRESOLVED,available,CFG,2014-09-24,2025-12-31,3622,3622,1.0000,valid,D_unresolved_identity,low,true,true,Local prices cover the PIT membership interval in this window.
,,CFN,2009-09-01,2015-03-17,2009-09-01→2015-03-17,UNRESOLVED,missing,CFN,,,0,75,0.0000,not_applicable,D_unresolved_identity,low,false,false,No Security Master row and no local CSV under the PIT ticker.
,,CHD,2015-12-29,,2015-12-29→open,UNRESOLVED,available,CHD,2013-07-08,2025-12-31,3656,3656,1.0000,valid,D_unresolved_identity,low,true,true,Local prices cover the PIT membership interval in this window.
,,CHK,2006-03-03,2018-03-19,2006-03-03→2018-03-19,UNRESOLVED,missing,CHK,,,0,1173,0.0000,not_applicable,D_unresolved_identity,low,true,false,No Security Master row and no local CSV under the PIT ticker.
,,CHRW,2007-03-02,,2007-03-02→open,UNRESOLVED,available,CHRW,2013-07-08,2025-12-31,4018,4018,1.0000,valid,D_unresolved_identity,low,true,true,Local prices cover the PIT membership interval in this window.
,,CHTR,2016-09-08,,2016-09-08→open,UNRESOLVED,available,CHTR,2013-07-08,2025-12-31,3402,3402,1.0000,valid,D_unresolved_identity,low,true,true,Local prices cover the PIT membership interval in this window.
,,CI,1996-01-02,,1996-01-02→open,UNRESOLVED,available,CI,2013-07-08,2025-12-31,4018,4018,1.0000,valid,D_unresolved_identity,low,true,true,Local prices cover the PIT membership interval in this window.
,,CINF,1997-12-18,,1997-12-18→open,UNRESOLVED,available,CINF,2013-07-08,2025-12-31,4018,4018,1.0000,valid,D_unresolved_identity,low,true,true,Local prices cover the PIT membership interval in this window.
,,CL,1996-01-02,,1996-01-02→open,UNRESOLVED,available,CL,2013-07-08,2025-12-31,4018,4018,1.0000,valid,D_unresolved_identity,low,true,true,Local prices cover the PIT membership interval in this window.
,,CLX,1996-01-02,,1996-01-02→open,UNRESOLVED,available,CLX,2013-07-08,2025-12-31,4018,4018,1.0000,valid,D_unresolved_identity,low,true,true,Local prices cover the PIT membership interval in this window.
,,CMA,1996-01-02,2024-06-24,1996-01-02→2024-06-24,UNRESOLVED,missing,CMA,,,0,3462,0.0000,not_applicable,D_unresolved_identity,low,true,false,No Security Master row and no local CSV under the PIT ticker.
,,CMCSA,1996-01-02,,1996-01-02→open,UNRESOLVED,available,CMCSA,2013-07-08,2025-12-31,4018,4018,1.0000,valid,D_unresolved_identity,low,true,true,Local prices cover the PIT membership interval in this window.
,,CMCSK,2015-09-21,2015-12-14,2015-09-21→2015-12-14,UNRESOLVED,missing,CMCSK,,,0,84,0.0000,not_applicable,D_unresolved_identity,low,false,false,No Security Master row and no local CSV under the PIT ticker.
,,CME,2006-08-11,,2006-08-11→open,UNRESOLVED,available,CME,2013-07-08,2025-12-31,4018,4018,1.0000,valid,D_unresolved_identity,low,true,true,Local prices cover the PIT membership interval in this window.
,,CMG,2011-04-28,,2011-04-28→open,UNRESOLVED,available,CMG,2013-07-08,2025-12-31,4018,4018,1.0000,valid,D_unresolved_identity,low,true,true,Local prices cover the PIT membership interval in this window.
,,CMI,1996-01-02,,1996-01-02→open,UNRESOLVED,available,CMI,2013-07-08,2025-12-31,4018,4018,1.0000,valid,D_unresolved_identity,low,true,true,Local prices cover the PIT membership interval in this window.
,,CMS,1999-05-03,,1999-05-03→open,UNRESOLVED,available,CMS,2013-07-08,2025-12-31,4018,4018,1.0000,valid,D_unresolved_identity,low,true,true,Local prices cover the PIT membership interval in this window.
,,CNC,2016-03-30,,2016-03-30→open,UNRESOLVED,available,CNC,2013-07-08,2025-12-31,3564,3564,1.0000,valid,D_unresolved_identity,low,true,true,Local prices cover the PIT membership interval in this window.
,,CNP,1996-01-02,,1996-01-02→open,UNRESOLVED,available,CNP,2013-07-08,2025-12-31,4018,4018,1.0000,valid,D_unresolved_identity,low,true,true,Local prices cover the PIT membership interval in this window.
,,CNX,2006-06-28,2016-03-04,2006-06-28→2016-03-04,UNRESOLVED,available,CNX,2013-07-08,2025-12-31,428,428,1.0000,valid,D_unresolved_identity,low,true,true,Local prices cover the PIT membership interval in this window.
,,COF,1998-07-01,,1998-07-01→open,UNRESOLVED,available,COF,2013-07-08,2025-12-31,4018,4018,1.0000,valid,D_unresolved_identity,low,true,true,Local prices cover the PIT membership interval in this window.
,,COG,2008-06-23,2021-10-04,2008-06-23→2021-10-04,UNRESOLVED,missing,COG,,,0,2468,0.0000,not_applicable,D_unresolved_identity,low,true,false,No Security Master row and no local CSV under the PIT ticker.
,,COIN,2025-05-19,,2025-05-19→open,UNRESOLVED,available,COIN,2021-04-14,2025-12-31,227,227,1.0000,valid,D_unresolved_identity,low,true,true,Local prices cover the PIT membership interval in this window.
,,COL,2001-07-02,2018-11-27,2001-07-02→2018-11-27,UNRESOLVED,available,COL,2013-07-08,2020-11-30,1426,1426,1.0000,valid,D_unresolved_identity,low,true,true,Local prices cover the PIT membership interval in this window.
,,COO,2016-09-23,,2016-09-23→open,UNRESOLVED,available,COO,2013-07-08,2025-12-31,3387,3387,1.0000,valid,D_unresolved_identity,low,true,true,Local prices cover the PIT membership interval in this window.
,,COP,1996-01-02,,1996-01-02→open,UNRESOLVED,available,COP,2013-07-08,2025-12-31,4018,4018,1.0000,valid,D_unresolved_identity,low,true,true,Local prices cover the PIT membership interval in this window.
,cencora,COR,2023-08-30,,2023-08-30→open,RESOLVED,available,COR,2013-07-08,2025-12-31,855,855,1.0000,valid,,high,true,true,Local prices cover the PIT membership interval in this window.
,,COST,1996-01-02,,1996-01-02→open,UNRESOLVED,available,COST,2013-07-08,2025-12-31,4018,4018,1.0000,valid,D_unresolved_identity,low,true,true,Local prices cover the PIT membership interval in this window.
,,COTY,2016-10-03,2020-09-21,2016-10-03→2020-09-21,UNRESOLVED,available,COTY,2013-07-08,2025-12-31,1449,1449,1.0000,valid,D_unresolved_identity,low,true,true,Local prices cover the PIT membership interval in this window.
,,COV,2011-03-01,2015-01-27,2011-03-01→2015-01-27,UNRESOLVED,missing,COV,,,0,26,0.0000,not_applicable,D_unresolved_identity,low,false,false,No Security Master row and no local CSV under the PIT ticker.
,corpay,CPAY,2024-03-25,,2024-03-25→open,RESOLVED,available,CPAY,2013-07-08,2025-12-31,647,647,1.0000,valid,,high,true,true,Local prices cover the PIT membership interval in this window.
,,CPB,1996-01-02,2026-06-22,1996-01-02→2026-06-22,UNRESOLVED,available,CPB,2013-07-08,2025-12-31,4018,4018,1.0000,valid,D_unresolved_identity,low,true,true,Local prices cover the PIT membership interval in this window.
,,CPGX,2015-07-02,2016-07-01,2015-07-02→2016-07-01,UNRESOLVED,missing,CPGX,,,0,365,0.0000,not_applicable,D_unresolved_identity,low,true,false,No Security Master row and no local CSV under the PIT ticker.
,,CPRI,2016-01-04,2020-05-12,2016-01-04→2020-05-12,UNRESOLVED,available,CPRI,2013-07-08,2025-12-31,1590,1590,1.0000,valid,D_unresolved_identity,low,true,true,Local prices cover the PIT membership interval in this window.
,,CPRT,2018-07-02,,2018-07-02→open,UNRESOLVED,available,CPRT,2013-07-08,2025-12-31,2740,2740,1.0000,valid,D_unresolved_identity,low,true,true,Local prices cover the PIT membership interval in this window.
,,CPT,2022-04-04,,2022-04-04→open,UNRESOLVED,available,CPT,2013-07-08,2025-12-31,1368,1368,1.0000,valid,D_unresolved_identity,low,true,true,Local prices cover the PIT membership interval in this window.
,,CRH,2025-12-22,,2025-12-22→open,UNRESOLVED,available,CRH,2013-07-08,2025-12-31,10,10,1.0000,valid,D_unresolved_identity,low,false,true,Local prices cover the PIT membership interval in this window.
,,CRL,2021-05-14,,2021-05-14→open,UNRESOLVED,available,CRL,2013-07-08,2025-12-31,1693,1693,1.0000,valid,D_unresolved_identity,low,true,true,Local prices cover the PIT membership interval in this window.
,,CRM,2008-09-15,,2008-09-15→open,UNRESOLVED,available,CRM,2013-07-08,2025-12-31,4018,4018,1.0000,valid,D_unresolved_identity,low,true,true,Local prices cover the PIT membership interval in this window.
,,CRWD,2024-06-24,,2024-06-24→open,UNRESOLVED,available,CRWD,2019-06-12,2025-12-31,556,556,1.0000,valid,D_unresolved_identity,low,true,true,Local prices cover the PIT membership interval in this window.
,,CSCO,1996-01-02,,1996-01-02→open,UNRESOLVED,available,CSCO,2013-07-08,2025-12-31,4018,4018,1.0000,valid,D_unresolved_identity,low,true,true,Local prices cover the PIT membership interval in this window.
,,CSGP,2022-09-19,,2022-09-19→open,UNRESOLVED,available,CSGP,2013-07-08,2025-12-31,1200,1200,1.0000,valid,D_unresolved_identity,low,true,true,Local prices cover the PIT membership interval in this window.
,,CSRA,2015-11-30,2018-04-04,2015-11-30→2018-04-04,UNRESOLVED,missing,CSRA,,,0,856,0.0000,not_applicable,D_unresolved_identity,low,true,false,No Security Master row and no local CSV under the PIT ticker.
,,CSX,1996-01-02,,1996-01-02→open,UNRESOLVED,available,CSX,2013-07-08,2025-12-31,4018,4018,1.0000,valid,D_unresolved_identity,low,true,true,Local prices cover the PIT membership interval in this window.
,,CTAS,2001-03-01,,2001-03-01→open,UNRESOLVED,available,CTAS,2013-07-08,2025-12-31,4018,4018,1.0000,valid,D_unresolved_identity,low,true,true,Local prices cover the PIT membership interval in this window.
,lumen-technologies,CTL,1999-03-25,2020-09-18,1999-03-25→2020-09-18,RESOLVED,available_other_ticker,LUMN,2013-07-08,2025-12-31,2087,2087,1.0000,valid,G_data_under_other_ticker,high,true,false,Vendor series stored as LUMN.
,,CTLT,2020-09-21,2024-12-23,2020-09-21→2024-12-23,UNRESOLVED,missing,CTLT,,,0,1554,0.0000,not_applicable,D_unresolved_identity,low,true,false,No Security Master row and no local CSV under the PIT ticker.
,,CTRA,2021-10-04,2026-05-07,2021-10-04→2026-05-07,UNRESOLVED,missing,CTRA,,,0,1550,0.0000,not_applicable,D_unresolved_identity,low,true,false,No Security Master row and no local CSV under the PIT ticker.
,,CTSH,2006-11-17,,2006-11-17→open,UNRESOLVED,available,CTSH,2013-07-08,2025-12-31,4018,4018,1.0000,valid,D_unresolved_identity,low,true,true,Local prices cover the PIT membership interval in this window.
,,CTVA,2019-06-03,,2019-06-03→open,UNRESOLVED,available,CTVA,2019-05-24,2025-12-31,2404,2404,1.0000,valid,D_unresolved_identity,low,true,true,Local prices cover the PIT membership interval in this window.
,,CTXS,1999-12-01,2022-10-03,1999-12-01→2022-10-03,UNRESOLVED,missing,CTXS,,,0,2832,0.0000,not_applicable,D_unresolved_identity,low,true,false,No Security Master row and no local CSV under the PIT ticker.
,,CVC,2010-12-20,2016-06-21,2010-12-20→2016-06-21,UNRESOLVED,missing,CVC,,,0,537,0.0000,not_applicable,D_unresolved_identity,low,true,false,No Security Master row and no local CSV under the PIT ticker.
,,CVNA,2025-12-22,,2025-12-22→open,UNRESOLVED,available,CVNA,2017-04-28,2025-12-31,10,10,1.0000,valid,D_unresolved_identity,low,false,true,Local prices cover the PIT membership interval in this window.
,,CVS,1996-01-02,,1996-01-02→open,UNRESOLVED,available,CVS,2013-07-08,2025-12-31,4018,4018,1.0000,valid,D_unresolved_identity,low,true,true,Local prices cover the PIT membership interval in this window.
,,CVX,1996-01-02,,1996-01-02→open,UNRESOLVED,available,CVX,2013-07-08,2025-12-31,4018,4018,1.0000,valid,D_unresolved_identity,low,true,true,Local prices cover the PIT membership interval in this window.
,,CXO,2016-02-22,2021-01-21,2016-02-22→2021-01-21,UNRESOLVED,missing,CXO,,,0,1795,0.0000,not_applicable,D_unresolved_identity,low,true,false,No Security Master row and no local CSV under the PIT ticker.
,,CZR,2021-03-22,2025-09-22,2021-03-22→2025-09-22,UNRESOLVED,available,CZR,2014-09-22,2025-12-31,1645,1645,1.0000,valid,D_unresolved_identity,low,true,true,Local prices cover the PIT membership interval in this window.
,,D,1996-01-02,,1996-01-02→open,UNRESOLVED,available,D,2013-07-08,2025-12-31,4018,4018,1.0000,valid,D_unresolved_identity,low,true,true,Local prices cover the PIT membership interval in this window.
,,DAL,2013-09-11,,2013-09-11→open,UNRESOLVED,available,DAL,2013-07-08,2025-12-31,4018,4018,1.0000,valid,D_unresolved_identity,low,true,true,Local prices cover the PIT membership interval in this window.
,,DASH,2025-03-24,,2025-03-24→open,UNRESOLVED,available,DASH,2020-12-09,2025-12-31,283,283,1.0000,valid,D_unresolved_identity,low,true,true,Local prices cover the PIT membership interval in this window.
,,DAY,2024-02-01,2026-02-09,2024-02-01→2026-02-09,UNRESOLVED,missing,DAY,,,0,700,0.0000,not_applicable,D_unresolved_identity,low,true,false,No Security Master row and no local CSV under the PIT ticker.
,,DD,1996-01-02,,1996-01-02→2017-09-01; 2019-06-03→open,UNRESOLVED,available,DD,2013-07-08,2025-12-31,4018,4018,1.0000,valid,D_unresolved_identity,low,true,true,Local prices cover the PIT membership interval in this window.
,,DDOG,2025-07-09,,2025-07-09→open,UNRESOLVED,available,DDOG,2019-09-19,2025-12-31,176,176,1.0000,valid,D_unresolved_identity,low,true,true,Local prices cover the PIT membership interval in this window.
,,DE,1996-01-02,,1996-01-02→open,UNRESOLVED,available,DE,2013-07-08,2025-12-31,4018,4018,1.0000,valid,D_unresolved_identity,low,true,true,Local prices cover the PIT membership interval in this window.
,,DECK,2024-03-18,,2024-03-18→open,UNRESOLVED,available,DECK,2013-07-08,2025-12-31,654,654,1.0000,valid,D_unresolved_identity,low,true,true,Local prices cover the PIT membership interval in this window.
,,DELL,2024-09-23,,2024-09-23→open,UNRESOLVED,available,DELL,2016-08-17,2025-12-31,465,465,1.0000,valid,D_unresolved_identity,low,true,true,Local prices cover the PIT membership interval in this window.
,,DFS,2007-07-02,2025-05-19,2007-07-02→2025-05-19,UNRESOLVED,missing,DFS,,,0,3791,0.0000,not_applicable,D_unresolved_identity,low,true,false,No Security Master row and no local CSV under the PIT ticker.
,,DG,2012-12-03,,2012-12-03→open,UNRESOLVED,available,DG,2013-07-08,2025-12-31,4018,4018,1.0000,valid,D_unresolved_identity,low,true,true,Local prices cover the PIT membership interval in this window.
,,DGX,2002-12-12,,2002-12-12→open,UNRESOLVED,available,DGX,2013-07-08,2025-12-31,4018,4018,1.0000,valid,D_unresolved_identity,low,true,true,Local prices cover the PIT membership interval in this window.
,,DHI,2005-07-05,,2005-07-05→open,UNRESOLVED,available,DHI,2013-07-08,2025-12-31,4018,4018,1.0000,valid,D_unresolved_identity,low,true,true,Local prices cover the PIT membership interval in this window.
,,DHR,1998-11-18,,1998-11-18→open,UNRESOLVED,available,DHR,2013-07-08,2025-12-31,4018,4018,1.0000,valid,D_unresolved_identity,low,true,true,Local prices cover the PIT membership interval in this window.
,,DIS,1996-01-02,,1996-01-02→open,UNRESOLVED,available,DIS,2013-07-08,2025-12-31,4018,4018,1.0000,valid,D_unresolved_identity,low,true,true,Local prices cover the PIT membership interval in this window.
,,DISCA,2010-03-01,2022-04-11,2010-03-01→2022-04-11,UNRESOLVED,missing,DISCA,,,0,2657,0.0000,not_applicable,D_unresolved_identity,low,true,false,No Security Master row and no local CSV under the PIT ticker.
,,DISCK,2014-08-07,2022-04-11,2014-08-07→2022-04-11,UNRESOLVED,missing,DISCK,,,0,2657,0.0000,not_applicable,D_unresolved_identity,low,true,false,No Security Master row and no local CSV under the PIT ticker.
,,DISH,2017-03-13,2023-06-20,2017-03-13→2023-06-20,UNRESOLVED,missing,DISH,,,0,2290,0.0000,not_applicable,D_unresolved_identity,low,true,false,No Security Master row and no local CSV under the PIT ticker.
,,DLR,2016-05-18,,2016-05-18→open,UNRESOLVED,available,DLR,2013-07-08,2025-12-31,3515,3515,1.0000,valid,D_unresolved_identity,low,true,true,Local prices cover the PIT membership interval in this window.
,,DLTR,2011-12-19,,2011-12-19→open,UNRESOLVED,available,DLTR,2013-07-08,2025-12-31,4018,4018,1.0000,valid,D_unresolved_identity,low,true,true,Local prices cover the PIT membership interval in this window.
,,DNB,2008-12-02,2017-04-05,2008-12-02→2017-04-05,UNRESOLVED,missing,DNB,,,0,825,0.0000,not_applicable,D_unresolved_identity,low,true,false,No Security Master row and no local CSV under the PIT ticker.
,,DNR,2009-04-02,2015-03-23,2009-04-02→2015-03-23,UNRESOLVED,missing,DNR,,,0,81,0.0000,not_applicable,D_unresolved_identity,low,false,false,No Security Master row and no local CSV under the PIT ticker.
,,DO,2009-02-26,2016-10-03,2009-02-26→2016-10-03,UNRESOLVED,missing,DO,,,0,641,0.0000,not_applicable,D_unresolved_identity,low,true,false,No Security Master row and no local CSV under the PIT ticker.
,,DOC,2024-03-04,,2024-03-04→open,UNRESOLVED,available,DOC,2013-07-08,2025-12-31,668,668,1.0000,valid,D_unresolved_identity,low,true,true,Local prices cover the PIT membership interval in this window.
,,DOV,1996-01-02,,1996-01-02→open,UNRESOLVED,available,DOV,2013-07-08,2025-12-31,4018,4018,1.0000,valid,D_unresolved_identity,low,true,true,Local prices cover the PIT membership interval in this window.
,,DOW,1996-01-02,,1996-01-02→2017-09-01; 2019-04-02→open,UNRESOLVED,partial,DOW,2019-03-20,2025-12-31,2479,4018,0.6170,partial,D_unresolved_identity,low,true,true,Local prices overlap only part of the PIT membership interval.
,,DPZ,2020-05-12,,2020-05-12→open,UNRESOLVED,available,DPZ,2013-07-08,2025-12-31,2060,2060,1.0000,valid,D_unresolved_identity,low,true,true,Local prices cover the PIT membership interval in this window.
,,DRE,2017-07-26,2022-10-03,2017-07-26→2022-10-03,UNRESOLVED,missing,DRE,,,0,1895,0.0000,not_applicable,D_unresolved_identity,low,true,false,No Security Master row and no local CSV under the PIT ticker.
,,DRI,1996-01-02,,1996-01-02→open,UNRESOLVED,available,DRI,2013-07-08,2025-12-31,4018,4018,1.0000,valid,D_unresolved_identity,low,true,true,Local prices cover the PIT membership interval in this window.
,,DTE,1996-01-02,,1996-01-02→open,UNRESOLVED,available,DTE,2013-07-08,2025-12-31,4018,4018,1.0000,valid,D_unresolved_identity,low,true,true,Local prices cover the PIT membership interval in this window.
,,DTV,2006-12-04,2015-07-27,2006-12-04→2015-07-27,UNRESOLVED,missing,DTV,,,0,207,0.0000,not_applicable,D_unresolved_identity,low,false,false,No Security Master row and no local CSV under the PIT ticker.
,,DUK,1996-01-02,,1996-01-02→open,UNRESOLVED,available,DUK,2013-07-08,2025-12-31,4018,4018,1.0000,valid,D_unresolved_identity,low,true,true,Local prices cover the PIT membership interval in this window.
,,DVA,2008-07-31,,2008-07-31→open,UNRESOLVED,available,DVA,2013-07-08,2025-12-31,4018,4018,1.0000,valid,D_unresolved_identity,low,true,true,Local prices cover the PIT membership interval in this window.
,,DVN,2000-08-30,,2000-08-30→open,UNRESOLVED,available,DVN,2013-07-08,2025-12-31,4018,4018,1.0000,valid,D_unresolved_identity,low,true,true,Local prices cover the PIT membership interval in this window.
,,DWDP,2017-09-01,2019-06-03,2017-09-01→2019-06-03,UNRESOLVED,missing,DWDP,,,0,640,0.0000,not_applicable,D_unresolved_identity,low,true,false,No Security Master row and no local CSV under the PIT ticker.
,,DXC,1996-01-02,2023-10-02,1996-01-02→2015-12-01; 2017-04-04→2023-10-02,UNRESOLVED,available,DXC,2013-07-08,2025-12-31,3196,3196,1.0000,valid,D_unresolved_identity,low,true,true,Local prices cover the PIT membership interval in this window.
,,DXCM,2020-05-12,,2020-05-12→open,UNRESOLVED,available,DXCM,2013-07-08,2025-12-31,2060,2060,1.0000,valid,D_unresolved_identity,low,true,true,Local prices cover the PIT membership interval in this window.
,,EA,2002-07-22,,2002-07-22→open,UNRESOLVED,missing,EA,,,0,4018,0.0000,not_applicable,D_unresolved_identity,low,true,false,No Security Master row and no local CSV under the PIT ticker.
,,EBAY,2002-07-22,,2002-07-22→open,UNRESOLVED,available,EBAY,2013-07-08,2025-12-31,4018,4018,1.0000,valid,D_unresolved_identity,low,true,true,Local prices cover the PIT membership interval in this window.
,,ECL,1996-01-02,,1996-01-02→open,UNRESOLVED,available,ECL,2013-07-08,2025-12-31,4018,4018,1.0000,valid,D_unresolved_identity,low,true,true,Local prices cover the PIT membership interval in this window.
,,ED,1996-01-02,,1996-01-02→open,UNRESOLVED,available,ED,2013-07-08,2025-12-31,4018,4018,1.0000,valid,D_unresolved_identity,low,true,true,Local prices cover the PIT membership interval in this window.
,,EFX,1997-06-19,,1997-06-19→open,UNRESOLVED,available,EFX,2013-07-08,2025-12-31,4018,4018,1.0000,valid,D_unresolved_identity,low,true,true,Local prices cover the PIT membership interval in this window.
,everest-group,EG,2023-07-10,,2023-07-10→open,RESOLVED,available,EG,2013-07-08,2025-12-31,906,906,1.0000,valid,,high,true,true,Local prices cover the PIT membership interval in this window.
,,EIX,1996-01-02,,1996-01-02→open,UNRESOLVED,available,EIX,2013-07-08,2025-12-31,4018,4018,1.0000,valid,D_unresolved_identity,low,true,true,Local prices cover the PIT membership interval in this window.
,,EL,2006-01-05,,2006-01-05→open,UNRESOLVED,available,EL,2013-07-08,2025-12-31,4018,4018,1.0000,valid,D_unresolved_identity,low,true,true,Local prices cover the PIT membership interval in this window.
,elevance-health,ELV,2022-06-28,,2022-06-28→open,RESOLVED,available,ELV,2013-07-08,2025-12-31,1283,1283,1.0000,valid,,high,true,true,Local prices cover the PIT membership interval in this window.
,,EMC,1996-03-28,2016-09-07,1996-03-28→2016-09-07,UNRESOLVED,missing,EMC,2023-05-15,2025-12-31,0,615,0.0000,not_applicable,D_unresolved_identity,low,true,true,No valid prices overlapping the PIT membership interval.
,,EME,2025-09-22,,2025-09-22→open,UNRESOLVED,available,EME,2013-07-08,2025-12-31,101,101,1.0000,valid,D_unresolved_identity,low,true,true,Local prices cover the PIT membership interval in this window.
,,EMN,1996-01-02,2025-11-04,1996-01-02→2025-11-04,UNRESOLVED,available,EMN,2013-07-08,2025-12-31,3960,3960,1.0000,valid,D_unresolved_identity,low,true,true,Local prices cover the PIT membership interval in this window.
,,EMR,1996-01-02,,1996-01-02→open,UNRESOLVED,available,EMR,2013-07-08,2025-12-31,4018,4018,1.0000,valid,D_unresolved_identity,low,true,true,Local prices cover the PIT membership interval in this window.
,,ENDP,2015-01-27,2017-03-02,2015-01-27→2017-03-02,UNRESOLVED,missing,ENDP,,,0,765,0.0000,not_applicable,D_unresolved_identity,low,true,false,No Security Master row and no local CSV under the PIT ticker.
,,ENPH,2021-01-07,2025-09-22,2021-01-07→2025-09-22,UNRESOLVED,available,ENPH,2013-07-08,2025-12-31,1719,1719,1.0000,valid,D_unresolved_identity,low,true,true,Local prices cover the PIT membership interval in this window.
,,EOG,2000-11-02,,2000-11-02→open,UNRESOLVED,available,EOG,2013-07-08,2025-12-31,4018,4018,1.0000,valid,D_unresolved_identity,low,true,true,Local prices cover the PIT membership interval in this window.
,,EPAM,2021-12-14,2026-06-02,2021-12-14→2026-06-02,UNRESOLVED,available,EPAM,2013-07-08,2025-12-31,1479,1479,1.0000,valid,D_unresolved_identity,low,true,true,Local prices cover the PIT membership interval in this window.
,,EQIX,2015-03-23,,2015-03-23→open,UNRESOLVED,available,EQIX,2013-07-08,2025-12-31,3937,3937,1.0000,valid,D_unresolved_identity,low,true,true,Local prices cover the PIT membership interval in this window.
,,EQR,2001-12-03,,2001-12-03→open,UNRESOLVED,missing,EQR,,,0,4018,0.0000,not_applicable,D_unresolved_identity,low,true,false,No Security Master row and no local CSV under the PIT ticker.
,,EQT,2008-12-19,,2008-12-19→2018-11-13; 2022-10-03→open,UNRESOLVED,available,EQT,2013-07-08,2025-12-31,4018,4018,1.0000,valid,D_unresolved_identity,low,true,true,Local prices cover the PIT membership interval in this window.
,,ERIE,2024-09-23,,2024-09-23→open,UNRESOLVED,available,ERIE,2013-07-08,2025-12-31,465,465,1.0000,valid,D_unresolved_identity,low,true,true,Local prices cover the PIT membership interval in this window.
,,ES,2009-03-17,,2009-03-17→open,UNRESOLVED,available,ES,2013-07-08,2025-12-31,4018,4018,1.0000,valid,D_unresolved_identity,low,true,true,Local prices cover the PIT membership interval in this window.
,express-scripts,ESRX,2003-09-26,2018-12-21,2003-09-26→2018-12-21,RESOLVED,available,ESRX,2013-07-08,2018-12-21,1450,1450,1.0000,valid,F_delisted,high,true,true,Security listing ended; local series covers the PIT interval.
,,ESS,2014-04-02,,2014-04-02→open,UNRESOLVED,available,ESS,2013-07-08,2025-12-31,4018,4018,1.0000,valid,D_unresolved_identity,low,true,true,Local prices cover the PIT membership interval in this window.
,,ESV,2012-07-31,2016-03-30,2012-07-31→2016-03-30,UNRESOLVED,missing,ESV,,,0,454,0.0000,not_applicable,D_unresolved_identity,low,true,false,No Security Master row and no local CSV under the PIT ticker.
,,ETFC,2004-04-01,2020-10-07,2004-04-01→2020-10-07,UNRESOLVED,missing,ETFC,,,0,2106,0.0000,not_applicable,D_unresolved_identity,low,true,false,No Security Master row and no local CSV under the PIT ticker.
,,ETN,1996-01-02,,1996-01-02→open,UNRESOLVED,available,ETN,2013-07-08,2025-12-31,4018,4018,1.0000,valid,D_unresolved_identity,low,true,true,Local prices cover the PIT membership interval in this window.
,,ETR,1996-01-02,,1996-01-02→open,UNRESOLVED,available,ETR,2013-07-08,2025-12-31,4018,4018,1.0000,valid,D_unresolved_identity,low,true,true,Local prices cover the PIT membership interval in this window.
,,ETSY,2020-09-21,2024-09-23,2020-09-21→2024-09-23,UNRESOLVED,available,ETSY,2015-04-16,2025-12-31,1463,1463,1.0000,valid,D_unresolved_identity,low,true,true,Local prices cover the PIT membership interval in this window.
,,EVHC,2016-12-02,2018-10-11,2016-12-02→2018-10-11,UNRESOLVED,available,EVHC,2013-08-14,2018-10-10,678,678,1.0000,valid,D_unresolved_identity,low,true,true,Local prices cover the PIT membership interval in this window.
,,EVRG,2018-06-05,,2018-06-05→open,UNRESOLVED,available,EVRG,2013-07-08,2025-12-31,2767,2767,1.0000,valid,D_unresolved_identity,low,true,true,Local prices cover the PIT membership interval in this window.
,,EW,2011-04-01,,2011-04-01→open,UNRESOLVED,available,EW,2013-07-08,2025-12-31,4018,4018,1.0000,valid,D_unresolved_identity,low,true,true,Local prices cover the PIT membership interval in this window.
,,EXC,1996-01-02,,1996-01-02→open,UNRESOLVED,available,EXC,2013-07-08,2025-12-31,4018,4018,1.0000,valid,D_unresolved_identity,low,true,true,Local prices cover the PIT membership interval in this window.
,,EXE,2025-03-24,,2025-03-24→open,UNRESOLVED,available,EXE,2021-02-10,2025-12-31,283,283,1.0000,valid,D_unresolved_identity,low,true,true,Local prices cover the PIT membership interval in this window.
,,EXPD,2007-10-10,,2007-10-10→open,UNRESOLVED,available,EXPD,2013-07-08,2025-12-31,4018,4018,1.0000,valid,D_unresolved_identity,low,true,true,Local prices cover the PIT membership interval in this window.
,,EXPE,2007-10-02,,2007-10-02→open,UNRESOLVED,available,EXPE,2013-07-08,2025-12-31,4018,4018,1.0000,valid,D_unresolved_identity,low,true,true,Local prices cover the PIT membership interval in this window.
,,EXR,2016-01-19,,2016-01-19→open,UNRESOLVED,available,EXR,2013-07-08,2025-12-31,3635,3635,1.0000,valid,D_unresolved_identity,low,true,true,Local prices cover the PIT membership interval in this window.
,,F,1996-01-02,,1996-01-02→open,UNRESOLVED,available,F,2013-07-08,2025-12-31,4018,4018,1.0000,valid,D_unresolved_identity,low,true,true,Local prices cover the PIT membership interval in this window.
,,FANG,2018-12-03,,2018-12-03→open,UNRESOLVED,available,FANG,2013-07-08,2025-12-31,2586,2586,1.0000,valid,D_unresolved_identity,low,true,true,Local prices cover the PIT membership interval in this window.
,,FAST,2008-09-15,,2008-09-15→open,UNRESOLVED,available,FAST,2013-07-08,2025-12-31,4018,4018,1.0000,valid,D_unresolved_identity,low,true,true,Local prices cover the PIT membership interval in this window.
,,FB,2013-12-23,2022-06-09,2013-12-23→2022-06-09,UNRESOLVED,missing,FB,2025-06-26,2025-12-31,0,2716,0.0000,not_applicable,D_unresolved_identity,low,true,true,No valid prices overlapping the PIT membership interval.
,,FBHS,2016-06-24,2022-12-19,2016-06-24→2022-12-19,UNRESOLVED,missing,FBHS,,,0,2369,0.0000,not_applicable,D_unresolved_identity,low,true,false,No Security Master row and no local CSV under the PIT ticker.
,,FCPT,2015-11-10,2015-11-17,2015-11-10→2015-11-17,UNRESOLVED,available,FCPT,2015-11-10,2025-12-31,7,7,1.0000,valid,D_unresolved_identity,low,false,true,Local prices cover the PIT membership interval in this window.
,,FCX,1996-01-02,,1996-01-02→open,UNRESOLVED,available,FCX,2013-07-08,2025-12-31,4018,4018,1.0000,valid,D_unresolved_identity,low,true,true,Local prices cover the PIT membership interval in this window.
,,FDO,2001-08-06,2015-07-07,2001-08-06→2015-07-07,UNRESOLVED,missing,FDO,,,0,187,0.0000,not_applicable,D_unresolved_identity,low,false,false,No Security Master row and no local CSV under the PIT ticker.
,,FDS,2021-12-20,,2021-12-20→open,UNRESOLVED,available,FDS,2013-07-08,2025-12-31,1473,1473,1.0000,valid,D_unresolved_identity,low,true,true,Local prices cover the PIT membership interval in this window.
,,FDX,1996-01-02,,1996-01-02→open,UNRESOLVED,available,FDX,2013-07-08,2025-12-31,4018,4018,1.0000,valid,D_unresolved_identity,low,true,true,Local prices cover the PIT membership interval in this window.
,,FE,1996-01-02,,1996-01-02→open,UNRESOLVED,available,FE,2013-07-08,2025-12-31,4018,4018,1.0000,valid,D_unresolved_identity,low,true,true,Local prices cover the PIT membership interval in this window.
,,FFIV,2010-12-20,,2010-12-20→open,UNRESOLVED,available,FFIV,2013-07-08,2025-12-31,4018,4018,1.0000,valid,D_unresolved_identity,low,true,true,Local prices cover the PIT membership interval in this window.
,fiserv,FI,2023-06-07,2025-11-11,2023-06-07→2025-11-11,RESOLVED,available_other_ticker,FISV,2013-07-08,2025-12-31,888,888,1.0000,valid,G_data_under_other_ticker,high,true,false,Vendor series stored as FISV.
,,FICO,2023-03-20,,2023-03-20→open,UNRESOLVED,available,FICO,2013-07-08,2025-12-31,1018,1018,1.0000,valid,D_unresolved_identity,low,true,true,Local prices cover the PIT membership interval in this window.
,,FIS,2006-11-10,,2006-11-10→open,UNRESOLVED,available,FIS,2013-07-08,2025-12-31,4018,4018,1.0000,valid,D_unresolved_identity,low,true,true,Local prices cover the PIT membership interval in this window.
,fiserv,FISV,2001-04-02,,2001-04-02→2023-06-07; 2025-11-11→open,RESOLVED,available,FISV,2013-07-08,2025-12-31,4018,4018,1.0000,valid,,high,true,true,Local prices cover the PIT membership interval in this window.
,,FITB,1996-03-08,,1996-03-08→open,UNRESOLVED,available,FITB,2013-07-08,2025-12-31,4018,4018,1.0000,valid,D_unresolved_identity,low,true,true,Local prices cover the PIT membership interval in this window.
,,FIX,2025-12-22,,2025-12-22→open,UNRESOLVED,available,FIX,2013-07-08,2025-12-31,10,10,1.0000,valid,D_unresolved_identity,low,false,true,Local prices cover the PIT membership interval in this window.
,,FL,2016-04-04,2019-08-09,2016-04-04→2019-08-09,UNRESOLVED,missing,FL,,,0,1222,0.0000,not_applicable,D_unresolved_identity,low,true,false,No Security Master row and no local CSV under the PIT ticker.
,,FLIR,2009-01-02,2021-05-14,2009-01-02→2021-05-14,UNRESOLVED,missing,FLIR,,,0,2325,0.0000,not_applicable,D_unresolved_identity,low,true,false,No Security Master row and no local CSV under the PIT ticker.
,,FLR,2000-12-22,2019-06-03,2000-12-22→2019-06-03,UNRESOLVED,available,FLR,2013-07-08,2025-12-31,1614,1614,1.0000,valid,D_unresolved_identity,low,true,true,Local prices cover the PIT membership interval in this window.
,,FLS,2008-10-02,2021-03-22,2008-10-02→2021-03-22,UNRESOLVED,available,FLS,2013-07-08,2025-12-31,2272,2272,1.0000,valid,D_unresolved_identity,low,true,true,Local prices cover the PIT membership interval in this window.
,corpay,FLT,2018-06-20,2024-03-25,2018-06-20→2024-03-25,RESOLVED,available_other_ticker,CPAY,2013-07-08,2025-12-31,2105,2105,1.0000,valid,G_data_under_other_ticker,high,true,false,Vendor series stored as CPAY.
,,FMC,2009-08-19,2025-03-24,2009-08-19→2025-03-24,UNRESOLVED,available,FMC,2013-07-08,2025-12-31,3735,3735,1.0000,valid,D_unresolved_identity,low,true,true,Local prices cover the PIT membership interval in this window.
,,FOSL,2012-04-04,2016-01-05,2012-04-04→2016-01-05,UNRESOLVED,available,FOSL,2013-07-08,2025-12-31,369,369,1.0000,valid,D_unresolved_identity,low,true,true,Local prices cover the PIT membership interval in this window.
,,FOX,2015-09-21,,2015-09-21→open,UNRESOLVED,partial,FOX,2019-03-13,2025-12-31,2486,3755,0.6621,partial,D_unresolved_identity,low,true,true,Local prices overlap only part of the PIT membership interval.
,,FOXA,2004-12-20,,2004-12-20→open,UNRESOLVED,partial,FOXA,2019-03-12,2025-12-31,2487,4018,0.6190,partial,D_unresolved_identity,low,true,true,Local prices overlap only part of the PIT membership interval.
,,FRC,2019-01-02,2023-05-04,2019-01-02→2023-05-04,UNRESOLVED,missing,FRC,,,0,1583,0.0000,not_applicable,D_unresolved_identity,low,true,false,No Security Master row and no local CSV under the PIT ticker.
,,FRT,2016-02-01,,2016-02-01→open,UNRESOLVED,available,FRT,2013-07-08,2025-12-31,3622,3622,1.0000,valid,D_unresolved_identity,low,true,true,Local prices cover the PIT membership interval in this window.
,,FSLR,2009-10-16,,2009-10-16→2017-03-20; 2022-12-19→open,UNRESOLVED,available,FSLR,2013-07-08,2025-12-31,4018,4018,1.0000,valid,D_unresolved_identity,low,true,true,Local prices cover the PIT membership interval in this window.
,,FTI,2009-06-05,2021-02-12,2009-06-05→2021-02-12,UNRESOLVED,available,FTI,2013-07-08,2025-12-31,2234,2234,1.0000,valid,D_unresolved_identity,low,true,true,Local prices cover the PIT membership interval in this window.
,,FTNT,2018-10-11,,2018-10-11→open,UNRESOLVED,available,FTNT,2013-07-08,2025-12-31,2639,2639,1.0000,valid,D_unresolved_identity,low,true,true,Local prices cover the PIT membership interval in this window.
,,FTR,2001-02-27,2017-03-20,2001-02-27→2017-03-20,UNRESOLVED,missing,FTR,,,0,809,0.0000,not_applicable,D_unresolved_identity,low,true,false,No Security Master row and no local CSV under the PIT ticker.
,,FTV,2016-07-05,,2016-07-05→open,UNRESOLVED,available,FTV,2016-07-05,2025-12-31,3467,3467,1.0000,valid,D_unresolved_identity,low,true,true,Local prices cover the PIT membership interval in this window.
,,GAS,2011-12-13,2016-07-01,2011-12-13→2016-07-01,UNRESOLVED,missing,GAS,,,0,547,0.0000,not_applicable,D_unresolved_identity,low,true,false,No Security Master row and no local CSV under the PIT ticker.
,,GD,1996-01-02,,1996-01-02→open,UNRESOLVED,available,GD,2013-07-08,2025-12-31,4018,4018,1.0000,valid,D_unresolved_identity,low,true,true,Local prices cover the PIT membership interval in this window.
,,GDDY,2024-06-24,,2024-06-24→open,UNRESOLVED,available,GDDY,2015-03-31,2025-12-31,556,556,1.0000,valid,D_unresolved_identity,low,true,true,Local prices cover the PIT membership interval in this window.
,,GE,1996-01-02,,1996-01-02→open,UNRESOLVED,available,GE,2013-07-08,2025-12-31,4018,4018,1.0000,valid,D_unresolved_identity,low,true,true,Local prices cover the PIT membership interval in this window.
,,GEHC,2023-01-04,,2023-01-04→open,UNRESOLVED,available,GEHC,2022-12-15,2025-12-31,1093,1093,1.0000,valid,D_unresolved_identity,low,true,true,Local prices cover the PIT membership interval in this window.
,,GEN,2022-11-08,,2022-11-08→open,UNRESOLVED,available,GEN,2013-07-08,2025-12-31,1150,1150,1.0000,valid,D_unresolved_identity,low,true,true,Local prices cover the PIT membership interval in this window.
,,GEV,2024-04-02,,2024-04-02→open,UNRESOLVED,available,GEV,2024-03-27,2025-12-31,639,639,1.0000,valid,D_unresolved_identity,low,true,true,Local prices cover the PIT membership interval in this window.
,,GGP,2013-12-10,2018-08-28,2013-12-10→2018-08-28,UNRESOLVED,missing,GGP,,,0,1335,0.0000,not_applicable,D_unresolved_identity,low,true,false,No Security Master row and no local CSV under the PIT ticker.
,,GILD,2004-07-01,,2004-07-01→open,UNRESOLVED,available,GILD,2013-07-08,2025-12-31,4018,4018,1.0000,valid,D_unresolved_identity,low,true,true,Local prices cover the PIT membership interval in this window.
,,GIS,1996-01-02,,1996-01-02→open,UNRESOLVED,available,GIS,2013-07-08,2025-12-31,4018,4018,1.0000,valid,D_unresolved_identity,low,true,true,Local prices cover the PIT membership interval in this window.
,globe-life,GL,2019-08-08,,2019-08-08→open,RESOLVED,available,GL,2013-07-08,2025-12-31,2338,2338,1.0000,valid,,high,true,true,Local prices cover the PIT membership interval in this window.
,,GLW,1996-01-02,,1996-01-02→open,UNRESOLVED,available,GLW,2013-07-08,2025-12-31,4018,4018,1.0000,valid,D_unresolved_identity,low,true,true,Local prices cover the PIT membership interval in this window.
,,GM,2013-06-07,,2013-06-07→open,UNRESOLVED,available,GM,2013-07-08,2025-12-31,4018,4018,1.0000,valid,D_unresolved_identity,low,true,true,Local prices cover the PIT membership interval in this window.
,,GMCR,2014-03-24,2016-03-03,2014-03-24→2016-03-03,UNRESOLVED,missing,GMCR,,,0,427,0.0000,not_applicable,D_unresolved_identity,low,true,false,No Security Master row and no local CSV under the PIT ticker.
,gamestop,GME,2007-12-14,2016-04-25,2007-12-14→2016-04-25,RESOLVED,available,GME,2013-07-08,2025-12-31,480,480,1.0000,valid,,high,true,true,Local prices cover the PIT membership interval in this window.
,,GNRC,2021-03-22,,2021-03-22→open,UNRESOLVED,available,GNRC,2013-07-08,2025-12-31,1746,1746,1.0000,valid,D_unresolved_identity,low,true,true,Local prices cover the PIT membership interval in this window.
,,GNW,2005-12-02,2015-11-18,2005-12-02→2015-11-18,UNRESOLVED,available,GNW,2013-07-08,2025-12-31,321,321,1.0000,valid,D_unresolved_identity,low,false,true,Local prices cover the PIT membership interval in this window.
,,GOOG,2014-04-03,,2014-04-03→open,UNRESOLVED,available,GOOG,2013-07-08,2025-12-31,4018,4018,1.0000,valid,D_unresolved_identity,low,true,true,Local prices cover the PIT membership interval in this window.
,,GOOGL,2006-04-03,,2006-04-03→open,UNRESOLVED,available,GOOGL,2013-07-08,2025-12-31,4018,4018,1.0000,valid,D_unresolved_identity,low,true,true,Local prices cover the PIT membership interval in this window.
,,GPC,1996-01-02,,1996-01-02→open,UNRESOLVED,available,GPC,2013-07-08,2025-12-31,4018,4018,1.0000,valid,D_unresolved_identity,low,true,true,Local prices cover the PIT membership interval in this window.
,,GPN,2016-04-25,,2016-04-25→open,UNRESOLVED,available,GPN,2013-07-08,2025-12-31,3538,3538,1.0000,valid,D_unresolved_identity,low,true,true,Local prices cover the PIT membership interval in this window.
,,GPS,1996-01-02,2022-02-02,1996-01-02→2022-02-02,UNRESOLVED,missing,GPS,,,0,2589,0.0000,not_applicable,D_unresolved_identity,low,true,false,No Security Master row and no local CSV under the PIT ticker.
,,GRMN,2012-12-12,,2012-12-12→open,UNRESOLVED,available,GRMN,2013-07-08,2025-12-31,4018,4018,1.0000,valid,D_unresolved_identity,low,true,true,Local prices cover the PIT membership interval in this window.
,,GS,2002-07-22,,2002-07-22→open,UNRESOLVED,available,GS,2013-07-08,2025-12-31,4018,4018,1.0000,valid,D_unresolved_identity,low,true,true,Local prices cover the PIT membership interval in this window.
,,GT,1996-01-02,2019-02-27,1996-01-02→2019-02-27,UNRESOLVED,available,GT,2013-07-08,2025-12-31,1518,1518,1.0000,valid,D_unresolved_identity,low,true,true,Local prices cover the PIT membership interval in this window.
,,GWW,1996-01-02,,1996-01-02→open,UNRESOLVED,available,GWW,2013-07-08,2025-12-31,4018,4018,1.0000,valid,D_unresolved_identity,low,true,true,Local prices cover the PIT membership interval in this window.
,,HAL,1996-01-02,,1996-01-02→open,UNRESOLVED,available,HAL,2013-07-08,2025-12-31,4018,4018,1.0000,valid,D_unresolved_identity,low,true,true,Local prices cover the PIT membership interval in this window.
,harman-international,HAR,2006-02-01,2017-03-13,2006-02-01→2017-03-13,RESOLVED,unusable,HAR,2013-07-08,2022-03-02,0,802,0.0000,unusable,H_identity_validation_failed,high,true,true,identity_mismatch
,,HAS,1996-01-02,,1996-01-02→open,UNRESOLVED,available,HAS,2013-07-08,2025-12-31,4018,4018,1.0000,valid,D_unresolved_identity,low,true,true,Local prices cover the PIT membership interval in this window.
,,HBAN,1997-08-06,,1997-08-06→open,UNRESOLVED,available,HBAN,2013-07-08,2025-12-31,4018,4018,1.0000,valid,D_unresolved_identity,low,true,true,Local prices cover the PIT membership interval in this window.
,,HBI,2015-03-23,2021-12-20,2015-03-23→2021-12-20,UNRESOLVED,missing,HBI,,,0,2464,0.0000,not_applicable,D_unresolved_identity,low,true,false,No Security Master row and no local CSV under the PIT ticker.
,,HCA,2015-01-27,,2015-01-27→open,UNRESOLVED,available,HCA,2013-07-08,2025-12-31,3992,3992,1.0000,valid,D_unresolved_identity,low,true,true,Local prices cover the PIT membership interval in this window.
,,HCBK,2007-02-15,2015-11-02,2007-02-15→2015-11-02,UNRESOLVED,missing,HCBK,,,0,305,0.0000,not_applicable,D_unresolved_identity,low,false,false,No Security Master row and no local CSV under the PIT ticker.
,,HCP,2008-03-31,2019-11-05,2008-03-31→2019-11-05,UNRESOLVED,missing,HCP,,,0,1769,0.0000,not_applicable,D_unresolved_identity,low,true,false,No Security Master row and no local CSV under the PIT ticker.
,,HD,1996-01-02,,1996-01-02→open,UNRESOLVED,available,HD,2013-07-08,2025-12-31,4018,4018,1.0000,valid,D_unresolved_identity,low,true,true,Local prices cover the PIT membership interval in this window.
,,HES,1996-01-02,2025-07-23,1996-01-02→2025-07-23,UNRESOLVED,missing,HES,,,0,3856,0.0000,not_applicable,D_unresolved_identity,low,true,false,No Security Master row and no local CSV under the PIT ticker.
,,HFC,2018-06-18,2021-06-04,2018-06-18→2021-06-04,UNRESOLVED,missing,HFC,,,0,1082,0.0000,not_applicable,D_unresolved_identity,low,true,false,No Security Master row and no local CSV under the PIT ticker.
,,HIG,1996-01-02,,1996-01-02→open,UNRESOLVED,available,HIG,2013-07-08,2025-12-31,4018,4018,1.0000,valid,D_unresolved_identity,low,true,true,Local prices cover the PIT membership interval in this window.
,,HII,2018-01-03,,2018-01-03→open,UNRESOLVED,available,HII,2013-07-08,2025-12-31,2920,2920,1.0000,valid,D_unresolved_identity,low,true,true,Local prices cover the PIT membership interval in this window.
,,HLT,2017-06-19,,2017-06-19→open,UNRESOLVED,available,HLT,2013-12-12,2025-12-31,3118,3118,1.0000,valid,D_unresolved_identity,low,true,true,Local prices cover the PIT membership interval in this window.
,,HOG,2000-01-31,2020-06-22,2000-01-31→2020-06-22,UNRESOLVED,available,HOG,2013-07-08,2025-12-31,1999,1999,1.0000,valid,D_unresolved_identity,low,true,true,Local prices cover the PIT membership interval in this window.
,,HOLX,2016-03-30,2026-04-09,2016-03-30→2026-04-09,UNRESOLVED,missing,HOLX,,,0,3564,0.0000,not_applicable,D_unresolved_identity,low,true,false,No Security Master row and no local CSV under the PIT ticker.
,,HON,1996-01-02,,1996-01-02→open,UNRESOLVED,available,HON,2013-07-08,2025-12-31,4018,4018,1.0000,valid,D_unresolved_identity,low,true,true,Local prices cover the PIT membership interval in this window.
,,HOOD,2025-09-22,,2025-09-22→open,UNRESOLVED,available,HOOD,2021-07-29,2025-12-31,101,101,1.0000,valid,D_unresolved_identity,low,true,true,Local prices cover the PIT membership interval in this window.
,,HOT,2000-11-17,2016-09-23,2000-11-17→2016-09-23,UNRESOLVED,partial,HOT,2015-01-02,2017-03-20,630,631,0.9984,partial,D_unresolved_identity,low,true,true,Local prices overlap only part of the PIT membership interval.
,,HP,2010-03-01,2020-05-22,2010-03-01→2020-05-22,UNRESOLVED,available,HP,2013-07-08,2025-12-31,1968,1968,1.0000,valid,D_unresolved_identity,low,true,true,Local prices cover the PIT membership interval in this window.
,,HPE,2015-11-02,,2015-11-02→open,UNRESOLVED,available,HPE,2015-10-19,2025-12-31,3713,3713,1.0000,valid,D_unresolved_identity,low,true,true,Local prices cover the PIT membership interval in this window.
,,HPQ,1996-01-02,,1996-01-02→open,UNRESOLVED,available,HPQ,2013-07-08,2025-12-31,4018,4018,1.0000,valid,D_unresolved_identity,low,true,true,Local prices cover the PIT membership interval in this window.
,,HRB,1996-01-02,2020-09-21,1996-01-02→2020-09-21,UNRESOLVED,available,HRB,2013-07-08,2025-12-31,2090,2090,1.0000,valid,D_unresolved_identity,low,true,true,Local prices cover the PIT membership interval in this window.
,,HRL,2009-03-04,,2009-03-04→open,UNRESOLVED,available,HRL,2013-07-08,2025-12-31,4018,4018,1.0000,valid,D_unresolved_identity,low,true,true,Local prices cover the PIT membership interval in this window.
,l3harris,HRS,2008-09-22,2019-06-01,2008-09-22→2019-06-01,RESOLVED,available_other_ticker,LHX,2013-07-08,2025-12-31,1612,1612,1.0000,valid,G_data_under_other_ticker,high,true,false,Vendor series stored as LHX.
,,HSIC,2015-03-18,,2015-03-18→open,UNRESOLVED,available,HSIC,2013-07-08,2025-12-31,3942,3942,1.0000,valid,D_unresolved_identity,low,true,true,Local prices cover the PIT membership interval in this window.
,,HSP,2004-05-03,2015-09-03,2004-05-03→2015-09-03,UNRESOLVED,missing,HSP,,,0,245,0.0000,not_applicable,D_unresolved_identity,low,false,false,No Security Master row and no local CSV under the PIT ticker.
,,HST,2007-03-20,,2007-03-20→open,UNRESOLVED,available,HST,2013-07-08,2025-12-31,4018,4018,1.0000,valid,D_unresolved_identity,low,true,true,Local prices cover the PIT membership interval in this window.
,,HSY,1996-01-02,,1996-01-02→open,UNRESOLVED,available,HSY,2013-07-08,2025-12-31,4018,4018,1.0000,valid,D_unresolved_identity,low,true,true,Local prices cover the PIT membership interval in this window.
,,HUBB,2023-10-18,,2023-10-18→open,UNRESOLVED,available,HUBB,2013-07-08,2025-12-31,806,806,1.0000,valid,D_unresolved_identity,low,true,true,Local prices cover the PIT membership interval in this window.
,,HUM,1996-01-02,,1996-01-02→open,UNRESOLVED,available,HUM,2013-07-08,2025-12-31,4018,4018,1.0000,valid,D_unresolved_identity,low,true,true,Local prices cover the PIT membership interval in this window.
,,HWM,2020-04-06,,2020-04-06→open,UNRESOLVED,available,HWM,2016-11-01,2025-12-31,2096,2096,1.0000,valid,D_unresolved_identity,low,true,true,Local prices cover the PIT membership interval in this window.
,,IBKR,2025-08-28,,2025-08-28→open,UNRESOLVED,available,IBKR,2013-07-08,2025-12-31,126,126,1.0000,valid,D_unresolved_identity,low,true,true,Local prices cover the PIT membership interval in this window.
,,IBM,1996-01-02,,1996-01-02→open,UNRESOLVED,available,IBM,2013-07-08,2025-12-31,4018,4018,1.0000,valid,D_unresolved_identity,low,true,true,Local prices cover the PIT membership interval in this window.
,,ICE,2007-09-26,,2007-09-26→open,UNRESOLVED,available,ICE,2013-07-08,2025-12-31,4018,4018,1.0000,valid,D_unresolved_identity,low,true,true,Local prices cover the PIT membership interval in this window.
,,IDXX,2017-01-05,,2017-01-05→open,UNRESOLVED,available,IDXX,2013-07-08,2025-12-31,3283,3283,1.0000,valid,D_unresolved_identity,low,true,true,Local prices cover the PIT membership interval in this window.
,,IEX,2019-08-09,,2019-08-09→open,UNRESOLVED,available,IEX,2013-07-08,2025-12-31,2337,2337,1.0000,valid,D_unresolved_identity,low,true,true,Local prices cover the PIT membership interval in this window.
,,IFF,1996-01-02,,1996-01-02→open,UNRESOLVED,available,IFF,2013-07-08,2025-12-31,4018,4018,1.0000,valid,D_unresolved_identity,low,true,true,Local prices cover the PIT membership interval in this window.
,,ILMN,2015-11-19,2024-06-24,2015-11-19→2024-06-24,UNRESOLVED,available,ILMN,2013-07-08,2025-12-31,3140,3140,1.0000,valid,D_unresolved_identity,low,true,true,Local prices cover the PIT membership interval in this window.
,,INCY,2017-02-28,,2017-02-28→open,UNRESOLVED,available,INCY,2013-07-08,2025-12-31,3229,3229,1.0000,valid,D_unresolved_identity,low,true,true,Local prices cover the PIT membership interval in this window.
,,INFO,2017-06-02,2022-03-02,2017-06-02→2022-03-02,UNRESOLVED,missing,INFO,2024-10-10,2025-12-31,0,1734,0.0000,not_applicable,D_unresolved_identity,low,true,true,No valid prices overlapping the PIT membership interval.
,,INTC,1996-01-02,,1996-01-02→open,UNRESOLVED,available,INTC,2013-07-08,2025-12-31,4018,4018,1.0000,valid,D_unresolved_identity,low,true,true,Local prices cover the PIT membership interval in this window.
,,INTU,2000-12-11,,2000-12-11→open,UNRESOLVED,available,INTU,2013-07-08,2025-12-31,4018,4018,1.0000,valid,D_unresolved_identity,low,true,true,Local prices cover the PIT membership interval in this window.
,,INVH,2022-09-19,,2022-09-19→open,UNRESOLVED,available,INVH,2017-02-01,2025-12-31,1200,1200,1.0000,valid,D_unresolved_identity,low,true,true,Local prices cover the PIT membership interval in this window.
,,IP,1996-01-02,,1996-01-02→open,UNRESOLVED,available,IP,2013-07-08,2025-12-31,4018,4018,1.0000,valid,D_unresolved_identity,low,true,true,Local prices cover the PIT membership interval in this window.
,,IPG,1996-01-02,2025-11-28,1996-01-02→2025-11-28,UNRESOLVED,missing,IPG,,,0,3984,0.0000,not_applicable,D_unresolved_identity,low,true,false,No Security Master row and no local CSV under the PIT ticker.
,,IPGP,2018-03-07,2022-06-21,2018-03-07→2022-06-21,UNRESOLVED,available,IPGP,2013-07-08,2025-12-31,1567,1567,1.0000,valid,D_unresolved_identity,low,true,true,Local prices cover the PIT membership interval in this window.
,,IQV,2017-08-29,,2017-08-29→open,UNRESOLVED,available,IQV,2013-07-08,2025-12-31,3047,3047,1.0000,valid,D_unresolved_identity,low,true,true,Local prices cover the PIT membership interval in this window.
,,IR,2010-11-17,,2010-11-17→open,UNRESOLVED,partial,IR,2017-05-12,2025-12-31,3156,4018,0.7855,partial,D_unresolved_identity,low,true,true,Local prices overlap only part of the PIT membership interval.
,,IRM,2009-01-06,,2009-01-06→open,UNRESOLVED,available,IRM,2013-07-08,2025-12-31,4018,4018,1.0000,valid,D_unresolved_identity,low,true,true,Local prices cover the PIT membership interval in this window.
,,ISRG,2008-06-02,,2008-06-02→open,UNRESOLVED,available,ISRG,2013-07-08,2025-12-31,4018,4018,1.0000,valid,D_unresolved_identity,low,true,true,Local prices cover the PIT membership interval in this window.
,,IT,2017-04-05,,2017-04-05→open,UNRESOLVED,available,IT,2013-07-08,2025-12-31,3193,3193,1.0000,valid,D_unresolved_identity,low,true,true,Local prices cover the PIT membership interval in this window.
,,ITW,1996-01-02,,1996-01-02→open,UNRESOLVED,available,ITW,2013-07-08,2025-12-31,4018,4018,1.0000,valid,D_unresolved_identity,low,true,true,Local prices cover the PIT membership interval in this window.
,,IVZ,2008-08-21,,2008-08-21→open,UNRESOLVED,available,IVZ,2013-07-08,2025-12-31,4018,4018,1.0000,valid,D_unresolved_identity,low,true,true,Local prices cover the PIT membership interval in this window.
,jacobs-solutions,J,2019-12-10,,2019-12-10→open,RESOLVED,available,J,2013-07-08,2025-12-31,2214,2214,1.0000,valid,,high,true,true,Local prices cover the PIT membership interval in this window.
,,JBHT,2015-07-01,,2015-07-01→open,UNRESOLVED,available,JBHT,2013-07-08,2025-12-31,3837,3837,1.0000,valid,D_unresolved_identity,low,true,true,Local prices cover the PIT membership interval in this window.
,,JBL,2023-12-18,,2023-12-18→open,UNRESOLVED,available,JBL,2013-07-08,2025-12-31,745,745,1.0000,valid,D_unresolved_identity,low,true,true,Local prices cover the PIT membership interval in this window.
,,JCI,1996-01-02,,1996-01-02→open,UNRESOLVED,available,JCI,2013-07-08,2025-12-31,4018,4018,1.0000,valid,D_unresolved_identity,low,true,true,Local prices cover the PIT membership interval in this window.
,jacobs-solutions,JEC,2007-10-26,2019-12-10,2007-10-26→2019-12-10,RESOLVED,available_other_ticker,J,2013-07-08,2025-12-31,1804,1804,1.0000,valid,G_data_under_other_ticker,high,true,false,Vendor series stored as J.
,,JEF,2007-08-27,2019-09-26,2007-08-27→2019-09-26,UNRESOLVED,available,JEF,2013-07-08,2025-12-31,1729,1729,1.0000,valid,D_unresolved_identity,low,true,true,Local prices cover the PIT membership interval in this window.
,,JKHY,2018-11-13,,2018-11-13→open,UNRESOLVED,available,JKHY,2013-07-08,2025-12-31,2606,2606,1.0000,valid,D_unresolved_identity,low,true,true,Local prices cover the PIT membership interval in this window.
,,JNJ,1996-01-02,,1996-01-02→open,UNRESOLVED,available,JNJ,2013-07-08,2025-12-31,4018,4018,1.0000,valid,D_unresolved_identity,low,true,true,Local prices cover the PIT membership interval in this window.
,,JNPR,2006-06-02,2025-07-09,2006-06-02→2025-07-09,UNRESOLVED,missing,JNPR,,,0,3842,0.0000,not_applicable,D_unresolved_identity,low,true,false,No Security Master row and no local CSV under the PIT ticker.
,,JOY,2011-02-28,2015-10-08,2011-02-28→2015-10-08,UNRESOLVED,missing,JOY,,,0,280,0.0000,not_applicable,D_unresolved_identity,low,false,false,No Security Master row and no local CSV under the PIT ticker.
,,JPM,1996-01-02,,1996-01-02→open,UNRESOLVED,available,JPM,2013-07-08,2025-12-31,4018,4018,1.0000,valid,D_unresolved_identity,low,true,true,Local prices cover the PIT membership interval in this window.
,,JWN,1996-01-02,2020-06-22,1996-01-02→2020-06-22,UNRESOLVED,missing,JWN,,,0,1999,0.0000,not_applicable,D_unresolved_identity,low,true,false,No Security Master row and no local CSV under the PIT ticker.
,,K,1996-01-02,2025-12-11,1996-01-02→2025-12-11,UNRESOLVED,missing,K,,,0,3997,0.0000,not_applicable,D_unresolved_identity,low,true,false,No Security Master row and no local CSV under the PIT ticker.
,,KDP,2008-10-07,,2008-10-07→2018-07-02; 2022-06-21→open,UNRESOLVED,available,KDP,2013-07-08,2025-12-31,4018,4018,1.0000,valid,D_unresolved_identity,low,true,true,Local prices cover the PIT membership interval in this window.
,,KEY,1996-01-02,,1996-01-02→open,UNRESOLVED,available,KEY,2013-07-08,2025-12-31,4018,4018,1.0000,valid,D_unresolved_identity,low,true,true,Local prices cover the PIT membership interval in this window.
,,KEYS,2018-11-06,,2018-11-06→open,UNRESOLVED,available,KEYS,2014-10-20,2025-12-31,2613,2613,1.0000,valid,D_unresolved_identity,low,true,true,Local prices cover the PIT membership interval in this window.
,,KHC,2015-07-06,,2015-07-06→open,UNRESOLVED,available,KHC,2015-07-06,2025-12-31,3832,3832,1.0000,valid,D_unresolved_identity,low,true,true,Local prices cover the PIT membership interval in this window.
,,KIM,2006-04-03,,2006-04-03→open,UNRESOLVED,available,KIM,2013-07-08,2025-12-31,4018,4018,1.0000,valid,D_unresolved_identity,low,true,true,Local prices cover the PIT membership interval in this window.
,,KKR,2024-06-24,,2024-06-24→open,UNRESOLVED,available,KKR,2013-07-08,2025-12-31,556,556,1.0000,valid,D_unresolved_identity,low,true,true,Local prices cover the PIT membership interval in this window.
,,KLAC,1997-09-15,,1997-09-15→open,UNRESOLVED,available,KLAC,2013-07-08,2025-12-31,4018,4018,1.0000,valid,D_unresolved_identity,low,true,true,Local prices cover the PIT membership interval in this window.
,,KMB,1996-01-02,,1996-01-02→open,UNRESOLVED,available,KMB,2013-07-08,2025-12-31,4018,4018,1.0000,valid,D_unresolved_identity,low,true,true,Local prices cover the PIT membership interval in this window.
,,KMI,2012-05-25,,2012-05-25→open,UNRESOLVED,available,KMI,2013-07-08,2025-12-31,4018,4018,1.0000,valid,D_unresolved_identity,low,true,true,Local prices cover the PIT membership interval in this window.
,,KMX,2010-06-28,2025-10-31,2010-06-28→2025-10-31,UNRESOLVED,available,KMX,2013-07-08,2025-12-31,3956,3956,1.0000,valid,D_unresolved_identity,low,true,true,Local prices cover the PIT membership interval in this window.
,,KO,1996-01-02,,1996-01-02→open,UNRESOLVED,available,KO,2013-07-08,2025-12-31,4018,4018,1.0000,valid,D_unresolved_identity,low,true,true,Local prices cover the PIT membership interval in this window.
,capri-holdings,KORS,2013-11-13,2018-09-19,2013-11-13→2018-09-19,RESOLVED,available_other_ticker,CPRI,2013-07-08,2025-12-31,1357,1357,1.0000,valid,G_data_under_other_ticker,high,true,false,Vendor series stored as CPRI.
,,KR,1996-01-02,,1996-01-02→open,UNRESOLVED,available,KR,2013-07-08,2025-12-31,4018,4018,1.0000,valid,D_unresolved_identity,low,true,true,Local prices cover the PIT membership interval in this window.
,,KRFT,2012-10-02,2015-07-06,2012-10-02→2015-07-06,UNRESOLVED,missing,KRFT,,,0,186,0.0000,not_applicable,D_unresolved_identity,low,false,false,No Security Master row and no local CSV under the PIT ticker.
,,KSS,1998-08-14,2020-09-21,1998-08-14→2020-09-21,UNRESOLVED,available,KSS,2013-07-08,2025-12-31,2090,2090,1.0000,valid,D_unresolved_identity,low,true,true,Local prices cover the PIT membership interval in this window.
,,KSU,2013-05-24,2021-12-14,2013-05-24→2021-12-14,UNRESOLVED,missing,KSU,,,0,2539,0.0000,not_applicable,D_unresolved_identity,low,true,false,No Security Master row and no local CSV under the PIT ticker.
,,KVUE,2023-08-25,,2023-08-25→open,UNRESOLVED,available,KVUE,2023-05-04,2025-12-31,860,860,1.0000,valid,D_unresolved_identity,low,true,true,Local prices cover the PIT membership interval in this window.
,,L,1996-01-02,,1996-01-02→open,UNRESOLVED,available,L,2013-07-08,2025-12-31,4018,4018,1.0000,valid,D_unresolved_identity,low,true,true,Local prices cover the PIT membership interval in this window.
,,LB,1996-01-02,2021-08-03,1996-01-02→2021-08-03,UNRESOLVED,missing,LB,2024-06-28,2025-12-31,0,2406,0.0000,not_applicable,D_unresolved_identity,low,true,true,No valid prices overlapping the PIT membership interval.
,,LDOS,2019-08-09,,2019-08-09→open,UNRESOLVED,available,LDOS,2013-07-08,2025-12-31,2337,2337,1.0000,valid,D_unresolved_identity,low,true,true,Local prices cover the PIT membership interval in this window.
,,LEG,1999-10-18,2021-12-20,1999-10-18→2021-12-20,UNRESOLVED,available,LEG,2013-07-08,2025-12-31,2545,2545,1.0000,valid,D_unresolved_identity,low,true,true,Local prices cover the PIT membership interval in this window.
,,LEN,2005-10-04,,2005-10-04→open,UNRESOLVED,available,LEN,2013-07-08,2025-12-31,4018,4018,1.0000,valid,D_unresolved_identity,low,true,true,Local prices cover the PIT membership interval in this window.
,,LH,2004-11-01,,2004-11-01→open,UNRESOLVED,available,LH,2013-07-08,2025-12-31,4018,4018,1.0000,valid,D_unresolved_identity,low,true,true,Local prices cover the PIT membership interval in this window.
,l3harris,LHX,2019-06-01,,2019-06-01→open,RESOLVED,available,LHX,2013-07-08,2025-12-31,2406,2406,1.0000,valid,,high,true,true,Local prices cover the PIT membership interval in this window.
,,LII,2024-12-23,,2024-12-23→open,UNRESOLVED,available,LII,2013-07-08,2025-12-31,374,374,1.0000,valid,D_unresolved_identity,low,true,true,Local prices cover the PIT membership interval in this window.
,,LIN,2018-11-06,,2018-11-06→open,UNRESOLVED,available,LIN,2013-07-08,2025-12-31,2613,2613,1.0000,valid,D_unresolved_identity,low,true,true,Local prices cover the PIT membership interval in this window.
,,LKQ,2016-05-23,2025-12-22,2016-05-23→2025-12-22,UNRESOLVED,available,LKQ,2013-07-08,2025-12-31,3500,3500,1.0000,valid,D_unresolved_identity,low,true,true,Local prices cover the PIT membership interval in this window.
,,LLL,2004-12-01,2019-07-01,2004-12-01→2019-07-01,UNRESOLVED,missing,LLL,,,0,1642,0.0000,not_applicable,D_unresolved_identity,low,true,false,No Security Master row and no local CSV under the PIT ticker.
,,LLTC,2000-04-03,2017-03-13,2000-04-03→2017-03-13,UNRESOLVED,missing,LLTC,,,0,802,0.0000,not_applicable,D_unresolved_identity,low,true,false,No Security Master row and no local CSV under the PIT ticker.
,,LLY,1996-01-02,,1996-01-02→open,UNRESOLVED,available,LLY,2013-07-08,2025-12-31,4018,4018,1.0000,valid,D_unresolved_identity,low,true,true,Local prices cover the PIT membership interval in this window.
,,LM,2006-04-24,2016-12-02,2006-04-24→2016-12-02,UNRESOLVED,missing,LM,,,0,701,0.0000,not_applicable,D_unresolved_identity,low,true,false,No Security Master row and no local CSV under the PIT ticker.
,,LMT,1996-01-02,,1996-01-02→open,UNRESOLVED,available,LMT,2013-07-08,2025-12-31,4018,4018,1.0000,valid,D_unresolved_identity,low,true,true,Local prices cover the PIT membership interval in this window.
,,LNC,1996-01-02,2023-09-18,1996-01-02→2023-09-18,UNRESOLVED,available,LNC,2013-07-08,2025-12-31,3182,3182,1.0000,valid,D_unresolved_identity,low,true,true,Local prices cover the PIT membership interval in this window.
,,LNT,2016-07-01,,2016-07-01→open,UNRESOLVED,available,LNT,2013-07-08,2025-12-31,3471,3471,1.0000,valid,D_unresolved_identity,low,true,true,Local prices cover the PIT membership interval in this window.
,,LO,2008-06-11,2015-06-12,2008-06-11→2015-06-12,UNRESOLVED,missing,LO,,,0,162,0.0000,not_applicable,D_unresolved_identity,low,false,false,No Security Master row and no local CSV under the PIT ticker.
,,LOW,1996-01-02,,1996-01-02→open,UNRESOLVED,available,LOW,2013-07-08,2025-12-31,4018,4018,1.0000,valid,D_unresolved_identity,low,true,true,Local prices cover the PIT membership interval in this window.
,,LRCX,2012-06-05,,2012-06-05→open,UNRESOLVED,available,LRCX,2013-07-08,2025-12-31,4018,4018,1.0000,valid,D_unresolved_identity,low,true,true,Local prices cover the PIT membership interval in this window.
,,LULU,2023-10-18,,2023-10-18→open,UNRESOLVED,available,LULU,2013-07-08,2025-12-31,806,806,1.0000,valid,D_unresolved_identity,low,true,true,Local prices cover the PIT membership interval in this window.
,lumen-technologies,LUMN,2020-09-18,2023-03-20,2020-09-18→2023-03-20,RESOLVED,available,LUMN,2013-07-08,2025-12-31,913,913,1.0000,valid,,high,true,true,Local prices cover the PIT membership interval in this window.
,,LUV,1996-01-02,,1996-01-02→open,UNRESOLVED,available,LUV,2013-07-08,2025-12-31,4018,4018,1.0000,valid,D_unresolved_identity,low,true,true,Local prices cover the PIT membership interval in this window.
,,LVLT,2014-11-05,2017-10-13,2014-11-05→2017-10-13,UNRESOLVED,missing,LVLT,,,0,1016,0.0000,not_applicable,D_unresolved_identity,low,true,false,No Security Master row and no local CSV under the PIT ticker.
,,LVS,2019-10-03,,2019-10-03→open,UNRESOLVED,available,LVS,2013-07-08,2025-12-31,2282,2282,1.0000,valid,D_unresolved_identity,low,true,true,Local prices cover the PIT membership interval in this window.
,,LW,2018-12-03,2026-03-23,2018-12-03→2026-03-23,UNRESOLVED,available,LW,2016-11-10,2025-12-31,2586,2586,1.0000,valid,D_unresolved_identity,low,true,true,Local prices cover the PIT membership interval in this window.
,,LYB,2012-09-05,,2012-09-05→open,UNRESOLVED,available,LYB,2013-07-08,2025-12-31,4018,4018,1.0000,valid,D_unresolved_identity,low,true,true,Local prices cover the PIT membership interval in this window.
,,LYV,2019-12-23,,2019-12-23→open,UNRESOLVED,available,LYV,2013-07-08,2025-12-31,2201,2201,1.0000,valid,D_unresolved_identity,low,true,true,Local prices cover the PIT membership interval in this window.
,,M,1996-01-02,2020-04-06,1996-01-02→2020-04-06,UNRESOLVED,available,M,2013-07-08,2025-12-31,1922,1922,1.0000,valid,D_unresolved_identity,low,true,true,Local prices cover the PIT membership interval in this window.
,,MA,2008-07-18,,2008-07-18→open,UNRESOLVED,available,MA,2013-07-08,2025-12-31,4018,4018,1.0000,valid,D_unresolved_identity,low,true,true,Local prices cover the PIT membership interval in this window.
,,MAA,2016-12-02,,2016-12-02→open,UNRESOLVED,available,MAA,2013-07-08,2025-12-31,3317,3317,1.0000,valid,D_unresolved_identity,low,true,true,Local prices cover the PIT membership interval in this window.
,,MAC,2013-05-09,2019-12-23,2013-05-09→2019-12-23,UNRESOLVED,available,MAC,2013-07-08,2025-12-31,1817,1817,1.0000,valid,D_unresolved_identity,low,true,true,Local prices cover the PIT membership interval in this window.
,,MAR,1998-05-21,,1998-05-21→open,UNRESOLVED,available,MAR,2013-07-08,2025-12-31,4018,4018,1.0000,valid,D_unresolved_identity,low,true,true,Local prices cover the PIT membership interval in this window.
,,MAS,1996-01-02,,1996-01-02→open,UNRESOLVED,available,MAS,2013-07-08,2025-12-31,4018,4018,1.0000,valid,D_unresolved_identity,low,true,true,Local prices cover the PIT membership interval in this window.
,,MAT,1996-01-02,2019-06-07,1996-01-02→2019-06-07,UNRESOLVED,available,MAT,2013-07-08,2025-12-31,1618,1618,1.0000,valid,D_unresolved_identity,low,true,true,Local prices cover the PIT membership interval in this window.
,,MCD,1996-01-02,,1996-01-02→open,UNRESOLVED,available,MCD,2013-07-08,2025-12-31,4018,4018,1.0000,valid,D_unresolved_identity,low,true,true,Local prices cover the PIT membership interval in this window.
,,MCHP,2007-09-07,,2007-09-07→open,UNRESOLVED,available,MCHP,2013-07-08,2025-12-31,4018,4018,1.0000,valid,D_unresolved_identity,low,true,true,Local prices cover the PIT membership interval in this window.
,,MCK,1999-01-13,,1999-01-13→open,UNRESOLVED,available,MCK,2013-07-08,2025-12-31,4018,4018,1.0000,valid,D_unresolved_identity,low,true,true,Local prices cover the PIT membership interval in this window.
,,MCO,1996-01-02,,1996-01-02→open,UNRESOLVED,available,MCO,2013-07-08,2025-12-31,4018,4018,1.0000,valid,D_unresolved_identity,low,true,true,Local prices cover the PIT membership interval in this window.
,,MDLZ,2007-04-02,,2007-04-02→open,UNRESOLVED,available,MDLZ,2013-07-08,2025-12-31,4018,4018,1.0000,valid,D_unresolved_identity,low,true,true,Local prices cover the PIT membership interval in this window.
,,MDT,1996-01-02,,1996-01-02→open,UNRESOLVED,available,MDT,2013-07-08,2025-12-31,4018,4018,1.0000,valid,D_unresolved_identity,low,true,true,Local prices cover the PIT membership interval in this window.
,,MET,2000-12-11,,2000-12-11→open,UNRESOLVED,available,MET,2013-07-08,2025-12-31,4018,4018,1.0000,valid,D_unresolved_identity,low,true,true,Local prices cover the PIT membership interval in this window.
,,META,2022-06-09,,2022-06-09→open,UNRESOLVED,available,META,2013-07-08,2025-12-31,1302,1302,1.0000,valid,D_unresolved_identity,low,true,true,Local prices cover the PIT membership interval in this window.
,,MGM,2017-07-26,,2017-07-26→open,UNRESOLVED,available,MGM,2013-07-08,2025-12-31,3081,3081,1.0000,valid,D_unresolved_identity,low,true,true,Local prices cover the PIT membership interval in this window.
,,MHK,2013-12-23,2025-12-22,2013-12-23→2025-12-22,UNRESOLVED,available,MHK,2013-07-08,2025-12-31,4008,4008,1.0000,valid,D_unresolved_identity,low,true,true,Local prices cover the PIT membership interval in this window.
,,MJN,2009-12-21,2017-06-15,2009-12-21→2017-06-15,UNRESOLVED,missing,MJN,,,0,896,0.0000,not_applicable,D_unresolved_identity,low,true,false,No Security Master row and no local CSV under the PIT ticker.
,,MKC,2003-03-21,,2003-03-21→open,UNRESOLVED,available,MKC,2013-07-08,2025-12-31,4018,4018,1.0000,valid,D_unresolved_identity,low,true,true,Local prices cover the PIT membership interval in this window.
,,MKTX,2019-07-01,2025-09-22,2019-07-01→2025-09-22,UNRESOLVED,available,MKTX,2013-07-08,2025-12-31,2275,2275,1.0000,valid,D_unresolved_identity,low,true,true,Local prices cover the PIT membership interval in this window.
,,MLM,2014-07-02,,2014-07-02→open,UNRESOLVED,available,MLM,2013-07-08,2025-12-31,4018,4018,1.0000,valid,D_unresolved_identity,low,true,true,Local prices cover the PIT membership interval in this window.
,,MMC,1996-01-02,2026-01-14,1996-01-02→2026-01-14,UNRESOLVED,missing,MMC,,,0,4018,0.0000,not_applicable,D_unresolved_identity,low,true,false,No Security Master row and no local CSV under the PIT ticker.
,,MMM,1996-01-02,,1996-01-02→open,UNRESOLVED,available,MMM,2013-07-08,2025-12-31,4018,4018,1.0000,valid,D_unresolved_identity,low,true,true,Local prices cover the PIT membership interval in this window.
,,MNK,2014-08-19,2017-07-26,2014-08-19→2017-07-26,UNRESOLVED,missing,MNK,,,0,937,0.0000,not_applicable,D_unresolved_identity,low,true,false,No Security Master row and no local CSV under the PIT ticker.
,,MNST,2012-06-29,,2012-06-29→open,UNRESOLVED,available,MNST,2013-07-08,2025-12-31,4018,4018,1.0000,valid,D_unresolved_identity,low,true,true,Local prices cover the PIT membership interval in this window.
,,MO,1996-01-02,,1996-01-02→open,UNRESOLVED,available,MO,2013-07-08,2025-12-31,4018,4018,1.0000,valid,D_unresolved_identity,low,true,true,Local prices cover the PIT membership interval in this window.
,,MOH,2022-03-02,2026-03-23,2022-03-02→2026-03-23,UNRESOLVED,available,MOH,2013-07-08,2025-12-31,1401,1401,1.0000,valid,D_unresolved_identity,low,true,true,Local prices cover the PIT membership interval in this window.
,,MON,2002-08-14,2018-06-07,2002-08-14→2018-06-07,UNRESOLVED,missing,MON,,,0,1253,0.0000,not_applicable,D_unresolved_identity,low,true,false,No Security Master row and no local CSV under the PIT ticker.
,,MOS,2011-09-26,,2011-09-26→open,UNRESOLVED,available,MOS,2013-07-08,2025-12-31,4018,4018,1.0000,valid,D_unresolved_identity,low,true,true,Local prices cover the PIT membership interval in this window.
,,MPC,2011-07-01,,2011-07-01→open,UNRESOLVED,available,MPC,2013-07-08,2025-12-31,4018,4018,1.0000,valid,D_unresolved_identity,low,true,true,Local prices cover the PIT membership interval in this window.
,,MPWR,2021-02-12,,2021-02-12→open,UNRESOLVED,available,MPWR,2013-07-08,2025-12-31,1784,1784,1.0000,valid,D_unresolved_identity,low,true,true,Local prices cover the PIT membership interval in this window.
,,MRK,1996-01-02,,1996-01-02→open,UNRESOLVED,available,MRK,2013-07-08,2025-12-31,4018,4018,1.0000,valid,D_unresolved_identity,low,true,true,Local prices cover the PIT membership interval in this window.
,,MRNA,2021-07-21,,2021-07-21→open,UNRESOLVED,available,MRNA,2018-12-07,2025-12-31,1625,1625,1.0000,valid,D_unresolved_identity,low,true,true,Local prices cover the PIT membership interval in this window.
,,MRO,1996-01-02,2024-11-26,1996-01-02→2024-11-26,UNRESOLVED,missing,MRO,,,0,3617,0.0000,not_applicable,D_unresolved_identity,low,true,false,No Security Master row and no local CSV under the PIT ticker.
,,MS,1996-01-02,,1996-01-02→open,UNRESOLVED,available,MS,2013-07-08,2025-12-31,4018,4018,1.0000,valid,D_unresolved_identity,low,true,true,Local prices cover the PIT membership interval in this window.
,,MSCI,2018-04-04,,2018-04-04→open,UNRESOLVED,available,MSCI,2013-07-08,2025-12-31,2829,2829,1.0000,valid,D_unresolved_identity,low,true,true,Local prices cover the PIT membership interval in this window.
,,MSFT,1996-01-02,,1996-01-02→open,UNRESOLVED,available,MSFT,2013-07-08,2025-12-31,4018,4018,1.0000,valid,D_unresolved_identity,low,true,true,Local prices cover the PIT membership interval in this window.
,,MSI,1996-01-02,,1996-01-02→open,UNRESOLVED,available,MSI,2013-07-08,2025-12-31,4018,4018,1.0000,valid,D_unresolved_identity,low,true,true,Local prices cover the PIT membership interval in this window.
,,MTB,2004-02-27,,2004-02-27→open,UNRESOLVED,available,MTB,2013-07-08,2025-12-31,4018,4018,1.0000,valid,D_unresolved_identity,low,true,true,Local prices cover the PIT membership interval in this window.
,,MTCH,2021-09-20,2026-03-23,2021-09-20→2026-03-23,UNRESOLVED,available,MTCH,2013-07-08,2025-12-31,1564,1564,1.0000,valid,D_unresolved_identity,low,true,true,Local prices cover the PIT membership interval in this window.
,,MTD,2016-09-06,,2016-09-06→open,UNRESOLVED,available,MTD,2013-07-08,2025-12-31,3404,3404,1.0000,valid,D_unresolved_identity,low,true,true,Local prices cover the PIT membership interval in this window.
,,MU,1996-01-02,,1996-01-02→open,UNRESOLVED,available,MU,2013-07-08,2025-12-31,4018,4018,1.0000,valid,D_unresolved_identity,low,true,true,Local prices cover the PIT membership interval in this window.
,,MUR,2005-08-15,2017-07-26,2005-08-15→2017-07-26,UNRESOLVED,available,MUR,2013-07-08,2025-12-31,937,937,1.0000,valid,D_unresolved_identity,low,true,true,Local prices cover the PIT membership interval in this window.
,,MWV,1996-01-02,2015-07-02,1996-01-02→2015-07-02,UNRESOLVED,missing,MWV,,,0,182,0.0000,not_applicable,D_unresolved_identity,low,false,false,No Security Master row and no local CSV under the PIT ticker.
,,MXIM,2018-12-03,2021-08-30,2018-12-03→2021-08-30,UNRESOLVED,missing,MXIM,,,0,1001,0.0000,not_applicable,D_unresolved_identity,low,true,false,No Security Master row and no local CSV under the PIT ticker.
,,MYL,2004-04-23,2020-11-17,2004-04-23→2020-11-17,UNRESOLVED,missing,MYL,,,0,2147,0.0000,not_applicable,D_unresolved_identity,low,true,false,No Security Master row and no local CSV under the PIT ticker.
,,NAVI,2014-05-01,2018-06-05,2014-05-01→2018-06-05,UNRESOLVED,available,NAVI,2014-04-17,2025-12-31,1251,1251,1.0000,valid,D_unresolved_identity,low,true,true,Local prices cover the PIT membership interval in this window.
,,NBL,2007-10-08,2020-10-12,2007-10-08→2020-10-12,UNRESOLVED,missing,NBL,,,0,2111,0.0000,not_applicable,D_unresolved_identity,low,true,false,No Security Master row and no local CSV under the PIT ticker.
,,NBR,2000-10-18,2015-03-23,2000-10-18→2015-03-23,UNRESOLVED,available,NBR,2013-07-08,2025-12-31,81,81,1.0000,valid,D_unresolved_identity,low,false,true,Local prices cover the PIT membership interval in this window.
,,NCLH,2017-10-13,,2017-10-13→open,UNRESOLVED,available,NCLH,2013-07-08,2025-12-31,3002,3002,1.0000,valid,D_unresolved_identity,low,true,true,Local prices cover the PIT membership interval in this window.
,,NDAQ,2008-10-22,,2008-10-22→open,UNRESOLVED,available,NDAQ,2013-07-08,2025-12-31,4018,4018,1.0000,valid,D_unresolved_identity,low,true,true,Local prices cover the PIT membership interval in this window.
,,NDSN,2022-02-15,,2022-02-15→open,UNRESOLVED,available,NDSN,2013-07-08,2025-12-31,1416,1416,1.0000,valid,D_unresolved_identity,low,true,true,Local prices cover the PIT membership interval in this window.
,,NE,2011-01-18,2015-07-20,2011-01-18→2015-07-20,UNRESOLVED,missing,NE,2021-06-09,2025-12-31,0,200,0.0000,not_applicable,D_unresolved_identity,low,false,true,No valid prices overlapping the PIT membership interval.
,,NEE,1996-01-02,,1996-01-02→open,UNRESOLVED,available,NEE,2013-07-08,2025-12-31,4018,4018,1.0000,valid,D_unresolved_identity,low,true,true,Local prices cover the PIT membership interval in this window.
,,NEM,1996-01-02,,1996-01-02→open,UNRESOLVED,available,NEM,2013-07-08,2025-12-31,4018,4018,1.0000,valid,D_unresolved_identity,low,true,true,Local prices cover the PIT membership interval in this window.
,,NFLX,2010-12-20,,2010-12-20→open,UNRESOLVED,available,NFLX,2013-07-08,2025-12-31,4018,4018,1.0000,valid,D_unresolved_identity,low,true,true,Local prices cover the PIT membership interval in this window.
,,NFX,2010-12-20,2019-02-15,2010-12-20→2019-02-15,UNRESOLVED,missing,NFX,,,0,1506,0.0000,not_applicable,D_unresolved_identity,low,true,false,No Security Master row and no local CSV under the PIT ticker.
,,NI,2000-11-02,,2000-11-02→open,UNRESOLVED,available,NI,2013-07-08,2025-12-31,4018,4018,1.0000,valid,D_unresolved_identity,low,true,true,Local prices cover the PIT membership interval in this window.
,,NKE,1996-01-02,,1996-01-02→open,UNRESOLVED,available,NKE,2013-07-08,2025-12-31,4018,4018,1.0000,valid,D_unresolved_identity,low,true,true,Local prices cover the PIT membership interval in this window.
,,NKTR,2018-03-19,2019-10-03,2018-03-19→2019-10-03,UNRESOLVED,available,NKTR,2013-07-08,2025-12-31,563,563,1.0000,valid,D_unresolved_identity,low,true,true,Local prices cover the PIT membership interval in this window.
,,NLOK,2019-11-05,2022-11-08,2019-11-05→2022-11-08,UNRESOLVED,missing,NLOK,,,0,1099,0.0000,not_applicable,D_unresolved_identity,low,true,false,No Security Master row and no local CSV under the PIT ticker.
,,NLSN,2013-07-09,2022-10-12,2013-07-09→2022-10-12,UNRESOLVED,missing,NLSN,,,0,2841,0.0000,not_applicable,D_unresolved_identity,low,true,false,No Security Master row and no local CSV under the PIT ticker.
,,NOC,1996-01-02,,1996-01-02→open,UNRESOLVED,available,NOC,2013-07-08,2025-12-31,4018,4018,1.0000,valid,D_unresolved_identity,low,true,true,Local prices cover the PIT membership interval in this window.
,,NOV,2005-03-14,2021-09-20,2005-03-14→2021-09-20,UNRESOLVED,available,NOV,2013-07-08,2025-12-31,2454,2454,1.0000,valid,D_unresolved_identity,low,true,true,Local prices cover the PIT membership interval in this window.
,,NOW,2019-11-21,,2019-11-21→open,UNRESOLVED,available,NOW,2013-07-08,2025-12-31,2233,2233,1.0000,valid,D_unresolved_identity,low,true,true,Local prices cover the PIT membership interval in this window.
,,NRG,2010-01-29,,2010-01-29→open,UNRESOLVED,available,NRG,2013-07-08,2025-12-31,4018,4018,1.0000,valid,D_unresolved_identity,low,true,true,Local prices cover the PIT membership interval in this window.
,,NSC,1996-01-02,,1996-01-02→open,UNRESOLVED,available,NSC,2013-07-08,2025-12-31,4018,4018,1.0000,valid,D_unresolved_identity,low,true,true,Local prices cover the PIT membership interval in this window.
,,NTAP,1999-06-25,,1999-06-25→open,UNRESOLVED,available,NTAP,2013-07-08,2025-12-31,4018,4018,1.0000,valid,D_unresolved_identity,low,true,true,Local prices cover the PIT membership interval in this window.
,,NTRS,1998-01-30,,1998-01-30→open,UNRESOLVED,available,NTRS,2013-07-08,2025-12-31,4018,4018,1.0000,valid,D_unresolved_identity,low,true,true,Local prices cover the PIT membership interval in this window.
,,NUE,1996-01-02,,1996-01-02→open,UNRESOLVED,available,NUE,2013-07-08,2025-12-31,4018,4018,1.0000,valid,D_unresolved_identity,low,true,true,Local prices cover the PIT membership interval in this window.
,,NVDA,2001-11-30,,2001-11-30→open,UNRESOLVED,available,NVDA,2013-07-08,2025-12-31,4018,4018,1.0000,valid,D_unresolved_identity,low,true,true,Local prices cover the PIT membership interval in this window.
,,NVR,2019-09-26,,2019-09-26→open,UNRESOLVED,available,NVR,2013-07-08,2025-12-31,2289,2289,1.0000,valid,D_unresolved_identity,low,true,true,Local prices cover the PIT membership interval in this window.
,,NWL,1996-01-02,2023-09-18,1996-01-02→2023-09-18,UNRESOLVED,available,NWL,2013-07-08,2025-12-31,3182,3182,1.0000,valid,D_unresolved_identity,low,true,true,Local prices cover the PIT membership interval in this window.
,,NWS,2015-09-21,,2015-09-21→open,UNRESOLVED,available,NWS,2013-07-08,2025-12-31,3755,3755,1.0000,valid,D_unresolved_identity,low,true,true,Local prices cover the PIT membership interval in this window.
,,NWSA,2013-07-01,,2013-07-01→open,UNRESOLVED,available,NWSA,2013-07-08,2025-12-31,4018,4018,1.0000,valid,D_unresolved_identity,low,true,true,Local prices cover the PIT membership interval in this window.
,,NXPI,2021-03-22,,2021-03-22→open,UNRESOLVED,available,NXPI,2013-07-08,2025-12-31,1746,1746,1.0000,valid,D_unresolved_identity,low,true,true,Local prices cover the PIT membership interval in this window.
,,O,2015-04-07,,2015-04-07→open,UNRESOLVED,available,O,2013-07-08,2025-12-31,3922,3922,1.0000,valid,D_unresolved_identity,low,true,true,Local prices cover the PIT membership interval in this window.
,,ODFL,2019-12-09,,2019-12-09→open,UNRESOLVED,available,ODFL,2013-07-08,2025-12-31,2215,2215,1.0000,valid,D_unresolved_identity,low,true,true,Local prices cover the PIT membership interval in this window.
,,OGN,2021-06-04,2023-10-18,2021-06-04→2023-10-18,UNRESOLVED,available,OGN,2021-05-14,2025-12-31,866,866,1.0000,valid,D_unresolved_identity,low,true,true,Local prices cover the PIT membership interval in this window.
,,OI,2009-01-02,2016-12-02,2009-01-02→2016-12-02,UNRESOLVED,available,OI,2013-07-08,2025-12-31,701,701,1.0000,valid,D_unresolved_identity,low,true,true,Local prices cover the PIT membership interval in this window.
,,OKE,2010-03-15,,2010-03-15→open,UNRESOLVED,available,OKE,2013-07-08,2025-12-31,4018,4018,1.0000,valid,D_unresolved_identity,low,true,true,Local prices cover the PIT membership interval in this window.
,,OMC,1997-12-24,,1997-12-24→open,UNRESOLVED,available,OMC,2013-07-08,2025-12-31,4018,4018,1.0000,valid,D_unresolved_identity,low,true,true,Local prices cover the PIT membership interval in this window.
,,ON,2022-06-21,,2022-06-21→open,UNRESOLVED,available,ON,2013-07-08,2025-12-31,1290,1290,1.0000,valid,D_unresolved_identity,low,true,true,Local prices cover the PIT membership interval in this window.
,,ORCL,1996-01-02,,1996-01-02→open,UNRESOLVED,available,ORCL,2013-07-08,2025-12-31,4018,4018,1.0000,valid,D_unresolved_identity,low,true,true,Local prices cover the PIT membership interval in this window.
,,ORLY,2009-03-27,,2009-03-27→open,UNRESOLVED,available,ORLY,2013-07-08,2025-12-31,4018,4018,1.0000,valid,D_unresolved_identity,low,true,true,Local prices cover the PIT membership interval in this window.
,,OTIS,2020-04-03,,2020-04-03→open,UNRESOLVED,available,OTIS,2020-03-19,2025-12-31,2099,2099,1.0000,valid,D_unresolved_identity,low,true,true,Local prices cover the PIT membership interval in this window.
,,OXY,1996-01-02,,1996-01-02→open,UNRESOLVED,available,OXY,2013-07-08,2025-12-31,4018,4018,1.0000,valid,D_unresolved_identity,low,true,true,Local prices cover the PIT membership interval in this window.
,,PANW,2023-06-20,,2023-06-20→open,UNRESOLVED,available,PANW,2013-07-08,2025-12-31,926,926,1.0000,valid,D_unresolved_identity,low,true,true,Local prices cover the PIT membership interval in this window.
,paramount-global,PARA,2022-02-17,2025-08-08,2022-02-17→2025-08-08,RESOLVED,unusable,PARA,2021-02-12,2025-12-31,0,1268,0.0000,unusable,H_identity_validation_failed,high,true,true,identity_mismatch
,,PAYC,2020-01-28,2026-03-23,2020-01-28→2026-03-23,UNRESOLVED,available,PAYC,2014-04-15,2025-12-31,2165,2165,1.0000,valid,D_unresolved_identity,low,true,true,Local prices cover the PIT membership interval in this window.
,,PAYX,1998-10-01,,1998-10-01→open,UNRESOLVED,available,PAYX,2013-07-08,2025-12-31,4018,4018,1.0000,valid,D_unresolved_identity,low,true,true,Local prices cover the PIT membership interval in this window.
,,PBCT,2008-11-13,2022-04-04,2008-11-13→2022-04-04,UNRESOLVED,missing,PBCT,,,0,2650,0.0000,not_applicable,D_unresolved_identity,low,true,false,No Security Master row and no local CSV under the PIT ticker.
,,PBI,1996-01-02,2017-03-01,1996-01-02→2017-03-01,UNRESOLVED,available,PBI,2013-07-08,2025-12-31,790,790,1.0000,valid,D_unresolved_identity,low,true,true,Local prices cover the PIT membership interval in this window.
,,PCAR,1996-01-02,,1996-01-02→open,UNRESOLVED,available,PCAR,2013-07-08,2025-12-31,4018,4018,1.0000,valid,D_unresolved_identity,low,true,true,Local prices cover the PIT membership interval in this window.
,,PCG,1996-01-02,,1996-01-02→2019-01-18; 2022-10-03→open,UNRESOLVED,available,PCG,2013-07-08,2025-12-31,4018,4018,1.0000,valid,D_unresolved_identity,low,true,true,Local prices cover the PIT membership interval in this window.
,,PCL,2002-01-17,2016-02-22,2002-01-17→2016-02-22,UNRESOLVED,missing,PCL,2025-08-05,2025-12-31,0,417,0.0000,not_applicable,D_unresolved_identity,low,true,true,No valid prices overlapping the PIT membership interval.
,,PCP,2007-06-01,2016-02-01,2007-06-01→2016-02-01,UNRESOLVED,missing,PCP,,,0,396,0.0000,not_applicable,D_unresolved_identity,low,true,false,No Security Master row and no local CSV under the PIT ticker.
,,PDCO,2005-10-11,2018-03-19,2005-10-11→2018-03-19,UNRESOLVED,missing,PDCO,,,0,1173,0.0000,not_applicable,D_unresolved_identity,low,true,false,No Security Master row and no local CSV under the PIT ticker.
,,PEAK,2019-11-05,2024-03-04,2019-11-05→2024-03-04,UNRESOLVED,missing,PEAK,,,0,1581,0.0000,not_applicable,D_unresolved_identity,low,true,false,No Security Master row and no local CSV under the PIT ticker.
,,PEG,1996-01-02,,1996-01-02→open,UNRESOLVED,available,PEG,2013-07-08,2025-12-31,4018,4018,1.0000,valid,D_unresolved_identity,low,true,true,Local prices cover the PIT membership interval in this window.
,,PENN,2021-03-22,2022-09-19,2021-03-22→2022-09-19,UNRESOLVED,available,PENN,2013-07-08,2025-12-31,546,546,1.0000,valid,D_unresolved_identity,low,true,true,Local prices cover the PIT membership interval in this window.
,,PEP,1996-01-02,,1996-01-02→open,UNRESOLVED,available,PEP,2013-07-08,2025-12-31,4018,4018,1.0000,valid,D_unresolved_identity,low,true,true,Local prices cover the PIT membership interval in this window.
,,PETM,2012-10-05,2015-03-12,2012-10-05→2015-03-12,UNRESOLVED,missing,PETM,,,0,70,0.0000,not_applicable,D_unresolved_identity,low,false,false,No Security Master row and no local CSV under the PIT ticker.
,,PFE,1996-01-02,,1996-01-02→open,UNRESOLVED,available,PFE,2013-07-08,2025-12-31,4018,4018,1.0000,valid,D_unresolved_identity,low,true,true,Local prices cover the PIT membership interval in this window.
,,PFG,2002-07-22,,2002-07-22→open,UNRESOLVED,available,PFG,2013-07-08,2025-12-31,4018,4018,1.0000,valid,D_unresolved_identity,low,true,true,Local prices cover the PIT membership interval in this window.
,,PG,1996-01-02,,1996-01-02→open,UNRESOLVED,available,PG,2013-07-08,2025-12-31,4018,4018,1.0000,valid,D_unresolved_identity,low,true,true,Local prices cover the PIT membership interval in this window.
,,PGR,1997-08-04,,1997-08-04→open,UNRESOLVED,available,PGR,2013-07-08,2025-12-31,4018,4018,1.0000,valid,D_unresolved_identity,low,true,true,Local prices cover the PIT membership interval in this window.
,,PH,1996-01-02,,1996-01-02→open,UNRESOLVED,available,PH,2013-07-08,2025-12-31,4018,4018,1.0000,valid,D_unresolved_identity,low,true,true,Local prices cover the PIT membership interval in this window.
,,PHM,1996-01-02,,1996-01-02→open,UNRESOLVED,available,PHM,2013-07-08,2025-12-31,4018,4018,1.0000,valid,D_unresolved_identity,low,true,true,Local prices cover the PIT membership interval in this window.
,,PKG,2017-07-26,,2017-07-26→open,UNRESOLVED,available,PKG,2013-07-08,2025-12-31,3081,3081,1.0000,valid,D_unresolved_identity,low,true,true,Local prices cover the PIT membership interval in this window.
,,PKI,1996-01-02,2023-05-16,1996-01-02→2023-05-16,UNRESOLVED,missing,PKI,,,0,3057,0.0000,not_applicable,D_unresolved_identity,low,true,false,No Security Master row and no local CSV under the PIT ticker.
,,PLD,2003-07-17,,2003-07-17→open,UNRESOLVED,available,PLD,2013-07-08,2025-12-31,4018,4018,1.0000,valid,D_unresolved_identity,low,true,true,Local prices cover the PIT membership interval in this window.
,,PLL,1996-01-02,2015-08-31,1996-01-02→2015-08-31,UNRESOLVED,missing,PLL,,,0,242,0.0000,not_applicable,D_unresolved_identity,low,false,false,No Security Master row and no local CSV under the PIT ticker.
,,PLTR,2024-09-23,,2024-09-23→open,UNRESOLVED,available,PLTR,2020-09-30,2025-12-31,465,465,1.0000,valid,D_unresolved_identity,low,true,true,Local prices cover the PIT membership interval in this window.
,,PM,2008-03-31,,2008-03-31→open,UNRESOLVED,available,PM,2013-07-08,2025-12-31,4018,4018,1.0000,valid,D_unresolved_identity,low,true,true,Local prices cover the PIT membership interval in this window.
,,PNC,1996-01-02,,1996-01-02→open,UNRESOLVED,available,PNC,2013-07-08,2025-12-31,4018,4018,1.0000,valid,D_unresolved_identity,low,true,true,Local prices cover the PIT membership interval in this window.
,,PNR,2012-10-01,,2012-10-01→open,UNRESOLVED,available,PNR,2013-07-08,2025-12-31,4018,4018,1.0000,valid,D_unresolved_identity,low,true,true,Local prices cover the PIT membership interval in this window.
,,PNW,1999-10-04,,1999-10-04→open,UNRESOLVED,available,PNW,2013-07-08,2025-12-31,4018,4018,1.0000,valid,D_unresolved_identity,low,true,true,Local prices cover the PIT membership interval in this window.
,,PODD,2023-03-15,,2023-03-15→open,UNRESOLVED,available,PODD,2013-07-08,2025-12-31,1023,1023,1.0000,valid,D_unresolved_identity,low,true,true,Local prices cover the PIT membership interval in this window.
,,POM,2007-11-09,2016-03-24,2007-11-09→2016-03-24,UNRESOLVED,missing,POM,2025-10-08,2025-12-31,0,448,0.0000,not_applicable,D_unresolved_identity,low,true,true,No valid prices overlapping the PIT membership interval.
,,POOL,2020-10-07,2026-06-22,2020-10-07→2026-06-22,UNRESOLVED,available,POOL,2013-07-08,2025-12-31,1912,1912,1.0000,valid,D_unresolved_identity,low,true,true,Local prices cover the PIT membership interval in this window.
,,PPG,1996-01-02,,1996-01-02→open,UNRESOLVED,available,PPG,2013-07-08,2025-12-31,4018,4018,1.0000,valid,D_unresolved_identity,low,true,true,Local prices cover the PIT membership interval in this window.
,,PPL,1996-01-02,,1996-01-02→open,UNRESOLVED,available,PPL,2013-07-08,2025-12-31,4018,4018,1.0000,valid,D_unresolved_identity,low,true,true,Local prices cover the PIT membership interval in this window.
,,PRGO,2011-12-19,2021-09-20,2011-12-19→2021-09-20,UNRESOLVED,available,PRGO,2013-07-08,2025-12-31,2454,2454,1.0000,valid,D_unresolved_identity,low,true,true,Local prices cover the PIT membership interval in this window.
,,PRU,2002-07-22,,2002-07-22→open,UNRESOLVED,available,PRU,2013-07-08,2025-12-31,4018,4018,1.0000,valid,D_unresolved_identity,low,true,true,Local prices cover the PIT membership interval in this window.
,,PSA,2005-08-19,,2005-08-19→open,UNRESOLVED,available,PSA,2013-07-08,2025-12-31,4018,4018,1.0000,valid,D_unresolved_identity,low,true,true,Local prices cover the PIT membership interval in this window.
,,PSKY,2025-08-08,,2025-08-08→open,UNRESOLVED,available,PSKY,2013-07-08,2025-12-31,146,146,1.0000,valid,D_unresolved_identity,low,true,true,Local prices cover the PIT membership interval in this window.
,,PSX,2012-05-01,,2012-05-01→open,UNRESOLVED,available,PSX,2013-07-08,2025-12-31,4018,4018,1.0000,valid,D_unresolved_identity,low,true,true,Local prices cover the PIT membership interval in this window.
,,PTC,2021-04-20,,2021-04-20→open,UNRESOLVED,available,PTC,2013-07-08,2025-12-31,1717,1717,1.0000,valid,D_unresolved_identity,low,true,true,Local prices cover the PIT membership interval in this window.
,,PVH,2013-02-14,2022-09-19,2013-02-14→2022-09-19,UNRESOLVED,available,PVH,2013-07-08,2025-12-31,2818,2818,1.0000,valid,D_unresolved_identity,low,true,true,Local prices cover the PIT membership interval in this window.
,,PWR,2009-07-01,,2009-07-01→open,UNRESOLVED,available,PWR,2013-07-08,2025-12-31,4018,4018,1.0000,valid,D_unresolved_identity,low,true,true,Local prices cover the PIT membership interval in this window.
,,PX,1996-01-02,2018-10-31,1996-01-02→2018-10-31,UNRESOLVED,missing,PX,,,0,1399,0.0000,not_applicable,D_unresolved_identity,low,true,false,No Security Master row and no local CSV under the PIT ticker.
,,PXD,2008-09-24,2024-05-08,2008-09-24→2024-05-08,UNRESOLVED,missing,PXD,,,0,3415,0.0000,not_applicable,D_unresolved_identity,low,true,false,No Security Master row and no local CSV under the PIT ticker.
,,PYPL,2015-07-20,,2015-07-20→open,UNRESOLVED,available,PYPL,2015-07-06,2025-12-31,3818,3818,1.0000,valid,D_unresolved_identity,low,true,true,Local prices cover the PIT membership interval in this window.
,,Q,2025-11-03,,2025-11-03→open,UNRESOLVED,available,Q,2025-10-27,2025-12-31,59,59,1.0000,valid,D_unresolved_identity,low,true,true,Local prices cover the PIT membership interval in this window.
,,QCOM,1999-07-22,,1999-07-22→open,UNRESOLVED,available,QCOM,2013-07-08,2025-12-31,4018,4018,1.0000,valid,D_unresolved_identity,low,true,true,Local prices cover the PIT membership interval in this window.
,,QEP,2010-07-01,2015-07-01,2010-07-01→2015-07-01,UNRESOLVED,missing,QEP,,,0,181,0.0000,not_applicable,D_unresolved_identity,low,false,false,No Security Master row and no local CSV under the PIT ticker.
,,QRVO,2015-06-12,2024-12-23,2015-06-12→2024-12-23,UNRESOLVED,available,QRVO,2015-01-02,2025-12-31,3482,3482,1.0000,valid,D_unresolved_identity,low,true,true,Local prices cover the PIT membership interval in this window.
,,R,1996-01-02,2017-06-19,1996-01-02→2017-06-19,UNRESOLVED,available,R,2013-07-08,2025-12-31,900,900,1.0000,valid,D_unresolved_identity,low,true,true,Local prices cover the PIT membership interval in this window.
,,RAI,2002-09-04,2017-07-25,2002-09-04→2017-07-25,UNRESOLVED,missing,RAI,,,0,936,0.0000,not_applicable,D_unresolved_identity,low,true,false,No Security Master row and no local CSV under the PIT ticker.
,,RCL,2014-12-05,,2014-12-05→open,UNRESOLVED,available,RCL,2013-07-08,2025-12-31,4018,4018,1.0000,valid,D_unresolved_identity,low,true,true,Local prices cover the PIT membership interval in this window.
,everest-group,RE,2017-06-19,2023-07-10,2017-06-19→2023-07-10,RESOLVED,available_other_ticker,EG,2013-07-08,2025-12-31,2212,2212,1.0000,valid,G_data_under_other_ticker,high,true,false,Vendor series stored as EG.
,,REG,2017-03-02,,2017-03-02→open,UNRESOLVED,available,REG,2013-07-08,2025-12-31,3227,3227,1.0000,valid,D_unresolved_identity,low,true,true,Local prices cover the PIT membership interval in this window.
,,REGN,2013-05-01,,2013-05-01→open,UNRESOLVED,available,REGN,2013-07-08,2025-12-31,4018,4018,1.0000,valid,D_unresolved_identity,low,true,true,Local prices cover the PIT membership interval in this window.
,,RF,1998-08-28,,1998-08-28→open,UNRESOLVED,available,RF,2013-07-08,2025-12-31,4018,4018,1.0000,valid,D_unresolved_identity,low,true,true,Local prices cover the PIT membership interval in this window.
,,RHI,2000-12-05,2024-06-24,2000-12-05→2024-06-24,UNRESOLVED,available,RHI,2013-07-08,2025-12-31,3462,3462,1.0000,valid,D_unresolved_identity,low,true,true,Local prices cover the PIT membership interval in this window.
,,RHT,2009-07-27,2019-07-15,2009-07-27→2019-07-15,UNRESOLVED,missing,RHT,,,0,1656,0.0000,not_applicable,D_unresolved_identity,low,true,false,No Security Master row and no local CSV under the PIT ticker.
,,RIG,2013-10-29,2017-07-26,2013-10-29→2017-07-26,UNRESOLVED,available,RIG,2013-07-08,2025-12-31,937,937,1.0000,valid,D_unresolved_identity,low,true,true,Local prices cover the PIT membership interval in this window.
,,RJF,2017-03-20,,2017-03-20→open,UNRESOLVED,available,RJF,2013-07-08,2025-12-31,3209,3209,1.0000,valid,D_unresolved_identity,low,true,true,Local prices cover the PIT membership interval in this window.
,,RL,2007-02-02,,2007-02-02→open,UNRESOLVED,available,RL,2013-07-08,2025-12-31,4018,4018,1.0000,valid,D_unresolved_identity,low,true,true,Local prices cover the PIT membership interval in this window.
,,RMD,2017-07-26,,2017-07-26→open,UNRESOLVED,available,RMD,2013-07-08,2025-12-31,3081,3081,1.0000,valid,D_unresolved_identity,low,true,true,Local prices cover the PIT membership interval in this window.
,,ROK,1996-01-02,,1996-01-02→open,UNRESOLVED,available,ROK,2013-07-08,2025-12-31,4018,4018,1.0000,valid,D_unresolved_identity,low,true,true,Local prices cover the PIT membership interval in this window.
,,ROL,2018-10-01,,2018-10-01→open,UNRESOLVED,available,ROL,2013-07-08,2025-12-31,2649,2649,1.0000,valid,D_unresolved_identity,low,true,true,Local prices cover the PIT membership interval in this window.
,,ROP,2009-12-23,,2009-12-23→open,UNRESOLVED,available,ROP,2013-07-08,2025-12-31,4018,4018,1.0000,valid,D_unresolved_identity,low,true,true,Local prices cover the PIT membership interval in this window.
,,ROST,2009-12-21,,2009-12-21→open,UNRESOLVED,available,ROST,2013-07-08,2025-12-31,4018,4018,1.0000,valid,D_unresolved_identity,low,true,true,Local prices cover the PIT membership interval in this window.
,,RRC,2007-12-21,2018-06-18,2007-12-21→2018-06-18,UNRESOLVED,available,RRC,2013-07-08,2025-12-31,1264,1264,1.0000,valid,D_unresolved_identity,low,true,true,Local prices cover the PIT membership interval in this window.
,,RSG,2008-12-05,,2008-12-05→open,UNRESOLVED,available,RSG,2013-07-08,2025-12-31,4018,4018,1.0000,valid,D_unresolved_identity,low,true,true,Local prices cover the PIT membership interval in this window.
,,RTN,1996-01-02,2020-04-06,1996-01-02→2020-04-06,UNRESOLVED,missing,RTN,,,0,1922,0.0000,not_applicable,D_unresolved_identity,low,true,false,No Security Master row and no local CSV under the PIT ticker.
,rtx-corporation,RTX,2020-04-03,,2020-04-03→open,RESOLVED,available,RTX,2013-07-08,2025-12-31,2099,2099,1.0000,valid,,high,true,true,Local prices cover the PIT membership interval in this window.
,,RVTY,2023-05-16,,2023-05-16→open,UNRESOLVED,available,RVTY,2013-07-08,2025-12-31,961,961,1.0000,valid,D_unresolved_identity,low,true,true,Local prices cover the PIT membership interval in this window.
,,SBAC,2017-09-01,,2017-09-01→open,UNRESOLVED,available,SBAC,2013-07-08,2025-12-31,3044,3044,1.0000,valid,D_unresolved_identity,low,true,true,Local prices cover the PIT membership interval in this window.
,,SBNY,2021-12-20,2023-03-15,2021-12-20→2023-03-15,UNRESOLVED,missing,SBNY,2024-08-15,2025-12-31,0,450,0.0000,not_applicable,D_unresolved_identity,low,true,true,No valid prices overlapping the PIT membership interval.
,,SBUX,2000-06-08,,2000-06-08→open,UNRESOLVED,available,SBUX,2013-07-08,2025-12-31,4018,4018,1.0000,valid,D_unresolved_identity,low,true,true,Local prices cover the PIT membership interval in this window.
,,SCG,2009-01-02,2019-01-02,2009-01-02→2019-01-02,UNRESOLVED,partial,SCG,2015-07-16,2018-12-31,1265,1462,0.8653,partial,D_unresolved_identity,low,true,true,Local prices overlap only part of the PIT membership interval.
,,SCHW,1997-06-02,,1997-06-02→open,UNRESOLVED,available,SCHW,2013-07-08,2025-12-31,4018,4018,1.0000,valid,D_unresolved_identity,low,true,true,Local prices cover the PIT membership interval in this window.
,spectra-energy,SE,2007-01-03,2017-02-27,2007-01-03→2017-02-27,RESOLVED,missing,SE,2017-10-20,2025-12-31,0,788,0.0000,not_applicable,C_ticker_recycled,high,true,true,Same listing ticker maps to more than one security.
,,SEDG,2021-12-20,2023-12-18,2021-12-20→2023-12-18,UNRESOLVED,available,SEDG,2015-03-26,2025-12-31,728,728,1.0000,valid,D_unresolved_identity,low,true,true,Local prices cover the PIT membership interval in this window.
,,SEE,1998-04-01,2023-12-18,1998-04-01→2023-12-18,UNRESOLVED,missing,SEE,,,0,3273,0.0000,not_applicable,D_unresolved_identity,low,true,false,No Security Master row and no local CSV under the PIT ticker.
,,SHW,1996-01-02,,1996-01-02→open,UNRESOLVED,available,SHW,2013-07-08,2025-12-31,4018,4018,1.0000,valid,D_unresolved_identity,low,true,true,Local prices cover the PIT membership interval in this window.
,,SIAL,1996-01-02,2015-11-18,1996-01-02→2015-11-18,UNRESOLVED,missing,SIAL,,,0,321,0.0000,not_applicable,D_unresolved_identity,low,false,false,No Security Master row and no local CSV under the PIT ticker.
,,SIG,2015-07-29,2018-03-19,2015-07-29→2018-03-19,UNRESOLVED,available,SIG,2013-07-08,2025-12-31,964,964,1.0000,valid,D_unresolved_identity,low,true,true,Local prices cover the PIT membership interval in this window.
,,SIVB,2018-03-19,2023-03-15,2018-03-19→2023-03-15,UNRESOLVED,missing,SIVB,,,0,1822,0.0000,not_applicable,D_unresolved_identity,low,true,false,No Security Master row and no local CSV under the PIT ticker.
,,SJM,2008-11-06,,2008-11-06→open,UNRESOLVED,available,SJM,2013-07-08,2025-12-31,4018,4018,1.0000,valid,D_unresolved_identity,low,true,true,Local prices cover the PIT membership interval in this window.
,,SLB,1996-01-02,,1996-01-02→open,UNRESOLVED,available,SLB,2013-07-08,2025-12-31,4018,4018,1.0000,valid,D_unresolved_identity,low,true,true,Local prices cover the PIT membership interval in this window.
,,SLG,2015-03-23,2021-03-22,2015-03-23→2021-03-22,UNRESOLVED,available,SLG,2013-07-08,2025-12-31,2191,2191,1.0000,valid,D_unresolved_identity,low,true,true,Local prices cover the PIT membership interval in this window.
,,SMCI,2024-03-18,,2024-03-18→open,UNRESOLVED,available,SMCI,2013-07-08,2025-12-31,654,654,1.0000,valid,D_unresolved_identity,low,true,true,Local prices cover the PIT membership interval in this window.
,,SNA,1996-01-02,,1996-01-02→open,UNRESOLVED,available,SNA,2013-07-08,2025-12-31,4018,4018,1.0000,valid,D_unresolved_identity,low,true,true,Local prices cover the PIT membership interval in this window.
,,SNDK,2006-04-20,,2006-04-20→2016-05-12; 2025-11-28→open,UNRESOLVED,partial,SNDK,2025-02-13,2025-12-31,322,4018,0.0801,partial,D_unresolved_identity,low,true,true,Local prices overlap only part of the PIT membership interval.
,,SNI,2008-07-01,2018-03-07,2008-07-01→2018-03-07,UNRESOLVED,missing,SNI,,,0,1161,0.0000,not_applicable,D_unresolved_identity,low,true,false,No Security Master row and no local CSV under the PIT ticker.
,,SNPS,2017-03-16,,2017-03-16→open,UNRESOLVED,available,SNPS,2013-07-08,2025-12-31,3213,3213,1.0000,valid,D_unresolved_identity,low,true,true,Local prices cover the PIT membership interval in this window.
,,SO,1996-01-02,,1996-01-02→open,UNRESOLVED,available,SO,2013-07-08,2025-12-31,4018,4018,1.0000,valid,D_unresolved_identity,low,true,true,Local prices cover the PIT membership interval in this window.
,,SOLS,2025-10-30,2025-12-22,2025-10-30→2025-12-22,UNRESOLVED,available,SOLS,2025-10-20,2025-12-31,53,53,1.0000,valid,D_unresolved_identity,low,true,true,Local prices cover the PIT membership interval in this window.
,,SOLV,2024-04-01,,2024-04-01→open,UNRESOLVED,available,SOLV,2024-03-26,2025-12-31,640,640,1.0000,valid,D_unresolved_identity,low,true,true,Local prices cover the PIT membership interval in this window.
,,SPG,2002-06-26,,2002-06-26→open,UNRESOLVED,available,SPG,2013-07-08,2025-12-31,4018,4018,1.0000,valid,D_unresolved_identity,low,true,true,Local prices cover the PIT membership interval in this window.
,,SPGI,1996-01-02,,1996-01-02→open,UNRESOLVED,available,SPGI,2013-07-08,2025-12-31,4018,4018,1.0000,valid,D_unresolved_identity,low,true,true,Local prices cover the PIT membership interval in this window.
,,SPLS,1998-10-07,2017-09-13,1998-10-07→2017-09-13,UNRESOLVED,missing,SPLS,,,0,986,0.0000,not_applicable,D_unresolved_identity,low,true,false,No Security Master row and no local CSV under the PIT ticker.
,,SRCL,2008-11-19,2018-12-03,2008-11-19→2018-12-03,UNRESOLVED,missing,SRCL,,,0,1432,0.0000,not_applicable,D_unresolved_identity,low,true,false,No Security Master row and no local CSV under the PIT ticker.
,,SRE,1998-06-29,,1998-06-29→open,UNRESOLVED,available,SRE,2013-07-08,2025-12-31,4018,4018,1.0000,valid,D_unresolved_identity,low,true,true,Local prices cover the PIT membership interval in this window.
,,STE,2019-12-23,,2019-12-23→open,UNRESOLVED,available,STE,2013-07-08,2025-12-31,2201,2201,1.0000,valid,D_unresolved_identity,low,true,true,Local prices cover the PIT membership interval in this window.
,,STI,1996-01-02,2019-12-09,1996-01-02→2019-12-09,UNRESOLVED,missing,STI,2022-05-02,2025-12-31,0,1803,0.0000,not_applicable,D_unresolved_identity,low,true,true,No valid prices overlapping the PIT membership interval.
,,STJ,1996-01-02,2017-01-05,1996-01-02→2017-01-05,UNRESOLVED,missing,STJ,,,0,735,0.0000,not_applicable,D_unresolved_identity,low,true,false,No Security Master row and no local CSV under the PIT ticker.
,,STLD,2022-12-22,,2022-12-22→open,UNRESOLVED,available,STLD,2013-07-08,2025-12-31,1106,1106,1.0000,valid,D_unresolved_identity,low,true,true,Local prices cover the PIT membership interval in this window.
,,STT,1997-08-18,,1997-08-18→open,UNRESOLVED,available,STT,2013-07-08,2025-12-31,4018,4018,1.0000,valid,D_unresolved_identity,low,true,true,Local prices cover the PIT membership interval in this window.
,,STX,2012-07-02,,2012-07-02→open,UNRESOLVED,available,STX,2013-07-08,2025-12-31,4018,4018,1.0000,valid,D_unresolved_identity,low,true,true,Local prices cover the PIT membership interval in this window.
,,STZ,2005-07-05,,2005-07-05→open,UNRESOLVED,available,STZ,2013-07-08,2025-12-31,4018,4018,1.0000,valid,D_unresolved_identity,low,true,true,Local prices cover the PIT membership interval in this window.
,,SW,2024-07-08,,2024-07-08→open,UNRESOLVED,available,SW,2013-07-08,2025-12-31,542,542,1.0000,valid,D_unresolved_identity,low,true,true,Local prices cover the PIT membership interval in this window.
,,SWK,1996-01-02,,1996-01-02→open,UNRESOLVED,available,SWK,2013-07-08,2025-12-31,4018,4018,1.0000,valid,D_unresolved_identity,low,true,true,Local prices cover the PIT membership interval in this window.
,,SWKS,2015-03-12,,2015-03-12→open,UNRESOLVED,available,SWKS,2013-07-08,2025-12-31,3948,3948,1.0000,valid,D_unresolved_identity,low,true,true,Local prices cover the PIT membership interval in this window.
,,SWN,2008-06-06,2017-04-04,2008-06-06→2017-04-04,UNRESOLVED,missing,SWN,,,0,824,0.0000,not_applicable,D_unresolved_identity,low,true,false,No Security Master row and no local CSV under the PIT ticker.
,,SWY,1998-11-13,2015-01-27,1998-11-13→2015-01-27,UNRESOLVED,missing,SWY,,,0,26,0.0000,not_applicable,D_unresolved_identity,low,false,false,No Security Master row and no local CSV under the PIT ticker.
,,SYF,2015-11-18,,2015-11-18→open,UNRESOLVED,available,SYF,2014-07-31,2025-12-31,3697,3697,1.0000,valid,D_unresolved_identity,low,true,true,Local prices cover the PIT membership interval in this window.
,,SYK,2000-12-12,,2000-12-12→open,UNRESOLVED,available,SYK,2013-07-08,2025-12-31,4018,4018,1.0000,valid,D_unresolved_identity,low,true,true,Local prices cover the PIT membership interval in this window.
,,SYMC,2003-03-31,2019-11-05,2003-03-31→2019-11-05,UNRESOLVED,missing,SYMC,,,0,1769,0.0000,not_applicable,D_unresolved_identity,low,true,false,No Security Master row and no local CSV under the PIT ticker.
,,SYY,1996-01-02,,1996-01-02→open,UNRESOLVED,available,SYY,2013-07-08,2025-12-31,4018,4018,1.0000,valid,D_unresolved_identity,low,true,true,Local prices cover the PIT membership interval in this window.
,,T,1996-01-02,,1996-01-02→open,UNRESOLVED,available,T,2013-07-08,2025-12-31,4018,4018,1.0000,valid,D_unresolved_identity,low,true,true,Local prices cover the PIT membership interval in this window.
,,TAP,1996-01-02,,1996-01-02→open,UNRESOLVED,available,TAP,2013-07-08,2025-12-31,4018,4018,1.0000,valid,D_unresolved_identity,low,true,true,Local prices cover the PIT membership interval in this window.
,,TDC,2007-10-01,2017-06-19,2007-10-01→2017-06-19,UNRESOLVED,available,TDC,2013-07-08,2025-12-31,900,900,1.0000,valid,D_unresolved_identity,low,true,true,Local prices cover the PIT membership interval in this window.
,,TDG,2016-06-03,,2016-06-03→open,UNRESOLVED,available,TDG,2013-07-08,2025-12-31,3499,3499,1.0000,valid,D_unresolved_identity,low,true,true,Local prices cover the PIT membership interval in this window.
,,TDY,2020-06-22,,2020-06-22→open,UNRESOLVED,available,TDY,2013-07-08,2025-12-31,2019,2019,1.0000,valid,D_unresolved_identity,low,true,true,Local prices cover the PIT membership interval in this window.
,,TE,2001-10-10,2016-07-01,2001-10-10→2016-07-01,UNRESOLVED,missing,TE,2020-01-10,2025-12-31,0,547,0.0000,not_applicable,D_unresolved_identity,low,true,true,No valid prices overlapping the PIT membership interval.
,,TECH,2021-08-30,,2021-08-30→open,UNRESOLVED,available,TECH,2013-07-08,2025-12-31,1585,1585,1.0000,valid,D_unresolved_identity,low,true,true,Local prices cover the PIT membership interval in this window.
,integrys-energy,TEG,2007-02-22,2015-06-30,2007-02-22→2015-06-30,RESOLVED,missing,TEG,2015-12-22,2022-03-02,0,180,0.0000,not_applicable,C_ticker_recycled,high,false,true,Local series starts after the listing ended; possible ticker recycling.
,,TEL,2011-10-17,,2011-10-17→open,UNRESOLVED,available,TEL,2013-07-08,2025-12-31,4018,4018,1.0000,valid,D_unresolved_identity,low,true,true,Local prices cover the PIT membership interval in this window.
,,TER,2020-09-21,,2020-09-21→open,UNRESOLVED,available,TER,2013-07-08,2025-12-31,1928,1928,1.0000,valid,D_unresolved_identity,low,true,true,Local prices cover the PIT membership interval in this window.
,,TFC,2019-12-09,,2019-12-09→open,UNRESOLVED,available,TFC,2013-07-08,2025-12-31,2215,2215,1.0000,valid,D_unresolved_identity,low,true,true,Local prices cover the PIT membership interval in this window.
,,TFX,2019-01-18,2025-03-24,2019-01-18→2025-03-24,UNRESOLVED,available,TFX,2013-07-08,2025-12-31,2257,2257,1.0000,valid,D_unresolved_identity,low,true,true,Local prices cover the PIT membership interval in this window.
,,TGNA,1996-01-02,2017-06-02,1996-01-02→2017-06-02,UNRESOLVED,missing,TGNA,,,0,883,0.0000,not_applicable,D_unresolved_identity,low,true,false,No Security Master row and no local CSV under the PIT ticker.
,,TGT,1996-01-02,,1996-01-02→open,UNRESOLVED,available,TGT,2013-07-08,2025-12-31,4018,4018,1.0000,valid,D_unresolved_identity,low,true,true,Local prices cover the PIT membership interval in this window.
,,THC,1996-01-02,2016-04-18,1996-01-02→2016-04-18,UNRESOLVED,available,THC,2013-07-08,2025-12-31,473,473,1.0000,valid,D_unresolved_identity,low,true,true,Local prices cover the PIT membership interval in this window.
,,TIF,2000-06-21,2021-01-07,2000-06-21→2021-01-07,UNRESOLVED,missing,TIF,,,0,2198,0.0000,not_applicable,D_unresolved_identity,low,true,false,No Security Master row and no local CSV under the PIT ticker.
,,TJX,1996-01-02,,1996-01-02→open,UNRESOLVED,available,TJX,2013-07-08,2025-12-31,4018,4018,1.0000,valid,D_unresolved_identity,low,true,true,Local prices cover the PIT membership interval in this window.
,tko-group-holdings,TKO,2025-03-24,,2025-03-24→open,RESOLVED,available,TKO,2013-07-08,2025-12-31,283,283,1.0000,valid,,high,true,true,Local prices cover the PIT membership interval in this window.
,globe-life,TMK,1996-01-02,2019-08-08,1996-01-02→2019-08-08,RESOLVED,available_other_ticker,GL,2013-07-08,2025-12-31,1680,1680,1.0000,valid,G_data_under_other_ticker,high,true,false,Vendor series stored as GL.
,,TMO,1997-01-02,,1997-01-02→open,UNRESOLVED,available,TMO,2013-07-08,2025-12-31,4018,4018,1.0000,valid,D_unresolved_identity,low,true,true,Local prices cover the PIT membership interval in this window.
,,TMUS,2019-07-15,,2019-07-15→open,UNRESOLVED,available,TMUS,2013-07-08,2025-12-31,2362,2362,1.0000,valid,D_unresolved_identity,low,true,true,Local prices cover the PIT membership interval in this window.
,,TPL,2024-11-26,,2024-11-26→open,UNRESOLVED,available,TPL,2013-07-08,2025-12-31,401,401,1.0000,valid,D_unresolved_identity,low,true,true,Local prices cover the PIT membership interval in this window.
,,TPR,2004-09-01,,2004-09-01→open,UNRESOLVED,available,TPR,2013-07-08,2025-12-31,4018,4018,1.0000,valid,D_unresolved_identity,low,true,true,Local prices cover the PIT membership interval in this window.
,,TRGP,2022-10-12,,2022-10-12→open,UNRESOLVED,available,TRGP,2013-07-08,2025-12-31,1177,1177,1.0000,valid,D_unresolved_identity,low,true,true,Local prices cover the PIT membership interval in this window.
,,TRIP,2011-12-21,2019-12-23,2011-12-21→2019-12-23,UNRESOLVED,available,TRIP,2013-07-08,2025-12-31,1817,1817,1.0000,valid,D_unresolved_identity,low,true,true,Local prices cover the PIT membership interval in this window.
,,TRMB,2021-01-21,,2021-01-21→open,UNRESOLVED,available,TRMB,2013-07-08,2025-12-31,1806,1806,1.0000,valid,D_unresolved_identity,low,true,true,Local prices cover the PIT membership interval in this window.
,,TROW,1999-10-13,,1999-10-13→open,UNRESOLVED,available,TROW,2013-07-08,2025-12-31,4018,4018,1.0000,valid,D_unresolved_identity,low,true,true,Local prices cover the PIT membership interval in this window.
,,TRV,1996-01-02,,1996-01-02→open,UNRESOLVED,available,TRV,2013-07-08,2025-12-31,4018,4018,1.0000,valid,D_unresolved_identity,low,true,true,Local prices cover the PIT membership interval in this window.
,,TSCO,2014-01-24,,2014-01-24→open,UNRESOLVED,available,TSCO,2013-07-08,2025-12-31,4018,4018,1.0000,valid,D_unresolved_identity,low,true,true,Local prices cover the PIT membership interval in this window.
,,TSLA,2020-12-21,,2020-12-21→open,UNRESOLVED,available,TSLA,2013-07-08,2025-12-31,1837,1837,1.0000,valid,D_unresolved_identity,low,true,true,Local prices cover the PIT membership interval in this window.
,,TSN,2005-08-11,,2005-08-11→open,UNRESOLVED,available,TSN,2013-07-08,2025-12-31,4018,4018,1.0000,valid,D_unresolved_identity,low,true,true,Local prices cover the PIT membership interval in this window.
,,TSS,2008-01-02,2019-09-23,2008-01-02→2019-09-23,UNRESOLVED,missing,TSS,,,0,1726,0.0000,not_applicable,D_unresolved_identity,low,true,false,No Security Master row and no local CSV under the PIT ticker.
,,TT,2020-03-03,,2020-03-03→open,UNRESOLVED,available,TT,2013-07-08,2025-12-31,2130,2130,1.0000,valid,D_unresolved_identity,low,true,true,Local prices cover the PIT membership interval in this window.
,,TTD,2025-07-18,,2025-07-18→open,UNRESOLVED,available,TTD,2016-09-21,2025-12-31,167,167,1.0000,valid,D_unresolved_identity,low,true,true,Local prices cover the PIT membership interval in this window.
,,TTWO,2018-03-19,,2018-03-19→open,UNRESOLVED,available,TTWO,2013-07-08,2025-12-31,2845,2845,1.0000,valid,D_unresolved_identity,low,true,true,Local prices cover the PIT membership interval in this window.
,,TWC,2009-03-30,2016-05-18,2009-03-30→2016-05-18,UNRESOLVED,missing,TWC,,,0,503,0.0000,not_applicable,D_unresolved_identity,low,true,false,No Security Master row and no local CSV under the PIT ticker.
,,TWTR,2018-06-07,2022-11-01,2018-06-07→2022-11-01,UNRESOLVED,missing,TWTR,,,0,1608,0.0000,not_applicable,D_unresolved_identity,low,true,false,No Security Master row and no local CSV under the PIT ticker.
,,TWX,1996-01-02,2018-06-15,1996-01-02→2018-06-15,UNRESOLVED,available,TWX,2013-07-08,2018-06-15,1261,1261,1.0000,valid,D_unresolved_identity,low,true,true,Local prices cover the PIT membership interval in this window.
,,TXN,1996-01-02,,1996-01-02→open,UNRESOLVED,available,TXN,2013-07-08,2025-12-31,4018,4018,1.0000,valid,D_unresolved_identity,low,true,true,Local prices cover the PIT membership interval in this window.
,,TXT,1996-01-02,,1996-01-02→open,UNRESOLVED,available,TXT,2013-07-08,2025-12-31,4018,4018,1.0000,valid,D_unresolved_identity,low,true,true,Local prices cover the PIT membership interval in this window.
,,TYL,2020-06-22,,2020-06-22→open,UNRESOLVED,available,TYL,2013-07-08,2025-12-31,2019,2019,1.0000,valid,D_unresolved_identity,low,true,true,Local prices cover the PIT membership interval in this window.
,,UA,2016-04-08,2022-06-21,2016-04-08→2022-06-21,UNRESOLVED,available,UA,2016-03-23,2025-12-31,2265,2265,1.0000,valid,D_unresolved_identity,low,true,true,Local prices cover the PIT membership interval in this window.
,,UAA,2014-05-01,2022-06-21,2014-05-01→2022-06-21,UNRESOLVED,available,UAA,2013-07-08,2025-12-31,2728,2728,1.0000,valid,D_unresolved_identity,low,true,true,Local prices cover the PIT membership interval in this window.
,,UAL,2015-09-03,,2015-09-03→open,UNRESOLVED,available,UAL,2013-07-08,2025-12-31,3773,3773,1.0000,valid,D_unresolved_identity,low,true,true,Local prices cover the PIT membership interval in this window.
,,UBER,2023-12-18,,2023-12-18→open,UNRESOLVED,available,UBER,2019-05-10,2025-12-31,745,745,1.0000,valid,D_unresolved_identity,low,true,true,Local prices cover the PIT membership interval in this window.
,,UDR,2016-03-07,,2016-03-07→open,UNRESOLVED,available,UDR,2013-07-08,2025-12-31,3587,3587,1.0000,valid,D_unresolved_identity,low,true,true,Local prices cover the PIT membership interval in this window.
,,UHS,2014-09-22,,2014-09-22→open,UNRESOLVED,available,UHS,2013-07-08,2025-12-31,4018,4018,1.0000,valid,D_unresolved_identity,low,true,true,Local prices cover the PIT membership interval in this window.
,,ULTA,2016-04-18,,2016-04-18→open,UNRESOLVED,available,ULTA,2013-07-08,2025-12-31,3545,3545,1.0000,valid,D_unresolved_identity,low,true,true,Local prices cover the PIT membership interval in this window.
,,UNH,1996-01-02,,1996-01-02→open,UNRESOLVED,available,UNH,2013-07-08,2025-12-31,4018,4018,1.0000,valid,D_unresolved_identity,low,true,true,Local prices cover the PIT membership interval in this window.
,,UNM,1996-01-02,2021-09-20,1996-01-02→2021-09-20,UNRESOLVED,available,UNM,2013-07-08,2025-12-31,2454,2454,1.0000,valid,D_unresolved_identity,low,true,true,Local prices cover the PIT membership interval in this window.
,,UNP,1996-01-02,,1996-01-02→open,UNRESOLVED,available,UNP,2013-07-08,2025-12-31,4018,4018,1.0000,valid,D_unresolved_identity,low,true,true,Local prices cover the PIT membership interval in this window.
,,UPS,2002-07-22,,2002-07-22→open,UNRESOLVED,available,UPS,2013-07-08,2025-12-31,4018,4018,1.0000,valid,D_unresolved_identity,low,true,true,Local prices cover the PIT membership interval in this window.
,,URBN,2010-02-08,2017-03-20,2010-02-08→2017-03-20,UNRESOLVED,available,URBN,2013-07-08,2025-12-31,809,809,1.0000,valid,D_unresolved_identity,low,true,true,Local prices cover the PIT membership interval in this window.
,,URI,2014-09-22,,2014-09-22→open,UNRESOLVED,available,URI,2013-07-08,2025-12-31,4018,4018,1.0000,valid,D_unresolved_identity,low,true,true,Local prices cover the PIT membership interval in this window.
,,USB,1996-01-02,,1996-01-02→open,UNRESOLVED,available,USB,2013-07-08,2025-12-31,4018,4018,1.0000,valid,D_unresolved_identity,low,true,true,Local prices cover the PIT membership interval in this window.
,rtx-corporation,UTX,1996-01-02,2020-04-03,1996-01-02→2020-04-03,RESOLVED,available_other_ticker,RTX,2013-07-08,2025-12-31,1919,1919,1.0000,valid,G_data_under_other_ticker,high,true,false,Vendor series stored as RTX.
,,V,2009-12-21,,2009-12-21→open,UNRESOLVED,available,V,2013-07-08,2025-12-31,4018,4018,1.0000,valid,D_unresolved_identity,low,true,true,Local prices cover the PIT membership interval in this window.
,,VAR,2007-02-12,2021-04-20,2007-02-12→2021-04-20,UNRESOLVED,missing,VAR,,,0,2301,0.0000,not_applicable,D_unresolved_identity,low,true,false,No Security Master row and no local CSV under the PIT ticker.
,,VFC,1996-01-02,2024-04-01,1996-01-02→2024-04-01,UNRESOLVED,available,VFC,2013-07-08,2025-12-31,3378,3378,1.0000,valid,D_unresolved_identity,low,true,true,Local prices cover the PIT membership interval in this window.
,,VIAB,2006-01-03,2019-12-05,2006-01-03→2019-12-05,UNRESOLVED,missing,VIAB,,,0,1799,0.0000,not_applicable,D_unresolved_identity,low,true,false,No Security Master row and no local CSV under the PIT ticker.
,,VIAC,2019-12-05,2022-02-17,2019-12-05→2022-02-17,UNRESOLVED,missing,VIAC,,,0,805,0.0000,not_applicable,D_unresolved_identity,low,true,false,No Security Master row and no local CSV under the PIT ticker.
,,VICI,2022-06-08,,2022-06-08→open,UNRESOLVED,available,VICI,2018-01-02,2025-12-31,1303,1303,1.0000,valid,D_unresolved_identity,low,true,true,Local prices cover the PIT membership interval in this window.
,,VLO,2004-04-29,,2004-04-29→open,UNRESOLVED,available,VLO,2013-07-08,2025-12-31,4018,4018,1.0000,valid,D_unresolved_identity,low,true,true,Local prices cover the PIT membership interval in this window.
,,VLTO,2023-10-02,,2023-10-02→open,UNRESOLVED,partial,VLTO,2023-10-04,2025-12-31,820,822,0.9976,partial,D_unresolved_identity,low,true,true,Local prices overlap only part of the PIT membership interval.
,,VMC,1999-07-01,,1999-07-01→open,UNRESOLVED,available,VMC,2013-07-08,2025-12-31,4018,4018,1.0000,valid,D_unresolved_identity,low,true,true,Local prices cover the PIT membership interval in this window.
,,VNO,2005-08-12,2023-01-04,2005-08-12→2023-01-04,UNRESOLVED,available,VNO,2013-07-08,2025-12-31,2925,2925,1.0000,valid,D_unresolved_identity,low,true,true,Local prices cover the PIT membership interval in this window.
,,VNT,2020-10-12,2021-03-22,2020-10-12→2021-03-22,UNRESOLVED,available,VNT,2020-09-24,2025-12-31,161,161,1.0000,valid,D_unresolved_identity,low,true,true,Local prices cover the PIT membership interval in this window.
,,VRSK,2015-10-08,,2015-10-08→open,UNRESOLVED,available,VRSK,2013-07-08,2025-12-31,3738,3738,1.0000,valid,D_unresolved_identity,low,true,true,Local prices cover the PIT membership interval in this window.
,,VRSN,2006-02-01,,2006-02-01→open,UNRESOLVED,available,VRSN,2013-07-08,2025-12-31,4018,4018,1.0000,valid,D_unresolved_identity,low,true,true,Local prices cover the PIT membership interval in this window.
,,VRTX,2013-09-23,,2013-09-23→open,UNRESOLVED,available,VRTX,2013-07-08,2025-12-31,4018,4018,1.0000,valid,D_unresolved_identity,low,true,true,Local prices cover the PIT membership interval in this window.
,,VST,2024-05-08,,2024-05-08→open,UNRESOLVED,available,VST,2016-10-05,2025-12-31,603,603,1.0000,valid,D_unresolved_identity,low,true,true,Local prices cover the PIT membership interval in this window.
,,VTR,2009-03-04,,2009-03-04→open,UNRESOLVED,available,VTR,2013-07-08,2025-12-31,4018,4018,1.0000,valid,D_unresolved_identity,low,true,true,Local prices cover the PIT membership interval in this window.
,,VTRS,2020-11-17,,2020-11-17→open,UNRESOLVED,available,VTRS,2013-07-08,2025-12-31,1871,1871,1.0000,valid,D_unresolved_identity,low,true,true,Local prices cover the PIT membership interval in this window.
,,VZ,1996-01-02,,1996-01-02→open,UNRESOLVED,available,VZ,2013-07-08,2025-12-31,4018,4018,1.0000,valid,D_unresolved_identity,low,true,true,Local prices cover the PIT membership interval in this window.
,,WAB,2019-02-27,,2019-02-27→open,UNRESOLVED,available,WAB,2013-07-08,2025-12-31,2500,2500,1.0000,valid,D_unresolved_identity,low,true,true,Local prices cover the PIT membership interval in this window.
,,WAT,2002-01-02,,2002-01-02→open,UNRESOLVED,available,WAT,2013-07-08,2025-12-31,4018,4018,1.0000,valid,D_unresolved_identity,low,true,true,Local prices cover the PIT membership interval in this window.
,,WBA,1996-01-02,2025-08-28,1996-01-02→2025-08-28,UNRESOLVED,missing,WBA,,,0,3892,0.0000,not_applicable,D_unresolved_identity,low,true,false,No Security Master row and no local CSV under the PIT ticker.
,,WBD,2022-04-11,,2022-04-11→open,UNRESOLVED,available,WBD,2013-07-08,2025-12-31,1361,1361,1.0000,valid,D_unresolved_identity,low,true,true,Local prices cover the PIT membership interval in this window.
,,WCG,2018-09-17,2020-01-28,2018-09-17→2020-01-28,UNRESOLVED,missing,WCG,,,0,498,0.0000,not_applicable,D_unresolved_identity,low,true,false,No Security Master row and no local CSV under the PIT ticker.
,,WDAY,2024-12-23,,2024-12-23→open,UNRESOLVED,available,WDAY,2013-07-08,2025-12-31,374,374,1.0000,valid,D_unresolved_identity,low,true,true,Local prices cover the PIT membership interval in this window.
,,WDC,2009-07-01,,2009-07-01→open,UNRESOLVED,available,WDC,2013-07-08,2025-12-31,4018,4018,1.0000,valid,D_unresolved_identity,low,true,true,Local prices cover the PIT membership interval in this window.
,,WEC,2008-10-31,,2008-10-31→open,UNRESOLVED,available,WEC,2013-07-08,2025-12-31,4018,4018,1.0000,valid,D_unresolved_identity,low,true,true,Local prices cover the PIT membership interval in this window.
,,WELL,2009-01-30,,2009-01-30→open,UNRESOLVED,available,WELL,2013-07-08,2025-12-31,4018,4018,1.0000,valid,D_unresolved_identity,low,true,true,Local prices cover the PIT membership interval in this window.
,,WFC,1996-01-02,,1996-01-02→open,UNRESOLVED,available,WFC,2013-07-08,2025-12-31,4018,4018,1.0000,valid,D_unresolved_identity,low,true,true,Local prices cover the PIT membership interval in this window.
,,WFM,2006-01-03,2017-08-28,2006-01-03→2017-08-28,UNRESOLVED,missing,WFM,,,0,970,0.0000,not_applicable,D_unresolved_identity,low,true,false,No Security Master row and no local CSV under the PIT ticker.
,,WHR,1996-01-02,2024-03-18,1996-01-02→2024-03-18,UNRESOLVED,available,WHR,2013-07-08,2025-12-31,3364,3364,1.0000,valid,D_unresolved_identity,low,true,true,Local prices cover the PIT membership interval in this window.
,,WIN,2006-07-18,2015-04-07,2006-07-18→2015-04-07,UNRESOLVED,missing,WIN,,,0,96,0.0000,not_applicable,D_unresolved_identity,low,false,false,No Security Master row and no local CSV under the PIT ticker.
,wtw-plc,WLTW,2016-01-05,2022-01-10,2016-01-05→2022-01-10,RESOLVED,available_other_ticker,WTW,2013-07-08,2025-12-31,2197,2197,1.0000,valid,G_data_under_other_ticker,high,true,false,Vendor series stored as WTW.
,,WM,1998-07-17,,1998-07-17→open,UNRESOLVED,available,WM,2013-07-08,2025-12-31,4018,4018,1.0000,valid,D_unresolved_identity,low,true,true,Local prices cover the PIT membership interval in this window.
,,WMB,1996-01-02,,1996-01-02→open,UNRESOLVED,available,WMB,2013-07-08,2025-12-31,4018,4018,1.0000,valid,D_unresolved_identity,low,true,true,Local prices cover the PIT membership interval in this window.
,,WMT,1996-01-02,,1996-01-02→open,UNRESOLVED,available,WMT,2013-07-08,2025-12-31,4018,4018,1.0000,valid,D_unresolved_identity,low,true,true,Local prices cover the PIT membership interval in this window.
,,WRB,2019-12-05,,2019-12-05→open,UNRESOLVED,available,WRB,2013-07-08,2025-12-31,2219,2219,1.0000,valid,D_unresolved_identity,low,true,true,Local prices cover the PIT membership interval in this window.
,,WRK,2015-07-02,2024-07-08,2015-07-02→2024-07-08,UNRESOLVED,missing,WRK,,,0,3294,0.0000,not_applicable,D_unresolved_identity,low,true,false,No Security Master row and no local CSV under the PIT ticker.
,,WSM,2025-03-24,,2025-03-24→open,UNRESOLVED,available,WSM,2013-07-08,2025-12-31,283,283,1.0000,valid,D_unresolved_identity,low,true,true,Local prices cover the PIT membership interval in this window.
,,WST,2020-05-22,,2020-05-22→open,UNRESOLVED,available,WST,2013-07-08,2025-12-31,2050,2050,1.0000,valid,D_unresolved_identity,low,true,true,Local prices cover the PIT membership interval in this window.
,wtw-plc,WTW,2022-01-10,,2022-01-10→open,RESOLVED,available,WTW,2013-07-08,2025-12-31,1452,1452,1.0000,valid,,high,true,true,Local prices cover the PIT membership interval in this window.
,,WU,2006-10-02,2021-12-20,2006-10-02→2021-12-20,UNRESOLVED,available,WU,2013-07-08,2025-12-31,2545,2545,1.0000,valid,D_unresolved_identity,low,true,true,Local prices cover the PIT membership interval in this window.
,,WY,1996-01-02,,1996-01-02→open,UNRESOLVED,available,WY,2013-07-08,2025-12-31,4018,4018,1.0000,valid,D_unresolved_identity,low,true,true,Local prices cover the PIT membership interval in this window.
,,WYND,2006-08-01,2018-05-31,2006-08-01→2018-05-31,UNRESOLVED,missing,WYND,,,0,1246,0.0000,not_applicable,D_unresolved_identity,low,true,false,No Security Master row and no local CSV under the PIT ticker.
,,WYNN,2008-11-14,,2008-11-14→open,UNRESOLVED,available,WYNN,2013-07-08,2025-12-31,4018,4018,1.0000,valid,D_unresolved_identity,low,true,true,Local prices cover the PIT membership interval in this window.
,,XEC,2014-06-20,2020-03-03,2014-06-20→2020-03-03,UNRESOLVED,missing,XEC,,,0,1888,0.0000,not_applicable,D_unresolved_identity,low,true,false,No Security Master row and no local CSV under the PIT ticker.
,,XEL,1996-01-02,,1996-01-02→open,UNRESOLVED,available,XEL,2013-07-08,2025-12-31,4018,4018,1.0000,valid,D_unresolved_identity,low,true,true,Local prices cover the PIT membership interval in this window.
,,XL,2001-09-04,2018-09-12,2001-09-04→2018-09-12,UNRESOLVED,missing,XL,,,0,1350,0.0000,not_applicable,D_unresolved_identity,low,true,false,No Security Master row and no local CSV under the PIT ticker.
,,XLNX,1999-11-08,2022-02-15,1999-11-08→2022-02-15,UNRESOLVED,missing,XLNX,,,0,2602,0.0000,not_applicable,D_unresolved_identity,low,true,false,No Security Master row and no local CSV under the PIT ticker.
,,XOM,1996-01-02,,1996-01-02→open,UNRESOLVED,available,XOM,2013-07-08,2025-12-31,4018,4018,1.0000,valid,D_unresolved_identity,low,true,true,Local prices cover the PIT membership interval in this window.
,,XRAY,2008-11-14,2024-04-02,2008-11-14→2024-04-02,UNRESOLVED,available,XRAY,2013-07-08,2025-12-31,3379,3379,1.0000,valid,D_unresolved_identity,low,true,true,Local prices cover the PIT membership interval in this window.
,,XRX,1996-01-02,2021-03-22,1996-01-02→2021-03-22,UNRESOLVED,available,XRX,2013-07-08,2025-12-31,2272,2272,1.0000,valid,D_unresolved_identity,low,true,true,Local prices cover the PIT membership interval in this window.
,,XYL,2011-11-01,,2011-11-01→open,UNRESOLVED,available,XYL,2013-07-08,2025-12-31,4018,4018,1.0000,valid,D_unresolved_identity,low,true,true,Local prices cover the PIT membership interval in this window.
,block-inc-class-a,XYZ,2025-07-23,,2025-07-23→open,RESOLVED,available,XYZ,2015-11-19,2025-12-31,162,162,1.0000,valid,,high,true,true,Local prices cover the PIT membership interval in this window.
,,YUM,1997-10-07,,1997-10-07→open,UNRESOLVED,available,YUM,2013-07-08,2025-12-31,4018,4018,1.0000,valid,D_unresolved_identity,low,true,true,Local prices cover the PIT membership interval in this window.
,,ZBH,2001-08-07,,2001-08-07→open,UNRESOLVED,available,ZBH,2013-07-08,2025-12-31,4018,4018,1.0000,valid,D_unresolved_identity,low,true,true,Local prices cover the PIT membership interval in this window.
,,ZBRA,2019-12-23,,2019-12-23→open,UNRESOLVED,available,ZBRA,2013-07-08,2025-12-31,2201,2201,1.0000,valid,D_unresolved_identity,low,true,true,Local prices cover the PIT membership interval in this window.
,,ZION,2001-06-25,2024-03-18,2001-06-25→2024-03-18,UNRESOLVED,available,ZION,2013-07-08,2025-12-31,3364,3364,1.0000,valid,D_unresolved_identity,low,true,true,Local prices cover the PIT membership interval in this window.
,,ZTS,2013-06-24,,2013-06-24→open,UNRESOLVED,available,ZTS,2013-07-08,2025-12-31,4018,4018,1.0000,valid,D_unresolved_identity,low,true,true,Local prices cover the PIT membership interval in this window.
