date,equity,cash,returns,drawdown
2015-01-02,100000,100000,0,0
2015-01-05,100000,100000,0,0
2015-01-06,100000,100000,0,0
2015-01-07,100000,100000,0,0
2015-01-08,100000,100000,0,0
2015-01-09,100000,100000,0,0
2015-01-12,100000,100000,0,0
2015-01-13,100000,100000,0,0
2015-01-14,100000,100000,0,0
2015-01-15,100000,100000,0,0
2015-01-16,100000,100000,0,0
2015-01-20,100000,100000,0,0
2015-01-21,100000,100000,0,0
2015-01-22,100000,100000,0,0
2015-01-23,100000,100000,0,0
2015-01-26,100000,100000,0,0
2015-01-27,100000,100000,0,0
2015-01-28,100000,100000,0,0
2015-01-29,100000,100000,0,0
2015-01-30,100000,100000,0,0
2015-02-02,100000,100000,0,0
2015-02-03,100000,100000,0,0
2015-02-04,100000,100000,0,0
2015-02-05,100000,100000,0,0
2015-02-06,100000,100000,0,0
2015-02-09,100000,100000,0,0
2015-02-10,100000,100000,0,0
2015-02-11,100000,100000,0,0
2015-02-12,100000,100000,0,0
2015-02-13,100000,100000,0,0
2015-02-17,100000,100000,0,0
2015-02-18,100000,100000,0,0
2015-02-19,100000,100000,0,0
2015-02-20,100000,100000,0,0
2015-02-23,100000,100000,0,0
2015-02-24,100000,100000,0,0
2015-02-25,100000,100000,0,0
2015-02-26,100000,100000,0,0
2015-02-27,100000,100000,0,0
2015-03-02,100000,100000,0,0
2015-03-03,100000,100000,0,0
2015-03-04,100000,100000,0,0
2015-03-05,100000,100000,0,0
2015-03-06,100000,100000,0,0
2015-03-09,100000,100000,0,0
2015-03-10,100000,100000,0,0
2015-03-11,100000,100000,0,0
2015-03-12,100000,100000,0,0
2015-03-13,100000,100000,0,0
2015-03-16,100000,100000,0,0
2015-03-17,100000,100000,0,0
2015-03-18,100000,100000,0,0
2015-03-19,100000,100000,0,0
2015-03-20,100000,100000,0,0
2015-03-23,100000,100000,0,0
2015-03-24,100000,100000,0,0
2015-03-25,100000,100000,0,0
2015-03-26,100000,100000,0,0
2015-03-27,100000,100000,0,0
2015-03-30,100000,100000,0,0
2015-03-31,100000,100000,0,0
2015-04-01,100000,100000,0,0
2015-04-02,100000,100000,0,0
2015-04-06,100000,100000,0,0
2015-04-07,100000,100000,0,0
2015-04-08,100000,100000,0,0
2015-04-09,100000,100000,0,0
2015-04-10,100000,100000,0,0
2015-04-13,100000,100000,0,0
2015-04-14,100000,100000,0,0
2015-04-15,100000,100000,0,0
2015-04-16,100000,100000,0,0
2015-04-17,100000,100000,0,0
2015-04-20,100000,100000,0,0
2015-04-21,100000,100000,0,0
2015-04-22,100000,100000,0,0
2015-04-23,100000,100000,0,0
2015-04-24,100000,100000,0,0
2015-04-27,100000,100000,0,0
2015-04-28,100000,100000,0,0
2015-04-29,100000,100000,0,0
2015-04-30,100000,100000,0,0
2015-05-01,100000,100000,0,0
2015-05-04,100000,100000,0,0
2015-05-05,100000,100000,0,0
2015-05-06,100000,100000,0,0
2015-05-07,100000,100000,0,0
2015-05-08,100000,100000,0,0
2015-05-11,100000,100000,0,0
2015-05-12,100000,100000,0,0
2015-05-13,100000,100000,0,0
2015-05-14,100000,100000,0,0
2015-05-15,100000,100000,0,0
2015-05-18,100000,100000,0,0
2015-05-19,100000,100000,0,0
2015-05-20,100000,100000,0,0
2015-05-21,100000,100000,0,0
2015-05-22,100000,100000,0,0
2015-05-26,100000,100000,0,0
2015-05-27,100000,100000,0,0
2015-05-28,100000,100000,0,0
2015-05-29,100000,100000,0,0
2015-06-01,100000,100000,0,0
2015-06-02,100000,100000,0,0
2015-06-03,100000,100000,0,0
2015-06-04,100000,100000,0,0
2015-06-05,100000,100000,0,0
2015-06-08,100000,100000,0,0
2015-06-09,100000,100000,0,0
2015-06-10,100000,100000,0,0
2015-06-11,100000,100000,0,0
2015-06-12,100000,100000,0,0
2015-06-15,100000,100000,0,0
2015-06-16,100000,100000,0,0
2015-06-17,100000,100000,0,0
2015-06-18,100000,100000,0,0
2015-06-19,100000,100000,0,0
2015-06-22,100000,100000,0,0
2015-06-23,100000,100000,0,0
2015-06-24,100000,100000,0,0
2015-06-25,100000,100000,0,0
2015-06-26,100000,100000,0,0
2015-06-29,100000,100000,0,0
2015-06-30,100000,100000,0,0
2015-07-01,100000,100000,0,0
2015-07-02,100000,100000,0,0
2015-07-06,100000,100000,0,0
2015-07-07,100000,100000,0,0
2015-07-08,100000,100000,0,0
2015-07-09,100000,100000,0,0
2015-07-10,100000,100000,0,0
2015-07-13,100000,100000,0,0
2015-07-14,100000,100000,0,0
2015-07-15,100000,100000,0,0
2015-07-16,100000,100000,0,0
2015-07-17,100000,100000,0,0
2015-07-20,100000,100000,0,0
2015-07-21,100000,100000,0,0
2015-07-22,100000,100000,0,0
2015-07-23,100000,100000,0,0
2015-07-24,100000,100000,0,0
2015-07-27,100000,100000,0,0
2015-07-28,100000,100000,0,0
2015-07-29,100000,100000,0,0
2015-07-30,100000,100000,0,0
2015-07-31,100000,100000,0,0
2015-08-03,100000,100000,0,0
2015-08-04,100000,100000,0,0
2015-08-05,100000,100000,0,0
2015-08-06,100000,100000,0,0
2015-08-07,100000,100000,0,0
2015-08-10,100000,100000,0,0
2015-08-11,100000,100000,0,0
2015-08-12,100000,100000,0,0
2015-08-13,100000,100000,0,0
2015-08-14,100000,100000,0,0
2015-08-17,100000,100000,0,0
2015-08-18,100000,100000,0,0
2015-08-19,100000,100000,0,0
2015-08-20,100000,100000,0,0
2015-08-21,100000,100000,0,0
2015-08-24,100000,100000,0,0
2015-08-25,100000,100000,0,0
2015-08-26,100000,100000,0,0
2015-08-27,100000,100000,0,0
2015-08-28,100000,100000,0,0
2015-08-31,100000,100000,0,0
2015-09-01,100000,100000,0,0
2015-09-02,100000,100000,0,0
2015-09-03,100000,100000,0,0
2015-09-04,100000,100000,0,0
2015-09-08,100000,100000,0,0
2015-09-09,100000,100000,0,0
2015-09-10,100000,100000,0,0
2015-09-11,100000,100000,0,0
2015-09-14,100000,100000,0,0
2015-09-15,100000,100000,0,0
2015-09-16,100000,100000,0,0
2015-09-17,100000,100000,0,0
2015-09-18,100000,100000,0,0
2015-09-21,100000,100000,0,0
2015-09-22,100000,100000,0,0
2015-09-23,100000,100000,0,0
2015-09-24,100000,100000,0,0
2015-09-25,100000,100000,0,0
2015-09-28,100000,100000,0,0
2015-09-29,100000,100000,0,0
2015-09-30,100000,100000,0,0
2015-10-01,100000,100000,0,0
2015-10-02,100000,100000,0,0
2015-10-05,100000,100000,0,0
2015-10-06,100000,100000,0,0
2015-10-07,100000,100000,0,0
2015-10-08,100000,100000,0,0
2015-10-09,100000,100000,0,0
2015-10-12,100000,100000,0,0
2015-10-13,100000,100000,0,0
2015-10-14,100000,100000,0,0
2015-10-15,100000,100000,0,0
2015-10-16,100000,100000,0,0
2015-10-19,100000,100000,0,0
2015-10-20,100000,100000,0,0
2015-10-21,100000,100000,0,0
2015-10-22,100000,100000,0,0
2015-10-23,100000,100000,0,0
2015-10-26,100000,100000,0,0
2015-10-27,100000,100000,0,0
2015-10-28,100000,100000,0,0
2015-10-29,100000,100000,0,0
2015-10-30,100000,100000,0,0
2015-11-02,100000,100000,0,0
2015-11-03,100000,100000,0,0
2015-11-04,100000,100000,0,0
2015-11-05,100000,100000,0,0
2015-11-06,100000,100000,0,0
2015-11-09,100000,100000,0,0
2015-11-10,100000,100000,0,0
2015-11-11,100000,100000,0,0
2015-11-12,100000,100000,0,0
2015-11-13,100000,100000,0,0
2015-11-16,100000,100000,0,0
2015-11-17,100000,100000,0,0
2015-11-18,100000,100000,0,0
2015-11-19,100000,100000,0,0
2015-11-20,100000,100000,0,0
2015-11-23,100000,100000,0,0
2015-11-24,100000,100000,0,0
2015-11-25,100000,100000,0,0
2015-11-27,100000,100000,0,0
2015-11-30,100000,100000,0,0
2015-12-01,100000,100000,0,0
2015-12-02,100000,100000,0,0
2015-12-03,100000,100000,0,0
2015-12-04,100000,100000,0,0
2015-12-07,100000,100000,0,0
2015-12-08,100000,100000,0,0
2015-12-09,100000,100000,0,0
2015-12-10,100000,100000,0,0
2015-12-11,100000,100000,0,0
2015-12-14,100000,100000,0,0
2015-12-15,100000,100000,0,0
2015-12-16,100000,100000,0,0
2015-12-17,100000,100000,0,0
2015-12-18,100000,100000,0,0
2015-12-21,100000,100000,0,0
2015-12-22,100000,100000,0,0
2015-12-23,100000,100000,0,0
2015-12-24,100000,100000,0,0
2015-12-28,100000,100000,0,0
2015-12-29,100000,100000,0,0
2015-12-30,100000,100000,0,0
2015-12-31,100000,100000,0,0
2016-01-04,100000,100000,0,0
2016-01-05,99668.4114702345415,312.8636442345415,-0.003315885297654585,-0.003315885297654585
2016-01-06,100099.1026512345415,312.8636442345415,0.004321240548000744510712237,0
2016-01-07,99206.5027482345415,312.8636442345415,-0.0089171618861559434128385986,-0.0089171618861559434128385986
2016-01-08,96964.1566962345415,312.8636442345415,-0.0226028132217361560880768623,-0.0313184221633113322232651641
2016-01-11,97681.0811532345415,312.8636442345415,0.007393705895323283853300868,-0.0241562754705691467599400139
2016-01-12,99325.9785102345415,312.8636442345415,0.016839467147375365067546939,-0.0077235871303833802266225991
2016-01-13,94132.8100842345415,312.8636442345415,-0.0522840902641084608937654311,-0.0596038566678041700245306249
2016-01-14,95566.2064802345415,312.8636442345415,0.015227383467223897123582253,-0.0452840839821863769628358967
2016-01-15,93314.1172752345415,312.8636442345415,-0.0235657486882226284426021849,-0.0677826793277084334520630374
2016-01-19,93864.0748172345415,312.8636442345415,0.005893615650650944900607729,-0.0622885487367863252429432713
2016-01-20,92793.5352112345415,312.8636442345415,-0.0114052112918012420730234789,-0.0729833459691848599263360486
2016-01-21,92123.9443212345415,312.8636442345415,-0.0072159217608828899054231538,-0.0796726256157066642521340032
2016-01-22,94777.0668232345415,312.8636442345415,0.028799488792496871630983133,-0.0531676677116981358648742953
2016-01-25,92949.8541772345415,312.8636442345415,-0.0192790588192381145497052988,-0.0714217039378407149236119772
2016-01-26,93881.2360792345415,312.8636442345415,0.010020262110622179558389147,-0.0621171060210629556004026566
2016-01-27,91739.2831192345415,312.8636442345415,-0.0228155598440589296959211232,-0.0835154293153585701661619567
2016-01-28,94256.4239902345415,312.8636442345415,0.027437982785721627046720967,-0.0583689414415339028963748315
2016-01-29,95158.8074942345415,312.8636442345415,0.009573708250309725845418316,-0.0493540404074648354395043895
2016-02-01,95790.4322622345415,312.8636442345415,0.006637585995792020897266079,-0.0430440460991171566587737713
2016-02-02,93666.5845389800305,310.3797039800305,-0.0221718147950339686640243020,-0.0642614962760125953636125528
2016-02-03,92018.5690039800305,310.3797039800305,-0.0175944873309025840182050588,-0.0807253355248220321902474410
2016-02-04,92287.1375909800305,310.3797039800305,0.002918634683271196544495522,-0.0780423086056322856683524906
2016-02-05,88628.8069139800305,310.3797039800305,-0.0396407427133979967565078882,-0.1145893962428348066202996711
2016-02-08,86688.0309189800305,310.3797039800305,-0.0218978012068203534763561694,-0.1339779416303199963898257015
2016-02-09,86909.7188939800305,310.3797039800305,0.002557307769595008998355271,-0.1317632566918105513250453416
2016-02-10,87556.3884459800305,310.3797039800305,0.007440704678712208045403709,-0.1253029634936474557046801581
2016-02-11,88077.3403599800305,310.3797039800305,0.005949901808951536577454389,-0.1200986020138537604734652829
2016-02-12,89100.1532559800305,310.3797039800305,0.011612667819210610632135302,-0.1098805993653816120402410294
2016-02-16,91803.9389159800305,310.3797039800305,0.030345465874027923611193159,-0.0828695114696136104573364625
2016-02-17,93732.9591579800305,310.3797039800305,0.021012390805643540356283086,-0.0635984072248423510412661255
2016-02-18,92184.8233499800305,310.3797039800305,-0.0165164507971068170302968429,-0.0790644380582456966715167278
2016-02-19,92745.1169139800305,310.3797039800305,0.006077937166217082883483562,-0.0734670495786288937167872315
2016-02-22,94136.8577529800305,310.3797039800305,0.015006082102315130237591305,-0.0595634200541055248516883132
2016-02-23,92422.0615959800305,310.3797039800305,-0.0182159910361541230764581592,-0.0766944043644713789549069345
2016-02-24,94020.3051009800305,310.3797039800305,0.017292878749953321157488771,-0.0607277926499927521555078493
2016-02-25,95508.2960429800305,310.3797039800305,0.015826272212176535157093045,-0.0458626150151396157242703016
2016-02-26,95070.6904199800305,310.3797039800305,-0.0045818598083152014950815214,-0.0502343387510127157377351038
2016-02-29,94557.3488999800305,310.3797039800305,-0.0053995770697812907168986877,-0.0553626716371584124716731913
2016-03-01,96778.5295149800305,310.3797039800305,0.023490301291647878355139074,-0.0331728561825779537332253591
2016-03-02,96769.3125854044535,403.5654214044535,-0.0000952373385064746387207111,-0.0332649342265509415953046254
2016-03-03,96704.8059544044535,403.5654214044535,-0.0006666021414905599169578585,-0.0339093618916495400321777024
2016-03-04,96267.1191134044535,403.5654214044535,-0.0045260091955136734645170716,-0.0382818970034276067453891704
2016-03-07,94556.1187784044535,403.5654214044535,-0.0177734656522172419111169476,-0.0553749606741527099292821733
2016-03-08,94770.2246714044535,403.5654214044535,0.002264326156425313861362181,-0.0532360214895929031804982494
2016-03-09,95521.7693724044535,403.5654214044535,0.007930177475106986411341435,-0.0457280151129669978877719245
2016-03-10,95914.5243484044535,403.5654214044535,0.004111680285870668393647630,-0.0418043538053483118846581847
2016-03-11,97508.4206264044535,403.5654214044535,0.016617882315823782782137360,-0.0258811713213508674738872149
2016-03-14,97894.7302344044535,403.5654214044535,0.003961807662541409616458106,-0.0220218998816659327034160812
2016-03-15,98568.9726634044535,403.5654214044535,0.006887423126715374218397880,-0.0152861508974897549927415523
2016-03-16,99314.2695044044535,403.5654214044535,0.007561170831566404047153390,-0.0078405612642163730898943520
2016-03-17,99450.9147644044535,403.5654214044535,0.001375887480035685784034797,-0.0064754615142605753821809358
2016-03-18,98941.6520784044535,403.5654214044535,-0.0051207441098598691329194096,-0.0115630464427126704047435718
2016-03-21,98792.6586374044535,403.5654214044535,-0.0015058717726072831958339415,-0.0130515057500765255313109633
2016-03-22,99119.2209504044535,403.5654214044535,0.003305532187351807687919090,-0.0097891157350750029963105459
2016-03-23,99251.0605924044535,403.5654214044535,0.001330111765769099617211464,-0.0084720245873216020689065698
2016-03-24,99293.8798094044535,403.5654214044535,0.000431423268874135290599761,-0.0080442563469889111109129787
2016-03-28,99775.0050514044535,403.5654214044535,0.004845467242528184789812901,-0.0032377672850805605290730917
2016-03-29,101058.8664464044535,403.5654214044535,0.012867565321981691073310191,0
2016-03-30,101373.1705574044535,403.5654214044535,0.003110109207158859263797113,0
2016-03-31,101027.2930854044535,403.5654214044535,-0.0034119231952416878743392672,-0.0034119231952416878743392672
2016-04-01,101829.1886274044535,403.5654214044535,0.007937414905515774017538718,0
2016-04-04,101319.0940412160310,59.6708762160310,-0.0050093160228829018871716766,-0.0050093160228829018871716766
2016-04-05,100048.1753322160310,59.6708762160310,-0.0125437235797133904502057818,-0.0174902041270818199792066120
2016-04-06,100739.8910612160310,59.6708762160310,0.006913826531099802578263177,-0.0106973018333101869509896716
2016-04-07,99779.6637882160310,59.6708762160310,-0.0095317481772588398780055198,-0.0201270860233177848083480442
2016-04-08,99737.8651902160310,59.6708762160310,-0.0004189089881954123253992775,-0.0205375635942718470554275270
2016-04-11,99263.2138252160310,59.6708762160310,-0.0047589886157555515544351678,-0.0251988141786869032224129307
2016-04-12,100216.7526272160310,59.6708762160310,0.009606164915020821617924712,-0.0158347132283295129550743467
2016-04-13,100041.4713292160310,59.6708762160310,-0.0017490219290182683983731379,-0.0175560398966717173764017905
2016-04-14,99581.9030902160310,59.6708762160310,-0.0045937772894968215076917295,-0.0220691686487977082239106182
2016-04-15,100348.6935692160310,59.6708762160310,0.007700098664566870751349034,-0.0145390047602715457570763731
2016-04-18,100836.2471382160310,59.6708762160310,0.004858594084871741765179044,-0.0097510497979279814200198610
2016-04-19,98692.3888662160310,59.6708762160310,-0.0212607899722945658033548705,-0.0308045247484594150438044909
2016-04-20,98059.6485252160310,59.6708762160310,-0.0064112374649044192684038829,-0.0370182670902079359284594782
2016-04-21,96418.3365382160310,59.6708762160310,-0.0167378938399716653079433122,-0.0531365531054839840025051871
2016-04-22,95539.7749212160310,59.6708762160310,-0.0091119765030563084179317751,-0.0617643505851897186425235894
2016-04-25,96022.4150202160310,59.6708762160310,0.005051719029043081537305695,-0.0570246477013143281956333845
2016-04-26,95669.9808972160310,59.6708762160310,-0.0036703317962352900479228906,-0.0604856801199223686216990344
2016-04-27,95218.3221792160310,59.6708762160310,-0.0047210077159442930246257603,-0.0649211344733163698130336919
2016-04-28,94346.8580842160310,59.6708762160310,-0.0091522731660800106154710085,-0.0734792316824447750941100536
2016-04-29,95213.1726822160310,59.6708762160310,0.009182230501271266409908356,-0.0649717044235380310917002409
2016-05-02,96913.0455502160310,59.6708762160310,0.017853337097310099335499959,-0.0482783290670881499690481125
2016-05-03,96305.0238382852795,104.2661542852795,-0.0062738892218148451886880374,-0.0542493254005217604636302929
2016-05-04,96589.0462792852795,104.2661542852795,0.002949196518313816012949562,-0.0514601208038000364890256945
2016-05-05,96498.9535252852795,104.2661542852795,-0.0009327429710766438113613744,-0.0523448647089061808464708667
2016-05-06,97692.3155492852795,104.2661542852795,0.012366579951432401486809236,-0.0406256117119433799841845371
2016-05-09,98645.0786312852795,104.2661542852795,0.009752692180986700432774632,-0.0312691286166475514746423389
2016-05-10,99599.0542052852795,104.2661542852795,0.009670787303700792187504723,-0.0219007384049704215434092530
2016-05-11,98935.0922762852795,104.2661542852795,-0.0066663477308880558526234062,-0.0284210881980877299267423016
2016-05-12,99726.1568842852795,104.2661542852795,0.007995793906886747986360571,-0.0206525434550423426749131808
2016-05-13,99094.2927932852795,104.2661542852795,-0.0063359915867726407581688686,-0.0268576807002383787837868514
2016-05-16,99568.7544462852795,104.2661542852795,0.004787981624630454584247554,-0.0221982931572808575574953423
2016-05-17,97212.0349212852795,104.2661542852795,-0.0236692679154823425105689321,-0.0453421437247571010371831366
2016-05-18,95723.9956682852795,104.2661542852795,-0.0153071505416474212944642130,-0.0599552352465286514480283754
2016-05-19,95073.5436762852795,104.2661542852795,-0.0067950777384390358378068220,-0.0663429125006411250076641735
2016-05-20,94922.9249602852795,104.2661542852795,-0.0015842337434359213901085669,-0.0678220435634557139237609872
2016-05-23,94845.4394792852795,104.2661542852795,-0.0008162989186481462028120537,-0.0685829794212825037629535498
2016-05-24,95948.7909982852795,104.2661542852795,0.011633153107387704341369442,-0.0577476626140633989610245322
2016-05-25,95713.3906442852795,104.2661542852795,-0.0024533957286049272674050818,-0.0600593804738740646369533208
2016-05-26,96126.1754782852795,104.2661542852795,0.004312717700432295533283078,-0.0560056819266884435717115803
2016-05-27,96364.3396522852795,104.2661542852795,0.002477620406876593510582573,-0.0536668223402544529622593464
2016-05-31,95911.1157692852795,104.2661542852795,-0.0047032323848778825668744409,-0.0581176471883081629514094273
2016-06-01,96320.1161812852795,104.2661542852795,0.004264369241453230068250681,-0.0541011130539103850132796782
2016-06-02,96495.0229556975325,406.0104456975325,0.001815890401160426354597258,-0.0523834643446366495666891424
2016-06-03,96413.9486686975325,406.0104456975325,-0.0008401913851787210987623711,-0.0531796435943471902512256644
2016-06-06,95980.1550836975325,406.0104456975325,-0.0044992824273863460376722669,-0.0574396557858148211146762666
2016-06-07,96535.7900086975325,406.0104456975325,0.005789060504387286312358828,-0.0519831169241227960591626850
2016-06-08,96768.5848666975325,406.0104456975325,0.002411487573458776361145396,-0.0496969859911561964298634174
2016-06-09,97309.7471116975325,406.0104456975325,0.005592333976418813173104832,-0.0443825741580213358419729434
2016-06-10,96326.7885836975325,406.0104456975325,-0.0101013367846049954914397015,-0.0540355876136884513277512149
2016-06-13,95508.1241056975325,406.0104456975325,-0.0084988245745228945732169962,-0.0620751732083013455565201269
2016-06-14,95641.2048426975325,406.0104456975325,0.001393397035551880084560676,-0.0607682715350792820560837327
2016-06-15,95243.8322856975325,406.0104456975325,-0.0041548259210406682915868458,-0.0646706158663691651440078744
2016-06-16,96155.1086956975325,406.0104456975325,0.009567825948734357255356154,-0.0557215471142416866234334751
2016-06-17,95519.4267916975325,406.0104456975325,-0.0066110049962269309372493486,-0.0619641766840988714447522200
2016-06-20,96110.0031336975325,406.0104456975325,0.006182787751520849729035434,-0.0561645002852135420391941407
2016-06-21,96709.4078296975325,406.0104456975325,0.006236652548706870222218757,-0.0502781262103572965934556435
2016-06-22,96512.2909766975325,406.0104456975325,-0.0020382386514776005215594732,-0.0522138860416690778572773651
2016-06-23,97695.2892476975325,406.0104456975325,0.012257488233137370256647581,-0.0405964089022938419050714342
2016-06-24,95770.1856146975325,406.0104456975325,-0.0197051838202666516525789375,-0.0595016330226980838837343531
2016-06-27,94849.9465716975325,406.0104456975325,-0.0096088259315096698380502445,-0.0685387181198520802741121541
2016-06-28,96253.1740186975325,406.0104456975325,0.014794182787855274106631213,-0.0547585096559071862073679581
2016-06-29,97404.5191346975325,406.0104456975325,0.011961632722639847527681300,-0.0434518781142104281358425028
2016-06-30,99387.5558116975325,406.0104456975325,0.020358774876325022039645069,-0.0239777302423661304371577174
2016-07-01,99125.7073316975325,406.0104456975325,-0.0026346203793974521152962690,-0.0265491784050153501364200468
2016-07-05,99249.6498429918100,639.1633209918100,0.001250356891573416009236916,-0.0253320174616262571831165038
2016-07-06,99857.9702759918100,639.1633209918100,0.006129194752448333815176285,-0.0193580875776726525848870621
2016-07-07,98913.7146019918100,639.1633209918100,-0.0094559870523126498375209018,-0.0286310248044932954723349027
2016-07-08,100551.4701339918100,639.1633209918100,0.016557416113528717614361157,-0.0125476644824093355503592002
2016-07-11,100595.9203069918100,639.1633209918100,0.000442063879730122897450813,-0.0121111474719218583881957287
2016-07-12,100541.1215259918100,639.1633209918100,-0.0005447415842786545921547144,-0.0126492916105392258448285198
2016-07-13,100638.1323559918100,639.1633209918100,0.000964887088263888503873430,-0.0116966096604260313673284443
2016-07-14,100474.4244579918100,639.1633209918100,-0.0016266984905970697072167553,-0.0133042812937433829452578946
2016-07-15,100308.6481399918100,639.1633209918100,-0.0016499354825297934723463208,-0.0149322655704970718240964362
2016-07-18,100367.6285249918100,639.1633209918100,0.000587989032786947253441258,-0.0143530565461002389770542215
2016-07-19,100492.0707929918100,639.1633209918100,0.001239864584117512947792785,-0.0131309878084680717488675916
2016-07-20,100782.4011849918100,639.1633209918100,0.002889087563914020513691580,-0.0102798368181334029595702307
2016-07-21,99890.3217399918100,639.1633209918100,-0.0088515398969561919166309658,-0.0190403843293596878667845317
2016-07-22,101304.8315249918100,639.1633209918100,0.014160628981473095168662716,-0.0051493791660393096571370201
2016-07-25,101422.4876569918100,639.1633209918100,0.001161406916421102176277920,-0.0039939527741969202621960645
2016-07-26,100887.7774579918100,639.1633209918100,-0.0052721069198023997601783965,-0.0092450031479411124476434664
2016-07-27,99800.8889739918100,639.1633209918100,-0.0107732424222801856705705136,-0.0199186469101137850662287227
2016-07-28,101255.5616509918100,639.1633209918100,0.014575748692770550785312425,-0.0056332274090050834541854997
2016-07-29,100830.7793299918100,639.1633209918100,-0.0041951505090075139371236825,-0.0098047456811803546365562138
2016-08-01,101176.3140729918100,639.1633209918100,0.003426877638911809312580691,-0.0064114677059985994171440320
2016-08-02,100409.5282013087430,609.1996443087430,-0.0075787092928675311422175235,-0.0139415863489817589019175845
2016-08-03,99281.8974323087430,609.1996443087430,-0.0112303163773386040275545558,-0.0250153343008193127679134049
2016-08-04,99265.5695443087430,609.1996443087430,-0.0001644598705532647113619859,-0.0251756801527316180924925240
2016-08-05,98275.3464423087430,609.1996443087430,-0.0099754940866782454334818872,-0.0349000343909181864028491506
2016-08-08,98094.2729453087430,609.1996443087430,-0.0018425119173331719420437839,-0.0366782425789707540376382405
2016-08-09,98605.0816983087430,609.1996443087430,0.005207324930017016855102924,-0.0316619131759244232321158044
2016-08-10,98949.6911093087430,609.1996443087430,0.003494844333219701393366100,-0.0282777223005464955077601447
2016-08-11,98900.1241043087430,609.1996443087430,-0.0005009313767866523289516049,-0.0287644884789687444590598978
2016-08-12,99294.0756903087430,609.1996443087430,0.003983327519230452264263725,-0.0248957393382731556888411908
2016-08-15,98753.9468453087430,609.1996443087430,-0.0054396885337310956969846814,-0.0302000028041870887249000953
2016-08-16,97594.1987423087430,609.1996443087430,-0.0117438152099041219769756390,-0.0415891547618202512341868287
2016-08-17,97949.7065513087430,609.1996443087430,0.003642714562765105481025009,-0.0380979376187591201142185568
2016-08-18,98486.1878163087430,609.1996443087430,0.005477109466570748713747849,-0.0328294947269768988253144775
2016-08-19,98366.6570303087430,609.1996443087430,-0.0012136807064046639164886823,-0.0340033309090304172300785985
2016-08-22,98569.1908083087430,609.1996443087430,0.002058967785573878703042253,-0.0320143748864004407091393768
2016-08-23,98508.8871843087430,609.1996443087430,-0.0006117897844700252516510785,-0.0326065786033587724460190737
2016-08-24,97230.0483053087430,609.1996443087430,-0.0129819645267874200669551853,-0.0451652456833774832303220968
2016-08-25,97289.8941363087430,609.1996443087430,0.000615507572433576878963622,-0.0445775376616728481130820648
2016-08-26,96125.7995403087430,609.1996443087430,-0.0119652159798738854629636802,-0.0560093737755738556557954036
2016-08-29,97104.7572553087430,609.1996443087430,0.010184130791957579392914131,-0.0463956497717223593120975629
2016-08-30,95394.5036903087430,609.1996443087430,-0.0176124590940831581253090429,-0.0631909673820576487708396061
2016-08-31,95217.5697903087430,609.1996443087430,-0.0018547598986876950946543518,-0.0649285232084858211755345314
2016-09-01,95448.6055103087430,609.1996443087430,0.002426397990505265410693879,-0.0626596676562201002492291515
2016-09-02,96037.3580903188085,517.6533283188085,0.006168268010437076635187539,-0.0568779012693315048126290756
2016-09-06,96963.2436633188085,517.6533283188085,0.009640889664303825732483327,-0.0477853651755024706350986598
2016-09-07,96753.7734493188085,517.6533283188085,-0.0021603053495955042418510504,-0.0498424395450769621782135779
2016-09-08,95954.2642313188085,517.6533283188085,-0.0082633388807186508363221368,-0.0576939134571929097295127879
2016-09-09,92416.3109283188085,517.6533283188085,-0.0368712462269627460731589479,-0.0924379131952784165286273941
2016-09-12,93879.7029503188085,517.6533283188085,0.015834780757858382292110338,-0.0780668665265812123576284556
2016-09-13,92096.8694703188085,517.6533283188085,-0.0189906169701397167649397128,-0.0955749455364556037450461414
2016-09-14,91958.2965773188085,517.6533283188085,-0.0015046428157328365168032724,-0.0969357821970229552069273445
2016-09-15,92799.0831593188085,517.6533283188085,0.009143129149777846832749439,-0.0886789494231072254081145277
2016-09-16,92505.7936713188085,517.6533283188085,-0.0031604782936968931466499289,-0.0915591598220445435441455735
2016-09-19,93248.5779173188085,517.6533283188085,0.008029597028691819224375144,-0.0842647459510093325824286443
2016-09-20,93230.0793113188085,517.6533283188085,-0.0001983794971801312959005567,-0.0844464090502576911424023066
2016-09-21,95501.2348783188085,517.6533283188085,0.024360759786721164196838802,-0.0621428279492610506876411974
2016-09-22,96204.4700333188085,517.6533283188085,0.007363623683987065754962914,-0.0552368006649510969852565297
2016-09-23,95349.3382033188085,517.6533283188085,-0.0088886912396465507140218014,-0.0636345090384209941162318380
2016-09-26,95174.6722033188085,517.6533283188085,-0.0018318533016721077744371543,-0.0653497932546107868085222574
2016-09-27,95496.8653393188085,517.6533283188085,0.003385282329228394192786692,-0.0621857384257059554233704062
2016-09-28,96122.6228343188085,517.6533283188085,0.006552649584638854379380140,-0.0560405701941327636190297868
2016-09-29,94951.7296493188085,517.6533283188085,-0.0121812446484965680484594150,-0.0675391709468533556630775927
2016-09-30,95528.3375283188085,517.6533283188085,0.006072642184924502133478640,-0.0618766699805555425468942579
2016-10-03,94455.8024573188085,517.6533283188085,-0.0112274022426283022662101554,-0.0724093579598777841663335654
2016-10-04,91987.8193792175965,360.2648392175965,-0.0261284432919449823290675467,-0.0966458574485619547947891168
2016-10-05,92033.6723242175965,360.2648392175965,0.000498467572222495299389533,-0.0961955647022672055368854920
2016-10-06,91997.4786072175965,360.2648392175965,-0.0003932660306381802603876746,-0.0965510002850099269308226493
2016-10-07,90475.6420492175965,360.2648392175965,-0.0165421550790263223518297858,-0.1114959937442865004229092886
2016-10-10,91071.9006892175965,360.2648392175965,0.006590267020991604535213778,-0.1056405150938405534579188272
2016-10-11,89598.8599722175965,360.2648392175965,-0.0161744808865551631044620934,-0.1201063154881645503178276801
2016-10-12,90264.5203472175965,360.2648392175965,0.007429339784082129121062172,-0.1135692863320581616977052741
2016-10-13,90034.4337762175965,360.2648392175965,-0.0025490255763275921255716661,-0.1158288208928400659364807698
2016-10-14,90090.4689692175965,360.2648392175965,0.000622375136375895958837685,-0.1152785347346636105407971035
2016-10-17,89929.1637172175965,360.2648392175965,-0.0017904807672287209586601671,-0.1168626115025756082395917433
2016-10-18,91039.3818552175965,360.2648392175965,0.012345473838621281572590813,-0.1059598619769723362951911368
2016-10-19,91381.8897702175965,360.2648392175965,0.003762195085470809181353534,-0.1025963085634884576965020495
2016-10-20,92165.9427012175965,360.2648392175965,0.008579959694109234996622906,-0.0948966210616183478143688101
2016-10-21,91854.5977472175965,360.2648392175965,-0.0033780911351312728238083018,-0.0979541427623874560612554209
2016-10-24,92361.6806742175965,360.2648392175965,0.005520495864512783705649137,-0.0929744023379063271298673077
2016-10-25,91559.6548972175965,360.2648392175965,-0.0086835338112668446983768956,-0.1008505897828896350633125432
2016-10-26,90828.6143272175965,360.2648392175965,-0.0079843089275581746333681202,-0.1080296764460947767506118617
2016-10-27,89800.6173422175965,360.2648392175965,-0.0113179859960932116077178158,-0.1181249840770086070063547301
2016-10-28,90388.7915272175965,360.2648392175965,0.006549778859075661153203602,-0.1123488977413691859277998128
2016-10-31,91241.2772272175965,360.2648392175965,0.009431320914864782907039967,-0.1039771753355345829933873756
2016-11-01,90085.9510082175965,360.2648392175965,-0.0126623196661626969484417631,-0.1153229027696140934738341749
2016-11-02,89062.4030778199335,93.1301848199335,-0.0113619040365605449084488678,-0.1253745190516886807695051540
2016-11-03,88994.2427608199335,93.1301848199335,-0.0007653096553036375351040439,-0.1260438783770330111032323730
2016-11-04,88954.4333928199335,93.1301848199335,-0.0004473252062719525866774532,-0.1264348209794106404937897801
2016-11-07,91072.4299568199335,93.1301848199335,0.023809904500734605293702245,-0.1056353174917632787053282736
2016-11-08,91489.2250178199335,93.1301848199335,0.004576522897188694350632573,-0.1015422370438274363962324017
2016-11-09,92005.3817158199335,93.1301848199335,0.005641721174263580261490696,-0.0964733888583761090780528308
2016-11-10,91206.0551478199335,93.1301848199335,-0.0086878240499985796077548559,-0.1043230690804660237114673532
2016-11-11,90447.3048288199335,93.1301848199335,-0.0083190783525312479653630603,-0.1117742756473403448147113992
2016-11-14,89717.5542228199335,93.1301848199335,-0.0080682404785982505688194951,-0.1189406943906947253364689539
2016-11-15,91487.1473108199335,93.1301848199335,0.019724045125049770938755317,-0.1015626408890117713303656654
2016-11-16,91847.8635858199335,93.1301848199335,0.003942808204244216033467066,-0.0980202746985094599876588920
2016-11-17,91933.3227868199335,93.1301848199335,0.000930442991960824916786235,-0.0971810339842119381583459284
2016-11-18,91437.6537298199335,93.1301848199335,-0.0053916147265707428627672936,-0.1020486860168100321022908480
2016-11-21,91134.7400818199335,93.1301848199335,-0.0033127889402657852112158780,-0.1050234091986706733535099313
2016-11-22,91242.3223128199335,93.1301848199335,0.001180474437118201687485352,-0.1039669122114105069944927224
2016-11-23,91424.8714168199335,93.1301848199335,0.002000706463543739462496661,-0.1021742130211228210686493198
2016-11-25,91556.9288738199335,93.1301848199335,0.001444436890678575978328798,-0.1008773603330080062088537311
2016-11-28,90988.5391148199335,93.1301848199335,-0.0062080474519119338342748845,-0.1064591563451490077010211399
2016-11-29,91764.8089978199335,93.1301848199335,0.008531512765804628114491557,-0.0988359012307398091217982869
2016-11-30,91589.3348098199335,93.1301848199335,-0.0019122165666379664047213616,-0.1005591221496657610905156973
2016-12-01,89976.4269928199335,93.1301848199335,-0.0176102143371726821001894391,-0.1163984687922249001845849095
2016-12-02,90674.9378049409675,205.9333149409675,0.007763264617929035526314326,-0.1095388362886516612632964943
2016-12-05,92041.2846829409675,205.9333149409675,0.015068627683420880166808531,-0.0961208085461396652218331919
2016-12-06,92203.2738089409675,205.9333149409675,0.001759961592865763661069898,-0.0945300158845903106345333627
2016-12-07,93198.5865509409675,205.9333149409675,0.010794765748366348682444975,-0.0847556795138874643051095507
2016-12-08,93178.0336899409675,205.9333149409675,-0.0002205276041259071078869775,-0.0849575161510741105832830977
2016-12-09,92296.5147929409675,205.9333149409675,-0.0094605870299145876095364450,-0.0936143552055960873662088582
2016-12-12,91458.7532909409675,205.9333149409675,-0.0090768487182798127725178258,-0.1018414805838153941744133487
2016-12-13,91900.5190729409675,205.9333149409675,0.004830218717225364893984979,-0.0975031784922959179791173982
2016-12-14,90623.3218119409675,205.9333149409675,-0.0138976066064033341116881953,-0.1100457242811393968631082117
2016-12-15,90464.8490459409675,205.9333149409675,-0.0017486973864063197619576465,-0.1116019849971100976801753549
2016-12-16,90024.5170439409675,205.9333149409675,-0.0048674375367208672433336685,-0.1159262068428834721672604792
2016-12-19,89434.3143599409675,205.9333149409675,-0.0065560216636532697548170766,-0.1217222137830896479564432143
2016-12-20,89984.2147079409675,205.9333149409675,0.006148650570371107949474478,-0.1163219905719227681083997570
2016-12-21,89831.5807749409675,205.9333149409675,-0.0016962300943048658060756864,-0.1178209118051900916463461546
2016-12-22,88870.2635989409675,205.9333149409675,-0.0107013276144881657975299308,-0.1272613992426132019882447663
2016-12-23,89339.1965109409675,205.9333149409675,0.005276600889992050072326223,-0.1226563059651263583445358229
2016-12-27,89618.3949119409675,205.9333149409675,0.003125150123393015226718947,-0.1199144752114551891862052370
2016-12-28,88519.8989779409675,205.9333149409675,-0.0122574827978048711546339351,-0.1307021083921478497199321147
2016-12-29,89285.0305029409675,205.9333149409675,0.008643610463119368043148018,-0.1231882360406786125925803444
2016-12-30,88118.7924279409675,205.9333149409675,-0.0130619664733337934080207958,-0.1346411219049399322776126118
2017-01-03,89263.1125099409675,205.9333149409675,0.012986107168181705604743602,-0.1234034787750599939885078436
2017-01-04,90590.8850490815245,111.8015640815245,0.014874817848108163595612206,-0.1103642651955537297327220322
2017-01-05,90605.7807410815245,111.8015640815245,0.000164428154023769781361475,-0.1102179840339262546346021413
2017-01-06,90268.2209870815245,111.8015640815245,-0.0037255873879021406682389218,-0.1135329446905916001427179260
2017-01-09,89852.6454890815245,111.8015640815245,-0.0046037851799413869699983995,-0.1176140485823313363284401146
2017-01-10,91007.9093750815245,111.8015640815245,0.012857316328436676840280521,-0.1062689332811858127621488380
2017-01-11,91595.6781550815245,111.8015640815245,0.006458436239619129029297990,-0.1004968281714155615443934924
2017-01-12,90634.3802060815245,111.8015640815245,-0.0104950142666384017363839718,-0.1099371267926430489193489402
2017-01-13,90884.6318610815245,111.8015640815245,0.002761111781544551579040844,-0.1074795637071148212427972176
2017-01-17,90327.6673120815245,111.8015640815245,-0.0061282588441501130366982814,-0.1129491599644114123667997664
2017-01-18,91302.3003280815245,111.8015640815245,0.010789972164703966477143941,-0.1033779060917501406819740341
2017-01-19,90841.0612050815245,111.8015640815245,-0.0050517798712913514598024325,-0.1079074435379109411980667017
2017-01-20,91440.9589590815245,111.8015640815245,0.006603817106954300326662109,-0.1020162274525600024130104476
2017-01-23,91536.4169370815245,111.8015640815245,0.001043930193718944177470830,-0.1010787950789280850699372701
2017-01-24,94012.2299880815245,111.8015640815245,0.027047301323819294409173147,-0.0767654023830571414371922176
2017-01-25,93913.2738680815245,111.8015640815245,-0.0010525877326018672368756268,-0.0777371877948223565817161307
2017-01-26,93146.8899460815245,111.8015640815245,-0.0081605495201511902560292121,-0.0852633591444166062919314603
2017-01-27,93485.1427330815245,111.8015640815245,0.003631391098466079457656196,-0.0819415926493728776949551297
2017-01-30,92777.1869130815245,111.8015640815245,-0.0075729233469895120645726356,-0.0888939785962984497072555861
2017-01-31,93288.4779870815245,111.8015640815245,0.005510956852776792728040318,-0.0838729126240375214586066216
2017-02-01,92831.4284670815245,111.8015640815245,-0.0048993137187133834924610168,-0.0883613066313035089943081540
2017-02-02,93166.4112489423415,107.8141929423415,0.003608506164263146308902220,-0.0850716527867017674246565291
2017-02-03,94003.7546599423415,107.8141929423415,0.008987610446458039592926631,-0.0768486332155269398317344198
2017-02-06,93469.9637589423415,107.8141929423415,-0.0056783997929761777880720165,-0.0820906557455615672247068283
2017-02-07,93024.8264899423415,107.8141929423415,-0.0047623562810830060238456632,-0.0864620670766364753620793829
2017-02-08,92476.3451389423415,107.8141929423415,-0.0058960749693986336919704914,-0.0918483552165420870339409730
2017-02-09,93503.2945359423415,107.8141929423415,0.011104995504061562146716696,-0.0817633352842156740920824962
2017-02-10,93955.8087989423415,107.8141929423415,0.004839554212991448015437548,-0.0773194791649671843558167954
2017-02-13,94362.1573439423415,107.8141929423415,0.004324890075392275871183861,-0.0733289873376499749140030216
2017-02-14,94608.1936609423415,107.8141929423415,0.002607362145221179700609900,-0.0709128204181603869747094609
2017-02-15,94385.0118479423415,107.8141929423415,-0.0023590114594074261876444837,-0.0731045477215824718977026416
2017-02-16,93799.0683739423415,107.8141929423415,-0.0062080139900175683747045963,-0.0788587276566105493338405353
2017-02-17,93415.5784179423415,107.8141929423415,-0.0040884196682121273980473235,-0.0826247397516612065150639815
2017-02-21,94177.4699079423415,107.8141929423415,0.008155936117970484127722205,-0.0751426857328692076307919474
2017-02-22,93468.5246429423415,107.8141929423415,-0.0075277586634360408737781073,-0.0821047883927857905406364209
2017-02-23,92718.4657629423415,107.8141929423415,-0.0080247215077512806762732361,-0.0894706418392321153789652117
2017-02-24,92577.9325149423415,107.8141929423415,-0.0015156985918997835791147554,-0.0908507299052798049779383215
2017-02-27,93559.4492189423415,107.8141929423415,0.010602059014890837118190639,-0.0812118756903906521847205309
2017-02-28,93115.6823609423415,107.8141929423415,-0.0047431538097399739795483895,-0.0855698290825536205628197615
2017-03-01,95807.7403689423415,107.8141929423415,0.028910898140281383863771108,-0.0591328315547592320433580271
2017-03-02,94024.9767714787525,135.9135294787525,-0.0186077199044504467851542672,-0.0766402242924816700066204365
2017-03-03,94949.4387964787525,135.9135294787525,0.009832089905715599917522833,-0.0675616679624039586223498688
2017-03-06,94989.2541694787525,135.9135294787525,0.000419332367886270993442550,-0.0671706663887227084944702742
2017-03-07,94214.3657404787525,135.9135294787525,-0.0081576430489437556033939993,-0.0747803551179075803365265615
2017-03-08,92326.4525714787525,135.9135294787525,-0.0200384851520458426124649000,-0.0933203552342585165642700690
2017-03-09,92169.4808384787525,135.9135294787525,-0.0017001815690738593299586373,-0.0948618752553436643080757488
2017-03-10,92086.1317004787525,135.9135294787525,-0.0009043029996671474001706675,-0.0956803943766633536883850574
2017-03-13,92618.7045884787525,135.9135294787525,0.005783421218433385150362679,-0.0904503331812560377238905137
2017-03-14,91218.7177514787525,135.9135294787525,-0.0151155950973444138650400816,-0.1041987176658126890639645893
2017-03-15,92836.5030664787525,135.9135294787525,0.017735234115081320338053515,-0.0883114722030258165731435127
2017-03-16,92358.7630224787525,135.9135294787525,-0.0051460366151221562654870403,-0.0930030547486558594731108985
2017-03-17,91854.0831014787525,135.9135294787525,-0.0054643425754540302328557202,-0.0979591967723995273704206563
2017-03-20,91864.9772964787525,135.9135294787525,0.000118603274151289362898671,-0.0978522117797186750087739315
2017-03-21,89464.1617364787525,135.9135294787525,-0.0261341768174804186751060230,-0.1214291015925663855467442912
2017-03-22,90087.5649974787525,135.9135294787525,0.006968189819251490602303438,-0.1153070528027930709961859857
2017-03-23,90105.2027204787525,135.9135294787525,0.000195784212843288865196552,-0.1151338438905180565175007083
2017-03-24,91028.1934424787525,135.9135294787525,0.010243478668632153641512785,-0.1060697362958160489940705159
2017-03-27,90533.0444404787525,135.9135294787525,-0.0054395125650042428726323004,-0.1109322811974725138708896692
2017-03-28,91651.6219044787525,135.9135294787525,0.012355460604612854134422281,-0.0999474400229748666331447753
2017-03-29,92504.3217904787525,135.9135294787525,0.009303707542553930478610742,-0.0915736142320216440077931117
2017-03-30,93579.1029654787525,135.9135294787525,0.011618713095744513020321119,-0.0810188686871793769791423706
2017-03-31,93632.2350544787525,135.9135294787525,0.000567777284845318299054686,-0.0804970920756185047646396959
2017-04-03,93477.0342404787525,135.9135294787525,-0.0016575575058066096028429141,-0.0820212210222595671599239791
2017-04-04,93763.3983076725305,80.8032006725305,0.003063469755117375835522263,-0.0792090207970216809995035785
2017-04-05,93000.5532656725305,80.8032006725305,-0.0081358510438883851197009092,-0.0867004390463732404691289094
2017-04-06,93374.3986156725305,80.8032006725305,0.004019818558842812809095520,-0.0830291405214688588752482793
2017-04-07,93276.3893586725305,80.8032006725305,-0.0010496373572739618855674690,-0.0839916273911091377661338187
2017-04-10,92761.9690266725305,80.8032006725305,-0.0055150111999073739571262865,-0.0890434238252560978601372960
2017-04-11,92295.3870556725305,80.8032006725305,-0.0050298842930537649301304990,-0.0936254299994114777534780743
2017-04-12,90924.8183196725305,80.8032006725305,-0.0148498075550977822539461077,-0.1070849179367547208939548528
2017-04-13,89908.5317356725305,80.8032006725305,-0.0111772187482074497944937562,-0.1170652251325492195995758290
2017-04-17,91303.4768646725305,80.8032006725305,0.015515158595861431822012459,-0.1033663520706795125264745023
2017-04-18,90815.1776036725305,80.8032006725305,-0.0053480905412150246983421535,-0.1081616300021054340417585998
2017-04-19,90796.3351616725305,80.8032006725305,-0.0002074811996980339436778504,-0.1083466696970493362883120565
2017-04-20,91274.2737276725305,80.8032006725305,0.005263853052537633339672701,-0.1036531375925288027947268007
2017-04-21,90440.8604156725305,80.8032006725305,-0.0091308676362255817856492534,-0.1118375621493175261196735864
2017-04-24,91415.1038856725305,80.8032006725305,0.010772160564619893697960634,-0.1022701337613257371560649825
2017-04-25,92756.2654686725305,80.8032006725305,0.014671115887778364877109875,-0.0890994348578183768476245835
2017-04-26,92621.4380426725305,80.8032006725305,-0.0014535667786833932951452994,-0.0904234896579929802402432230
2017-04-27,92139.5345406725305,80.8032006725305,-0.0052029369461741407477911012,-0.0951559588890235539928267911
2017-04-28,91625.7402646725305,80.8032006725305,-0.0055762629859303150009806940,-0.1002016072235103002108969753
2017-05-01,92482.9505546725305,80.8032006725305,0.009355561958068112108110427,-0.0917834876101197440133648217
2017-05-02,89864.0194703622565,201.2219003622565,-0.0283179880032272319987771699,-0.1175023519123092498144337083
2017-05-03,89883.9888943622565,201.2219003622565,0.000222218237262200886941177,-0.1173062448405631650884741689
2017-05-04,89902.3226743622565,201.2219003622565,0.000203971588550070895858215,-0.1171262003931200674194025680
2017-05-05,90649.7560193622565,201.2219003622565,0.008313837982888378096440990,-0.1097861306638514066219080135
2017-05-08,89987.4935143622565,201.2219003622565,-0.0073057284882106534417137108,-0.1162897914896607436641884076
2017-05-09,90544.9287083622565,201.2219003622565,0.006194585183229175937513618,-0.1108155733257542304890616386
2017-05-10,91723.2308833622565,201.2219003622565,0.013013453009557432761923240,-0.0992442135723986664861938403
2017-05-11,91683.5774023622565,201.2219003622565,-0.0004323166619634718267705990,-0.0996336253072313290359612649
2017-05-12,91662.5219783622565,201.2219003622565,-0.0002296531679560913415148887,-0.0998403972975006645082814435
2017-05-15,92498.9343293622565,201.2219003622565,0.009124910955400534175933941,-0.0916265210771916360312953716
2017-05-16,93710.1333413622565,201.2219003622565,0.013094194228089878765381684,-0.0797321023125306756074751894
2017-05-17,89672.8014863622565,201.2219003622565,-0.0430831940052099133948969127,-0.1193801826853665839263828360
2017-05-18,90913.4846173622565,201.2219003622565,0.013835668234238084939608326,-0.1071962190525059648722349363
2017-05-19,91801.2127833622565,201.2219003622565,0.009764537898159780671394252,-0.0984784026978238162305578135
2017-05-22,92393.2125823622565,201.2219003622565,0.006448714358458803012685303,-0.0926647474288405577847950600
2017-05-23,92706.2785393622565,201.2219003622565,0.003388408609787467027990571,-0.0895903248470647551509481369
2017-05-24,93151.7198533622565,201.2219003622565,0.004804866736300601291825320,-0.0852159276825161805557696702
2017-05-25,93854.8625553622565,201.2219003622565,0.007548359848931125000947498,-0.0783108083205931790644837872
2017-05-26,93718.8164383622565,201.2219003622565,-0.0014495372247735203741392750,-0.0796468311136038956940573012
2017-05-30,94114.8756973622565,201.2219003622565,0.004226037780369147456399034,-0.0757573838506075191979323627
2017-05-31,93903.2764993622565,201.2219003622565,-0.0022483076817784126231769658,-0.0778353656243231750752920865
2017-06-01,93907.0467513622565,201.2219003622565,0.000040150377500678643969080,-0.0777983403661352163524857399
2017-06-02,94414.1263894687095,75.3978344687095,0.005399803908742312589300870,-0.0728186322397956255427819439
2017-06-05,94181.4126214687095,75.3978344687095,-0.0024648193750162976550967173,-0.0751039668392050885210477085
2017-06-06,94788.5029194687095,75.3978344687095,0.006445967214783667434812773,-0.0691421173323671368297007205
2017-06-07,95729.2858014687095,75.3978344687095,0.009925073748651553208795609,-0.0599032841973772462497623244
2017-06-08,96476.5721574687095,75.3978344687095,0.007806246017021208073354954,-0.0525646579540283037800364660
2017-06-09,93143.7461884687095,75.3978344687095,-0.0345454434633122495140790188,-0.0852942319978213219838765707
2017-06-12,92297.3801244687095,75.3978344687095,-0.0090866654889255568660939808,-0.0936058573324478658902453281
2017-06-13,93239.6329694687095,75.3978344687095,0.010208879642404951532416567,-0.0843525886213740036373119741
2017-06-14,92034.9748394687095,75.3978344687095,-0.0129200222226793294193583784,-0.0961827735245246533904536388
2017-06-15,91091.1462754687095,75.3978344687095,-0.0102551075354371058054831120,-0.1054515163744111658669640093
2017-06-16,90675.1213764687095,75.3978344687095,-0.0045671277177904779182224456,-0.1095370335488850341048641146
2017-06-19,92425.7156724687095,75.3978344687095,0.019306225008862247733829917,-0.0923455551565208536659344357
2017-06-20,92273.1436794687095,75.3978344687095,-0.0016507526275552264956154540,-0.0938438681162584072672053471
2017-06-21,94479.0685824687095,75.3978344687095,0.023906467418762395838946537,-0.0721808760730679782522233118
2017-06-22,94690.1324984687095,75.3978344687095,0.002233975410286426891041431,-0.0701081509650217171317820186
2017-06-23,95192.2749784687095,75.3978344687095,0.005303007470267511189306337,-0.0651769275430483585319824694
2017-06-26,95038.5542634687095,75.3978344687095,-0.0016148444297057685040965954,-0.0666865213743658989139724288
2017-06-27,92673.4770164687095,75.3978344687095,-0.0248854505976959881533870384,-0.0899124478388679069188671602
2017-06-28,93833.0731034687095,75.3978344687095,0.012512707241942933244793390,-0.0785247887341391923704080132
2017-06-29,91632.1384704687095,75.3978344687095,-0.0234558515479190723095388358,-0.1001387744946785877739341492
2017-06-30,90834.2864234687095,75.3978344687095,-0.0087071202344266198377688262,-0.1079739743794519073670407195
2017-07-03,89920.9021304687095,75.3978344687095,-0.0100555013856971342827902317,-0.1169437433161572361205717515
2017-07-05,92101.0520360621020,247.6812380621020,0.024245196099458088769274907,-0.0955338712060040707116080519
2017-07-06,91399.6316970621020,247.6812380621020,-0.0076157690221101856764483236,-0.1024220763312213063417024528
2017-07-07,92933.4368060621020,247.6812380621020,0.016781305137899169048861974,-0.0873595473090935622753935540
2017-07-10,93370.4281990621020,247.6812380621020,0.004702197702124525302238209,-0.0830681314695844954794217523
2017-07-11,94160.7526970621020,247.6812380621020,0.008464398345855917819168592,-0.0753068548783330705755566947
2017-07-12,95743.0029690621020,247.6812380621020,0.016803713082992035120584759,-0.0597685765778990634362157334
2017-07-13,94796.9552660621020,247.6812380621020,-0.0098811158378404002422745278,-0.0690591121871104084523467323
2017-07-14,96306.4882630621020,247.6812380621020,0.015923855283782750102605669,-0.0542349442118217221390295696
2017-07-17,95963.6217320621020,247.6812380621020,-0.0035601602465605096313236349,-0.0576020193660248770633695472
2017-07-18,95886.9829360621020,247.6812380621020,-0.0007986234222587125885428320,-0.0583546404664484822265194231
2017-07-19,95740.0704840621020,247.6812380621020,-0.0015321417725486464035973950,-0.0597973746567164252823864322
2017-07-20,95335.7351690621020,247.6812380621020,-0.0042232610959620079303661124,-0.0637680958266500582047751328
2017-07-21,95323.8432360621020,247.6812380621020,-0.0001247374132995526882919072,-0.0638848789726251565638181480
2017-07-24,95394.8661720621020,247.6812380621020,0.000745070001259991263313039,-0.0631874076782217935152694313
2017-07-25,93362.1928490621020,247.6812380621020,-0.0213079949117356232365949777,-0.0831490056286641023247634553
2017-07-26,94381.8052370621020,247.6812380621020,0.010921041557457835814260832,-0.0731360378171382026750824431
2017-07-27,92845.2338520621020,247.6812380621020,-0.0162803771462152008256831192,-0.0882257326847105360430851941
2017-07-28,91396.9503750621020,247.6812380621020,-0.0155988995547974860104275885,-0.1024484078972108088626354193
2017-07-31,90459.0483830621020,247.6812380621020,-0.0102618521531754414235572737,-0.1116589496352168616500481234
2017-08-01,90704.1934280621020,247.6812380621020,0.002710011318733946523536070,-0.1092515353338322964908745807
2017-08-02,89982.9565001226715,304.2684701226715,-0.0079515279358219166084234858,-0.1163343466344158103917590327
2017-08-03,90101.3510531226715,304.2684701226715,0.001315744198734330269371900,-0.1151716686773792613841308123
2017-08-04,89883.6810311226715,304.2684701226715,-0.0024158352727881336252723124,-0.1173092681705507139364666693
2017-08-07,91003.3802261226715,304.2684701226715,0.012457202265807278031617601,-0.1063134111859978138598950111
2017-08-08,90668.0773011226715,304.2684701226715,-0.0036845106650637438438610140,-0.1096062089537074416344395851
2017-08-09,90353.5912531226715,304.2684701226715,-0.0034685421524440550431623899,-0.1126945773502259714097690370
2017-08-10,88009.5393581226715,304.2684701226715,-0.0259430960351450140438030422,-0.1357140271425339949519610457
2017-08-11,88855.4687921226715,304.2684701226715,0.009611792541690272654037018,-0.1274066896747350817761479475
2017-08-14,90628.6886501226715,304.2684701226715,0.019956226466470477408552958,-0.1099930199607569435072653080
2017-08-15,91182.6771321226715,304.2684701226715,0.006112727550750566250659946,-0.1045526497735107531926267262
2017-08-16,91602.1889271226715,304.2684701226715,0.004600783922938916753969180,-0.1004328900007504678879845149
2017-08-17,88914.5209131226715,304.2684701226715,-0.0293406527232473493282624137,-0.1268267761764936965206886732
2017-08-18,89052.0640411226715,304.2684701226715,0.001546914121422211410080996,-0.1254760521861133573100285231
2017-08-21,88821.0794681226715,304.2684701226715,-0.0025938149271120251723820320,-0.1277444054560699541977297524
2017-08-22,90542.4361941226715,304.2684701226715,0.019380047352585757931527184,-0.1108400507302507464330831600
2017-08-23,90498.5531971226715,304.2684701226715,-0.0004846677297915311832677865,-0.1112709978642848688389686923
2017-08-24,90353.0319091226715,304.2684701226715,-0.0016079957398106418785271337,-0.1127000703135652616173862979
2017-08-25,90931.9799021226715,304.2684701226715,0.006407621092143399093615856,-0.1070145885690491074357619127
2017-08-28,90937.0171931226715,304.2684701226715,0.000055396253390963633375371,-0.1069651205229230445670826031
2017-08-29,89688.3285481226715,304.2684701226715,-0.0137313569714758035041818397,-0.1192277012410016591787816498
2017-08-30,90557.2643141226715,304.2684701226715,0.009688392905368602681139454,-0.1106944331504597843178666587
2017-08-31,91106.7615881226715,304.2684701226715,0.006067953555817656091162753,-0.1052981682738866805023633194
2017-09-01,91585.2487781226715,304.2684701226715,0.005251939391317131498314211,-0.1005992484803607143039241417
2017-09-05,89958.4297719973265,423.4209179973265,-0.0177628933461383974844203724,-0.1165752081050407891616312710
2017-09-06,90105.0027159973265,423.4209179973265,0.001629340845227001724624431,-0.1151358080079201682184672158
2017-09-07,90547.3243339973265,423.4209179973265,0.004908957379360578011810930,-0.1107920474029087126476149926
2017-09-08,89874.4418029973265,423.4209179973265,-0.0074312801173226533822427202,-0.1174000007812086615967732808
2017-09-11,91538.0914889973265,423.4209179973265,0.018510820792040980735229051,-0.1010623503646141055358681774
2017-09-12,92043.0901919973265,423.4209179973265,0.005516814855820974950286655,-0.0961030777846488180074107794
2017-09-13,91572.8352849973265,423.4209179973265,-0.0051090734352689762972558368,-0.1007211535381606569277633997
2017-09-14,91689.4476649973265,423.4209179973265,0.001273438565455283910160135,-0.0995759771739780097179195065
2017-09-15,92066.9110939973265,423.4209179973265,0.004116759764756414798686868,-0.0958691477855877307601882734
2017-09-18,93458.9634359973265,423.4209179973265,0.015120007019446538871178070,-0.0821986829536076359861775122
2017-09-19,94011.7495989973265,423.4209179973265,0.005914747421509330649208715,-0.0767701199801496190731168101
2017-09-20,94058.2265979973265,423.4209179973265,0.000494374364887851167858197,-0.0763136987945693185064937172
2017-09-21,93704.7981719973265,423.4209179973265,-0.0037575493264458926600793049,-0.0797844956335110824932026660
2017-09-22,93636.0510909973265,423.4209179973265,-0.0007336559316184977122596388,-0.0804596171966568646694138207
2017-09-25,91408.2452339973265,423.4209179973265,-0.0237921808004800966622533162,-0.1023374882376566836582290165
2017-09-26,91621.6494319973265,423.4209179973265,0.002334627444752969708085727,-0.1002417807015704314667063520
2017-09-27,93493.8783759973265,423.4209179973265,0.020434351003357459739531482,-0.0818558054302704459179114590
2017-09-28,93576.8701729973265,423.4209179973265,0.000887670919653563919965580,-0.0810407955287021533561613190
2017-09-29,94652.0098589973265,423.4209179973265,0.011489374286748092399700221,-0.0704825292742791412553848880
2017-10-02,94118.4007709973265,423.4209179973265,-0.0056375885604005140420101877,-0.0757227663339348848657163510
2017-10-03,94876.8488178283840,464.0966268283840,0.008058445963998720824113786,-0.0682745281906826798280507694
2017-10-04,95107.9768548283840,464.0966268283840,0.002436084670600574868966553,-0.0660047660515999138380697218
2017-10-05,95791.9604508283840,464.0966268283840,0.007191653304160006808647057,-0.0592877961413052037962337462
2017-10-06,96144.8668478283840,464.0966268283840,0.003684092019195627153664446,-0.0558221258187094564429243353
2017-10-09,96770.7028538283840,464.0966268283840,0.006509302332183069689210413,-0.0496761865803055289669929975
2017-10-10,97152.3069168283840,464.0966268283840,0.003943384224215161943821329,-0.0459286946465703127800663329
2017-10-11,97553.5290738283840,464.0966268283840,0.004129826349295898153713636,-0.0419885458306145861625013842
2017-10-12,97774.5182308283840,464.0966268283840,0.002265311763685716518065622,-0.0398183512137390177114346616
2017-10-13,98433.9181978283840,464.0966268283840,0.006744088121644056965101141,-0.0333428015615389892741134675
2017-10-16,99421.9967398283840,464.0966268283840,0.010037988531699012023106219,-0.0236395076895294215352256920
2017-10-17,98754.8754238283840,464.0966268283840,-0.0067099971623558396748511617,-0.0301908838223690297397301039
2017-10-18,98872.9969918283840,464.0966268283840,0.001196108723676225326152282,-0.0290308866782082354328341663
2017-10-19,98355.3067108283840,464.0966268283840,-0.0052359116922771731068210588,-0.0341147952114898044170873909
2017-10-20,98842.3870948283840,464.0966268283840,0.004952253216311460096423495,-0.0293314870994882515021456661
2017-10-23,98655.3598818283840,464.0966268283840,-0.0018921762059486482064282655,-0.0311681629634621583087757127
2017-10-24,99273.7217988283840,464.0966268283840,0.006267899866167310687540696,-0.0250956220217622130129694606
2017-10-25,96570.7590748283840,464.0966268283840,-0.0272273737200804737703349186,-0.0516397078623182854973030213
2017-10-26,96472.5596738283840,464.0966268283840,-0.0010168647522373688068819808,-0.0526040620158146279148147093
2017-10-27,98856.7558498283840,464.0966268283840,0.024713723612817107456979625,-0.0291903806525678539164889760
2017-10-30,97930.7598618283840,464.0966268283840,-0.0093670481095562629200760851,-0.0382840010622152534081624950
2017-10-31,98761.1415588283840,464.0966268283840,0.008479273500701872650615137,-0.0301293480772210649003686642
2017-11-01,97646.9336078283840,464.0966268283840,-0.0112818456066175303818778865,-0.0410712790306033484746858276
2017-11-02,98497.0263702018655,598.4008062018655,0.008705780416901174538027864,-0.0327230561503838844233795243
2017-11-03,99965.2000322018655,598.4008062018655,0.014905766357675179834175990,-0.0183050520221954125739018689
2017-11-06,101155.0267772018655,598.4008062018655,0.011902409484667866524038376,-0.0066205167623338634384508008
2017-11-07,102157.9011582018655,598.4008062018655,0.009914231778207842751950678,0
2017-11-08,101932.3374802018655,598.4008062018655,-0.0022079905268481561660736731,-0.0022079905268481561660736731
2017-11-09,100159.4150612018655,598.4008062018655,-0.0173931302158586477170660738,-0.0195627168759579515633853907
2017-11-10,101136.3145522018655,598.4008062018655,0.009753446447376623379501598,-0.0100000743399961749828231480
2017-11-13,101780.1975222018655,598.4008062018655,0.006366486388701236822599832,-0.0036972532884665243125794668
2017-11-14,101560.7112562018655,598.4008062018655,-0.0021564731779197252250318014,-0.0058457534388376959773560377
2017-11-15,101140.3120842018655,598.4008062018655,-0.0041393878282270110966458890,-0.0099609434264331661219068225
2017-11-16,102815.1183642018655,598.4008062018655,0.016559235832747692647301684,0
2017-11-17,102523.3303742018655,598.4008062018655,-0.0028379872011273650153695292,-0.0028379872011273650153695292
2017-11-20,103205.3719412018655,598.4008062018655,0.006652549858755109032471699,0
2017-11-21,104589.5409172018655,598.4008062018655,0.013411791944207985090364847,0
2017-11-22,103851.2551702018655,598.4008062018655,-0.0070588869644667689315532636,-0.0070588869644667689315532636
2017-11-24,104183.9851142018655,598.4008062018655,0.003203908739039203288624436,-0.0038775942550609106379667598
2017-11-27,103789.9314052018655,598.4008062018655,-0.0037822867743833737451052684,-0.0076452148559769425503700893
2017-11-28,104003.7530552018655,598.4008062018655,0.002060138658009397583913276,-0.0056008264006411308147096203
2017-11-29,100365.0473672018655,598.4008062018655,-0.0349862921395604965040855232,-0.0403911663915258336155948484
2017-11-30,100431.2007222018655,598.4008062018655,0.000659127422696939311785276,-0.0397586618942322639608741353
2017-12-01,99013.0298642018655,598.4008062018655,-0.0141208195043165650872815558,-0.0533180565102072263058381578
2017-12-04,94768.1613489988765,501.3145269988765,-0.0428718171843130322974133046,-0.0939040317231917830933888507
2017-12-05,94968.3942409988765,501.3145269988765,0.002112870917296901262797081,-0.0919895679035397393691035164
2017-12-06,96407.3557569988765,501.3145269988765,0.015152004279954276070076830,-0.0782313899501710419325409433
2017-12-07,98374.5343879988765,501.3145269988765,0.020404860350681165761626398,-0.0594228301864627982844805376
2017-12-08,97992.4547329988765,501.3145269988765,-0.0038839284717022407097061173,-0.0630759646361347087627043432
2017-12-11,97843.7029519988765,501.3145269988765,-0.0015179921903712446054479214,-0.0644982080047881680768579660
2017-12-12,96785.5008819988765,501.3145269988765,-0.0108152291672683642292120823,-0.0746158742716066054231519502
2017-12-13,97279.5470039988765,501.3145269988765,0.005104546832922239677647493,-0.0698922076633832192706031143
2017-12-14,96757.9384059988765,501.3145269988765,-0.0053619554578986495725084159,-0.0748794042169366053689229235
2017-12-15,98160.8976229988765,501.3145269988765,0.014499680750876955496253751,-0.0614654509220211002985915396
2017-12-18,98735.5807589988765,501.3145269988765,0.005854501638800754403861256,-0.0559707988663729457672100759
2017-12-19,97891.7497709988765,501.3145269988765,-0.0085463718500799141265804965,-0.0640388234565948053809786928
2017-12-20,98230.3683859988765,501.3145269988765,0.003459112905757030002341459,-0.0608012280715259784879578311
2017-12-21,97157.2736359988765,501.3145269988765,-0.0109242667785103410882949558,-0.0710612860141219179567891541
2017-12-22,97673.1550089988765,501.3145269988765,0.005309755550909723815856556,-0.0661288485210804615174527455
2017-12-26,97145.5273439988765,501.3145269988765,-0.0054019721688255930669619645,-0.0711735944906386944511436532
2017-12-27,97512.2108719988765,501.3145269988765,0.003774579623223916942168416,-0.0676676652668907443629473261
2017-12-28,97474.8522999988765,501.3145269988765,-0.0003831168595801749224828276,-0.0680248575030587456243028371
2017-12-29,96824.2704579988765,501.3145269988765,-0.0066743557609884934253826766,-0.0742451911644812775688052063
2018-01-02,99154.9182549988765,501.3145269988765,0.024070904804916707794540523,-0.0519614352883076416581113248
2018-01-03,100851.8777890913295,86.6979980913295,0.017114224528210945352579147,-0.0357364904304288967212946721
2018-01-04,100956.0264960913295,86.6979980913295,0.001032689814837193571013161,-0.0347407053252772339076157784
2018-01-05,102123.8251990913295,86.6979980913295,0.011567399624679296918195320,-0.0235751653223386429166825659
2018-01-08,103017.4551410913295,86.6979980913295,0.008750455050600193150286114,-0.0150310036962020424748602143
2018-01-09,102613.5143910913295,86.6979980913295,-0.0039210903574231002734589453,-0.0188931561299695739402730553
2018-01-10,102142.1172150913295,86.6979980913295,-0.0045939092798572506944673998,-0.0234002719645555655078154607
2018-01-11,102772.7473830913295,86.6979980913295,0.006174046369843853519460898,-0.0173706999588878351761304646
2018-01-12,103171.5129640913295,86.6979980913295,0.003880071236332510908934542,-0.0135580282758207672862452947
2018-01-16,102894.4246600913295,86.6979980913295,-0.0026857055406024734300205386,-0.0162073209447632238817184644
2018-01-17,105550.2952120913295,86.6979980913295,0.025811607973644727105368228,0
2018-01-18,105143.4323370913295,86.6979980913295,-0.0038546824921944108771094768,-0.0038546824921944108771094768
2018-01-19,105641.3347930913295,86.6979980913295,0.004735459409425761296087285,0
2018-01-22,107225.7805270913295,86.6979980913295,0.014998350192216793719664715,0
2018-01-23,108474.9664410913295,86.6979980913295,0.011650051954477352615858413,0
2018-01-24,108176.7022420913295,86.6979980913295,-0.0027496131945058130778735512,-0.0027496131945058130778735512
2018-01-25,107681.0023220913295,86.6979980913295,-0.0045823167995143800355031972,-0.0073193303952868427254742445
2018-01-26,107323.9160850913295,86.6979980913295,-0.0033161488962732459824193743,-0.0106112073021482990231616996
2018-01-29,104272.9165180913295,86.6979980913295,-0.0284279560259525698520370737,-0.0387375083935331302263700399
2018-01-30,103064.1972650913295,86.6979980913295,-0.0115918811265846530629468471,-0.0498803489276798720136569197
2018-01-31,102980.7193840913295,86.6979980913295,-0.0008099600367068946069361071,-0.0506499078751383503204113017
2018-02-01,101755.0281240913295,86.6979980913295,-0.0119021431131053768209570079,-0.0619492085360482274349063975
2018-02-02,99325.0302722369360,391.6194742369360,-0.0238808626625407198806766799,-0.0843506706574864843513539104
2018-02-05,95243.5605272369360,391.6194742369360,-0.0410920563911556278828465933,-0.1219765845333528812566232149
2018-02-06,97745.2602022369360,391.6194742369360,0.026266339279542005342070641,-0.0989141236073236585454958475
2018-02-07,97897.6493312369360,391.6194742369360,0.001559043668047982945503187,-0.0975092913773661890592771558
2018-02-08,93365.3705172369360,391.6194742369360,-0.0462960943900197597746506230,-0.1392910864098754638740209396
2018-02-09,94675.7504972369360,391.6194742369360,0.014034967919482311230263155,-0.1272110644196255933192659507
2018-02-12,95827.9377382369360,391.6194742369360,0.012169824215268576119452434,-0.1165893764965810675206572982
2018-02-13,96187.5800842369360,391.6194742369360,0.003753000998335131039961048,-0.1132739355446328756896828921
2018-02-14,97935.4885242369360,391.6194742369360,0.018171872485712366819301270,-0.0971604625715923791067270633
2018-02-15,99255.8290792369360,391.6194742369360,0.013481737569249414520103265,-0.0849886168608400531463263558
2018-02-16,99518.8988802369360,391.6194742369360,0.002650421677400817509415782,-0.0825634508558995187319382830
2018-02-20,99675.9399062369360,391.6194742369360,0.001578002045510836690110943,-0.0811157341047237249226602195
2018-02-21,98923.7798862369360,391.6194742369360,-0.0075460539495041746224295722,-0.0880496843485200186064678152
2018-02-22,99413.3185262369360,391.6194742369360,0.004948644709724729330254827,-0.0835367662434395251670375190
2018-02-23,101928.1602882369360,391.6194742369360,0.025296829431725374957651222,-0.0603531521386523539785766316
2018-02-26,103043.0189762369360,391.6194742369360,0.010937690672012067654154266,-0.0500755855758137493481518146
2018-02-27,102145.2497792369360,391.6194742369360,-0.0087125669057409632474510911,-0.0583518655918812781860819629
2018-02-28,101029.7207622369360,391.6194742369360,-0.0109210072853211973172891519,-0.0686356117279614567647588727
2018-03-01,99404.0684782369360,391.6194742369360,-0.0160908322000196909005276038,-0.0836220398167208163194140001
2018-03-02,99571.3517332309730,706.6500912309730,0.001682861250600232897911346,-0.0820799028566242926846434122
2018-03-05,101354.5440002309730,706.6500912309730,0.017908687950500895673303182,-0.0656411582733901085276250057
2018-03-06,101750.5617362309730,706.6500912309730,0.003907251913630014755961540,-0.0619903829010366879485139491
2018-03-07,101448.0464092309730,706.6500912309730,-0.0029731071931004527669420395,-0.0647791860408310172258731598
2018-03-08,101885.4605412309730,706.6500912309730,0.004311705818715487457661821,-0.0607467890154994339458687507
2018-03-09,103929.0361982309730,706.6500912309730,0.020057578835529790912481568,-0.0419076436896533180634371671
2018-03-12,102889.1938762309730,706.6500912309730,-0.0100053109317461337641236980,-0.0514936556158676416048086216
2018-03-13,102300.8517282309730,706.6500912309730,-0.0057182112701527960758176968,-0.0569174152841364165130657684
2018-03-14,102199.4073202309730,706.6500912309730,-0.0009916281857505334089221244,-0.0578526025566311320462683982
2018-03-15,101728.4900822309730,706.6500912309730,-0.0046078274849914825930940542,-0.0621938552294838811942695354
2018-03-16,101684.9446412309730,706.6500912309730,-0.0004280555129128583219426691,-0.0625952883197964547376319123
2018-03-19,100058.1063392309730,706.6500912309730,-0.0159988118962927912011850880,-0.0775926499726666092168062692
2018-03-20,101267.5335502309730,706.6500912309730,0.012087248652294406599993306,-0.0664432829741822687141771394
2018-03-21,101022.6594042309730,706.6500912309730,-0.0024180913409778753932009863,-0.0687007083879341312683548781
2018-03-22,96816.1519632309730,706.6500912309730,-0.0416392467373891512433671728,-0.1074793093777246727400459053
2018-03-23,94913.6158292309730,706.6500912309730,-0.0196510199529779791622846779,-0.1250182512775886911290051077
2018-03-26,97981.1370512309730,706.6500912309730,0.032319085045912682399759789,-0.0967396417270076794979636739
2018-03-27,94797.6322142309730,706.6500912309730,-0.0324909970715634235422646216,-0.1260874713825148017524462100
2018-03-28,93964.0375092309730,706.6500912309730,-0.0087934127206487461297012348,-0.1337721449283941074797659843
2018-03-29,95836.1111892309730,706.6500912309730,0.019923299696610935416963924,-0.1165140277662500404672618604
2018-04-02,93372.3855482309730,706.6500912309730,-0.0257076962997309815254649339,-0.1392264168255078429885433292
2018-04-03,93818.4657374825960,864.4173814825960,0.004777431642476381022121107,-0.1351141298722422491509884518
2018-04-04,94732.8717984825960,864.4173814825960,0.009746546735891398470221028,-0.1266844793178299598700324086
2018-04-05,96448.4842184825960,864.4173814825960,0.018110001179416163210093361,-0.1108687342082734197684887716
2018-04-06,93149.4029074825960,864.4173814825960,-0.0342056315112911969626572459,-0.1412820306511131311683541649
2018-04-09,94535.6307974825960,864.4173814825960,0.014881768929606801970540596,-0.1285027882555618204470997562
2018-04-10,96584.6033454825960,864.4173814825960,0.021674077072478395186405901,-0.1096138905197628437050661186
2018-04-11,96317.9853524825960,864.4173814825960,-0.0027604606092992782974274232,-0.1120717663020502730778947326
2018-04-12,97416.0331714825960,864.4173814825960,0.011400236570372760794994544,-0.1019491743803804154327244854
2018-04-13,96669.6149244825960,864.4173814825960,-0.0076621704117849997730118947,-0.1088301928447221550489365221
2018-04-16,96568.0492794825960,864.4173814825960,-0.0010506470422928873478417914,-0.1097664977667905705127168816
2018-04-17,99424.0304564825960,864.4173814825960,0.029574804485636412372397528,-0.0834380159916800351464280925
2018-04-18,99690.5219554825960,864.4173814825960,0.002680353006978951679768382,-0.0809813063217607409057662209
2018-04-19,98103.8839574825960,864.4173814825960,-0.0159156353771376858674762554,-0.0956080727551169877989426604
2018-04-20,96661.8340114825960,864.4173814825960,-0.0146992136073325333727383789,-0.1089019228784366666908556930
2018-04-23,96369.0494244825960,864.4173814825960,-0.0030289574990395868625600259,-0.1116010210815137820609923768
2018-04-24,93892.8688234825960,864.4173814825960,-0.0256947704246102620203029469,-0.1344282288902824573962530787
2018-04-25,93891.4907134825960,864.4173814825960,-0.0000146774724989054210579951,-0.1344409332961487491333339622
2018-04-26,96640.9236774825960,864.4173814825960,0.029283089906305938852897552,-0.1090946893266416137297723682
2018-04-27,96531.3946964825960,864.4173814825960,-0.0011333602456608176079455652,-0.1101044059884068982217135673
2018-04-30,95890.7330884825960,864.4173814825960,-0.0066368212125639616546466134,-0.1160104839437102464851700826
2018-05-01,97565.4896954825960,864.4173814825960,0.017465260229626448210246716,-0.1005713770055255984775969870
2018-05-02,96486.9636599088885,1574.1221799088885,-0.0110543803853181972208166754,-0.1105140031335494719533306640
2018-05-03,96992.8089119088885,1574.1221799088885,0.005242627944879384586657640,-0.1058507589897985217032074767
2018-05-04,97691.5800269088885,1574.1221799088885,0.007204360022552188194000932,-0.0994089859436692446242400369
2018-05-07,98377.0431579088885,1574.1221799088885,0.007016603998125437068023553,-0.0930898954337657525525685347
2018-05-08,98461.8393879088885,1574.1221799088885,0.000861951399208961918177324,-0.0923081830001781409797549516
2018-05-09,100181.6309549088885,1574.1221799088885,0.017466579719525231243165444,-0.0764539115177900449689251450
2018-05-10,101204.4527039088885,1574.1221799088885,0.010209673562415504385045196,-0.0670248074345409758341554746
2018-05-11,101631.5738439088885,1574.1221799088885,0.004220378931840249053860921,-0.0630872985879081132073932867
2018-05-14,102377.0782439088885,1574.1221799088885,0.007335362149807744109311151,-0.0562147046202957298146003922
2018-05-15,102832.5667249088885,1574.1221799088885,0.004449125613008985438460133,-0.0520156852894406366610618460
2018-05-16,104394.1495339088885,1574.1221799088885,0.015185683472993983953284909,-0.0376198955488829676765428030
2018-05-17,103245.4556929088885,1574.1221799088885,-0.0110034311896653353995878456,-0.0482093788065137721072502295
2018-05-18,103807.4485649088885,1574.1221799088885,0.005443269810068733447875917,-0.0430285256526647025032602560
2018-05-21,105473.3163779088885,1574.1221799088885,0.016047671299409343376183539,-0.0276713619894275251582715222
2018-05-22,104689.4863389088885,1574.1221799088885,-0.0074315482428897168995371214,-0.0348972691707463466322370772
2018-05-23,106517.4172769088885,1574.1221799088885,0.017460501545326918775976430,-0.0180460914477029338829581488
2018-05-24,108020.0915169088885,1574.1221799088885,0.014107310132140741185867465,-0.0041933631242879106726944882
2018-05-25,108186.9710369088885,1574.1221799088885,0.001544893340271588001431707,-0.0026549480827803755238137443
2018-05-29,108227.7285969088885,1574.1221799088885,0.000376732610307531561188134,-0.0022792156779943007898822478
2018-05-30,108219.4415009088885,1574.1221799088885,-0.0000765709130870246243901011,-0.0023556120694557391287637895
2018-05-31,105921.0432499088885,1574.1221799088885,-0.0212383118885408103179417349,-0.0235438947341770374013650438
2018-06-01,108332.9483719088885,1574.1221799088885,0.022770783292885237704850398,-0.0013092243661542469044814306
2018-06-04,104851.5889377310095,796.9779217310095,-0.0321357397402894616332573877,-0.0334028912129513302242973751
2018-06-05,106527.5593627310095,796.9779217310095,0.015984215804257587188929159,-0.0179525944303276965742719034
2018-06-06,107827.3027687310095,796.9779217310095,0.012201006141277645585201666,-0.0059706280039463460702018101
2018-06-07,106196.8577287310095,796.9779217310095,-0.0151208923726580967575882691,-0.0210012391531595916866697297
2018-06-08,106614.8953377310095,796.9779217310095,0.003936440474235445210716032,-0.0171474688067357420188281322
2018-06-11,106899.3811447310095,796.9779217310095,0.002668349540641723803603702,-0.0145248747066076398202467629
2018-06-12,107447.0389097310095,796.9779217310095,0.005123114457122314607571422,-0.0094761728450826370500148586
2018-06-13,107435.0611957310095,796.9779217310095,-0.0001114755150215240664422643,-0.0095865919988558225485004785
2018-06-14,107804.5040877310095,796.9779217310095,0.003438755354985361277406306,-0.0061808025884425865492948683
2018-06-15,107819.2363647310095,796.9779217310095,0.000136657342146028642902916,-0.0060449898983506237644034247
2018-06-18,108475.3890627310095,796.9779217310095,0.006085673764005952189889792,0
2018-06-19,107677.6953297310095,796.9779217310095,-0.0073536840005127428407178805,-0.0073536840005127428407178805
2018-06-20,108391.8044197310095,796.9779217310095,0.006631912837781795803505997,-0.0007705401540589380903312298
2018-06-21,107101.7816097310095,796.9779217310095,-0.0119014792391921081449166072,-0.0126628488256045498949437935
2018-06-22,105371.9057387310095,796.9779217310095,-0.0161517002331810664444611146,-0.0286100225204563627374872835
2018-06-25,103211.1660527310095,796.9779217310095,-0.0205058423386356960001037415,-0.0485291922479827639066080407
2018-06-26,104435.1572297310095,796.9779217310095,0.011859096489372650536255681,-0.0372456081320302562126449968
2018-06-27,102397.4766367310095,796.9779217310095,-0.0195114427655585039879508492,-0.0560303353462522314725791440
2018-06-28,103129.9784497310095,796.9779217310095,0.007153514296047059019357804,-0.0492776348551168986337180197
2018-06-29,103292.6221807310095,796.9779217310095,0.001577075196222192347850427,-0.0477782741945532053137682505
2018-07-02,103279.6256937310095,796.9779217310095,-0.0001258220260616489937930210,-0.0478980846613539666225746380
2018-07-03,101950.1442461478385,656.3060081478385,-0.0128726400648048578111392307,-0.0601541499225196643429044967
2018-07-05,102538.3551961478385,656.3060081478385,0.005769594092773688333793704,-0.0547316208577947682862817689
2018-07-06,103423.6557551478385,656.3060081478385,0.008633847864113768974704563,-0.0465703174815235552798850049
2018-07-09,104158.9557101478385,656.3060081478385,0.007109591607753634937646545,-0.0397918218121069826067404991
2018-07-10,104720.1568391478385,656.3060081478385,0.005387929680878359264781779,-0.0346182876690262974522320310
2018-07-11,103442.2365921478385,656.3060081478385,-0.0122031926380984122573366354,-0.0463990266738984749520365524
2018-07-12,104884.6251421478385,656.3060081478385,0.013943903356295853536233642,-0.0331021068613696551944091666
2018-07-13,104994.0757121478385,656.3060081478385,0.001043533023564359755273537,-0.0320931169794646910542684402
2018-07-16,105544.6966521478385,656.3060081478385,0.005244304845442751316042054,-0.0270171182229027074528072643
2018-07-17,106034.9965801478385,656.3060081478385,0.004645424578895905881980675,-0.0224971996290504102856606694
2018-07-18,106476.0974851478385,656.3060081478385,0.004159955856334550167683264,-0.0184308311300638558418727452
2018-07-19,106323.5249851478385,656.3060081478385,-0.0014329272353476522438956954,-0.0198373483255151462396442779
2018-07-20,105945.6662211478385,656.3060081478385,-0.0035538585092319172123691504,-0.0233207077055998339252168399
2018-07-23,105850.9852661478385,656.3060081478385,-0.0008936746388697559869196101,-0.0241935412194326008448343240
2018-07-24,104442.5445411478385,656.3060081478385,-0.0133058820516282229459008157,-0.0371775068651838479570129665
2018-07-25,106488.2871211478385,656.3060081478385,0.019587253345728539414044795,-0.0183184587651862266119713528
2018-07-26,106856.3645741478385,656.3060081478385,0.003456506466117270840018482,-0.0149252701702401245609785288
2018-07-27,105942.1050181478385,656.3060081478385,-0.0085559672523351992006293729,-0.0233535372997664938522575266
2018-07-30,104450.3949381478385,656.3060081478385,-0.0140804270383760138058094919,-0.0371051365601051527545040317
2018-07-31,105547.8150201478385,656.3060081478385,0.010506614959664411468271414,-0.0269883709833035329650383806
2018-08-01,104382.0077861478385,656.3060081478385,-0.0110452995524110194837657274,-0.0377355758937723673903561169
2018-08-02,105402.1255179780730,500.3843049780730,0.009772926900584208361573467,-0.0283314360179494439794944756
2018-08-03,105149.1324589780730,500.3843049780730,-0.0024002652485110260527232502,-0.0306636983051461723756965883
2018-08-06,106377.4793509780730,500.3843049780730,0.011681949848508888971606044,-0.0193399602424078080079887383
2018-08-07,106839.0202679780730,500.3843049780730,0.004338708905455527001681248,-0.0150851617946871715956551397
2018-08-08,108247.4363899780730,500.3843049780730,0.013182600499961082766311339,-0.0021014229561427257621974749
2018-08-09,108476.5590159780730,500.3843049780730,0.002116656372115367488235731,0
2018-08-10,108249.0113959780730,500.3843049780730,-0.0020976662798317868384008132,-0.0020976662798317868384008132
2018-08-13,107563.4909619780730,500.3843049780730,-0.0063328101121620968445719936,-0.0084171922697650234965386279
2018-08-14,109403.8134569780730,500.3843049780730,0.017109174112343785579902992,0
2018-08-15,106479.6248309780730,500.3843049780730,-0.0267283976088265622546503913,-0.0267283976088265622546503913
2018-08-16,106550.9286909780730,500.3843049780730,0.000669647926663764856199148,-0.0260766482982045928361540361
2018-08-17,107400.3732389780730,500.3843049780730,0.007972192813669249056435944,-0.0183123435527028708877986558
2018-08-20,109158.8870659780730,500.3843049780730,0.016373442418930018821700418,-0.0022387372364886968950163557
2018-08-21,110700.2117139780730,500.3843049780730,0.014120010650790062622399180,0
2018-08-22,111231.9379419780730,500.3843049780730,0.004803299106363489767837692,0
2018-08-23,111489.9119709780730,500.3843049780730,0.002319244218639497396413905,0
2018-08-24,112625.9807529780730,500.3843049780730,0.010189879621536789288299271,0
2018-08-27,113764.3074899780730,500.3843049780730,0.010107141615012308733650299,0
2018-08-28,114135.9231849780730,500.3843049780730,0.003266540298966237968958742,0
2018-08-29,113995.2690539780730,500.3843049780730,-0.0012323388384220131674550671,-0.0012323388384220131674550671
2018-08-30,113388.6468089780730,500.3843049780730,-0.0053214686015851884112526353,-0.0065472495875720248728429006
2018-08-31,113571.6773589780730,500.3843049780730,0.001614187620638468592308939,-0.0049436304561670453621697087
2018-09-04,113522.8936299780730,500.3843049780730,-0.0004295413269789446022465227,-0.0053710482895597544465232966
2018-09-05,111074.3505159639280,735.8188869639280,-0.0215687165444799448004316238,-0.0268239182159354710620481745
2018-09-06,110593.4635449639280,735.8188869639280,-0.0043294151058833833015981965,-0.0310372014450958028820896562
2018-09-07,110347.0833739639280,735.8188869639280,-0.0022278004784598263322150754,-0.0331958572313261907713854997
2018-09-10,111283.6414999639280,735.8188869639280,0.008487384508623797066830439,-0.0249902187271180388667745941
2018-09-11,111951.9018819639280,735.8188869639280,0.006005019003626122470529496,-0.0191352664618530336285526672
2018-09-12,112144.7880149639280,735.8188869639280,0.001722937527254952560060726,-0.0174452978032792307592612609
2018-09-13,111191.9070459639280,735.8188869639280,-0.0084968814500131140981555751,-0.0257939486259977070330604542
2018-09-14,111008.2895349639280,735.8188869639280,-0.0016513567927573825609033645,-0.0274027104064795133258121802
2018-09-17,108463.7416339639280,735.8188869639280,-0.0229221431269648726377601317,-0.0496967246834402927958595440
2018-09-18,109963.3602819639280,735.8188869639280,0.013825990376220020224098284,-0.0365578407444231739910292378
2018-09-19,107692.9259019639280,735.8188869639280,-0.0206471898837779896704510898,-0.0564502139486101426923088428
2018-09-20,108156.1686259639280,735.8188869639280,0.004301514887075346278346922,-0.0523915204972133313092449965
2018-09-21,107660.5735609639280,735.8188869639280,-0.0045822172816967523424056444,-0.0567336684482733830979532134
2018-09-24,107712.2586069639280,735.8188869639280,0.000480074035373151723670149,-0.0562808307740537164322616039
2018-09-25,107853.7079759639280,735.8188869639280,0.001313215142170037685027413,-0.0550415244710700755305506504
2018-09-26,107800.1122989639280,735.8188869639280,-0.0004969293870911163344243848,-0.0555111021071412223311566609
2018-09-27,107834.5134149639280,735.8188869639280,0.000319119482033513899780876,-0.0552096972992592488402596948
2018-09-28,107983.8182239639280,735.8188869639280,0.001384573493881795936465406,-0.0539015656888632446350055753
2018-10-01,107815.8742729639280,735.8188869639280,-0.0015552696113382072556988286,-0.0553730038330820127045792203
2018-10-02,105541.4549420587140,1125.5407110587140,-0.0210954031235412505273083534,-0.0753002911186030033028409644
2018-10-03,105226.2209300587140,1125.5407110587140,-0.0029868264766016402475515232,-0.0780622086919957887582051487
2018-10-04,102305.5751400587140,1125.5407110587140,-0.0277558745737080262698005770,-0.1036513983923021594317561923
2018-10-05,100966.4819990587140,1125.5407110587140,-0.0130891511940258418606530104,-0.1153838407612989512568805092
2018-10-08,99062.6609790587140,1125.5407110587140,-0.0188559706380355894858057347,-0.1320641370858357136994833264
2018-10-09,99134.3437200587140,1125.5407110587140,0.000723610089730512345529789,-0.1314360899381920656179259408
2018-10-10,93047.5126980587140,1125.5407110587140,-0.0613998216318286730962252323,-0.1847657590918307545189862528
2018-10-11,92098.9346790587140,1125.5407110587140,-0.0101945553566612484805315112,-0.1930767096894147980077369871
2018-10-12,95463.0494460587140,1125.5407110587140,0.036527184366714789097317358,-0.1636020738944439309629287901
2018-10-15,94163.0746780587140,1125.5407110587140,-0.0136175701021843979906275447,-0.1749917812865079866816715691
2018-10-16,96873.6514250587140,1125.5407110587140,0.028785983850542228571218568,-0.1512431080260567947815095893
2018-10-17,97211.6432520587140,1125.5407110587140,0.003488996461142686271586262,-0.1482817982335892416778883735
2018-10-18,94627.8205450587140,1125.5407110587140,-0.0265793542888730122480934102,-0.1709199180726205010635326938
2018-10-19,92071.0902670587140,1125.5407110587140,-0.0270188012708436792213154494,-0.1933206680438311639550979209
2018-10-22,92057.2999540587140,1125.5407110587140,-0.0001497789692725503855969032,-0.1934414916427050284395283624
2018-10-23,91325.0858910587140,1125.5407110587140,-0.0079538946217780898161576437,-0.1998567730244774754214216567
2018-10-24,85586.8965340587140,1125.5407110587140,-0.0628325645797372738088046055,-0.2501318240064563739438157467
2018-10-25,85217.0169240587140,1125.5407110587140,-0.0043216850356620766751637680,-0.2533725180813668879179353188
2018-10-26,82434.5074740587140,1125.5407110587140,-0.0326520400553288307700935197,-0.2777514285273833986343404888
2018-10-29,80487.7050610587140,1125.5407110587140,-0.0236163528193898479076216764,-0.2948083056145810177836799255
2018-10-30,82290.4527080587140,1125.5407110587140,0.022397801572705036620729253,-0.2790135619730167509607407600
2018-10-31,84467.0537080587140,1125.5407110587140,0.026450225127839711112187457,-0.2599433083730837899992467355
2018-11-01,87079.3788920587140,1125.5407110587140,0.030927149335987398701773206,-0.2370554645540413772504702282
2018-11-02,85686.8352924649245,368.9125504649245,-0.0159916574659994942333188513,-0.2492562122304492572275642304
2018-11-05,86861.0908744649245,368.9125504649245,0.013704037242034319305448084,-0.2389679914036294247296362935
2018-11-06,86604.3859624649245,368.9125504649245,-0.0029553498513045394135382104,-0.2412171072370727034699840921
2018-11-07,89456.3435494649245,368.9125504649245,0.032930867822745866589335172,-0.2162297280893359934778873789
2018-11-08,88659.9966114649245,368.9125504649245,-0.0089020734181881647160758980,-0.2232069085928780255117600557
2018-11-09,87550.1805494649245,368.9125504649245,-0.0125176641598978577615963402,-0.2329305436328412168354271091
2018-11-12,85921.4926614649245,368.9125504649245,-0.0186029072444894456576343270,-0.2472002655797204157009803971
2018-11-13,86887.4489504649245,368.9125504649245,0.011242312709881765928280986,-0.2387370555574516886264515147
2018-11-14,85661.5587654649245,368.9125504649245,-0.0141089443850387139958291763,-0.2494776721029824191097526285
2018-11-15,84668.4483024649245,368.9125504649245,-0.0115934204013151771978104599,-0.2581787929708662616833020553
2018-11-16,85103.2083274649245,368.9125504649245,0.005134852872783107037878495,-0.2543696502148612823113624274
2018-11-19,82058.9698574649245,368.9125504649245,-0.0357711363628760919523923933,-0.2810416951333244775317947888
2018-11-20,80390.0976674649245,368.9125504649245,-0.0203374742931675042211221923,-0.2956634911764097763132402804
2018-11-21,80539.9091194649245,368.9125504649245,0.001863556039198978811961560,-0.2943509206217632499244805876
2018-11-23,80179.3668084649245,368.9125504649245,-0.0044765671446836033057995230,-0.2975098061061840965519193500
2018-11-26,82179.5182494649245,368.9125504649245,0.024945962042554248691446544,-0.2799855123940423905752479166
2018-11-27,83183.9602404649245,368.9125504649245,0.012222534427019958573677875,-0.2711851105313254384215512435
2018-11-28,85284.1458864649245,368.9125504649245,0.025247483287990447164794335,-0.2527843687894264724771231608
2018-11-29,84976.8733304649245,368.9125504649245,-0.0036029270482354199154717518,-0.2554765321979793502637668711
2018-11-30,85203.8093784649245,368.9125504649245,0.002670562461359019151416146,-0.2534882357732664335530147700
2018-12-03,87224.8232934649245,368.9125504649245,0.023719760064047169513305125,-0.2357811558408197622658421541
2018-12-04,83994.3481632242110,198.5638362242110,-0.0370361900232447681901380397,-0.2640849101724436416738249662
2018-12-06,84939.0215872242110,198.5638362242110,0.011246868922230799314597423,-0.2558081696192614110298287114
2018-12-07,81279.4176562242110,198.5638362242110,-0.0430850728277101534154763359,-0.2878717288290024546437722279
2018-12-10,81121.8432102242110,198.5638362242110,-0.0019386758732262308759840221,-0.2892523147269639744448965718
2018-12-11,80790.3967602242110,198.5638362242110,-0.0040857854911046457464887519,-0.2921562773072887561337204680
2018-12-12,80199.4823872242110,198.5638362242110,-0.0073141659986366934575168148,-0.2973335637961562051832222915
2018-12-13,78785.9252052242110,198.5638362242110,-0.0176255150273286534453429354,-0.3097184216266665245691113469
2018-12-14,77554.7084422242110,198.5638362242110,-0.0156273694799278605725112002,-0.3205057068970943876510524287
2018-12-17,74979.7736452242110,198.5638362242110,-0.0332015276534531034461121290,-0.3430659554599140767199233614
2018-12-18,76168.6975102242110,198.5638362242110,0.015856594481406890050031029,-0.3326492187146114421593247070
2018-12-19,74499.6401982242110,198.5638362242110,-0.0219126408427288721388037677,-0.3472726367010326701209916143
2018-12-20,72795.4527832242110,198.5638362242110,-0.0228751093356370514059478852,-0.3622038465028586349690572066
2018-12-21,70553.0232122242110,198.5638362242110,-0.0308045281025681079861797760,-0.3818508560369711688131759922
2018-12-24,61512.9418262242110,198.5638362242110,-0.1281317365920287114798309608,-0.4610553793258300139739871810
2018-12-26,65376.1108922242110,198.5638362242110,0.062802541242679648709562557,-0.4272082875584201145665030657
2018-12-27,65496.9703192242110,198.5638362242110,0.001848678750549154123713007,-0.4261493796911387042849587969
2018-12-28,65386.1918992242110,198.5638362242110,-0.0016913518207037600290888073,-0.4271199629826100789288351844
2018-12-31,66533.9092772242110,198.5638362242110,0.017552901379681316902146149,-0.4170642561904556514841623754
2019-01-02,66832.1107022242110,198.5638362242110,0.004481946547849697280347588,-0.4144515693458702686495560841
2019-01-03,64710.5575388506520,562.0725178506520,-0.0317445183323074740647923313,-0.4330395222372241616140224819
2019-01-04,67584.3721398506520,562.0725178506520,0.044410289608069460585588016,-0.4078606432234498613025255532
2019-01-07,69767.9647838506520,562.0725178506520,0.032309135601371665043980294,-0.3887291324504473071142946743
2019-01-08,70390.8466178506520,562.0725178506520,0.008927906037244472716893154,-0.3832717635816599891810833042
2019-01-09,71334.6082098506520,562.0725178506520,0.013407447663240184946934368,-0.3750030120294386760739527592
2019-01-10,71444.8558728506520,562.0725178506520,0.001545500364643144051669822,-0.3740370789566293068314159097
2019-01-11,71673.5829728506520,562.0725178506520,0.003201449526430037453508032,-0.3720330902594922447997731144
2019-01-14,71199.9441948506520,562.0725178506520,-0.0066082754392146178820038969,-0.3761828685657699449899888383
2019-01-15,72754.4848368506520,562.0725178506520,0.021833453095774027980654201,-0.3625627864862603810919469563
2019-01-16,72245.5038198506520,562.0725178506520,-0.0069958713630008081503903598,-0.3670222152339921838440372689
2019-01-17,73392.6996438506520,562.0725178506520,0.015879131064828824616345101,-0.3569710780285677355896346615
2019-01-18,73743.3748358506520,562.0725178506520,0.004778066397634985934819253,-0.3538986431437885857719600295
2019-01-22,72023.4864268506520,562.0725178506520,-0.0233226159343587434027720935,-0.3689674169444140668476018528
2019-01-23,72008.7409288506520,562.0725178506520,-0.0002047317997439071165505626,-0.3690966093808400835020055713
2019-01-24,72691.0841558506520,562.0725178506520,0.009475838880090956708596277,-0.3631182705024298357964633725
2019-01-25,73820.6245388506520,562.0725178506520,0.015538912318025830841439136,-0.3532218211508144476298816202
2019-01-28,72759.7168968506520,562.0725178506520,-0.0143714259887040203807691192,-0.3625169458792542898295942356
2019-01-29,72147.9712468506520,562.0725178506520,-0.0084077519277219581473944313,-0.3678767452564280709497048057
2019-01-30,74157.8162598506520,562.0725178506520,0.027857263042413437448500656,-0.3502675214738098700379242587
2019-01-31,74999.6846778506520,562.0725178506520,0.011352389545156968685984202,-0.3428915052774402245444650839
2019-02-01,75256.3818428506520,562.0725178506520,0.003422643256469707752883404,-0.3406424573192090947834885934
2019-02-04,75291.6104402893365,114.8661822893365,0.000468114418684761854293093,-0.3403338025464116632955452374
2019-02-05,74939.7775862893365,114.8661822893365,-0.0046729356955251221631477657,-0.3434163802676238596805294521
2019-02-06,74942.1748302893365,114.8661822893365,0.000031988939348528165142694,-0.3433953768540350036196036436
2019-02-07,75508.2393762893365,114.8661822893365,0.007553350930659327649491585,-0.3384358117127202118056221934
2019-02-08,76164.5524362893365,114.8661822893365,0.008691939653490207802225792,-0.3326855357112169425323384425
2019-02-11,76775.9405802893365,114.8661822893365,0.008027200639187347405083881,-0.3273288686169390608596422124
2019-02-12,77297.2150182893365,114.8661822893365,0.006789554566965821391504405,-0.3227617312647911333971083179
2019-02-13,77031.6295402893365,114.8661822893365,-0.0034358997013949296126767130,-0.3250886540301116566372031861
2019-02-14,77501.6264802893365,114.8661822893365,0.006101350092226475009593060,-0.3209707836271335840106438629
2019-02-15,77960.6997152893365,114.8661822893365,0.005923401299413428049644878,-0.3169486210845308652892421121
2019-02-19,77826.5514132893365,114.8661822893365,-0.0017207170085685028636899571,-0.3181239592099568822885987745
2019-02-20,77629.3956652893365,114.8661822893365,-0.0025332710292278800477196702,-0.3198513360296149067350720388
2019-02-21,77698.8313792893365,114.8661822893365,0.000894451301661324128394616,-0.3192429761718033852405512405
2019-02-22,78331.8740072893365,114.8661822893365,0.008147389307694759465264804,-0.3136965836747274295505163723
2019-02-25,77843.7558152893365,114.8661822893365,-0.0062314121573878998466781050,-0.3179732231268735823023211564
2019-02-26,78164.2738552893365,114.8661822893365,0.004117453437890863802142043,-0.3151650096297037028532284747
2019-02-27,77941.7141712893365,114.8661822893365,-0.0028473325858823864686341343,-0.3171149626137374978449492569
2019-02-28,78200.0960772893365,114.8661822893365,0.003315065735302723644826592,-0.3148511538251473796168245713
2019-03-01,78595.0226452893365,114.8661822893365,0.005050205662275311723072540,-0.3113910112426937423619483605
2019-03-04,77861.2587614817205,399.2156234817205,-0.0093360095730132701925144645,-0.3178198713537949409307980152
2019-03-05,78157.4397174817205,399.2156234817205,0.003803957972312180449666373,-0.3152248868148782603294907570
2019-03-06,77459.9493064817205,399.2156234817205,-0.0089241716914121244531596522,-0.3213359374949484571701057445
2019-03-07,77305.5770384817205,399.2156234817205,-0.0019929301449605052068416668,-0.3226884675634161349078175682
2019-03-08,77258.9377184817205,399.2156234817205,-0.0006033111941818058902913889,-0.3230970971928835592749067258
2019-03-11,78159.2008044817205,399.2156234817205,0.011652542897760306106944232,-0.3152094570803051598216710902
2019-03-12,78944.9692494817205,399.2156234817205,0.010053435000770162868165239,-0.3083249598679198972774754087
2019-03-13,79157.5146594817205,399.2156234817205,0.002692323678388099139957207,-0.3064627467796222592813177566
2019-03-14,79103.9008304817205,399.2156234817205,-0.0006773056131263714137247059,-0.3069324834541406667342469872
2019-03-15,79172.9596734817205,399.2156234817205,0.000873014380769816848942219,-0.3063274255453517085551572299
2019-03-18,79239.6042074817205,399.2156234817205,0.000841758780710606611545723,-0.3057435205648663763263661188
2019-03-19,80248.9459514817205,399.2156234817205,0.012737844340528634403144305,-0.2969001895974182252412759734
2019-03-20,80505.4591804817205,399.2156234817205,0.003196468513805616247791846,-0.2946527531914036741132723673
2019-03-21,82542.0461414817205,399.2156234817205,0.025297501333844496618753523,-0.2768092302744396651983170064
2019-03-22,81129.2283104817205,399.2156234817205,-0.0171163412714333563800011843,-0.2891876102934129302345021696
2019-03-25,81463.0763814817205,399.2156234817205,0.004115015980706272201004080,-0.2862626059504863099001767304
2019-03-26,81940.1964674817205,399.2156234817205,0.005856887650126351998475938,-0.2820823262218443475339999843
2019-03-27,80961.2757054817205,399.2156234817205,-0.0119467709891138525417924244,-0.2906591242595093202567645071
2019-03-28,81308.0506554817205,399.2156234817205,0.004283219934200228832124071,-0.2876208612803946030712196864
2019-03-29,81636.9471614817205,399.2156234817205,0.004045066919555106487394344,-0.2847392399921787689819815646
2019-04-01,81939.4469364817205,399.2156234817205,0.003705427328163573043225491,-0.2820888932252827413196145409
2019-04-02,81870.6408347697020,309.5759377697020,-0.0008397188934574576684177710,-0.2826917367454644256374980124
2019-04-03,82922.7523787697020,309.5759377697020,0.012850901535305657253217442,-0.2734736788839192798557542740
2019-04-04,82124.3136297697020,309.5759377697020,-0.0096287053443780802892806446,-0.2804691867548810316118001116
2019-04-05,82668.0553197697020,309.5759377697020,0.006620958714507855955033493,-0.2757052029465688365517469434
2019-04-08,82729.1401657697020,309.5759377697020,0.000738917176214157630287991,-0.2751700090803835088179744815
2019-04-09,82306.5492567697020,309.5759377697020,-0.0051081264491958625550620220,-0.2788725323281703987035250596
2019-04-10,82915.1916117697020,309.5759377697020,0.007394822896793225147219170,-0.2735399224187242369119395612
2019-04-11,82790.7978577697020,309.5759377697020,-0.0015002528678030874962280406,-0.2746297962334599993058444115
2019-04-12,83037.5863967697020,309.5759377697020,0.002980869195438482353633499,-0.2724675625377633852118367613
2019-04-15,83350.9975937697020,309.5759377697020,0.003774329320007694834128298,-0.2697216155277930009224350229
2019-04-16,82815.7097997697020,309.5759377697020,-0.0064220922298836594653506547,-0.2744115306663639531644703134
2019-04-17,81255.4754887697020,309.5759377697020,-0.0188398350357958143870074480,-0.2880814977324852464065236465
2019-04-18,81101.3928857697020,309.5759377697020,-0.0018962734766261470740148172,-0.2894314899058545461773334468
2019-04-22,81323.5567217697020,309.5759377697020,0.002739334407152722834868063,-0.2874850051375144066891848331
2019-04-23,82266.7283757697020,309.5759377697020,0.011597766895843600883875505,-0.2792214223173060979182296835
2019-04-24,82903.2784817697020,309.5759377697020,0.007737637299643548941546076,-0.2736442991098444603039251402
2019-04-25,82010.4200747697020,309.5759377697020,-0.0107698805566095692098762815,-0.2814670632500438624133943278
2019-04-26,82173.3559047697020,309.5759377697020,0.001986769850117214499866617,-0.2800395036749928700915959702
2019-04-29,81890.1268967697020,309.5759377697020,-0.0034467255825383680855063579,-0.2825210099360932929066303650
2019-04-30,82042.5251817697020,309.5759377697020,0.001861009266625176209269750,-0.2811857748869754897973312145
2019-05-01,80873.3566957697020,309.5759377697020,-0.0142507618263777628680533456,-0.2914294252064734913460059936
2019-05-02,81781.8240212678090,1175.9492422678090,0.011233209089064888807107632,-0.2834699037854589167712815899
2019-05-03,81451.1013922678090,1175.9492422678090,-0.0040439624935975233088834525,-0.2863675246200843456270708097
2019-05-06,81067.8718142678090,1175.9492422678090,-0.0047050263464746734826961389,-0.2897251842184467875526069228
2019-05-07,79524.5121722678090,1175.9492422678090,-0.0190378704591622362105962046,-0.3032473041517013187475900150
2019-05-08,79832.3052642678090,1175.9492422678090,0.003870417857241948190998705,-0.3005505800756085957142671695
2019-05-09,79675.0345902678090,1175.9492422678090,-0.0019700129349815090265873841,-0.3019285044802249600020855861
2019-05-10,80241.5098842678090,1175.9492422678090,0.007109821751733436250855728,-0.2969653405771133734315782445
2019-05-13,77987.9087772678090,1175.9492422678090,-0.0280852280851938726107499913,-0.3167102293388017379727186364
2019-05-14,78983.9776262678090,1175.9492422678090,0.012772093323399096769951255,-0.3079831886209929476146891737
2019-05-15,79518.7466562678090,1175.9492422678090,0.006770601406406647408972460,-0.3032978186246131988236126159
2019-05-16,80389.4040892678090,1175.9492422678090,0.010949083953291575591701098,-0.2956695679502927143789102569
2019-05-17,79566.1504262678090,1175.9492422678090,-0.0102408230577978182705983042,-0.3028824912791360562068272512
2019-05-20,77916.1402052678090,1175.9492422678090,-0.0207375901958336913785836244,-0.3173390284933298521764418604
2019-05-21,78859.4184142678090,1175.9492422678090,0.012106326192685635445853809,-0.3090745120932544291035750366
2019-05-22,78916.0968022678090,1175.9492422678090,0.000718726933823612137938987,-0.3085779253358306306511419029
2019-05-23,77281.7386632678090,1175.9492422678090,-0.0207100731691665914941234838,-0.3228973270929025444294536029
2019-05-24,77420.3787932678090,1175.9492422678090,0.001793957180545369611380314,-0.3216826338908743942544851744
2019-05-28,77976.0044842678090,1175.9492422678090,0.007176736921988751154438686,-0.3168145286046928713258886416
2019-05-29,77029.7395852678090,1175.9492422678090,-0.0121353345206462252182682669,-0.3251052128397203061708598081
2019-05-30,78435.2998112678090,1175.9492422678090,0.018246981407020334978020260,-0.3127904202067117362979769424
2019-05-31,76936.8897672678090,1175.9492422678090,-0.0191037714856129402047681998,-0.3259187149818068072050299777
2019-06-03,76309.3852222678090,1175.9492422678090,-0.0081560945197834971961084747,-0.3314165856564323103168290949
2019-06-04,77804.8385219907700,437.9805809907700,0.019597239518666354207124259,-0.3183141963473336641885007590
2019-06-05,79040.0179389907700,437.9805809907700,0.015875354803941771871142968,-0.3074921923495374002156816944
2019-06-06,80422.3587139907700,437.9805809907700,0.017489125269012439572521249,-0.2953808365517692887411595403
2019-06-07,81391.8366249907700,437.9805809907700,0.012054830603113654233606501,-0.2868867718966932152058658515
2019-06-10,82213.1882219907700,437.9805809907700,0.010091326489956733335276329,-0.2796905134875957570228264371
2019-06-11,82289.8012539907700,437.9805809907700,0.000931882507623116191324603,-0.2790192696770398585664728415
2019-06-12,82516.3463199907700,437.9805809907700,0.002753015106948181502645741,-0.2770343988346422164462141964
2019-06-13,82177.8005039907700,437.9805809907700,-0.0041027727365333238689664538,-0.2800005623925548709998072247
2019-06-14,81779.4906049907700,437.9805809907700,-0.0048469282039333362826082083,-0.2834903479735105372369097657
2019-06-17,81155.1729269907700,437.9805809907700,-0.0076341595353725481094602067,-0.2889602969657150281579120977
2019-06-18,81905.1755829907700,437.9805809907700,0.009241587799643051826521687,-0.2823891611210915615036815648
2019-06-19,82707.2845549907700,437.9805809907700,0.009793141474768705529359492,-0.2753614966521229601910201704
2019-06-20,83089.7589779907700,437.9805809907700,0.004624434535094654015639372,-0.2720104533317817345449651736
2019-06-21,82212.5840349907700,437.9805809907700,-0.0105569561614969959927107807,-0.2796958070619861862727828793
2019-06-24,82219.4404179907700,437.9805809907700,0.000083398217930746856685290,-0.2796357349759271110657623683
2019-06-25,81473.0988179907700,437.9805809907700,-0.0090774346821836306300475770,-0.2861747945390623508165200812
2019-06-26,81365.4563779907700,437.9805809907700,-0.0013212022319228461029395560,-0.2871179019937201258310128444
2019-06-27,82155.4899709907700,437.9805809907700,0.009709692886497504658110508,-0.2801960357577971331890275385
2019-06-28,82444.3096229907700,437.9805809907700,0.003515524672812281489700642,-0.2776655471619155797907573504
2019-07-01,83325.7334119907700,437.9805809907700,0.010691141608567760051204172,-0.2699429672378763091129118720
2019-07-02,83941.5459494421645,986.4270684421645,0.007390424449150754432217894,-0.2645475358936766568531570830
2019-07-03,85234.5077564421645,986.4270684421645,0.015403121212215325036231081,-0.2532192724432245178145212598
2019-07-05,85363.7968714421645,986.4270684421645,0.001516863514592516852013460,-0.2520865080041927905562680882
2019-07-08,85617.3010684421645,986.4270684421645,0.002969692144572449070038287,-0.2498654351821930926224823872
2019-07-09,85966.8023294421645,986.4270684421645,0.004082133594944904196218525,-0.2468032856744209472584464734
2019-07-10,86542.3619894421645,986.4270684421645,0.006695138639615081120938083,-0.2417605292491086410370532213
2019-07-11,86398.0551834421645,986.4270684421645,-0.0016674701577662610552142687,-0.2430248709390262361362357962
2019-07-12,86898.7436914421645,986.4270684421645,0.005795136324966200326796996,-0.2386380968715090094493819867
2019-07-15,87693.9141694421645,986.4270684421645,0.009150540551235941754743188,-0.2316712239027655818134916498
2019-07-16,87717.2936804421645,986.4270684421645,0.000266603574734115679152078,-0.2314663847044869711448106099
2019-07-17,87681.3363904421645,986.4270684421645,-0.0004099224735659759223255249,-0.2317814239050875099931576976
2019-07-18,88227.5855044421645,986.4270684421645,0.006229935998780519310742079,-0.2269954713429419029734913927
2019-07-19,87044.6951644421645,986.4270684421645,-0.0134072618358171292971712155,-0.2373593454589194864483443371
2019-07-22,87348.1519604421645,986.4270684421645,0.003486218148351473249069362,-0.2347006137683877251617474569
2019-07-23,87481.0154304421645,986.4270684421645,0.001521079347622266886833381,-0.2335365326772428231054134607
2019-07-24,87321.5378264421645,986.4270684421645,-0.0018229967178056329926138562,-0.2349337930624901344751889056
2019-07-25,87567.6515314421645,986.4270684421645,0.002818476530832160630276334,-0.2327774719137039817655955274
2019-07-26,88937.6501484421645,986.4270684421645,0.015645030933690009532519325,-0.2207742517287700284089804179
2019-07-29,88711.5610544421645,986.4270684421645,-0.0025421077982456700400346022,-0.2227551275800441395595870531
2019-07-30,88650.5058124421645,986.4270684421645,-0.0006882444776564182083461783,-0.2232900620712739414917191115
2019-07-31,87181.1533684421645,986.4270684421645,-0.0165746650911243338941425820,-0.2361637691653905455109802599
2019-08-01,86653.2534704421645,986.4270684421645,-0.0060552066312888355843743887,-0.2407889553755589424281969099
2019-08-02,85742.4495114307650,1389.5319334307650,-0.0105109031979056510287881941,-0.2487689491723872698681979206
2019-08-05,82839.0396054307650,1389.5319334307650,-0.0338619892777023072816932433,-0.2742071269605889291486599967
2019-08-06,84451.0252624307650,1389.5319334307650,0.019459250912106438535054121,-0.2600837413338964167260941260
2019-08-07,84777.4798324307650,1389.5319334307650,0.003865608131879340727488905,-0.2572235150274869889993259593
2019-08-08,88172.8984654307650,1389.5319334307650,0.040050950319722963056922455,-0.2274746109291944203569710185
2019-08-09,87969.7880604307650,1389.5319334307650,-0.0023035468781785806141472340,-0.2292541593775021679293272936
2019-08-12,86403.5136834307650,1389.5319334307650,-0.0178046851258076154197771235,-0.2429770463818116420459565584
2019-08-13,87846.0938294307650,1389.5319334307650,0.016695850486884047520419835,-0.2303379043330630122263229414
2019-08-14,84774.6984874307650,1389.5319334307650,-0.0349633684107078796564091836,-0.2572478837356236229259415616
2019-08-15,85393.6180604307650,1389.5319334307650,0.007300758174819872053894501,-0.2518252301509417170429094620
2019-08-16,86787.6391474307650,1389.5319334307650,0.016324651872854114214539348,-0.2396115374931030918807091022
2019-08-19,87505.8436644307650,1389.5319334307650,0.008275424058718176448189521,-0.2333190005165017931310854130
2019-08-20,87259.8836024307650,1389.5319334307650,-0.0028107844196464498696873109,-0.2354739755246889777707748416
2019-08-21,88605.4818214307650,1389.5319334307650,0.015420582327736639201729571,-0.2236845390225702473331875727
2019-08-22,90116.7616204307650,1389.5319334307650,0.017056278775682600010238401,-0.2104434861022666585471116974
2019-08-23,87288.3262954307650,1389.5319334307650,-0.0313863400563958243934243878,-0.2352247753412033329377490553
2019-08-26,88535.4527934307650,1389.5319334307650,0.014287437403474222177224442,-0.2242980971911628401516671066
2019-08-27,88767.2848244307650,1389.5319334307650,0.002618522000908563562196392,-0.2222669046925112637701682134
2019-08-28,89337.1506084307650,1389.5319334307650,0.006419772612478961888345270,-0.2172740350674377573508643602
2019-08-29,90308.3736584307650,1389.5319334307650,0.010871435269487378121395336,-0.2087646804059263594692346269
2019-08-30,90048.1170604307650,1389.5319334307650,-0.0028818656283674937836249731,-0.2110449142774148892677164083
2019-09-03,89393.2189654307650,1389.5319334307650,-0.0072727572366727192810548334,-0.2167827930865135657184723369
2019-09-04,90122.2859256929380,806.8091526929380,0.008155730028517155735854710,-0.2103950849932379099372564183
2019-09-05,90274.5839976929380,806.8091526929380,0.001689904671587800726734388,-0.2090607279586592943417996459
2019-09-06,90255.6746636929380,806.8091526929380,-0.0002094646484384048552442579,-0.2092264017752135616312246952
2019-09-09,87169.3454246929380,806.8091526929380,-0.0341954037848606836167385218,-0.2362672242689173253689536410
2019-09-10,84637.7062746929380,806.8091526929380,-0.0290427688502849386939595250,-0.2584481387378616662681537769
2019-09-11,84611.7608366929380,806.8091526929380,-0.0003065470360904357925429378,-0.2586754592630389208236661853
2019-09-12,85164.7545586929380,806.8091526929380,0.006535660250202326762714783,-0.2538304139296448687982479854
2019-09-13,84025.1210476929380,806.8091526929380,-0.0133815158266510299309364222,-0.2638152940550109738699507784
2019-09-16,83904.8692606929380,806.8091526929380,-0.0014311408957297983062790741,-0.2648688780944996636370789267
2019-09-17,85954.7192226929380,806.8091526929380,0.024430643657057658093841666,-0.2469091516140133718318900061
2019-09-18,86249.8221486929380,806.8091526929380,0.003433237042348336409418296,-0.2443236122170810676642540177
2019-09-19,86160.4080086929380,806.8091526929380,-0.0010366878188554620138876293,-0.2451070127232923161944281568
2019-09-20,86231.8061856929380,806.8091526929380,0.000828665725361890814475995,-0.2444814587784200586080065570
2019-09-23,86250.5382516929380,806.8091526929380,0.000217229196842544063369468,-0.2443173380925108442778164443
2019-09-24,85438.6516126929380,806.8091526929380,-0.0094131196796799603971830514,-0.2514306694289051684099589877
2019-09-25,85006.0607756929380,806.8091526929380,-0.0050631749077806540993255146,-0.2552208068801868974573227557
2019-09-26,84925.3288186929380,806.8091526929380,-0.0009497200112945935167622587,-0.2559281385838886246031000544
2019-09-27,83705.6127866929380,806.8091526929380,-0.0143622173616068232557371043,-0.2666146603902022055533818913
2019-09-30,84606.2721256929380,806.8091526929380,0.010759844041703042305106605,-0.2587235485135293605698998417
2019-10-01,83593.6578346929380,806.8091526929380,-0.0119685487323639309652244438,-0.2675955518472989917110938180
2019-10-02,82355.8399233262795,791.9504583262795,-0.0148075576955186284352058745,-0.2784406729697745938342997269
2019-10-03,83617.0680263262795,791.9504583262795,0.015314373627592287361219097,-0.2673904438411596711724806040
2019-10-04,84685.4782023262795,791.9504583262795,0.012777417352921512860016069,-0.2580295857853795771593514361
2019-10-07,84442.2194793262795,791.9504583262795,-0.0028724963023627086366029144,-0.2601608930566736016356343601
2019-10-08,83459.2677173262795,791.9504583262795,-0.0116405249419178632452038833,-0.2687730086340536299729262044
2019-10-09,84516.9130993262795,791.9504583262795,0.012672593600775520599050882,-0.2595064661425552011517915844
2019-10-10,84911.8254583262795,791.9504583262795,0.004672583800308580076314167,-0.2560464480520196515241113098
2019-10-11,85087.6254153262795,791.9504583262795,0.002070382494441608034930922,-0.2545061796413888975458151829
2019-10-14,85110.6683733262795,791.9504583262795,0.000270814444374533245969263,-0.2543042891466438321791028886
2019-10-15,85180.4864153262795,791.9504583262795,0.000820320687575295845529410,-0.2536925795283946580467773268
2019-10-16,84077.3042863262795,791.9504583262795,-0.0129511132822259584796224242,-0.2633580914742882591848705580
2019-10-17,84863.6663293262795,791.9504583262795,0.009352845570809864752227993,-0.2564683934628606305819618551
2019-10-18,85280.1168793262795,791.9504583262795,0.004907289161699669184062518,-0.2528196688687197836579998082
2019-10-21,85589.1424533262795,791.9504583262795,0.003623653265359377043688739,-0.2501121464220036194999178801
2019-10-22,83632.5385163262795,791.9504583262795,-0.0228604222558600929888039650,-0.2672548993993372026202630944
2019-10-23,82996.7459143262795,791.9504583262795,-0.0076022157557238813306228674,-0.2728253857480530418003758977
2019-10-24,83989.3079903262795,791.9504583262795,0.011959048093579188560179953,-0.2641290695637841136905535347
2019-10-25,83325.7398643262795,791.9504583262795,-0.0079006261853762201433105121,-0.2699429107058456438611496835
2019-10-28,83807.2329083262795,791.9504583262795,0.005778443069140254498642281,-0.2657243173781371297286637916
2019-10-29,83703.4944623262795,791.9504583262795,-0.0012378221115291535550522644,-0.2666332200540446346293433631
2019-10-30,84615.3746043262795,791.9504583262795,0.010894170522479487822855845,-0.2586437972977917064941235283
2019-10-31,84552.3671363262795,791.9504583262795,-0.0007446338008267649512063507,-0.2591958361847763494488619411
2019-11-01,84430.6539133262795,791.9504583262795,-0.0014395010704284384461078838,-0.2602622245715662081609348550
2019-11-04,83332.0681657489565,1535.0753127489565,-0.0130116929889598491249033266,-0.2698874653977771154824323863
2019-11-05,82465.4602657489565,1535.0753127489565,-0.0103994526846051818773484355,-0.2774802361558100960055610247
2019-11-06,82732.2906297489565,1535.0753127489565,0.003235662095865665145590609,-0.2751424063424256390706642565
2019-11-07,82426.5020587489565,1535.0753127489565,-0.0036961211719435246972011562,-0.2778215678409874360321716912
2019-11-08,82634.0706397489565,1535.0753127489565,0.002518226247815985636632990,-0.2760029591575180144882572529
2019-11-11,83643.3918087489565,1535.0753127489565,0.012214346469753754010247554,-0.2671598084575914801903834060
2019-11-12,84005.0193367489565,1535.0753127489565,0.004323444090202166762498973,-0.2639914148624048301620936151
2019-11-13,84840.3271457489565,1535.0753127489565,0.009943546416572099344564534,-0.2566728793330935948150419014
2019-11-14,85842.0387937489565,1535.0753127489565,0.011807022458543079369499385,-0.2478963993253352693276154765
2019-11-15,86415.8321537489565,1535.0753127489565,0.006684293244463152334143947,-0.2428691183082091954882464387
2019-11-18,87252.0860377489565,1535.0753127489565,0.009677091143578381965001877,-0.2355422937584598749909804022
2019-11-19,87775.1390127489565,1535.0753127489565,0.005994733177768438430724882,-0.2309595737838529557478723130
2019-11-20,87620.4797607489565,1535.0753127489565,-0.0017619938144163624452561302,-0.2323146182578819298191191178
2019-11-21,86169.4539237489565,1535.0753127489565,-0.0165603502852538708584170192,-0.2450277570884002415459997872
2019-11-22,85648.9039157489565,1535.0753127489565,-0.0060410039091188027239662894,-0.2495885473591054059872406954
2019-11-25,86933.0518097489565,1535.0753127489565,0.014993162028823971247699756,-0.2383375068613753073794174119
2019-11-26,87391.8288717489565,1535.0753127489565,0.005277360594725506244417925,-0.2343179392336051431523151898
2019-11-27,88006.6512207489565,1535.0753127489565,0.007035238384841180794226609,-0.2289311834091171045541196295
2019-11-29,87434.8552407489565,1535.0753127489565,-0.0064971905199045918989619189,-0.2339409644144654414092801381
2019-12-02,86077.4983077489565,1535.0753127489565,-0.0155242086152320258939593342,-0.2458334246944787341056917727
2019-12-03,85674.2130563964920,614.0216413964920,-0.0046851414049072049188147140,-0.2493668017426396993650585055
2019-12-04,86263.5115583964920,614.0216413964920,0.006878364924251879005604035,-0.2442036726807672656047905886
2019-12-05,86223.7029543964920,614.0216413964920,-0.0004614767388996375055826614,-0.2445524551051708681343601215
2019-12-06,86707.5019913964920,614.0216413964920,0.005610974945669871552868189,-0.2403136578579981663953967546
2019-12-09,86017.5247753964920,614.0216413964920,-0.0079575261673258980525214266,-0.2463588818045532411154985695
2019-12-10,86190.7125923964920,614.0216413964920,0.002013401541746487698743594,-0.2448414996152549816479767907
2019-12-11,87050.2850573964920,614.0216413964920,0.009972912848104577831554742,-0.2373103697044125722727995356
2019-12-12,88462.4586743964920,614.0216413964920,0.016222504223494330502378498,-0.2249376339557270757401264299
2019-12-13,88513.7392723964920,614.0216413964920,0.000579687686374944022617386,-0.2244883398459585811938057820
2019-12-16,88859.1423333964920,614.0216413964920,0.003902253636997978340825816,-0.2214620966495881329072831078
2019-12-17,89510.8458443964920,614.0216413964920,0.007334118852451113051279893,-0.2157522071352781146617564396
2019-12-18,89078.1787113964920,614.0216413964920,-0.0048336838839858375253347660,-0.2195430130526997841415602911
2019-12-19,89822.0048003964920,614.0216413964920,0.008350261531613873367811176,-0.2130259930975144722657604638
2019-12-20,90691.2683423964920,614.0216413964920,0.009677623472462984924537737,-0.2054099549760967312062203729
2019-12-23,90601.5581233964920,614.0216413964920,-0.0009891825380730961774193678,-0.2061959495735610916072190307
2019-12-24,91040.6920243964920,614.0216413964920,0.004846869194036523569197625,-0.2023484851754477697418419672
2019-12-26,91433.8191773964920,614.0216413964920,0.004318147679442642468970458,-0.1989041081377042210006384629
2019-12-27,90668.7556183964920,614.0216413964920,-0.0083674024106512729737135965,-0.2056071998344356261936934511
2019-12-30,90245.6338793964920,614.0216413964920,-0.0046666763662316054281661631,-0.2093143739404728120286013942
2019-12-31,90441.4292733964920,614.0216413964920,0.002169583010095084731906993,-0.2075989158398476664621689881
2020-01-02,92331.2479443964920,614.0216413964920,0.020895497629601189179272251,-0.1910413008640857909630097395
2020-01-03,91527.9462965315775,541.6922625315775,-0.0087002143450793271844255060,-0.1980794149428847832850816629
2020-01-06,90877.2319065315775,541.6922625315775,-0.0071094612774531205171113639,-0.2037806382899408954218271655
2020-01-07,91185.8319395315775,541.6922625315775,0.003395790414450554272816260,-0.2010768442136459380316096807
2020-01-08,91094.3556955315775,541.6922625315775,-0.0010031848375377109527478366,-0.2018783118098885869693599169
2020-01-09,91881.4756025315775,541.6922625315775,0.008640709964850328732528830,-0.1949819737855811243529934781
2020-01-10,91258.8055125315775,541.6922625315775,-0.0067768838704071029663955948,-0.2004374874628205820192630290
2020-01-13,92107.9011065315775,541.6922625315775,0.009304259344961544044519794,-0.1929981504836655986999598678
2020-01-14,91975.5841775315775,541.6922625315775,-0.0014365426571490630818725166,-0.1941574430648940020684696574
2020-01-15,91737.0118345315775,541.6922625315775,-0.0025938660257868748364609507,-0.1962476906954611988764795601
2020-01-16,92874.0196395315775,541.6922625315775,0.012394210169509885550689817,-0.1862858156497118290608913975
2020-01-17,93314.9692835315775,541.6922625315775,0.004747825556721257341251040,-0.1824224426493869382977994537
2020-01-21,92887.9287385315775,541.6922625315775,-0.0045763348397239950186860806,-0.1861639513092669914689870680
2020-01-22,93322.7565665315775,541.6922625315775,0.004681209215289840178418634,-0.1823542144984008610387909786
2020-01-23,93596.1960985315775,541.6922625315775,0.002930041311039282572374385,-0.1799584785690840114753270290
2020-01-24,92271.7792545315775,541.6922625315775,-0.0141503276757716295645638505,-0.1915623348050697758704537066
2020-01-27,90880.8155915315775,541.6922625315775,-0.0150746379254596210677962027,-0.2037492398931872985277692781
2020-01-28,92649.3228155315775,541.6922625315775,0.019459631964007070213460063,-0.1882544931504478403651973744
2020-01-29,91583.5388565315775,541.6922625315775,-0.0115034187688777554656472951,-0.1975923416494931652860871231
2020-01-30,93111.3070565315775,541.6922625315775,0.016681689952965191072011480,-0.1842068258770051898193791711
2020-01-31,90622.0554845315775,541.6922625315775,-0.0267341491671755437227323562,-0.2060163622835729448502799343
2020-02-03,92045.9893475315775,541.6922625315775,0.015712884191233706140814404,-0.1935405893344002679825727244
2020-02-04,94129.6358104914420,420.6434894914420,0.022637015232600595842614994,-0.1752847553706889874211956075
2020-02-05,93753.6197044914420,420.6434894914420,-0.0039946622842249457883854520,-0.1785792142536350459049466482
2020-02-06,92816.9205384914420,420.6434894914420,-0.0099910720135654205523250608,-0.1867860884774664703086577606
2020-02-07,91471.4640304914420,420.6434894914420,-0.0144958106797136772489539816,-0.1985742833810065452646795913
2020-02-10,92623.8198454914420,420.6434894914420,0.012597981536797851804948234,-0.1884779369999254784204827770
2020-02-11,93561.8858734914420,420.6434894914420,0.010127697492554463154670212,-0.1802590870373269986093333010
2020-02-12,94669.4163964914420,420.6434894914420,0.011837411277681318129824800,-0.1705554767094458733968473838
2020-02-13,95037.3807184914420,420.6434894914420,0.003886834164677888339693556,-0.1673315633986151831483137220
2020-02-14,95043.0956804914420,420.6434894914420,0.000060133833201150489105633,-0.1672814918537367327228832357
2020-02-18,94143.4135414914420,420.6434894914420,-0.0094660441409072165896785768,-0.1751640420087996664321117258
2020-02-19,95650.4728254914420,420.6434894914420,0.016008122366795207816521481,-0.1619599670607437799399943665
2020-02-20,93533.3531004914420,420.6434894914420,-0.0221339180294754853769930489,-0.1805090764552402128320283061
2020-02-21,90664.4359894914420,420.6434894914420,-0.0306726639845538282607138020,-0.2056450461915203212006843984
2020-02-24,87442.7445754914420,420.6434894914420,-0.0355342354346462109360128255,-0.2338718421388283539109709799
2020-02-25,84976.1239454914420,420.6434894914420,-0.0282084081643904325434981423,-0.2554830979220088303164333483
2020-02-26,85247.4844654914420,420.6434894914420,0.003193373707820166002963263,-0.2531055772218852522000717743
2020-02-27,82056.7800744914420,420.6434894914420,-0.0374287219265878891883259021,-0.2810608808805666806499670771
2020-02-28,83174.1933614914420,420.6434894914420,0.013617561961188437725520368,-0.2712706828796355624121156204
2020-03-02,86589.2907564914420,420.6434894914420,0.041059579383683511551218491,-0.2413493636341144829151224009
2020-03-03,84781.5292597122990,692.1926447122990,-0.0208774258454544322620512005,-0.2571880360374500734106117457
2020-03-04,88896.4865387122990,692.1926447122990,0.048536011498384286858806027,-0.2211349060134263356559554375
2020-03-05,85497.6455557122990,692.1926447122990,-0.0382336930888701190824839447,-0.2509137949745429729121475350
2020-03-06,83262.5512737122990,692.1926447122990,-0.0261421734770878505038435476,-0.2704965364956118673160205996
2020-03-09,76246.9359327122990,692.1926447122990,-0.0842589523582731501787110077,-0.3319637340722233627132071253
2020-03-10,80375.2053707122990,692.1926447122990,0.054143414256583187416424272,-0.2957939697876747837195455050
2020-03-11,76340.4037657122990,692.1926447122990,-0.0501995806591149353214535132,-0.3311448172019535324566077564
2020-03-12,67362.9444227122990,692.1926447122990,-0.1175977451016856728012331125,-0.4098006784985795767143374892
2020-03-13,73182.4076567122990,692.1926447122990,0.086389680318633633687911920,-0.3588135477897973923910868035
2020-03-16,62533.9094037122990,692.1926447122990,-0.1455062575004433936970373960,-0.4521101888108908751725365597
2020-03-17,65752.6825287122990,692.1926447122990,0.051472443602077417841534334,-0.4239089614043066107416504552
2020-03-18,59474.8740217122990,692.1926447122990,-0.0954760819721486220287234531,-0.4789118766286892683595446337
2020-03-19,60519.2734797122990,692.1926447122990,0.017560347544724928438940728,-0.4697613880808605513532952025
2020-03-20,56770.6768257122990,692.1926447122990,-0.0619405428793957880825330927,-0.5026046555587493109764733244
2020-03-23,57024.2149357122990,692.1926447122990,0.004466004708352688717697793,-0.5003832856085619780436661734
2020-03-24,64388.3065937122990,692.1926447122990,0.129139728908185694082250818,-0.4358629185540532338246853838
2020-03-25,65998.5927587122990,692.1926447122990,0.025008984553062450273902301,-0.4217544229983618177296918938
2020-03-26,70281.1066207122990,692.1926447122990,0.064887957197158218428818782,-0.3842332487484334626529906479
2020-03-27,66921.7501487122990,692.1926447122990,-0.0477988556743922385737469494,-0.4136661948205964779103199858
2020-03-30,68156.7701977122990,692.1926447122990,0.018454688442181515791718809,-0.4028455871228918311498988350
2020-03-31,65290.4794447122990,692.1926447122990,-0.0420543805800264850065813003,-0.4279585460670680064911029930
2020-04-01,61681.3931997122990,692.1926447122990,-0.0552773739095630155507913071,-0.4595794954078887551392245636
2020-04-02,62103.8287958250735,343.9472508250735,0.006848671442050775040252324,-0.4558783329313900931251856557
2020-04-03,60233.8043988250735,343.9472508250735,-0.0301112577639611213147472162,-0.4722625207034492415692240456
2020-04-06,65989.6004358250735,343.9472508250735,0.095557570942875278892003942,-0.4218332090863549187384236297
2020-04-07,66060.4286218250735,343.9472508250735,0.001073323456002441686242405,-0.4212126491081856441003473642
2020-04-08,69615.1498518250735,343.9472508250735,0.053810144804685533550899412,-0.3900680179455767769232285346
2020-04-09,70572.9308058250735,343.9472508250735,0.013758225846509331712664851,-0.3816764359854629454558422271
2020-04-13,69718.2356408250735,343.9472508250735,-0.0121108072917024675611388550,-0.3891648335131616582920132543
2020-04-14,72954.9358048250735,343.9472508250735,0.046425445713727697470112207,-0.3608065386513911247247341311
2020-04-15,71279.2110898250735,343.9472508250735,-0.0229693124462892252891570591,-0.3754883729787324174220662100
2020-04-16,71771.1672508250735,343.9472508250735,0.006901818264795939829932492,-0.3711781072247796032259965265
2020-04-17,73889.9806238250735,343.9472508250735,0.029521790632095959856036887,-0.3526141589613912515764748745
2020-04-20,72330.2803978250735,343.9472508250735,-0.0211084129787562903936231030,-0.3662794466506336771733074623
2020-04-21,69117.0010808250735,343.9472508250735,-0.0444250913908612651877802761,-0.3944325401494464481148521838
2020-04-22,72190.9780308250735,343.9472508250735,0.044474975793659027719776040,-0.3674999420311654937548741865
2020-04-23,71439.5177838250735,343.9472508250735,-0.0104093373922587862682415049,-0.3740838485351863326810557223
2020-04-24,72855.7891668250735,343.9472508250735,0.019824761237689429867619789,-0.3616752102775829486303178278
2020-04-27,74035.7971658250735,343.9472508250735,0.016196489153360476358971087,-0.3513365897445227139808264052
2020-04-28,73905.7162578250735,343.9472508250735,-0.0017570001672116168092662169,-0.3524762914648056451661928071
2020-04-29,76404.5337558250735,343.9472508250735,0.033810882628925571888071434,-0.3305829433560755772862588308
2020-04-30,73605.4729048250735,343.9472508250735,-0.0366347481413247927767479465,-0.3551068686277327010548453759
2020-05-01,71104.4098648250735,343.9472508250735,-0.0339793080771857569445550706,-0.3770198910154919987573437061
2020-05-04,71555.5082659058830,1059.3881389058830,0.006344169116070045359610443,-0.3730675998481465321076411838
2020-05-05,73372.5890579058830,1059.3881389058830,0.025394003005996200988272292,-0.3571472765941339520110517567
2020-05-06,73106.6878609058830,1059.3881389058830,-0.0036239854748774085251107787,-0.3594769655262421948352604803
2020-05-07,73246.5694789058830,1059.3881389058830,0.001913390171172045385719765,-0.3582513950476708134608953028
2020-05-08,73981.6982069058830,1059.3881389058830,0.010036357104911351391341015,-0.3518105768767905563642125579
2020-05-11,75717.1181789058830,1059.3881389058830,0.023457422768892398618615287,-0.3366057235442649541460416330
2020-05-12,74063.3779309058830,1059.3881389058830,-0.0218410352609103571666937609,-0.3510949413282207768456707550
2020-05-13,74054.1770309058830,1059.3881389058830,-0.0001242300885679771218973590,-0.3511755548611317803692888230
2020-05-14,74317.2479959058830,1059.3881389058830,0.003552412241246156349887982,-0.3488706629598007197038533294
2020-05-15,75068.1081099058830,1059.3881389058830,0.010103443470368610523233787,-0.3422920145111164760322272698
2020-05-18,75293.3480949058830,1059.3881389058830,0.003000475044212252436765668,-0.3403185781142779667565389376
2020-05-19,74694.5671359058830,1059.3881389058830,-0.0079526408925958186094512051,-0.3455647875660521140165250141
2020-05-20,74688.7776259058830,1059.3881389058830,-0.0000775091177577353773345255,-0.3456155122619974654506262477
2020-05-21,73469.3885049058830,1059.3881389058830,-0.0163262696185437846747615010,-0.3562991698430007540302802649
2020-05-22,73858.1270599058830,1059.3881389058830,0.005291163611277942927062921,-0.3528932434339246361101641767
2020-05-26,72004.4676519058830,1059.3881389058830,-0.0250975685654269027690758814,-0.3691340496259927281746124262
2020-05-27,72646.0992179058830,1059.3881389058830,0.008910996594015047663204393,-0.3635124052909298832908968179
2020-05-28,73623.1391619058830,1059.3881389058830,0.013449310486297634821962766,-0.3549520860090108275789990893
2020-05-29,75382.3382619058830,1059.3881389058830,0.023894649427149740050093180,-0.3395388922404819033600929037
2020-06-01,75223.9177609058830,1059.3881389058830,-0.0021015599230895318299337449,-0.3409268908353086232053623513
2020-06-02,75265.9450064450365,760.5852344450365,0.000558695249996606763689615,-0.3405586698198178150562364433
2020-06-03,75009.5299514450365,760.5852344450365,-0.0034067871595585909724366519,-0.3428052460759578968540736873
2020-06-04,74555.1853004450365,760.5852344450365,-0.0060571590209151441846686756,-0.3467859792081870168312521537
2020-06-05,76209.4704254450365,760.5852344450365,0.022188733329995830669330860,-0.3322919874934231265657394287
2020-06-08,76432.0907924450365,760.5852344450365,0.002921164072617290797362166,-0.3303415028362902175279118836
2020-06-09,77055.3717754450365,760.5852344450365,0.008154702776515024783672667,-0.3248806368301524345156920873
2020-06-10,77840.9391954450365,760.5852344450365,0.010194843031700665916865243,-0.3179979008949741228657931944
2020-06-11,73909.2466884450365,760.5852344450365,-0.0505093148623015083765560590,-0.3524453596554204326463315530
2020-06-12,74098.0101714450365,760.5852344450365,0.002553990081859557935059419,-0.3507915115265182432797022806
2020-06-15,75828.2643364450365,760.5852344450365,0.023350885685008363266792369,-0.3356319183264369011208006534
2020-06-16,76320.7074954450365,760.5852344450365,0.006494190039944234975141003,-0.3313173857475755896153378723
2020-06-17,76649.5990454450365,760.5852344450365,0.004309335707083544355966724,-0.3284358078812716453339949619
2020-06-18,76474.3519084450365,760.5852344450365,-0.0022863412096402114285874664,-0.3299712327686314300627691355
2020-06-19,77767.5546534450365,760.5852344450365,0.016910280541484288977700057,-0.3186408583438841121430484739
2020-06-22,77727.0077614450365,760.5852344450365,-0.0005213857138840073735697827,-0.3189961092663678806313225831
2020-06-23,78010.2999724450365,760.5852344450365,0.003644707536786480619532837,-0.3165140492532300947153194534
2020-06-24,76310.7999394450365,760.5852344450365,-0.0217855851547847015556437330,-0.3314041906353228328661550023
2020-06-25,77079.7030954450365,760.5852344450365,0.010075941499894487670870256,-0.3246674583730897386648211106
2020-06-26,75811.3836354450365,760.5852344450365,-0.0164546490070088285749019246,-0.3357798183085717259849055827
2020-06-29,76586.1843884450365,760.5852344450365,0.010220110962831019929946304,-0.3289914143479335479713490446
2020-06-30,78525.8290624450365,760.5852344450365,0.025326299899759002368210015,-0.3119972496723961874325953623
2020-07-01,77975.8405534450365,760.5852344450365,-0.0070039185267644872867647837,-0.3168159648818806137005090979
2020-07-02,78723.8405801896735,748.4360471896735,0.009592715146583818982454251,-0.3102623750402987781563060972
2020-07-06,80089.9888631896735,748.4360471896735,0.017353679303900501685972898,-0.2982928894929141249595782216
2020-07-07,80153.9660211896735,748.4360471896735,0.000798815918295185014888210,-0.2977323546830601462869407767
2020-07-08,81134.1838731896735,748.4360471896735,0.012229187158884533760099208,-0.2891441922128501471471464242
2020-07-09,82257.4682531896735,748.4360471896735,0.013844773267894827393841972,-0.2793025547278708311883666482
2020-07-10,81356.3869081896735,748.4360471896735,-0.0109544016383589466405169829,-0.2871973640031209502377539860
2020-07-13,78425.7048241896735,748.4360471896735,-0.0360227659483853665128263703,-0.3128744865270286541719715811
2020-07-14,80158.8874281896735,748.4360471896735,0.022099675200692822749604332,-0.2976892358571667072626976456
2020-07-15,80548.5162031896735,748.4360471896735,0.004860705874305564381171714,-0.2942755098003096077476511401
2020-07-16,80017.1883801896735,748.4360471896735,-0.0065963700890490113476574225,-0.2989307297185722075965047457
2020-07-17,81328.3237741896735,748.4360471896735,0.016385671885524604485779621,-0.2874432386867165660968292945
2020-07-20,83446.1900511896735,748.4360471896735,0.026040943409584020613608008,-0.2688875883892408838376069152
2020-07-21,82609.5534561896735,748.4360471896735,-0.0100260610398961199891408720,-0.2762177660550760114917301499
2020-07-22,83423.5055931896735,748.4360471896735,0.009853002503295980853772733,-0.2690863378921755181852648694
2020-07-23,82399.7037111896735,748.4360471896735,-0.0122723430850834283728474176,-0.2780563611191374834265792453
2020-07-24,82677.4182431896735,748.4360471896735,0.003370334109129655301575141,-0.2756231698481481300794129144
2020-07-27,84095.3206561896735,748.4360471896735,0.017149814824035048268651262,-0.2632002413482223825558487988
2020-07-28,82628.6591761896735,748.4360471896735,-0.0174404648029848402413016070,-0.2760503716058364351197165215
2020-07-29,84812.3968931896735,748.4360471896735,0.026428332963065522388402770,-0.2569175897781479265124416530
2020-07-30,86123.3049711896735,748.4360471896735,0.015456562083145939651585817,-0.2454320903716601509472916031
2020-07-31,87080.0762241896735,748.4360471896735,0.011109318822821106348369605,-0.2370493548901292595367258987
2020-08-03,88696.1890691896735,748.4360471896735,0.018558927771713015527795090,-0.2228898089741533184484170890
2020-08-04,89401.3127547906855,660.7194667906855,0.007949875783850901307042624,-0.2167118794851331919104192114
2020-08-05,89600.8693267906855,660.7194667906855,0.002232143643654790760468177,-0.2149634678857756242536527340
2020-08-06,89970.9780407906855,660.7194667906855,0.004130637534889824879056965,-0.2117207665199648676346533138
2020-08-07,88802.6417567906855,660.7194667906855,-0.0129857017167280800846261202,-0.2219571255154276549157714405
2020-08-10,87283.8519587906855,660.7194667906855,-0.0171029799108860299453012043,-0.2352639771675453166242101463
2020-08-11,84586.2028697906855,660.7194667906855,-0.0309066227997549963662004075,-0.2588993849666128180169077144
2020-08-12,87534.5907027906855,660.7194667906855,0.034856604658547619147616687,-0.2330671338161875486567755801
2020-08-13,87966.1726377906855,660.7194667906855,0.004930415868000862885490137,-0.2292858358430634973666948296
2020-08-14,87509.0816257906855,660.7194667906855,-0.0051962134794941792273178289,-0.2332906311716928604231511102
2020-08-17,89731.5323017906855,660.7194667906855,0.025396800363003685198445576,-0.2138186663951157832998960879
2020-08-18,89156.6734417906855,660.7194667906855,-0.0064064308861526941416714693,-0.2188552827728388285501504794
2020-08-19,88625.7562067906855,660.7194667906855,-0.0059548793657788213219078878,-0.2235069053311419827888186363
2020-08-20,89234.0557517906855,660.7194667906855,0.006863688063554044495592134,-0.2181772989458312013532778194
2020-08-21,89708.1928797906855,660.7194667906855,0.005313410042897051148329430,-0.2140231543542850819208145910
2020-08-24,89435.1177377906855,660.7194667906855,-0.0030440379326994326282081719,-0.2164156976866540850155666550
2020-08-25,90503.6845147906855,660.7194667906855,0.011947955166032935001687252,-0.2070534675738070305895646037
2020-08-26,90702.4144077906855,660.7194667906855,0.002195821021712351410992156,-0.2053122989088116813551156235
2020-08-27,90146.0885707906855,660.7194667906855,-0.0061335284251508922240369724,-0.2101865385125723006191844574
2020-08-28,90665.5843277906855,660.7194667906855,0.005762820830457285598123866,-0.2056349850445369791689311560
2020-08-31,92951.7431317906855,660.7194667906855,0.025215287817863319791805270,-0.1856048425599936786228467477
2020-09-01,93556.1192967906855,660.7194667906855,0.006502042292451593824634499,-0.1803096108035509832445930066
2020-09-02,95673.7972956408595,354.8115336408595,0.022635376657000971207644723,-0.1617556101019656400938647719
2020-09-03,88706.5648016408595,354.8115336408595,-0.0728227862898616730982306350,-0.2227989021661856794270060554
2020-09-04,86944.6838146408595,354.8115336408595,-0.0198619007616830790797022847,-0.2382355932432320413429794290
2020-09-08,83106.0648096408595,354.8115336408595,-0.0441501289852710254450286395,-0.2718675900579318097767502652
2020-09-09,86391.0566366408595,354.8115336408595,0.039527702755803195862229523,-0.2430861885908750986448441729
2020-09-10,84532.0499356408595,354.8115336408595,-0.0215185086671522819096686563,-0.2593738450019696205981965764
2020-09-11,83531.8686346408595,354.8115336408595,-0.0118319773596108918839660983,-0.2681369168998419832440142087
2020-09-14,85636.8750656408595,354.8115336408595,0.025200040001583885972242609,-0.2496939379300354895445181297
2020-09-15,87151.1634386408595,354.8115336408595,0.017682667330391195593960563,-0.2364265254384764594956238665
2020-09-16,85602.3094186408595,354.8115336408595,-0.0177720406577300272037030137,-0.2499967842735480405137861687
2020-09-17,84718.0108206408595,354.8115336408595,-0.0103303123946727785133773060,-0.2577445517890114489530168306
2020-09-18,83878.7889296408595,354.8115336408595,-0.0099060622749599588141451159,-0.2650973804829178180906466459
2020-09-21,85038.5925506408595,354.8115336408595,0.013827138371929351190603365,-0.2549357802729617749387816916
2020-09-22,86521.6967536408595,354.8115336408595,0.017440366291537631705295531,-0.2419415873702035501101490166
2020-09-23,83838.1895636408595,354.8115336408595,-0.0310154249244664425228949243,-0.2654530911554832059855981817
2020-09-24,84131.1654346408595,354.8115336408595,0.003494539571105653446131191,-0.2628861879156927047502763614
2020-09-25,86423.3114916408595,354.8115336408595,0.027244910315437195758527308,-0.2428035882131857262401022610
2020-09-28,87831.6130516408595,354.8115336408595,0.016295389932335738534465668,-0.2304647774277541267795253639
2020-09-29,88570.8145006408595,354.8115336408595,0.008416120612123840853682816,-0.2239882761793085407278802456
2020-09-30,88850.2015526408595,354.8115336408595,0.003154391811514598615787469,-0.2215404311520492233974816558
2020-10-01,90506.5507876408595,354.8115336408595,0.018642042517131116006109165,-0.2070283547717181678021495338
2020-10-02,87695.9787839127495,855.1999299127495,-0.0310537964298591769241860001,-0.2316531348172877439917746670
2020-10-05,90890.2441779127495,855.1999299127495,0.036424308597670466695332996,-0.2036666314898199270059084797
2020-10-06,89175.5526619127495,855.1999299127495,-0.0188655177627599268419423839,-0.2186898727985271757526622516
2020-10-07,91803.5270389127495,855.1999299127495,0.029469673005148851944263779,-0.1956649188342885163361924529
2020-10-08,91280.3249919127495,855.1999299127495,-0.0056991497372233902724939467,-0.2002489449007536352246909705
2020-10-09,92324.1091309127495,855.1999299127495,0.011434930135190438294925921,-0.1911038474601489143250342798
2020-10-12,94296.5284119127495,855.1999299127495,0.021364075966367247310407232,-0.1738225286083853469519277194
2020-10-13,95262.6019919127495,855.1999299127495,0.010245059879404353215236243,-0.1653582909429633778560434602
2020-10-14,93586.3219649127495,855.1999299127495,-0.0175964123585696997300687733,-0.1800449906271923527571498869
2020-10-15,93310.3710439127495,855.1999299127495,-0.0029486244913381586484189116,-0.1824627300496244228129760680
2020-10-16,92913.8500789127495,855.1999299127495,-0.0042494843881115150272063355,-0.1859368419149778530538695245
2020-10-19,91410.8339399127495,855.1999299127495,-0.0161764488041715196143184070,-0.1991054929151024002920553365
2020-10-20,91176.2476249127495,855.1999299127495,-0.0025662856894424686145637268,-0.2011608170273874527931778390
2020-10-21,89528.8985029127495,855.1999299127495,-0.0180677442306792499974633484,-0.2155940390667813989040072731
2020-10-22,89124.9853169127495,855.1999299127495,-0.0045115397682108086563347348,-0.2191329177539532285817344610
2020-10-23,90191.8107869127495,855.1999299127495,0.011969993220268778020756609,-0.2097859440735369864472148524
2020-10-26,89983.3825659127495,855.1999299127495,-0.0023109439668800163682490615,-0.2116120844786240339917426041
2020-10-27,90021.9604149127495,855.1999299127495,0.000428721925092577611718643,-0.2112740852937619852386200009
2020-10-28,86530.8166199127495,855.1999299127495,-0.0387810238625026466962496363,-0.2418616838129588288846061498
2020-10-29,86714.3039139127495,855.1999299127495,0.002120484945912036087887013,-0.2402540629265651087731883122
2020-10-30,82847.5113849127495,855.1999299127495,-0.0445923262307315614111682050,-0.2741329016050165697192936163
2020-11-02,83157.6586289127495,855.1999299127495,0.003743591555321968350214405,-0.2714155516651790494631846823
2020-11-03,84603.2318688315550,604.8269268315550,0.017383525026475432720787727,-0.2587501856736498925557033958
2020-11-04,88928.5174708315550,604.8269268315550,0.051124354311971226545225963,-0.2208542675323466843829706897
2020-11-05,91662.3355058315550,604.8269268315550,0.030741747560299641483582410,-0.1969019661121413259054714582
2020-11-06,92416.9090438315550,604.8269268315550,0.008232100282367276736450379,-0.1902907825606044797331456953
2020-11-09,86643.1419988315550,604.8269268315550,-0.0624752234708652050492132437,-0.2408775468665501005468574013
2020-11-10,84665.2506818315550,604.8269268315550,-0.0228280192912056823262562757,-0.2582068088710678763210296095
2020-11-11,87923.4648718315550,604.8269268315550,0.038483488370503167267744551,-0.2296600192269391837156986947
2020-11-12,87340.7352498315550,604.8269268315550,-0.0066276917413282215893718519,-0.2347655951555237398959228926
2020-11-13,87116.1851708315550,604.8269268315550,-0.0025709662090397054037060181,-0.2367329869523734982019272541
2020-11-16,87644.4660758315550,604.8269268315550,0.006064095942264471986620741,-0.2321044625556870625363791204
2020-11-17,87290.6399058315550,604.8269268315550,-0.0040370623023005615435510594,-0.2352045046820083275885246207
2020-11-18,86213.8588598315550,604.8269268315550,-0.0123355842867187454513649850,-0.2446387039766062255192867133
2020-11-19,87264.7727848315550,604.8269268315550,0.012189617062711456505220725,-0.2354311390340876253068842292
2020-11-20,87183.8342898315550,604.8269268315550,-0.0009275047927938775936024706,-0.2361402803170544648705511941
2020-11-23,87226.7124528315550,604.8269268315550,0.000491813228326905275402811,-0.2357646040023283105183389248
2020-11-24,86519.6194548315550,604.8269268315550,-0.0081063813838262608424229318,-0.2419597875893049267954056781
2020-11-25,87994.4637428315550,604.8269268315550,0.017046356621690383433981791,-0.2290379637949702900581320804
2020-11-27,89719.6200998315550,604.8269268315550,0.019605282919182962715828841,-0.2139230349552213041959762472
2020-11-30,90829.1003598315550,604.8269268315550,0.012366082900991719701165537,-0.2042023420389176006186424867
2020-12-01,91223.6925378315550,604.8269268315550,0.004344336522510634077203298,-0.2007451292089088448936451623
2020-12-02,90665.5465239001965,895.7701969001965,-0.0061184325957852306925501648,-0.2056353162626971699083794655
2020-12-03,90104.3106289001965,895.7701969001965,-0.0061901782597433913137236195,-0.2105525752582757565603309069
2020-12-04,90316.1049789001965,895.7701969001965,0.002350546256019728664553930,-0.2086969425697246801295036667
2020-12-07,90788.9444909001965,895.7701969001965,0.005235384233082965419789181,-0.2045541670192638724326644732
2020-12-08,91385.4809719001965,895.7701969001965,0.006570585045845433667281284,-0.1993276225243005831720788069
2020-12-09,89111.3949139001965,895.7701969001965,-0.0248845443916769536683091862,-0.2192519898447841519369520363
2020-12-10,90067.2690719001965,895.7701969001965,0.010726733196395024681260332,-0.2108771142462328382531326449
2020-12-11,90413.0226319001965,895.7701969001965,0.003838836944461887362896844,-0.2078478001586808996967423915
2020-12-14,91391.3954879001965,895.7701969001965,0.010821149736175319472839791,-0.1992758025903573105665189768
2020-12-15,92350.6976799001965,895.7701969001965,0.010496635781505352222871831,-0.1908708923287100998451182031
2020-12-16,93649.9836049001965,895.7701969001965,0.014069042872891960806249587,-0.1794872202231779067050600790
2020-12-17,94998.8826049001965,895.7701969001965,0.014403622382795798161917696,-0.1676688639830144724752686159
2020-12-18,95118.1424849001965,895.7701969001965,0.001255381923764315748814995,-0.1666239705202725308275745912
2020-12-21,94477.8297289001965,895.7701969001965,-0.0067317626193304636153984536,-0.1722340601233702026785452784
2020-12-22,95985.7418939001965,895.7701969001965,0.015960486913457737820637013,-0.1590225126725632081865336804
2020-12-23,94455.1928679001965,895.7701969001965,-0.0159455872903688516384051352,-0.1724323926059779162864154239
2020-12-24,94511.5345509001965,895.7701969001965,0.000596491111704110949681820,-0.1719387558838331448249744563
2020-12-28,93265.5911599001965,895.7701969001965,-0.0131829770505840626010604110,-0.1828550682614946596147933001
2020-12-29,93084.9493299001965,895.7701969001965,-0.0019368539646127012744349094,-0.1844377586621955588358277663
2020-12-30,93830.0589069001965,895.7701969001965,0.008004619246869593682111155,-0.1779094934481628648462649912
2020-12-31,93770.8817409001965,895.7701969001965,-0.0006306845235887212350212959,-0.1784279732076343207629395914
2021-01-04,92158.3645459001965,895.7701969001965,-0.0171963531222365138347327501,-0.1925560158957073991074192859
2021-01-05,93897.8248710653220,755.9007610653220,0.018874687433268996846584364,-0.1773157630758654559064796380
2021-01-06,93670.3499110653220,755.9007610653220,-0.0024225796530681570898760919,-0.1793087811691377673211107140
2021-01-07,96881.1768870653220,755.9007610653220,0.034277943650776343646457375,-0.1511771738153665144149878595
2021-01-08,98501.4997010653220,755.9007610653220,0.016724846518832189210539156,-0.1369807423257471466408849607
2021-01-11,97402.1848070653220,755.9007610653220,-0.0111603873782249692366608162,-0.1466123715562599606047170740
2021-01-12,99145.3405380653220,755.9007610653220,0.017896474647389589601396252,-0.1313397414994206399778187223
2021-01-13,99215.6705490653220,755.9007610653220,0.000709362745826647079449029,-0.1307235462732601839531801022
2021-01-14,99567.6644350653220,755.9007610653220,0.003547765025948474204198416,-0.1276395576728479392338573700
2021-01-15,97567.8491600653220,755.9007610653220,-0.0200849872932814667207878880,-0.1451609060721501881562710035
2021-01-19,99995.2791030653220,755.9007610653220,0.024879404064936085422749215,-0.1238930188438153614100824898
2021-01-20,99911.7408580653220,755.9007610653220,-0.0008354218894063686142871228,-0.1246249377933349709647857741
2021-01-21,99871.1967790653220,755.9007610653220,-0.0004057989446665426693343833,-0.1249801640697658447739619758
2021-01-22,100046.1024650653220,755.9007610653220,0.001751312607046510986697811,-0.1234477307996854560895033488
2021-01-25,99751.1229370653220,755.9007610653220,-0.0029484359783331155904517357,-0.1260321890470851980064021895
2021-01-26,98180.6417180653220,755.9007610653220,-0.0157439953832985246680518998,-0.1397919342278794064300345170
2021-01-27,94452.7808430653220,755.9007610653220,-0.0379694083249617873750369333,-0.1724535255216066388402263509
2021-01-28,96208.6795040653220,755.9007610653220,0.018590227257760164082870301,-0.1570692484946950846132216631
2021-01-29,94187.4428100653220,755.9007610653220,-0.0210088809494011622317404176,-0.1747782803016592901040035030
2021-02-01,96670.9154190653220,755.9007610653220,0.026367342980189756278423460,-0.1530193761836711274668749187
2021-02-02,98768.6325361470025,938.3016811470025,0.021699568148166839909682447,-0.1346402624169918370913820666
2021-02-03,98412.3136491470025,938.3016811470025,-0.0036076118282754967395574303,-0.1377621444420096772579601398
2021-02-04,100808.1881221470025,938.3016811470025,0.024345271279177638311097265,-0.1167707299412740184583229673
2021-02-05,101897.9773391470025,938.3016811470025,0.010810522808717949016772543,-0.1072225597719768561494210876
2021-02-08,104016.4374331470025,938.3016811470025,0.020790011237898569926715872,-0.0886617067566939361874322060
2021-02-09,103931.0252761470025,938.3016811470025,-0.0008211409572154952370857261,-0.0894100439551548802240829282
2021-02-10,103116.3840061470025,938.3016811470025,-0.0078382876319701491032020531,-0.0965475099454174314369749159
2021-02-11,103977.9832181470025,938.3016811470025,0.008355599551945480445330514,-0.0889986227243133326989655086
2021-02-12,105877.9922271470025,938.3016811470025,0.018273185824481316263500800,-0.0723517252709962995712200243
2021-02-16,105538.3727811470025,938.3016811470025,-0.0032076490954927830789138697,-0.0753272954203662290341221492
2021-02-17,103899.1971251470025,938.3016811470025,-0.0155315608228973611517078639,-0.0896889057728178142534983043
2021-02-18,101658.9721221470025,938.3016811470025,-0.0215615237170855125807573861,-0.1093166000209232677885108463
2021-02-19,104441.9950741470025,938.3016811470025,0.027376068180741541744950878,-0.0849331905356413736714182517
2021-02-22,99920.7415541470025,938.3016811470025,-0.0432896127347070014924135461,-0.1245460783437373781808241755
2021-02-23,98781.6056471470025,938.3016811470025,-0.0114003948457758671835395357,-0.1345265987199017044050917779
2021-02-24,101202.9124111470025,938.3016811470025,0.024511717015909144288819284,-0.1133123596229275560321867644
2021-02-25,95866.4951931470025,938.3016811470025,-0.0527298779339498526017277558,-0.1600672906655526106566395455
2021-02-26,98072.9594311470025,938.3016811470025,0.023016010270893147878909889,-0.1407353908006518605609689746
2021-03-01,101604.6546161470025,938.3016811470025,0.036010896433480812436451592,-0.1097925019498187705502130221
2021-03-02,98805.6900384373285,1361.5700814373285,-0.0275476019113878548932916261,-0.1343155837246377430946639618
2021-03-03,93733.1498994373285,1361.5700814373285,-0.0513385427198239652874934914,-0.1787585601114763010969337729
2021-03-04,88977.4213464373285,1361.5700814373285,-0.0507368903968578591662685136,-0.2204257970364580599633550720
2021-03-05,89763.4514064373285,1361.5700814373285,0.008834039558637678826881748,-0.2135390076885846916700662213
2021-03-08,84695.4693434373285,1361.5700814373285,-0.0564593048016038397127680939,-0.2579420485680667024544639819
2021-03-09,90577.2295244373285,1361.5700814373285,0.069445983670621823855854873,-0.2064091041902695802199602635
2021-03-10,90775.8301144373285,1361.5700814373285,0.002192610560542906155673970,-0.2046690684113664601683753931
2021-03-11,95988.4807944373285,1361.5700814373285,0.057423332548197325539377614,-0.1589985158408847793686581822
2021-03-12,94976.2898284373285,1361.5700814373285,-0.0105449211991139038073416070,-0.1678668102196804894188028461
2021-03-15,96877.3895724373285,1361.5700814373285,0.020016572003750584143006199,-0.1512103563097320742057903169
2021-03-16,94758.2991174373285,1361.5700814373285,-0.0218739425613394551377142805,-0.1697767322224727768947028048
2021-03-17,95747.5513084373285,1361.5700814373285,0.010439741956258465492585952,-0.1611094155407937190038558234
2021-03-18,91425.9397614373285,1361.5700814373285,-0.0451354785364539880466189894,-0.1989731435100855655651193710
2021-03-19,92686.1311194373285,1361.5700814373285,0.013783739727349653420213289,-0.1879319978056115224203141722
2021-03-22,94101.4281134373285,1361.5700814373285,0.015269781755980493567992939,-0.1755318966410881218290611852
2021-03-23,91587.3215094373285,1361.5700814373285,-0.0267169867068254947460276922,-0.1975591999987297985123698472
2021-03-24,88532.0501364373285,1361.5700814373285,-0.0333591082547946239145386672,-0.2243279095140361731509826423
2021-03-25,88785.4490904373285,1361.5700814373285,0.002862228465391744510889510,-0.2221077587768373265191169857
2021-03-26,91453.0505284373285,1361.5700814373285,0.030045480034490415790774443,-0.1987356129741817900360962931
2021-03-29,88865.3001134373285,1361.5700814373285,-0.0282959442035816939694655291,-0.2214081453617814298875366632
2021-03-30,90169.2102174373285,1361.5700814373285,0.014672882467459710500013867,-0.2099839585885533731512172305
2021-03-31,92889.4598004373285,1361.5700814373285,0.030168275583653120079888548,-0.1861505369357461356816675062
2021-04-01,95163.7781924373285,1361.5700814373285,0.024484138425243510657908852,-0.1662241340247708383801667425
2021-04-05,94288.4131425474080,623.3924615474080,-0.0091985108884578293901594977,-0.1738936304064773396578710367
2021-04-06,95714.9723225474080,623.3924615474080,0.015129740043914990625901317,-0.1613948557859049826460893977
2021-04-07,94400.3051305474080,623.3924615474080,-0.0137352303417038773725019744,-0.1729132906074233763137818087
2021-04-08,95986.4689815474080,623.3924615474080,0.016802528856304790646218835,-0.1590161423061884330694683012
2021-04-09,95814.5106075474080,623.3924615474080,-0.0017914855690030388791434856,-0.1605227527510114017605347801
2021-04-12,95420.0883265474080,623.3924615474080,-0.0041165192881435116299859424,-0.1639784770312694830117684359
2021-04-13,96663.2566235474080,623.3924615474080,0.013028370847296004058943292,-0.1530864785937116676874770250
2021-04-14,96648.6847975474080,623.3924615474080,-0.0001507483454312904579381248,-0.1532141494057870534466472559
2021-04-15,96844.1993945474080,623.3924615474080,0.002022941102711844136393072,-0.1515011515034252094111978388
2021-04-16,97380.4589765474080,623.3924615474080,0.005537343334475362227702134,-0.1468027220603926807698744618
2021-04-19,94133.3430275474080,623.3924615474080,-0.0333446359066968265297282152,-0.1752522746498737031845759261
2021-04-20,92224.3786845474080,623.3924615474080,-0.0202793641615527888079054774,-0.1919776341136612368969573359
2021-04-21,94998.8620775474080,623.3924615474080,0.030084056217826020946011845,-0.1676690438330758351163909925
2021-04-22,94635.7073785474080,623.3924615474080,-0.0038227268312283303219589044,-0.1708508177116770674314317892
2021-04-23,97000.2884455474080,623.3924615474080,0.024986140353361140243934948,-0.1501335798691464097873349214
2021-04-26,98185.8254685474080,623.3924615474080,0.012221994820824881334290984,-0.1397465168839141345389706858
2021-04-27,98969.9291075474080,623.3924615474080,0.007985914822819081158195088,-0.1328766058417156402600686714
2021-04-28,98200.1553055474080,623.3924615474080,-0.0077778554449959422229352094,-0.1396209662544530148659090762
2021-04-29,97437.1762995474080,623.3924615474080,-0.0077696313577713729425115097,-0.1463057941746114509876592339
2021-04-30,96114.3311095474080,623.3924615474080,-0.0135763908626952335634682074,-0.1578958803901151201168979624
2021-05-03,96090.7635065474080,623.3924615474080,-0.0002452038393019512872936993,-0.1581023675533354534947448849
2021-05-04,95139.7888394662545,641.8406334662545,-0.0098966293156402720230830756,-0.1664343163433752525200154510
2021-05-05,96856.4545524662545,641.8406334662545,0.018043614915906625405803224,-0.1513937781403606746616186639
2021-05-06,94715.1697664662545,641.8406334662545,-0.0221078171392293286921186250,-0.1701546093164458551456757265
2021-05-07,97256.0772644662545,641.8406334662545,0.026826827257607935976366559,-0.1478924903700559780830439184
2021-05-10,93675.2602614662545,641.8406334662545,-0.0368184395640671913175825211,-0.1792657592154538742849904540
2021-05-11,93693.4964994662545,641.8406334662545,0.000194675071615483513792011,-0.1791059827183518632778566183
2021-05-12,89024.1506064662545,641.8406334662545,-0.0498363927855611616584884922,-0.2200163793989173120398857889
2021-05-13,89046.9165904662545,641.8406334662545,0.000255728179880509823208252,-0.2198169156072843870387845317
2021-05-14,92383.2621684662545,641.8406334662545,0.037467277989468346093516986,-0.1905855791016616682215427786
2021-05-17,92660.1844114662545,641.8406334662545,0.002997536961782277998835222,-0.1881593294576193011551450502
2021-05-18,92401.9175324662545,641.8406334662545,-0.0027872476257239210649458709,-0.1904221304390546677826316226
2021-05-19,91325.1912834662545,641.8406334662545,-0.0116526396610945052646349254,-0.1998558496306449333882859867
2021-05-20,93745.1778614662545,641.8406334662545,0.026498565663974914014805899,-0.1786531773214371607066537011
2021-05-21,93389.7527514662545,641.8406334662545,-0.0037913961881349920165148452,-0.1817672285340774510687203911
2021-05-24,95052.1643384662545,641.8406334662545,0.017800792249917371242424598,-0.1672020369571384453779179302
2021-05-25,94745.0066804662545,641.8406334662545,-0.0032314641138129000918546788,-0.1698931936887679343131605092
2021-05-26,96365.1228964662545,641.8406334662545,0.017099753039903708445189549,-0.1556985723041026848868249425
2021-05-27,97708.1586684662545,641.8406334662545,0.013936948676368570580309491,-0.1439315866389202544031644142
2021-05-28,97591.0642874662545,641.8406334662545,-0.0011984094531687284646478232,-0.1449575071180513269815944102
2021-06-01,97486.6448184662545,641.8406334662545,-0.0010699695690623872648079383,-0.1458723765656902549335695014
2021-06-02,96242.1481302698030,269.5947122698030,-0.0127658172102843226633891669,-0.1567760136807072134223783548
2021-06-03,95211.6174882698030,269.5947122698030,-0.0107076853750719688384697473,-0.1658049908269281907244237800
2021-06-04,95588.5615012698030,269.5947122698030,0.003959012806881891279183946,-0.1625024021021750426574156806
2021-06-07,96154.4929972698030,269.5947122698030,0.005920493907552758172584361,-0.1575440026762309003471585817
2021-06-08,97303.7962732698030,269.5947122698030,0.011952673662713120995561990,-0.1474744010650243698836399155
2021-06-09,95581.1311362698030,269.5947122698030,-0.0177039869252586505527491737,-0.1625675031220174785818109426
2021-06-10,95136.6704062698030,269.5947122698030,-0.0046500886180802081122231940,-0.1664616384441602745191495434
2021-06-11,96353.6462052698030,269.5947122698030,0.012791868727411312715830240,-0.1557991251438764643433065668
2021-06-14,94504.8988452698030,269.5947122698030,-0.0191871032681157399276123488,-0.1719968945087745590122629532
2021-06-15,93923.7286832698030,269.5947122698030,-0.0061496300096731859675744849,-0.1770888072544059917420701884
2021-06-16,93669.9220912698030,269.5947122698030,-0.0027022627354998672226975980,-0.1793125295051881590984693822
2021-06-17,91219.0023022698030,269.5947122698030,-0.0261654940484724703069384982,-0.2007862226300760843975435680
2021-06-18,89967.6037482698030,269.5947122698030,-0.0137186169812872579732219154,-0.2117503303279818566746637531
2021-06-21,91861.1402222698030,269.5947122698030,0.021046870152262060570851131,-0.1951601418828314292258998110
2021-06-22,92514.2802952698030,269.5947122698030,0.007110080186460171054281435,-0.1894376659543591336983794445
2021-06-23,93879.3978332698030,269.5947122698030,0.014755749422068385280937213,-0.1774772112622147670308988931
2021-06-24,94650.9084362698030,269.5947122698030,0.008218103447683015679314096,-0.1707176338962909254673887621
2021-06-25,94694.8180492698030,269.5947122698030,0.000463911162876636834401089,-0.1703329205494786649098665931
2021-06-28,94119.3021942698030,269.5947122698030,-0.0060775855200498781117197982,-0.1753752931780092251597405276
2021-06-29,94027.0243822698030,269.5947122698030,-0.0009804345107609402026809630,-0.1761837836990036274338404130
2021-06-30,95066.5478162698030,269.5947122698030,0.011055581529133422608459115,-0.1670760163546657475245321796
2021-07-01,94806.4318862698030,269.5947122698030,-0.0027361457418514091431096304,-0.1693550177658028415891552834
2021-07-02,94290.1902779218765,281.2301909218765,-0.0054452171448368832041910011,-0.1738780600643372202134874310
2021-07-06,91853.1602249218765,281.2301909218765,-0.0258460614600184186594316054,-0.1952300584973840049243447326
2021-07-07,91191.8408039218765,281.2301909218765,-0.0071997459791325592287753076,-0.2010241976478442093356589016
2021-07-08,90054.3901429218765,281.2301909218765,-0.0124731626313555214097115651,-0.2109899527691004138496412869
2021-07-09,93150.1613169218765,281.2301909218765,0.034376682459198491434861942,-0.1838664049183265747872405414
2021-07-12,94419.4003739218765,281.2301909218765,0.013625731174868368798376708,-0.1727459879489648191719557514
2021-07-13,92988.1795129218765,281.2301909218765,-0.0151581227515960310752437390,-0.1852856058103847128178692035
2021-07-14,90563.3590449218765,281.2301909218765,-0.0260766527606128767527272253,-0.2065306301667403917720163672
2021-07-15,89708.2104549218765,281.2301909218765,-0.0094425449654072919404223607,-0.2140230003700643338545324826
2021-07-16,87123.2615609218765,281.2301909218765,-0.0288150759099015752914658585,-0.2366709872778376124258274307
2021-07-19,85372.2812079218765,281.2301909218765,-0.0200977364899913461071151902,-0.2520121726306928839067704362
2021-07-20,87838.9801529218765,281.2301909218765,0.028893440705800300567212408,-0.2304002306919374175284845234
2021-07-21,90322.8105559218765,281.2301909218765,0.028277086080414582849561460,-0.2086381917677461269805288023
2021-07-22,89502.0982719218765,281.2301909218765,-0.0090864343010215513963984655,-0.2158288488465861176988968435
2021-07-23,88966.0903239218765,281.2301909218765,-0.0059887752169957066822928860,-0.2205250736024966770262767901
2021-07-26,91023.6605239218765,281.2301909218765,0.023127578075067382538941698,-0.2024977063846810174395480087
2021-07-27,89890.5597929218765,281.2301909218765,-0.0124484197238168689199956835,-0.2124253496663111460742694584
2021-07-28,90620.8802159218765,281.2301909218765,0.008124550839180629668542226,-0.2060266593800251833181001822
2021-07-29,92343.0796029218765,281.2301909218765,0.019004443378794433731086098,-0.1909376379839406052953114672
2021-07-30,92486.7490069218765,281.2301909218765,0.001555822099693695725182684,-0.1896788808810856387941966035
2021-08-02,91251.0411679218765,281.2301909218765,-0.0133609176694870892041533707,-0.2005055146394800940639493709
2021-08-03,93952.1765062015965,605.6571722015965,0.029601145408401862686386234,-0.1768395621251079300242198960
2021-08-04,93300.7271532015965,605.6571722015965,-0.0069338399303288000204711880,-0.1825472248383117961722826508
2021-08-05,95195.9759762015965,605.6571722015965,0.020313333891685161440985076,-0.1659420336757677850553271324
2021-08-06,95949.8580682015965,605.6571722015965,0.007919264278444562055034343,-0.1593369082169041753862121009
2021-08-09,97271.3358532015965,605.6571722015965,0.013772587178406116729190704,-0.1477588024976530653298046133
2021-08-10,97689.6180142015965,605.6571722015965,0.004300158493055512279357560,-0.1440940302740815479198142851
2021-08-11,96865.8366922015965,605.6571722015965,-0.0084326394016633687500710199,-0.1513115766785112223030539963
2021-08-12,97282.2576272015965,605.6571722015965,0.004298945316739569444139953,-0.1476631115557022189345432584
2021-08-13,95483.6563342015965,605.6571722015965,-0.0184884822460892783191789923,-0.1634215269853915962244837095
2021-08-16,93045.3267042015965,605.6571722015965,-0.0255366177167076802114291534,-0.1847849116407927031458000964
2021-08-17,91118.2856432015965,605.6571722015965,-0.0207107775237999316911821165,-0.2016686499698451489638940076
2021-08-18,90195.2464162015965,605.6571722015965,-0.0101301206501449212426371798,-0.2097558428644436939143551262
2021-08-19,87713.6960342015965,605.6571722015965,-0.0275130949867247542278338149,-0.2314979054224184970355457275
2021-08-20,89320.9487762015965,605.6571722015965,0.018323851515426906923902231,-0.2174159871520843280622059986
2021-08-23,93323.3077812015965,605.6571722015965,0.044808738149749439638885482,-0.1823493850402019234779257067
2021-08-24,95179.1570622015965,605.6571722015965,0.019886235551691723040240823,-0.1660893923121257867635762444
2021-08-25,96538.9375502015965,605.6571722015965,0.014286536359124872581159083,-0.1541756980951330543227176332
2021-08-26,95961.8260292015965,605.6571722015965,-0.0059780181514831147265275092,-0.1592320511248858829755214493
2021-08-27,98454.1483062015965,605.6571722015965,0.025972018042274181077367050,-0.1373956107873355628613145291
2021-08-30,97279.5573702015965,605.6571722015965,-0.0119303346401099574435307499,-0.1476867698126703054958225195
2021-08-31,96882.0559762015965,605.6571722015965,-0.0040861760142194224420241049,-0.1511694716904636494705525941
2021-09-01,96343.1272752015965,605.6571722015965,-0.0055627298117247231894098531,-0.1558912865753931539309758346
2021-09-02,97022.6083679606175,831.3981669606175,0.007052719918651812274264994,-0.1499380242387158748161614769
2021-09-03,96820.2079859606175,831.3981669606175,-0.0020861156528836206525032525,-0.1517113518322726665630169997
2021-09-07,96891.2288089606175,831.3981669606175,0.000733533055519756280040584,-0.1510891040682194700275416522
2021-09-08,95135.8293419606175,831.3981669606175,-0.0181172175085229029910065840,-0.1664690074151705882653530004
2021-09-09,96425.5286989606175,831.3981669606175,0.013556400001141999661688774,-0.1551693278663417147165744483
2021-09-10,95777.6778069606175,831.3981669606175,-0.0067186656971576787791983970,-0.1608454627231127903060394359
2021-09-13,95597.9470759606175,831.3981669606175,-0.0018765409134500660912701047,-0.1624201705450201277668803451
2021-09-14,94792.4677089606175,831.3981669606175,-0.0084256973254873227380906462,-0.1694773646739410795801432804
2021-09-15,96655.3273859606175,831.3981669606175,0.019651979972918313681003777,-0.1531559504774580296879570837
2021-09-16,97529.1062839606175,831.3981669606175,0.009040152484413581931408445,-0.1455003511392559634834431332
2021-09-17,96944.4986689606175,831.3981669606175,-0.0059941861181203404908542910,-0.1506223810723957408094606846
2021-09-20,92698.1266809606175,831.3981669606175,-0.0438020934277066918517504708,-0.1878268988920657143621631655
2021-09-21,93090.0575859606175,831.3981669606175,0.004228034794585543352489593,-0.1843930027613549256925962475
2021-09-22,95330.4389409606175,831.3981669606175,0.024066816726707914783626156,-0.1647639386377918863537031359
2021-09-23,98072.5278589606175,831.3981669606175,0.028764043766736575944972848,-0.1407391720132126558032074826
2021-09-24,97318.5581829606175,831.3981669606175,-0.0076878784758591481701197242,-0.1473450648378411881790808274
2021-09-27,98307.1562769606175,831.3981669606175,0.010158371768531732955135516,-0.1386834790161906588747621213
2021-09-28,95708.5690549606175,831.3981669606175,-0.0264333474836664358221457731,-0.1614509579087783643895363984
2021-09-29,94679.9182209606175,831.3981669606175,-0.0107477401883346261557788274,-0.1704634651483516911669890736
2021-09-30,93138.6469339606175,831.3981669606175,-0.0162787560019120001950750872,-0.1839672879938732442007525666
2021-10-01,93569.2885509606175,831.3981669606175,0.004623661940304369886610576,-0.1801942286013271590891240865
2021-10-04,93171.3595964031025,484.3688864031025,-0.0042527731130582558193883666,-0.1836806765438614178077853276
2021-10-05,95163.3101734031025,484.3688864031025,0.021379430177134601124309020,-0.1662282345657851471690387236
2021-10-06,92970.0498634031025,484.3688864031025,-0.0230473310144794385330311959,-0.1854444484342744026355317935
2021-10-07,94219.3808514031025,484.3688864031025,0.013437994169472731402995527,-0.1744984556816225372491845670
2021-10-08,94509.6918414031025,484.3688864031025,0.003081223707655862050941601,-0.1719549007525622263192701352
2021-10-11,94203.7202294031025,484.3688864031025,-0.0032374628044862484216239757,-0.1746356659618129301264086032
2021-10-12,94697.2965474031025,484.3688864031025,0.005239456751793372551784875,-0.1703112052291471103835104053
2021-10-13,95370.0594684031025,484.3688864031025,0.007104351924801059949082950,-0.1644168040430309300543487039
2021-10-14,96820.3852864031025,484.3688864031025,0.015207349414314930365444449,-0.1517097984173833187780326093
2021-10-15,96435.2020214031025,484.3688864031025,-0.0039783281574494304370239246,-0.1550845752120278961186962439
2021-10-18,98273.6721404031025,484.3688864031025,0.019064305154791553427561836,-0.1389768497238796644809728974
2021-10-19,98590.5705644031025,484.3688864031025,0.003224652311223791566681095,-0.1362003494323245830331783861
2021-10-20,99204.3910604031025,484.3688864031025,0.006225955408169883302249536,-0.1308223713262975088638047163
2021-10-21,98785.1026284031025,484.3688864031025,-0.0042265108179002442931080814,-0.1344959599765637940059424080
2021-10-22,99081.8734004031025,484.3688864031025,0.003004205736530471918892728,-0.1318958077745350877925443420
2021-10-25,101490.7261264031025,484.3688864031025,0.024311739810020587246014175,-0.1107906845251614881161009047
2021-10-26,101600.6872444031025,484.3688864031025,0.001083459762254999778177325,-0.1098272620116221884868274467
2021-10-27,98650.9351584031025,484.3688864031025,-0.0290327965883173057635312566,-0.1356714660421042387368841014
2021-10-28,100808.6780874031025,484.3688864031025,0.021872503545306768546908943,-0.1167664371188003620095019249
2021-10-29,101168.2424614031025,484.3688864031025,0.003566799811502841357350569,-0.1136161198132027161616473860
2021-11-01,102165.3852994031025,484.3688864031025,0.009856283095759244294255702,-0.1048796693585640987472074587
2021-11-02,102960.9423145513920,474.0342035513920,0.007786952624089379444193584,-0.0979094097510000164951801119
2021-11-03,101920.8552765513920,474.0342035513920,-0.0101017630046787682383887954,-0.1070221151024461981173561341
2021-11-04,100559.3742765513920,474.0342035513920,-0.0133582179653591625290085706,-0.1189507083271531276937074479
2021-11-05,100936.4981315513920,474.0342035513920,0.003750260557139707557848544,-0.1156465439196965722757125407
2021-11-08,102573.6680165513920,474.0342035513920,0.016219800719322188465569360,-0.1013025070966302033339365048
2021-11-09,101511.8406515513920,474.0342035513920,-0.0103518513623658505628925034,-0.1106056899628967262815925366
2021-11-10,97515.3822695513920,474.0342035513920,-0.0393693815061260309881539728,-0.1456205938641251813234865602
2021-11-11,98262.2511135513920,474.0342035513920,0.007658984937735361060539148,-0.1390769148614192333657266535
2021-11-12,99137.4170875513920,474.0342035513920,0.008906431148098391775914735,-0.1314091626798240139779886646
2021-11-15,98983.8729625513920,474.0342035513920,-0.0015488009422759150722358642,-0.1327544369871177286043679407
2021-11-16,98891.1411565513920,474.0342035513920,-0.0009368375193308839412771280,-0.1335669051690214330264861136
2021-11-17,97062.0334435513920,474.0342035513920,-0.0184961735865136623143791388,-0.1495926020921154659602193134
2021-11-18,97291.4100865513920,474.0342035513920,0.002363196348378577338343666,-0.1475829224347454254197630921
2021-11-19,94426.9696175513920,474.0342035513920,-0.0294418640499892609573514443,-0.1726796701463108014648446825
2021-11-22,95506.0447885513920,474.0342035513920,0.011427616234752379767552097,-0.1632253709135340888574074494
2021-11-23,98362.8724935513920,474.0342035513920,0.029912532880248192031014486,-0.1381953223076276921326611282
2021-11-24,99660.7090045513920,474.0342035513920,0.013194373833329088113572493,-0.1268243492188428464543927592
2021-11-26,96889.0986455513920,474.0342035513920,-0.0278104619833020020539177093,-0.1511077674596372025657882049
2021-11-29,99933.8347845513920,474.0342035513920,0.031424960925052400955232496,-0.1244313622224758054072198481
2021-11-30,96713.7596345513920,474.0342035513920,-0.0322220713028995675897603469,-0.1526439972995258339875738107
2021-12-01,92442.8590755513920,474.0342035513920,-0.0441602164483966876072781507,-0.1900634217876269812961388656
2021-12-02,94413.7933221412085,877.2431921412085,0.021320567822107469899966771,-0.1727951140402444310282604075
2021-12-03,92906.2425111412085,877.2431921412085,-0.0159674848129045630617289961,-0.1860034954939672791033700195
2021-12-06,91843.1841811412085,877.2431921412085,-0.0114422701991474822802995329,-0.1953174634396868765820448120
2021-12-07,95808.5430201412085,877.2431921412085,0.043175319696877782598801287,-0.1605750376692008129644583692
2021-12-08,95868.2732011412085,877.2431921412085,0.000623432724443407009239899,-0.1600517126779691185261594012
2021-12-09,93382.3334611412085,877.2431921412085,-0.0259307866616544790946545732,-0.1818322325233387609135545211
2021-12-10,94455.0724431412085,877.2431921412085,0.011487600943773741635073909,-0.1724334477055086120667613601
2021-12-13,92171.1638931412085,877.2431921412085,-0.0241798401179019420875159663,-0.1924438746269127504305553781
2021-12-14,90692.0630651412085,877.2431921412085,-0.0160473272282294058303705375,-0.2054029920259357331925027851
2021-12-15,91963.3730061412085,877.2431921412085,0.014017874310421836217553210,-0.1942644310407180427642101069
2021-12-16,91144.0937371412085,877.2431921412085,-0.0089087561952005552333275846,-0.2014425327823774900885191381
2021-12-17,90856.0426621412085,877.2431921412085,-0.0031603921130724811583333501,-0.2039662875036072006936743261
2021-12-20,88330.6941961412085,877.2431921412085,-0.0277950523928364656066180598,-0.2260920862489085584836169109
2021-12-21,91205.6733811412085,877.2431921412085,0.032547906604424666520371893,-0.2009030037517128941612569987
2021-12-22,91986.8846641412085,877.2431921412085,0.008565380354524444772359661,-0.1940584340386883218364635889
2021-12-23,92130.5636131412085,877.2431921412085,0.001561950375040906813446403,-0.1927995933074739953239766927
2021-12-27,95329.3619551412085,877.2431921412085,0.034720273235620732165300011,-0.1647733746312053145530049750
2021-12-28,94566.3435081412085,877.2431921412085,-0.0080040234336095820967458729,-0.1714585481130317986798388768
2021-12-29,94644.5027621412085,877.2431921412085,0.000826501809211553965239034,-0.1707737571040404517684106933
2021-12-30,93882.1712741412085,877.2431921412085,-0.0080546832172162942834873331,-0.1774529118059698595147186525
2021-12-31,94016.7826821412085,877.2431921412085,0.001433833561506871572672165,-0.1762735161849975064832554930
2022-01-03,94239.8830271412085,877.2431921412085,0.002372984254888554392542913,-0.1743188262085697939317217721
2022-01-04,96234.7480579853575,452.0048149853575,0.021167948927415638712578418,-0.1568408492914242033193084656
2022-01-05,93075.7209939853575,452.0048149853575,-0.0328262621116497074016059854,-0.1845186125744198705376066679
2022-01-06,93742.1777149853575,452.0048149853575,0.007160371296431505199033559,-0.1786794630551236067840669448
2022-01-07,92197.9824219853575,452.0048149853575,-0.0164727909105652165704107566,-0.1922089045307697097824078566
2022-01-10,92406.9003259853575,452.0048149853575,0.002265970453060389632832468,-0.1903784737761911495664614538
2022-01-11,92891.9207049853575,452.0048149853575,0.005248746330511959074714614,-0.1861289757613204410166923247
2022-01-12,93505.5158189853575,452.0048149853575,0.006605473429155495473557464,-0.1807529723359522749754539555
2022-01-13,91452.0085899853575,452.0048149853575,-0.0219613486008175781393994886,-0.1987447419006660692123410883
2022-01-14,91487.3355999853575,452.0048149853575,0.000386290148731282844025097,-0.1984352248878431550855827577
2022-01-18,88943.3653739853575,452.0048149853575,-0.0278068019941375050941826659,-0.2207241778748622588542850284
2022-01-19,86802.4817999853575,452.0048149853575,-0.0240701885407427741630633189,-0.2394814938386566537037065823
2022-01-20,84650.8399929853575,452.0048149853575,-0.0247877913440069746396900212,-0.2583330678826399153129999072
2022-01-21,81667.9366009853575,452.0048149853575,-0.0352377293863496224509643021,-0.2844677265313955853805245051
2022-01-24,83007.4127069853575,452.0048149853575,0.016401493189970452439153014,-0.2727319288208961946287275373
2022-01-25,82512.8063079853575,452.0048149853575,-0.0059585810817396695096763531,-0.2770654145911773019435602224
2022-01-26,82395.3714319853575,452.0048149853575,-0.0014232321169839424397373987,-0.2780943183116096094169216200
2022-01-27,81920.7482529853575,452.0048149853575,-0.0057603136044090252143807164,-0.2822527214309394158988754510
2022-01-28,84030.3117109853575,452.0048149853575,0.025751271844897037393250345,-0.2637698161445724953222018488
2022-01-31,85841.2177799853575,452.0048149853575,0.021550628959088564662965058,-0.2479035926238226210924695256
2022-02-01,87621.2376209853575,452.0048149853575,0.020736190457622182508473446,-0.2323079782779768060894727427
2022-02-02,89323.0754911029750,479.5628951029750,0.019422664143128080507208290,-0.2173973539747109627041704949
2022-02-03,87122.9677661029750,479.5628951029750,-0.0246308998307961500000869217,-0.2366735613562758737253022646
2022-02-04,87232.4191391029750,479.5628951029750,0.001256286095462697968205021,-0.2357146049651087028542097120
2022-02-07,86930.6409201029750,479.5628951029750,-0.0034594732322942572698230773,-0.2383586298310653515364239507
2022-02-08,87264.8444221029750,479.5628951029750,0.003844484504688776821319330,-0.2354305113853209534962867873
2022-02-09,90159.6572761029750,479.5628951029750,0.033172726923085925380246308,-0.2100676565257827519932951497
2022-02-10,89149.0263221029750,479.5628951029750,-0.0112093477785198953290274363,-0.2189222828852864840381483236
2022-02-11,87910.8028631029750,479.5628951029750,-0.0138893660433956269646545488,-0.2297709572066325612888034032
2022-02-14,86501.6061311029750,479.5628951029750,-0.0160298471417038288787329995,-0.2421176110267110984235474180
2022-02-15,87912.3244111029750,479.5628951029750,0.016308579032184636789957095,-0.2297576261890393180637543293
2022-02-16,88515.1312381029750,479.5628951029750,0.006856909210830374864424363,-0.2244761441614830890581106298
2022-02-17,86574.9715711029750,479.5628951029750,-0.0219189605196543209246649617,-0.2414748209396576303550117368
2022-02-18,86470.0375831029750,479.5628951029750,-0.0012120591678602976760911605,-0.2423941983369905922191006913
2022-02-22,84340.3720141029750,479.5628951029750,-0.0246289423310734845140359572,-0.2610532279358355471134129511
2022-02-23,83392.7033201029750,479.5628951029750,-0.0112362403836864222364928623,-0.2693562114974976375020197865
2022-02-24,85621.6291421029750,479.5628951029750,0.026728067723674408367004772,-0.2498275148365207133179401232
2022-02-25,88152.6800401029750,479.5628951029750,0.029560882260244204033943040,-0.2276517543277283101253529682
2022-02-28,89860.3239621029750,479.5628951029750,0.019371435119421755772957865,-0.2126902603970886842162595941
2022-03-01,88527.3055151029750,479.5628951029750,-0.0148343383177894761439734595,-0.2243694794352490061700776763
2022-03-02,90565.6355717186235,1888.4761377186235,0.023024874017744778229264541,-0.2065106844149278141204984211
2022-03-03,90061.7280247186235,1888.4761377186235,-0.0055640038720973508891737191,-0.2109256620393110325985535241
2022-03-04,90968.5701317186235,1888.4761377186235,0.010069117336401820755472963,-0.2029803799432412699837839880
2022-03-07,89010.9856377186235,1888.4761377186235,-0.0215193499377367463024482530,-0.2201317240544846461550381745
2022-03-08,88239.9483417186235,1888.4761377186235,-0.0086622711845724248955424857,-0.2268871545489696601750739609
2022-03-09,89040.3229987186235,1888.4761377186235,0.009070434333216783685162874,-0.2198746852521397134588176649
2022-03-10,90787.0765207186235,1888.4761377186235,0.019617555992301796515674923,-0.2045705332090615018236221497
2022-03-11,89643.0011547186235,1888.4761377186235,-0.0126017425590183999423725385,-0.2145943305734181845079933266
2022-03-14,87501.3666787186235,1888.4761377186235,-0.0238907047779855456011027931,-0.2333582255526447586407341052
2022-03-15,88455.5903607186235,1888.4761377186235,0.010905243177556889358685234,-0.2249978105722226303030924849
2022-03-16,89496.1982657186235,1888.4761377186235,0.011764184725424808983186223,-0.2158805416531855873877455368
2022-03-17,92503.0253607186235,1888.4761377186235,0.033597260590584889008346324,-0.1895362758769593901184263163
2022-03-18,93495.1347297186235,1888.4761377186235,0.010725155908482306647478505,-0.1808439260775705869607463051
2022-03-21,96200.7025407186235,1888.4761377186235,0.028938059919603503094678821,-0.1571391385268961680225312426
2022-03-22,95740.2388297186235,1888.4761377186235,-0.0047864901070249534970451615,-0.1611734837019357092868914384
2022-03-23,96316.1326697186235,1888.4761377186235,0.006015170288265851065692565,-0.1561277993640900422901911310
2022-03-24,98284.6016297186235,1888.4761377186235,0.020437583044889821940829702,-0.1388810911843197069216083073
2022-03-25,99449.7503787186235,1888.4761377186235,0.011854845313303791379291556,-0.1286726597239488645172583139
2022-03-28,97821.9430627186235,1888.4761377186235,-0.0163681387816568770796702904,-0.1429346665538392353122098772
2022-03-29,97868.7639117186235,1888.4761377186235,0.000478633397927710065223774,-0.1425244464610458535324068694
2022-03-30,97287.9915177186235,1888.4761377186235,-0.0059341956594432822431064745,-0.1476128741689354410025566242
2022-03-31,96375.6738567186235,1888.4761377186235,-0.0093774950717719739897206832,-0.1556061302406581263735522911
2022-04-01,96533.4819407186235,1888.4761377186235,0.001637426517345162486986249,-0.1542234973272304824931258051
2022-04-04,96679.0134190522210,379.3357540522210,0.001507575148102174849102494,-0.1529484256909522425056654656
2022-04-05,94934.4536490522210,379.3357540522210,-0.0180448652536229257721485495,-0.1682333572122281761243686613
2022-04-06,94493.8500300522210,379.3357540522210,-0.0046411350364831300666967387,-0.1720936985202484521221376538
2022-04-07,96686.3595640522210,379.3357540522210,0.023202669097541355977037835,-0.1528840625632444634862207100
2022-04-08,99841.2815490522210,379.3357540522210,0.032630476514217556272516677,-0.1252422658618950232059101540
2022-04-11,96808.5600750522210,379.3357540522210,-0.0303754261458474757630661160,-0.1518134048107159121370126461
2022-04-12,99173.2651240522210,379.3357540522210,0.024426611109252410992863987,-0.1310950807019463678580360149
2022-04-13,100387.8876030522210,379.3357540522210,0.012247478970069938023236723,-0.1204531859758531393440088249
2022-04-14,100064.5393330522210,379.3357540522210,-0.0032209888834255023221471006,-0.1232861964862772340875454811
2022-04-18,101701.8301660522210,379.3357540522210,0.016362348179613195419853164,-0.1089410999793127116983703258
2022-04-19,101020.3243670522210,379.3357540522210,-0.0067010180435030625399291423,-0.1149121017461753286440111637
2022-04-20,101479.7511340522210,379.3357540522210,0.004547864698302652065147966,-0.1108868417388118698974258174
2022-04-21,97334.2483440522210,379.3357540522210,-0.0408505415481744153709486450,-0.1472075957513891100433389000
2022-04-22,93144.9544370522210,379.3357540522210,-0.0430402862124325852513587122,-0.1839120249100378329670423159
2022-04-25,90835.7234690522210,379.3357540522210,-0.0247917987824084306226969597,-0.2041443137772113186799575709
2022-04-26,90155.6049650522210,379.3357540522210,-0.0074873461456132590148956204,-0.2101031607819159107983208895
2022-04-27,91520.9295530522210,379.3357540522210,0.015144089915754570195961963,-0.1981408920246269144446612555
2022-04-28,93939.1354780522210,379.3357540522210,0.026422436231902901222902025,-0.1769538208771770760039555189
2022-04-29,91219.8170710522210,379.3357540522210,-0.0289476626877765646804133730,-0.2007790840468878841440800154
2022-05-02,91529.6598110522210,379.3357540522210,0.003396660396267400260871616,-0.1980644020138013917457845340
2022-05-03,95371.1632038999130,333.0295938999130,0.041970039010063378969121420,-0.1644071336827621328642452679
2022-05-04,98513.4299218999130,333.0295938999130,0.032947765471644227372873057,-0.1368762158935628123362771410
2022-05-05,94588.1279718999130,333.0295938999130,-0.0398453485287429864805250334,-0.1712676838947313184296890109
2022-05-06,96166.6206128999130,333.0295938999130,0.016688063024874919005273774,-0.1574377467728160307995452215
2022-05-09,86392.9499438999130,333.0295938999130,-0.1016326726124859519638922251,-0.2430696004106929043816469417
2022-05-10,88177.1908898999130,333.0295938999130,0.020652622085003624667832557,-0.2274370029233241621075612604
2022-05-11,88466.4457758999130,333.0295938999130,0.003280382183655298838150768,-0.2249027010319624939696896871
2022-05-12,88054.3417298999130,333.0295938999130,-0.0046583090615387382687863328,-0.2285133438033195036104055269
2022-05-13,93126.0601168999130,333.0295938999130,0.057597595840953710694157881,-0.1840775671830142937553322069
2022-05-16,94618.9119428999130,333.0295938999130,0.016030441147473036274795496,-0.1709979706428385820612950039
2022-05-17,96755.5133478999130,333.0295938999130,0.022581124229048249445485729,-0.1522781728317914161837922903
2022-05-18,91833.1570258999130,333.0295938999130,-0.0508741688372928278263432291,-0.1954053161942052298156840842
2022-05-19,91729.2670058999130,333.0295938999130,-0.0011312909559528663776976972,-0.1963155468832024816376527562
2022-05-20,91029.7412498999130,333.0295938999130,-0.0076259821846718492645415574,-0.2024444302047689175925694333
2022-05-23,94319.4889488999130,333.0295938999130,0.036139262331514284847524756,-0.1736213602439787108080775605
2022-05-24,92916.4443488999130,333.0295938999130,-0.0148754474354726058589712784,-0.1859141122614667581070703474
2022-05-25,95086.2413908999130,333.0295938999130,0.023352131661995623667702796,-0.1669034714268239411219861679
2022-05-26,96744.9007988999130,333.0295938999130,0.017443737219365361583230725,-0.1523711545040279514720325064
2022-05-27,99196.6914368999130,333.0295938999130,0.025342840994756380275511105,-0.1308898314500546090390323709
2022-05-31,98278.0261428999130,333.0295938999130,-0.0092610477294434050498451485,-0.1389387022031402558626722712
2022-06-01,98150.4379738999130,333.0295938999130,-0.0012982369915985293278803588,-0.1400565638319739764259842894
2022-06-02,98118.0328881374010,538.7331421374010,-0.0003301573220807138408286436,-0.1403404804540000991775822982
2022-06-03,98670.5339171374010,538.7331421374010,0.005630983548456341910732850,-0.1354997518421626906391123269
2022-06-06,98552.4830891374010,538.7331421374010,-0.0011964142010130196536328388,-0.1365340522158380067792758414
2022-06-07,99895.7929941374010,538.7331421374010,0.013630401415507932390043403,-0.1247646647389178667097117610
2022-06-08,99033.2616181374010,538.7331421374010,-0.0086343113173006145002972774,-0.1323217190994640257557986295
2022-06-09,96826.1034971374010,538.7331421374010,-0.0222870385659980226726777713,-0.1516596984087731365398777991
2022-06-10,95125.5332571374010,538.7331421374010,-0.0175631382300773491513502987,-0.1665592163917653613005015993
2022-06-13,91198.4329341374010,538.7331421374010,-0.0412833462114163150141110087,-0.2009664408081782195920440430
2022-06-14,92843.6828511374010,538.7331421374010,0.018040331002048939663417435,-0.1865516109186124906286454761
2022-06-15,91660.6521891374010,538.7331421374010,-0.0127421772345764613846446043,-0.1969167144634682423083958908
2022-06-16,86898.0815181374010,538.7331421374010,-0.0519587255518612467413898941,-0.2386438984919479165534226098
2022-06-17,83080.1731601374010,538.7331421374010,-0.0439354735029808995144681155,-0.2720944393160877749356321891
2022-06-21,86590.1734321374010,538.7331421374010,0.042248350460638291649876935,-0.2413416300860664379259508521
2022-06-22,83519.7120601374010,538.7331421374010,-0.0354596976804346886352938122,-0.2682434265259459098281742646
2022-06-23,80294.8825391374010,538.7331421374010,-0.0386115976869987155444966783,-0.2964977169457428023820077300
2022-06-24,81645.2939411374010,538.7331421374010,0.016818150289238935097162510,-0.2846661098205135955048527468
2022-06-27,83976.7946621374010,538.7331421374010,0.028556461841890208176088933,-0.2642387048813922112762375015
2022-06-28,85421.7231561374010,538.7331421374010,0.017206282995360319382776426,-0.2515789878205486245173173536
2022-06-29,83093.5520971374010,538.7331421374010,-0.0272550233474507589870871431,-0.2719772199812223006071138764
2022-06-30,82093.2541241374010,538.7331421374010,-0.0120382141303893130804241827,-0.2807413140988896607643822980
2022-07-01,82631.3024131374010,538.7331421374010,0.006554110867457997353204061,-0.2760272129291116352282203397
2022-07-05,78833.8738427022730,322.4444177022730,-0.0459562957322016228379268371,-0.3092983204338076164155411707
2022-07-06,77614.0431727022730,322.4444177022730,-0.0154734330629741201059391925,-0.3199858466390588938544209195
2022-07-07,80869.8029147022730,322.4444177022730,0.041948075488806478166683511,-0.2914605616004173108553825761
2022-07-08,81180.2931767022730,322.4444177022730,0.003839384427924113587628280,-0.2887402063140558563529863852
2022-07-11,80427.5535337022730,322.4444177022730,-0.0092724430221203838439994162,-0.2953353222249338729752740478
2022-07-12,78398.5641547022730,322.4444177022730,-0.0252275406854166530963978761,-0.3131122790530803696932728927
2022-07-13,78582.6947637022730,322.4444177022730,0.002348647720596755562352048,-0.3114990217729724865943433598
2022-07-14,76089.9941867022730,322.4444177022730,-0.0317207317017510890902968430,-0.3333387765797051945872343994
2022-07-15,78270.2140297022730,322.4444177022730,0.028653173998809715844605360,-0.3142368165467841286876994680
2022-07-18,79798.4534877022730,322.4444177022730,0.019525172850812161898688419,-0.3008471718551368781828394652
2022-07-19,82880.1345357022730,322.4444177022730,0.038618305409576858242366807,-0.2738470744098691511784137605
2022-07-20,83491.6936417022730,322.4444177022730,0.007378838239416210198760272,-0.2684889094348607397766252903
2022-07-21,81431.5540577022730,322.4444177022730,-0.0246747849293957235364794877,-0.2865387882680232682433036295
2022-07-22,80270.6234577022730,322.4444177022730,-0.0142565202572133939147009589,-0.2967102624858162088552044027
2022-07-25,84316.0654367022730,322.4444177022730,0.050397540279872142767516132,-0.2612661896110244248491343285
2022-07-26,83011.7938927022730,322.4444177022730,-0.0154688378453705512971728190,-0.2726935431348242031685137352
2022-07-27,85765.1337757022730,322.4444177022730,0.033168056656610229243587931,-0.2485702013668016085167775993
2022-07-28,85600.0726667022730,322.4444177022730,-0.0019245712299788041179279219,-0.2500163815385998282465112115
2022-07-29,88302.1734147022730,322.4444177022730,0.031566570726184617532067670,-0.2263419706029581802991346354
2022-08-01,86524.4047547022730,322.4444177022730,-0.0201327848596759714720994305,-0.2419178612637696915032310883
2022-08-02,86310.9084442923735,713.1888632923735,-0.0024674692766181299368283610,-0.2437884056502543025220346022
2022-08-03,82873.1386772923735,713.1888632923735,-0.0398300728026613092499016439,-0.2739083685074212552249945883
2022-08-04,80270.5590932923735,713.1888632923735,-0.0314043805452383444466444310,-0.2967108264135271643774085395
2022-08-05,82676.4189612923735,713.1888632923735,0.029971883778756939066708334,-0.2756319250399353860644935096
2022-08-08,83364.5185302923735,713.1888632923735,0.008322803256901535126976510,-0.2696031520664622649612238410
2022-08-09,85293.3181342923735,713.1888632923735,0.023136936888793129251010435,-0.2527040062920505700621233013
2022-08-10,86079.3286172923735,713.1888632923735,0.009215381699214052370480907,-0.2458173884677383532557522380
2022-08-11,88997.2494722923735,713.1888632923735,0.033898043837830565572474277,-0.2202520732402882081021644807
2022-08-12,89943.7802742923735,713.1888632923735,0.010635506238815668505615158,-0.2119590593005317103861762816
2022-08-15,88078.7677702923735,713.1888632923735,-0.0207353137516842362616218844,-0.2282993354551075769574634483
2022-08-16,87814.7489112923735,713.1888632923735,-0.0029975312516695940749375220,-0.2306125323140150858805711723
2022-08-17,88433.6685632923735,713.1888632923735,0.007048014822945205554027000,-0.2251898780371759888565334791
2022-08-18,91126.0282742923735,713.1888632923735,0.030444962362644336878889879,-0.2016008130358219435383229600
2022-08-19,92113.7702452923735,713.1888632923735,0.010839295750132594845763140,-0.1929467281216518093116217121
2022-08-22,92194.9079232923735,713.1888632923735,0.000880842004229510681237412,-0.1922358417001305009009023048
2022-08-23,95234.3782062923735,713.1888632923735,0.032967875899706820153376174,-0.1656055731730692684404466701
2022-08-24,96772.3691192923735,713.1888632923735,0.016149534884015036228361684,-0.1521304912700000190153285375
2022-08-25,97809.4303262923735,713.1888632923735,0.010716501171130812553325792,-0.1430442966867288675209522721
2022-08-26,96911.4786992923735,713.1888632923735,-0.0091806242404687597746537693,-0.1509116849895746391558550603
2022-08-29,98268.4781892923735,713.1888632923735,0.014002463982730546392740942,-0.1390223564404837896804862164
2022-08-30,94528.4099522923735,713.1888632923735,-0.0380596942775036175438371253,-0.1717909023341244581454206630
2022-08-31,93792.9992002923735,713.1888632923735,-0.0077797854885230281598577260,-0.1782341914536081880390846664
2022-09-01,91413.4789462923735,713.1888632923735,-0.0253699132588627415346134906,-0.1990823187355293548721727453
2022-09-02,93442.1475609390285,381.1292929390285,0.022192226332820642381268475,-0.1813081722789503193721730490
2022-09-06,92246.8775889390285,381.1292929390285,-0.0127915507423509859376110455,-0.1917805103355921979021939650
2022-09-07,91240.7895899390285,381.1292929390285,-0.0109064721245441501787495439,-0.2005953336701303604905115479
2022-09-08,91452.8301049390285,381.1292929390285,0.002323966243091142189531228,-0.1987375442110102052540901329
2022-09-09,93272.7199239390285,381.1292929390285,0.019899764905161907001389840,-0.1827926097134766220496592674
2022-09-12,94736.7101959390285,381.1292929390285,0.015695803373095992622823245,-0.1699658832004984350967988127
2022-09-13,92531.3804989390285,381.1292929390285,-0.0232785125474468225308669621,-0.1892878428032245737035183933
2022-09-14,95257.7078919390285,381.1292929390285,0.029463814095276145448152978,-0.1654011705187984917376823134
2022-09-15,92858.9405929390285,381.1292929390285,-0.0251818708646777164722944948,-0.1864179304666052856088031409
2022-09-16,91568.0280789390285,381.1292929390285,-0.0139018656228150063232524808,-0.1977282390703902737009091854
2022-09-19,91785.4594769390285,381.1292929390285,0.002374534021990258337373951,-0.1958232174791808805194592688
2022-09-20,91494.9678809390285,381.1292929390285,-0.0031648977698148977210286224,-0.1983683547847179409741361222
2022-09-21,90007.3584239390285,381.1292929390285,-0.0162589210254251680029976807,-0.2114020203957548592206729582
2022-09-22,89114.3089959390285,381.1292929390285,-0.0099219602001171263347900943,-0.2192264581632809568495027569
2022-09-23,83067.5682159390285,381.1292929390285,-0.0678537582586827013207991107,-0.2722048773258451752395585953
2022-09-26,80774.2391279390285,381.1292929390285,-0.0276079959634590021080037107,-0.2922978421348583909014840904
2022-09-27,82119.5681349390285,381.1292929390285,0.016655421598823376613781783,-0.2805107643292174003676671339
2022-09-28,86186.9893689390285,381.1292929390285,0.049530475212879904502549928,-0.2448741205758917948059340225
2022-09-29,86217.4798729390285,381.1292929390285,0.000353771540498762191790205,-0.2446069785302574454943568077
2022-09-30,85311.4191879390285,381.1292929390285,-0.0105090137908842325451480191,-0.2525454142104206791613676813
2022-10-03,90624.5089209390285,381.1292929390285,0.062278763893206249654925324,-0.2059948665411371934086717530
2022-10-04,94113.3064153606400,743.5768683606400,0.038497284409731193197914619,-0.1754278250955847788889190198
2022-10-05,94370.3164683606400,743.5768683606400,0.002730857758473697371670268,-0.1731760357743255260018898811
2022-10-06,95443.7877663606400,743.5768683606400,0.011375094819777368448659079,-0.1637708347819942680835491661
2022-10-07,94830.7072953606400,743.5768683606400,-0.0064234717140603830628680716,-0.1691423291712444546242598290
2022-10-10,93491.0956883606400,743.5768683606400,-0.0141263483654891733107733116,-0.1808793140715103871152838041
2022-10-11,92563.0267573606400,743.5768683606400,-0.0099268162830563744090588837,-0.1890105746343736242226812975
2022-10-12,92421.1282793606400,743.5768683606400,-0.0015329930639796865753803644,-0.1902538157984200011482038985
2022-10-13,95378.5471383606400,743.5768683606400,0.031999380596833145737683600,-0.1643424394633202837984309263
2022-10-14,91505.7162973606400,743.5768683606400,-0.0406048420446359711016069313,-0.1982741827123179856023550592
2022-10-17,92581.4164593606400,743.5768683606400,0.011755551516632706064625819,-0.1888494535649781795031118824
2022-10-18,93214.9570243606400,743.5768683606400,0.006843064075154842164823485,-0.1832986984011264620548207773
2022-10-19,94286.1371633606400,743.5768683606400,0.011491504938634039010839367,-0.1739135713604141590128692470
2022-10-20,94243.5961493606400,743.5768683606400,-0.0004511905491079056843296178,-0.1742862937497626424929946217
2022-10-21,96235.8378583606400,743.5768683606400,0.021139279382363802229186350,-0.1568313010234917989018370606
2022-10-24,96948.8159813606400,743.5768683606400,0.007408655017368448073584145,-0.1505845550113314647697851664
2022-10-25,98219.9054083606400,743.5768683606400,0.013110932961206864036377719,-0.1394479260558713346922198209
2022-10-26,99776.5360393606400,743.5768683606400,0.015848423234863928496164763,-0.1258095325723648644759565690
2022-10-27,99574.3667613606400,743.5768683606400,-0.0020262206529223129004975668,-0.1275808353520545492486767106
2022-10-28,100503.3563543606400,743.5768683606400,0.009329605833461247764190746,-0.1194415084243316885907503278
2022-10-31,101311.2555973606400,743.5768683606400,0.008038529978555754617187077,-0.1123631125919288439667059694
2022-11-01,101346.5094603606400,743.5768683606400,0.000347975778131787692006158,-0.1120542364553345423859748852
2022-11-02,98157.7997900857255,594.1685330857255,-0.0314634385264359308456228912,-0.1399920634014313388144187129
2022-11-03,100206.4187400857255,594.1685330857255,0.020870669008281067252963643,-0.1220431224121878428519860580
2022-11-04,100659.6794150857255,594.1685330857255,0.004523269873316822223642667,-0.1180718865177235869593555619
2022-11-07,102279.6986460857255,594.1685330857255,0.016094023350895055419159293,-0.1038781148655290060194439426
2022-11-08,102435.3781880857255,594.1685330857255,0.001522096213234764965686682,-0.1025141311375690287001331138
2022-11-09,97848.8794950857255,594.1685330857255,-0.0447745571318001573433366770,-0.1426986634479332481126539970
2022-11-10,100096.2201170857255,594.1685330857255,0.022967464048608430134386395,-0.1230086258218496987411772316
2022-11-11,100736.1201210857255,594.1685330857255,0.006392848833367420431394382,-0.1174021525385616197046464801
2022-11-14,101204.9483070857255,594.1685330857255,0.004654022662739683535446110,-0.1132945221543908232154479272
2022-11-15,102097.3985570857255,594.1685330857255,0.008818247179891265465842260,-0.1054753340749846431239540877
2022-11-16,99848.8393470857255,594.1685330857255,-0.0220236680050448389609151276,-0.1251760483396408271248517462
2022-11-17,100362.1282110857255,594.1685330857255,0.005140659294153140221695912,-0.1206788764617902242775308014
2022-11-18,99895.9982360857255,594.1685330857255,-0.0046444807748557942700135106,-0.1247628665149880364142785038
2022-11-21,99033.4093800857255,594.1685330857255,-0.0086348689760467750989639743,-0.1323204244856018762831693986
2022-11-22,102939.3077230857255,594.1685330857255,0.039440208788625458997415875,-0.0980989608656881037862426779
2022-11-23,101543.8998310857255,594.1685330857255,-0.0135556370337534170580120812,-0.1103248039925578720150529513
2022-11-25,101428.3974530857255,594.1685330857255,-0.0011374624984084090988194646,-0.1113367761637804882095845748
2022-11-28,99044.8275390857255,594.1685330857255,-0.0235000253760539462456671522,-0.1322203844746975548491541006
2022-11-29,100088.1083590857255,594.1685330857255,0.010533420532115052817934254,-0.1230796968551724276177802869
2022-11-30,100134.9169190857255,594.1685330857255,0.000467673540517571851853709,-0.1226695844322489437090879033
2022-12-01,99111.9793500857255,594.1685330857255,-0.0102155931264874100451585286,-0.1316320349951812044444834123
2022-12-02,98297.5760305075375,472.2556735075375,-0.0082170018691840765200726794,-0.1387674161867653732347101022
2022-12-05,94996.6862485075375,472.2556735075375,-0.0335805816918164812605866828,-0.1676881073231598831714419705
2022-12-06,92638.3650425075375,472.2556735075375,-0.0248252996934095775245389182,-0.1883504994972513873166029382
2022-12-07,92238.7954325075375,472.2556735075375,-0.0043132195804260541184994493,-0.1918513220152628690891140197
2022-12-08,91275.3744595075375,472.2556735075375,-0.0104448564021518372823951045,-0.2002923189084022942682320981
2022-12-09,89046.5850435075375,472.2556735075375,-0.0244182993408452908661903399,-0.2198198204504701706040966252
2022-12-12,91774.5951185075375,472.2556735075375,0.030635762996044299650665888,-0.1959184053755794869980809218
2022-12-13,92898.8863095075375,472.2556735075375,0.012250570972808052174390290,-0.1860679467327043499382547883
2022-12-14,92047.4663745075375,472.2556735075375,-0.0091650176748444319161687707,-0.1935276483870215342206256867
2022-12-15,92003.3067395075375,472.2556735075375,-0.0004797485117116702187062105,-0.1939145522974444714427113263
2022-12-16,90733.7468145075375,472.2556735075375,-0.0137990684247312253043712090,-0.2050377805464721388577783421
2022-12-19,90377.0760065075375,472.2556735075375,-0.0039309608665137968028673825,-0.2081627459215009098323246786
2022-12-20,91532.4458295075375,472.2556735075375,0.012783881422727245703833670,-0.1980399923592634313427221925
2022-12-21,93623.3048025075375,472.2556735075375,0.022842817692149603854934161,-0.1797209661083311825636402713
2022-12-22,90657.8557365075375,472.2556735075375,-0.0316742617904316447583430692,-0.2057026989690182523324573016
2022-12-23,93748.2361875075375,472.2556735075375,0.034088391192287121128466181,-0.1786263818484963020687446151
2022-12-27,94363.3064035075375,472.2556735075375,0.006560872406919602957935201,-0.1732374543413943831207584213
2022-12-28,91525.0142355075375,472.2556735075375,-0.0300783458759187678686749003,-0.1981051041469690053974449796
2022-12-29,92168.1252715075375,472.2556735075375,0.007026614979214089049848998,-0.1924704974600127759118874621
2022-12-30,92851.2759435075375,472.2556735075375,0.007412005723102043989553408,-0.1864850841656126440384782295
2023-01-03,88589.9452225075375,472.2556735075375,-0.0458941536096140859901630581,-0.2238206626766282918699862482
2023-01-04,88742.4746325533430,311.9242615533430,0.001721746295956092663643302,-0.2224842787775941220445191802
2023-01-05,89998.6343285533430,311.9242615533430,0.014155112320241786151810142,-0.2114784564129371666072248844
2023-01-06,92517.4244185533430,311.9242615533430,0.027986981233568320106201441,-0.1894101187703017149400759579
2023-01-09,92997.6937025533430,311.9242615533430,0.005191122504959047731666810,-0.1852022473955581465924657681
2023-01-10,94563.7543135533430,311.9242615533430,0.016839779016552130562422106,-0.1714812332985160325796556666
2023-01-11,95252.1348445533430,311.9242615533430,0.007279538931137148305716589,-0.1654499986811348436382394277
2023-01-12,97635.0449855533430,311.9242615533430,0.025016868597105866362243605,-0.1445721709604262665516253805
2023-01-13,97990.4045325533430,311.9242615533430,0.003639672077301558001978215,-0.1414586941769242391990489547
2023-01-17,97707.7739725533430,311.9242615533430,-0.0028842677132341814532183307,-0.1439349571457876499569256600
2023-01-18,96095.7358555533430,311.9242615533430,-0.0164985655844828730883717189,-0.1580588023999010137358641686
2023-01-19,96314.1042635533430,311.9242615533430,0.002272404764434514259544649,-0.1561455712111008479765506337
2023-01-20,97560.3240545533430,311.9242615533430,0.012939120397048510817048951,-0.1452268371594186828836170908
2023-01-23,98053.7456245533430,311.9242615533430,0.005057604869414852976506529,-0.1409037322487910237525365248
2023-01-24,97281.8147255533430,311.9242615533430,-0.0078725284188093586651903093,-0.1476669920311554703804384631
2023-01-25,97105.8846065533430,311.9242615533430,-0.0018084584410388043589290708,-0.1492084008539927217710139512
2023-01-26,100980.8945935533430,311.9242615533430,0.039904996516951444057084589,-0.1152575650534197521471506581
2023-01-27,99890.7160855533430,311.9242615533430,-0.0107958887905276825705867416,-0.1248091459893637052561604404
2023-01-30,97479.3037765533430,311.9242615533430,-0.0241405047785892245930464350,-0.1459366949827850551670366947
2023-01-31,98652.8951735533430,311.9242615533430,0.012039390429892293279784043,-0.1356542934018386149324019428
2023-02-01,97196.0835985533430,311.9242615533430,-0.0147670433030589752944234704,-0.1484181238799867719684079101
2023-02-02,95044.2276513413735,541.1670773413735,-0.0221393277130355231042596950,-0.1672715741098893645734654032
2023-02-03,94703.2851943413735,541.1670773413735,-0.0035871979332685779129802709,-0.1702587357982163655927136968
2023-02-06,93329.0275823413735,541.1670773413735,-0.0145111926073089745257783587,-0.1822992710972804909381637825
2023-02-07,95582.2572243413735,541.1670773413735,0.024142859947962532360755892,-0.1625576369200352554304767252
2023-02-08,94808.4256983413735,541.1670773413735,-0.0080959745926876150251961239,-0.1693375490143709268183568871
2023-02-09,93893.7571923413735,541.1670773413735,-0.0096475445010580074737954866,-0.1773514019756126992437146182
2023-02-10,96373.8768573413735,541.1670773413735,0.026414106104194707558080308,-0.1556218746209295124022684193
2023-02-13,96404.9973533413735,541.1670773413735,0.000322914227535605942028648,-0.1553492129108247668325152440
2023-02-14,96484.1261203413735,541.1670773413735,0.000820795282115708874042239,-0.1546559275297466516963271431
2023-02-15,95809.1980103413735,541.1670773413735,-0.0069952243663189226776694200,-0.1605692989834138371237182657
2023-02-16,94636.7268953413735,541.1670773413735,-0.0122375631917245230286190747,-0.1708418852321779251048293518
2023-02-17,93483.8574203413735,541.1670773413735,-0.0121820514383908984034743805,-0.1809427320368387576317247778
2023-02-21,92199.2674833413735,541.1670773413735,-0.0137413022146054816013222486,-0.1921976454869896605880999097
2023-02-22,92116.7674913413735,541.1670773413735,-0.0008948009485531558566210164,-0.1929204678000513749215305979
2023-02-23,92914.3770843413735,541.1670773413735,0.008658679790028153932832611,-0.1859322245656463030595852356
2023-02-24,92899.3175063413735,541.1670773413735,-0.0001620801696418836869055316,-0.1860641688087886939802779001
2023-02-27,93481.3173893413735,541.1670773413735,0.006264845626667518563432500,-0.1809649864763624421833555015
2023-02-28,92611.8765613413735,541.1670773413735,-0.0093006907934219227141430180,-0.1885825778861319379810938287
2023-03-01,95621.2759083413735,541.1670773413735,0.032494745368934703396672683,-0.1622157753666243883836726157
2023-03-02,96037.6939492928100,556.0835522928100,0.004354868066711405582827380,-0.1585673355999739260002525613
2023-03-03,97981.2831272928100,556.0835522928100,0.020237774337086859545875679,-0.1415386112179924583586148607
2023-03-06,97766.5037882928100,556.0835522928100,-0.0021920445634598241367381938,-0.1434203968382122284495146126
2023-03-07,96581.8544152928100,556.0835522928100,-0.0121171293551141340457231185,-0.1537996826926759427660417912
2023-03-08,96240.9955042928100,556.0835522928100,-0.0035292230933394488829150866,-0.1567861123941081201592986932
2023-03-09,94954.4637792928100,556.0835522928100,-0.0133678139784268390540003244,-0.1680580387876497992038955513
2023-03-10,93270.7340462928100,556.0835522928100,-0.0177319703148824402964469219,-0.1828100089475722715254628745
2023-03-13,91601.7439082928100,556.0835522928100,-0.0178940388436487983430938420,-0.1974328383901054272604241856
2023-03-14,93004.1232892928100,556.0835522928100,0.015309527102497019170277409,-0.1851459146778646410829496944
2023-03-15,89332.7037082928100,556.0835522928100,-0.0394758796830965422818415457,-0.2173129965093209406809640980
2023-03-16,90879.3735932928100,556.0835522928100,0.017313590888847369346340042,-0.2037618739368654705520688837
2023-03-17,89597.1438492928100,556.0835522928100,-0.0141091393272392964447574729,-0.2149961085951501625791415888
2023-03-20,91019.7734262928100,556.0835522928100,0.015878068383440202833877333,-0.2025317631261572899851256173
2023-03-21,92728.6739712928100,556.0835522928100,0.018775047230631220736745837,-0.1875592593139226870649942462
2023-03-22,90970.7532982928100,556.0835522928100,-0.0189576815640027567591155709,-0.2029612521654718793553186110
2023-03-23,90904.7252592928100,556.0835522928100,-0.0007258161178845498910284535,-0.2035397557352286992519147280
2023-03-24,90913.4439332928100,556.0835522928100,0.000095910019805144578101616,-0.2034633672174272547480860552
2023-03-27,92637.6042312928100,556.0835522928100,0.018964855178790632964405910,-0.1883571653321042273528988326
2023-03-28,93644.7247992928100,556.0835522928100,0.010871617161919182596470082,-0.1795332951613799979670528792
2023-03-29,94858.0533032928100,556.0835522928100,0.012956720270154105498613738,-0.1689027375758109046772400258
2023-03-30,95388.8438972928100,556.0835522928100,0.005595630265602073584880566,-0.1642522245805310831991968638
2023-03-31,96542.0040212928100,556.0835522928100,0.012089046023470333143478623,-0.1541488312594721754554056919
2023-04-03,96921.1136312928100,556.0835522928100,0.003926887719426101056478243,-0.1508272686924827819670000426
2023-04-04,94253.1554138852405,350.4561838852405,-0.0275271106309922635595406426,-0.1742025404120066761354563102
2023-04-05,94533.2453878852405,350.4561838852405,0.002971677423106596007837682,-0.1717485367452902547805787390
2023-04-06,94638.4351018852405,350.4561838852405,0.001112727205845832755974855,-0.1708269188088451191848895330
2023-04-10,95808.6874708852405,350.4561838852405,0.012365508450558562148772415,-0.1605737720664002127429771659
2023-04-11,95820.2376278852405,350.4561838852405,0.000120554380869792332826764,-0.1604725755572058124424259271
2023-04-12,95257.9261598852405,350.4561838852405,-0.0058683998487221269306080271,-0.1653992581678039826995582157
2023-04-13,96304.6261348852405,350.4561838852405,0.010988061751871136730115581,-0.1562286136783943526203329597
2023-04-14,96018.4755288852405,350.4561838852405,-0.0029713069608848753120303847,-0.1587357174719672207475211112
2023-04-17,96268.8853708852405,350.4561838852405,0.002607933948343818484120530,-0.1565417557900332585904882481
2023-04-18,96725.6560858852405,350.4561838852405,0.004744738793227390257653650,-0.1525397667382627675678117387
2023-04-19,96097.5461238852405,350.4561838852405,-0.0064937265604307168784274784,-0.1580429417639033214920594512
2023-04-20,97220.9264238852405,350.4561838852405,0.011689999852356079486628125,-0.1482004638774331923021842992
2023-04-21,97237.8759448852405,350.4561838852405,0.000174340253929485711072829,-0.1480519609300085658683964698
2023-04-24,97332.4871228852405,350.4561838852405,0.000972986884798120622794174,-0.1472230266614639873454632532
2023-04-25,95943.2756998852405,350.4561838852405,-0.0142728441866083018048188983,-0.1593945795278523338554210093
2023-04-26,94795.9357908852405,350.4561838852405,-0.0119585234153243774870184145,-0.1694469791316171055502153730
2023-04-27,95707.4560108852405,350.4561838852405,0.009615604428556566048619861,-0.1614607098260040489721505624
2023-04-28,95664.4656948852405,350.4561838852405,-0.0004491846068409813079310976,-0.1618373687673815708838607435
2023-05-01,96350.9473678852405,350.4561838852405,0.007175931711043917583814124,-0.1558227709629074152031962089
2023-05-02,94740.5582189968825,911.2148909968825,-0.0167137863495996846726571657,-0.1699321688102304598068818952
2023-05-03,93560.9730049968825,911.2148909968825,-0.0124506888725875770324878277,-0.1802670851195178267342229994
2023-05-04,92213.6126699968825,911.2148909968825,-0.0144008798938852473805893719,-0.1920719603717761093770319069
2023-05-05,93663.6291599968825,911.2148909968825,0.015724538362781064450496016,-0.1793676649182756027206936113
2023-05-08,94447.7099779968825,911.2148909968825,0.008371241057301202029827435,-0.1724979538218905138707618593
2023-05-09,94488.7094459968825,911.2148909968825,0.000434097004676465817967363,-0.1721387376622809500439116357
2023-05-10,95063.2834859968825,911.2148909968825,0.006080875094694633460324886,-0.1671046167302690539229377383
2023-05-11,94837.0994479968825,911.2148909968825,-0.0023792996591930007624383135,-0.1690863244318261485119630493
2023-05-12,97009.5403949968825,911.2148909968825,0.022907079187836607451147024,-0.1500525190673296143067035143
2023-05-15,96732.2518529968825,911.2148909968825,-0.0028583636297105962693249560,-0.1524819780339916998440875347
2023-05-16,95326.9303559968825,911.2148909968825,-0.0145279518472872337598540276,-0.1647946790468219924875482985
2023-05-17,96605.8374029968825,911.2148909968825,0.013416009958822153184523619,-0.1535895561432529035726619212
2023-05-18,98294.3065239968825,911.2148909968825,0.017477920241573525521674455,-0.1387960619138898314002329228
2023-05-19,97690.1257949968825,911.2148909968825,-0.0061466503032146582661445246,-0.1440895813610564782522944631
2023-05-22,97076.5980359968825,911.2148909968825,-0.0062803456747255136337563046,-0.1494649946567080708450296103
2023-05-23,94672.6000079968825,911.2148909968825,-0.0247639294808062365374725214,-0.1705275835499865077673836012
2023-05-24,94256.3847169968825,911.2148909968825,-0.0043963648507048796258028515,-0.1741742469262965870731818964
2023-05-25,94559.3188059968825,911.2148909968825,0.003213937070783631373944437,-0.1715200949244852022626710328
2023-05-26,95992.7363159968825,911.2148909968825,0.015158923817343465412537847,-0.1589612311592455276193386211
2023-05-30,95676.1055759968825,911.2148909968825,-0.0032984864496172769255420241,-0.1617353861418695535109140474
2023-05-31,95307.7596939968825,911.2148909968825,-0.0038499255355603668612981872,-0.1649626424843186204948183480
2023-06-01,96741.8533389968825,911.2148909968825,0.015046976758287276891052215,-0.1523978547734785392208909399
2023-06-02,98263.8792779256540,636.2125779256540,0.015732859009795701792762023,-0.1390626497262292961644348137
2023-06-05,98126.7612549256540,636.2125779256540,-0.0013954061655980508242558735,-0.1402640070129949645343272468
2023-06-06,98335.1660719256540,636.2125779256540,0.002123832625623713177757266,-0.1384380716616661633707477455
2023-06-07,97314.3812329256540,636.2125779256540,-0.0103806692943739330449133156,-0.1473816611163695003470111778
2023-06-08,97611.0349089256540,636.2125779256540,0.003048405304966674973594784,-0.1447825348490047668828660741
2023-06-09,98344.6488829256540,636.2125779256540,0.007515686875817741989477768,-0.1383549881701993148847513566
2023-06-12,99309.1280429256540,636.2125779256540,0.009807134103942592863932791,-0.1299047199891912577146707818
2023-06-13,99826.2160289256540,636.2125779256540,0.005206852544073213987581217,-0.1253742621668808827223797883
2023-06-14,99651.3815419256540,636.2125779256540,-0.0017513885024885641478931512,-0.1269060716281023847175060584
2023-06-15,100325.1736939256540,636.2125779256540,0.006761493333803104074012908,-0.1210026528516318341563434714
2023-06-16,99809.1521849256540,636.2125779256540,-0.0051434898141745588303802954,-0.1255237667533759245129077831
2023-06-20,99730.7875339256540,636.2125779256540,-0.0007851449419669105907439932,-0.1262103573447797877423853510
2023-06-21,99011.5806999256540,636.2125779256540,-0.0072114825500134122392366277,-0.1325116761051703634452182144
2023-06-22,98999.5046979256540,636.2125779256540,-0.0001219655510459804996412714,-0.1326174797966201503544574014
2023-06-23,97989.7225169256540,636.2125779256540,-0.0101998710405786309120144529,-0.1414646696455467137317072020
2023-06-26,97425.9849759256540,636.2125779256540,-0.0057530272208151855089486611,-0.1464038467711074412960525446
2023-06-27,98065.9730509256540,636.2125779256540,0.006568966946119596154182547,-0.1407966018552120080885897575
2023-06-28,98672.3461579256540,636.2125779256540,0.006183318108566673594634085,-0.1354838739245213190142344489
2023-06-29,99197.3440769256540,636.2125779256540,0.005320618587093670905003881,-0.1308841133552819117713394020
2023-06-30,100690.9524699256540,636.2125779256540,0.015056939345490289473978532,-0.1177978881658703775813666762
2023-07-03,100405.5568559256540,636.2125779256540,-0.0028343719768192865543065272,-0.1202983771095438288719080375
2023-07-05,99503.4376321562945,935.6201181562945,-0.0089847539520529929395536376,-0.1282022797424362865934610209
2023-07-06,98126.8714231562945,935.6201181562945,-0.0138343583071861458991000812,-0.1402630417758674569020792859
2023-07-07,98735.1815071562945,935.6201181562945,0.006199220205205166984034902,-0.1349333430532827838835264364
2023-07-10,100298.3511111562945,935.6201181562945,0.015831941362124320043974469,-0.1212376584661734418347420824
2023-07-11,100429.7833421562945,935.6201181562945,0.001310412679210841485450799,-0.1200861171518145076480881827
2023-07-12,101675.7611911562945,935.6201181562945,0.012406457601875455999650400,-0.1091695028709568873295257560
2023-07-13,103005.5869481562945,935.6201181562945,0.013079083366780514071093626,-0.0975182565333356030611319443
2023-07-14,102077.9215941562945,935.6201181562945,-0.0090059712437433410374341975,-0.1056459811629997374645492608
2023-07-17,104497.7504881562945,935.6201181562945,0.023705703017943589743967941,-0.0844446903995454822300817300
2023-07-18,105255.1694081562945,935.6201181562945,0.007248183970102259343388564,-0.0778085770807574566048720725
2023-07-19,104698.5398211562945,935.6201181562945,-0.0052883824151335829363412648,-0.0826854779851105958746250230
2023-07-20,102169.8562441562945,935.6201181562945,-0.0241520424384087950517579751,-0.1048404972501828836684430307
2023-07-21,101607.7326821562945,935.6201181562945,-0.0055018533123574910624543106,-0.1097655335254752495990302012
2023-07-24,101480.6547501562945,935.6201181562945,-0.0012506718597640415643559268,-0.1108789247212869927791644529
2023-07-25,103666.4396061562945,935.6201181562945,0.021538931349835753631596894,-0.0917282069191666461079680149
2023-07-26,102279.1053251562945,935.6201181562945,-0.0133826751094248278864258500,-0.1038833132370221722442306470
2023-07-27,103087.8570311562945,935.6201181562945,0.007907301334215734471586408,-0.0967974485641682942651064563
2023-07-28,103779.5349201562945,935.6201181562945,0.006709596153414595147400801,-0.0907373241993001898310068683
2023-07-31,104856.6462921562945,935.6201181562945,0.010378841770958842567482464,-0.0813002307589260786874131330
2023-08-01,106054.3890541562945,935.6201181562945,0.011422668990030401645429899,-0.0708062273936679777874971499
2023-08-02,103528.5715227970810,686.8536957970810,-0.0238162470585674093168502874,-0.0929361358473426870074229617
2023-08-03,103058.6211677970810,686.8536957970810,-0.0045393300427845324353664780,-0.0970535980966150722447977760
2023-08-04,103076.1220977970810,686.8536957970810,0.000169815293487242464108679,-0.0969002639883725993457777721
2023-08-07,105187.0995057970810,686.8536957970810,0.020479790712315857680837065,-0.0784049704025067695936735307
2023-08-08,104277.7419947970810,686.8536957970810,-0.0086451429431218740478925755,-0.0863722911690477328417857814
2023-08-09,103914.9329107970810,686.8536957970810,-0.0034792571939091497911421653,-0.0895510369475525575790010112
2023-08-10,104200.6170377970810,686.8536957970810,0.002749211484794372040753585,-0.0870480202020096421752088136
2023-08-11,103413.5163277970810,686.8536957970810,-0.0075537048855909558058492390,-0.0939441900321196575272160163
2023-08-14,104876.7054027970810,686.8536957970810,0.014148915218800092745718589,-0.0811244831933828705776283094
2023-08-15,103508.5884227970810,686.8536957970810,-0.0130450034137276786424159275,-0.0931112174469159759805464838
2023-08-16,101402.8497597970810,686.8536957970810,-0.0203436129801981243815104715,-0.1115606118552589704497613843
2023-08-17,98739.7644747970810,686.8536957970810,-0.0262624304081030507925636612,-0.1348931894582278863525998873
2023-08-18,98823.6091667970810,686.8536957970810,0.000849148187115647951326363,-0.1341585855783949402442113998
2023-08-21,99892.1021497970810,686.8536957970810,0.010812122649726033610164067,-0.1247970020104562789747507598
2023-08-22,99677.1354937970810,686.8536957970810,-0.0021519885093381897495319293,-0.1266804288054681118472298753
2023-08-23,101949.4238037970810,686.8536957970810,0.022796484858269274291701238,-0.1067718124243017501775948654
2023-08-24,99266.2214137970810,686.8536957970810,-0.0263189559086067614693040720,-0.1302806457094312822745007589
2023-08-25,99564.0837977970810,686.8536957970810,0.003000641907767831087670803,-0.1276709293669502239674570966
2023-08-28,99944.1663027970810,686.8536957970810,0.003817466002819879997624866,-0.1243408427965370946735204231
2023-08-29,102364.7099757970810,686.8536957970810,0.024218959070272995110718751,-0.1031332895087166802385824819
2023-08-30,102598.9106587970810,686.8536957970810,0.002287904523496173318538308,-0.1010813441048105402471948839
2023-08-31,103061.6655977970810,686.8536957970810,0.004510329944329893936773533,-0.0970269243736096872870861875
2023-09-01,102811.5530927970810,686.8536957970810,-0.0024268238199843928808258674,-0.0992182809423443799101928015
2023-09-05,101772.3766144043130,757.6044584043130,-0.0101075846744072978476909823,-0.1083230084408778000335940694
2023-09-06,101540.3189254043130,757.6044584043130,-0.0022801638000380135264816351,-0.1103561780383577118206655269
2023-09-07,100813.1927454043130,757.6044584043130,-0.0071609601751810208893205132,-0.1167268820175208667397436111
2023-09-08,100597.6777894043130,757.6044584043130,-0.0021377654067981544081101626,-0.1186151127338985554776271747
2023-09-11,101539.9610264043130,757.6044584043130,0.009366848795184099150349352,-0.1103593137645166001087785792
2023-09-12,100469.1460924043130,757.6044584043130,-0.0105457489167397527834681030,-0.1197412410676720594678465941
2023-09-13,99603.9866444043130,757.6044584043130,-0.0086111953933030186757342374,-0.1273213212375047542715573889
2023-09-14,101178.5821984043130,757.6044584043130,0.015808559547133947485892356,-0.1135255283787736707941428070
2023-09-15,99047.9411834043130,757.6044584043130,-0.0210582216977695733179215160,-0.1321931043315865969459515236
2023-09-18,99091.2306924043130,757.6044584043130,0.000437056121336656784453559,-0.1318138240156965554027659585
2023-09-19,99254.0203664043130,757.6044584043130,0.001642826240652175025608806,-0.1303875449840180745343034618
2023-09-20,97463.1833884043130,757.6044584043130,-0.0180429666364040389004541815,-0.1460779334964728445224059819
2023-09-21,95456.7805724043130,757.6044584043130,-0.0205862639229031367033038745,-0.1636569985271052986489820877
2023-09-22,95222.0166264043130,757.6044584043130,-0.0024593742277106307669019512,-0.1657138789504538899850994060
2023-09-25,95411.3462224043130,757.6044584043130,0.001988296432985860526783444,-0.1640550708318814676045512784
2023-09-26,94354.7182044043130,757.6044584043130,-0.0110744482688358147773696779,-0.1733126997055494156913227195
2023-09-27,95090.0984644043130,757.6044584043130,0.007793783649556527819221135,-0.1668696777412184993614885764
2023-09-28,96364.2844564043130,757.6044584043130,0.013399775713524728572752797,-0.1557059182828142484233430286
2023-09-29,95310.3326634043130,757.6044584043130,-0.0109371620299511806423056698,-0.1649400994554839517291696964
2023-10-02,95530.3791874043130,757.6044584043130,0.002308737340967122960166155,-0.1630121654811525355933669205
2023-10-03,92648.7163025550995,412.8266695550995,-0.0301648848184323018741249287,-0.1882598071038426452167866255
2023-10-04,94492.8157685550995,412.8266695550995,0.019904209573480542267058963,-0.1721027601852200079282390335
2023-10-05,94466.0426195550995,412.8266695550995,-0.0002833352862039428174477366,-0.1723373326866103828999647943
2023-10-06,96250.1852065550995,412.8266695550995,0.018886602397279534295895869,-0.1567055969699905449065016119
2023-10-09,96344.0866705550995,412.8266695550995,0.000975597748705473240847952,-0.1558828808488985416701991676
2023-10-10,97023.7084155550995,412.8266695550995,0.007054109582500277671663446,-0.1499283861899422282201605768
2023-10-11,98548.3566075550995,412.8266695550995,0.015714181790185669080162409,-0.1365702063158544738494015603
2023-10-12,98328.6411215550995,412.8266695550995,-0.0022295195329838281452489858,-0.1384952399062334730711577236
2023-10-13,96749.6611895550995,412.8266695550995,-0.0160581892924569678814696388,-0.1523294464201719036349305462
2023-10-16,97408.2355765550995,412.8266695550995,0.006806994245795853780223989,-0.1465593578396234278204331451
2023-10-17,97497.9976525550995,412.8266695550995,0.000921503972109772707313758,-0.1457729088979127256583323927
2023-10-18,95865.5169605550995,412.8266695550995,-0.0167437355771912931136856667,-0.1600758614341993722527374999
2023-10-19,94563.8912175550995,412.8266695550995,-0.0135776219048145116148701194,-0.1714800338163728459678073055
2023-10-20,92830.4216735550995,412.8266695550995,-0.0183311993793905339096331616,-0.1866677985062908181953726004
2023-10-23,94037.7075355550995,412.8266695550995,0.013005282538147980886482505,-0.1760901834284912270362168055
2023-10-24,94516.7489655550995,412.8266695550995,0.005094141941081212304306061,-0.1718930698762257757554683944
2023-10-25,91830.6497855550995,412.8266695550995,-0.0284192929760935780688128850,-0.1954272833389467680244424098
2023-10-26,90810.2135805550995,412.8266695550995,-0.0111121527222440926298837978,-0.2043678182426352157178690477
2023-10-27,91090.7962715550995,412.8266695550995,0.003089770191445516806278320,-0.2019094976440865485040921815
2023-10-30,92530.3249935550995,412.8266695550995,0.015803229095819434385703013,-0.1892970905961584282015767529
2023-10-31,92621.8003275550995,412.8266695550995,0.000988598429826885602257320,-0.1884956309728657025336377843
2023-11-01,94802.1714875550995,412.8266695550995,0.023540582803283482480177345,-0.1693923451785561317791230884
2023-11-02,96800.9908250923720,634.4224970923720,0.021084109215785865636227416,-0.1518797226688330419244504357
2023-11-03,99087.2451790923720,634.4224970923720,0.023618088353361835022752447,-0.1318487430245477980481829250
2023-11-06,99362.6603350923720,634.4224970923720,0.002779521779036331584016929,-0.1294356976982867616741521372
2023-11-07,100348.8794860923720,634.4224970923720,0.009925450341949956872609669,-0.1207949549463167963859064824
2023-11-08,101179.3691130923720,634.4224970923720,0.008276022923754717641297160,-0.1135186338387717148693966885
2023-11-09,100858.1456830923720,634.4224970923720,-0.0031747917862677643926091444,-0.1163330275987398089252696797
2023-11-10,103777.3715860923720,634.4224970923720,0.028943878387101581708400906,-0.0907562782148594841885443258
2023-11-13,104175.7594670923720,634.4224970923720,0.003838870409909182760620471,-0.0872658093959028108894392868
2023-11-14,107275.0472890923720,634.4224970923720,0.029750566137979733790738850,-0.0601114504919402169531322460
2023-11-15,106475.6810650923720,634.4224970923720,-0.0074515578804249925637659849,-0.0671150844197482155973159470
2023-11-16,107110.0075090923720,634.4224970923720,0.005957477215968345643890872,-0.0615574437900583120435202235
2023-11-17,107968.8990030923720,634.4224970923720,0.008018779140941524787632185,-0.0540322801953501872470778442
2023-11-20,108843.3124290923720,634.4224970923720,0.008098752826727960276076406,-0.0463711214505888764856363838
2023-11-21,108044.0671960923720,634.4224970923720,-0.0073430807567592215523047534,-0.0533736953177549340993419714
2023-11-22,108255.5093230923720,634.4224970923720,0.001956998958732712571626652,-0.0515211486251827849902005801
2023-11-24,108046.4887790923720,634.4224970923720,-0.0019308074508815144069889138,-0.0533524786584208225835409507
2023-11-27,107984.5524080923720,634.4224970923720,-0.0005732381653478132305257713,-0.0538951331467857243019723998
2023-11-28,107637.3753750923720,634.4224970923720,-0.0032150620182038419242049267,-0.0569369189694432965375435140
2023-11-29,107669.5662810923720,634.4224970923720,0.000299068106109256516985213,-0.0566548788798579276285826508
2023-11-30,107607.7878140923720,634.4224970923720,-0.0005737783584891136294728699,-0.0571961498949429568236312366
2023-12-01,109112.3856650923720,634.4224970923720,0.013982239404450958157504458,-0.0440136407513359536077313987
2023-12-04,107837.8725264191990,1097.7245924191990,-0.0116807375340975597475724054,-0.0551802664998970975616728503
2023-12-05,108014.6397024191990,1097.7245924191990,0.001639193836624455029290800,-0.0536315238160225687442729027
2023-12-06,107116.7097124191990,1097.7245924191990,-0.0083130397182622746148605597,-0.0614987225466513186331247041
2023-12-07,108432.0811834191990,1097.7245924191990,0.012279797190666460090208244,-0.0499741171963428034935534324
2023-12-08,110369.4976634191990,1097.7245924191990,0.017867557819191414916381840,-0.0329994748056200915854016083
2023-12-11,111073.1377914191990,1097.7245924191990,0.006375313314787461134571155,-0.0268345434819418935866114495
2023-12-12,112913.3373834191990,1097.7245924191990,0.016567458420555776031948594,-0.0107116652447577858936106506
2023-12-13,113478.0939734191990,1097.7245924191990,0.005001681848108511327987720,-0.0057635597382669943975043424
2023-12-14,112521.2519204191990,1097.7245924191990,-0.0084319538643654702881234466,-0.0141469155328248830637159248
2023-12-15,113151.2853074191990,1097.7245924191990,0.005599239043710533260765337,-0.0086268884509138178903061648
2023-12-18,114655.6317524191990,1097.7245924191990,0.013295000944203695601235604,0
2023-12-19,115017.9168894191990,1097.7245924191990,0.003159767483400185387438901,0
2023-12-20,113025.6621234191990,1097.7245924191990,-0.0173212558519504256578965474,-0.0173212558519504256578965474
2023-12-21,114178.7988324191990,1097.7245924191990,0.010202432680649319538626884,-0.0072955421180749334135999239
2023-12-22,114040.4419994191990,1097.7245924191990,-0.0012117558987730027194703170,-0.0084984576006516119462030717
2023-12-26,114480.9731454191990,1097.7245924191990,0.003862937904101104748415828,-0.0046683487105424604390905673
2023-12-27,114753.1395914191990,1097.7245924191990,0.002377394588131961311046118,-0.0023020526293704555934528105
2023-12-28,114646.3872314191990,1097.7245924191990,-0.0009302783381796251376335333,-0.0032301894178556279471501735
2023-12-29,114316.4593964191990,1097.7245924191990,-0.0028777865833140030308720209,-0.0060986802054013631820173484
2024-01-02,112665.5258724191990,1097.7245924191990,-0.0144417832105436354317504156,-0.0204523875985481583970080226
2024-01-03,111336.6153699766170,659.1493069766170,-0.0117951830620079908293563742,-0.0320063310047761317011094843
2024-01-04,111309.7795159766170,659.1493069766170,-0.0002410334992744591826755613,-0.0322396499060895730756014280
2024-01-05,112495.9983909766170,659.1493069766170,0.010656915144007975941976282,-0.0219263099754033184243320043
2024-01-08,115836.4706079766170,659.1493069766170,0.029694142589768256338654717,0
2024-01-09,116708.0891159766170,659.1493069766170,0.007524560299750530075244582,0
2024-01-10,118793.1483539766170,659.1493069766170,0.017865593154627087975264443,0
2024-01-11,119390.6881719766170,659.1493069766170,0.005030086551957247392088463,0
2024-01-12,118765.4983209766170,659.1493069766170,-0.0052365042916868332897932307,-0.0052365042916868332897932307
2024-01-16,120171.4985069766170,659.1493069766170,0.011838456503589386548745245,0
2024-01-17,119798.3706379766170,659.1493069766170,-0.0031049614395741089409509427,-0.0031049614395741089409509427
2024-01-18,121427.2454539766170,659.1493069766170,0.013596802755542982563138463,0
2024-01-19,124417.2233709766170,659.1493069766170,0.024623616436504459208064140,0
2024-01-22,124629.4542819766170,659.1493069766170,0.001705800091416507928391981,0
2024-01-23,123091.7102769766170,659.1493069766170,-0.0123385279495874516951296587,-0.0123385279495874516951296587
2024-01-24,123839.1770459766170,659.1493069766170,0.006072437918996142699243746,-0.0063410149755769775645528082
2024-01-25,124361.7075159766170,659.1493069766170,0.004219427829417866550645063,-0.0021483426012138159664307611
2024-01-26,123641.4134129766170,659.1493069766170,-0.0057919283788176081339201632,-0.0079278279335520309600240848
2024-01-29,126283.9284089766170,659.1493069766170,0.021372410125834572669404012,0
2024-01-30,125713.5753849766170,659.1493069766170,-0.0045164339689598831172792154,-0.0045164339689598831172792154
2024-01-31,123484.1067739766170,659.1493069766170,-0.0177345096118110433617928794,-0.0221708468391372975324657692
2024-02-01,125291.7276339766170,659.1493069766170,0.014638489982428597291796604,-0.0078569045760653703010328098
2024-02-02,129053.9454443413135,554.3292203413135,0.030027663289595011418810305,0
2024-02-05,128754.0786743413135,554.3292203413135,-0.0023235769272108557095626521,-0.0023235769272108557095626521
2024-02-06,127227.9193463413135,554.3292203413135,-0.0118532891828625218622834247,-0.0141493240808165201985325382
2024-02-07,129736.7530193413135,554.3292203413135,0.019719206962509729954995451,0
2024-02-08,130908.9416463413135,554.3292203413135,0.009035131523796103396271424,0
2024-02-09,131800.7490823413135,554.3292203413135,0.006812425681427274222202768,0
2024-02-12,131458.2067193413135,554.3292203413135,-0.0025989409421793178816611081,-0.0025989409421793178816611081
2024-02-13,129309.4326423413135,554.3292203413135,-0.0163456822561679828172497635,-0.0189021417355038917232210871
2024-02-14,133145.2916943413135,554.3292203413135,0.029664185926866246290746374,0
2024-02-15,133697.8406303413135,554.3292203413135,0.004149969773384659443665929,0
2024-02-16,131415.5476733413135,554.3292203413135,-0.0170705296827513436090948049,-0.0170705296827513436090948049
2024-02-20,129526.6486773413135,554.3292203413135,-0.0143734819010549856568732992,-0.0311986486343698809224315667
2024-02-21,124868.6409883413135,554.3292203413135,-0.0359617710839055044352041513,-0.0660384610579589746192424673
2024-02-22,132070.1522713413135,554.3292203413135,0.057672696891707085149344561,-0.0121743803140423594113262912
2024-02-23,132190.9964283413135,554.3292203413135,0.000914999755218898851322027,-0.0112705201138307510997915511
2024-02-26,133317.2160783413135,554.3292203413135,0.008519639615626213879922899,-0.0028469012678550417524728721
2024-02-27,134474.6352993413135,554.3292203413135,0.008681693595520811958167217,0
2024-02-28,133765.0442033413135,554.3292203413135,-0.0052767653499892089619945277,-0.0052767653499892089619945277
2024-02-29,136329.7507153413135,554.3292203413135,0.019173219186481129005553392,0
2024-03-01,140298.5993653413135,554.3292203413135,0.029112124310173639702156772,0
2024-03-04,140905.0744238145200,1313.9676508145200,0.004322744925584960338494405,0
2024-03-05,138392.4991738145200,1313.9676508145200,-0.0178316874695560781175280894,-0.0178316874695560781175280894
2024-03-06,139844.5880958145200,1313.9676508145200,0.010492540641066421417049111,-0.0075262465339627687063058175
2024-03-07,142696.8212978145200,1313.9676508145200,0.020395735300430735382782016,0
2024-03-08,138771.9100408145200,1313.9676508145200,-0.0275052465871579450965058179,-0.0275052465871579450965058179
2024-03-11,135769.0680368145200,1313.9676508145200,-0.0216386875637643623529789866,-0.0485487567136585006524077799
2024-03-12,139669.4826018145200,1313.9676508145200,0.028728300351464307114084412,-0.0212151796267543441822321734
2024-03-13,138705.3912478145200,1313.9676508145200,-0.0069026628869854135203784826,-0.0279714012806894314335432302
2024-03-14,136680.0285378145200,1313.9676508145200,-0.0146019032986355688436234598,-0.0421648688826970420934369947
2024-03-15,134043.0643278145200,1313.9676508145200,-0.0192929738031949960872272335,-0.0606443569751230122831193847
2024-03-18,135555.5370478145200,1313.9676508145200,0.011283483614647231839885074,-0.0500451529687253985167088651
2024-03-19,135982.3435198145200,1313.9676508145200,0.003148572764308790312191394,-0.0470541510100396041964911054
2024-03-20,138180.3223678145200,1313.9676508145200,0.016163707663118218662226473,-0.0316510128881838845533335515
2024-03-21,140079.9673738145200,1313.9676508145200,0.013747579781609139262721718,-0.0183385579314237923503623838
2024-03-22,140550.3487608145200,1313.9676508145200,0.003357949004547880173904213,-0.0150421888692265803325915944
2024-03-25,140220.9054068145200,1313.9676508145200,-0.0023439525899764178126000433,-0.0173508832816440600586410362
2024-03-26,138678.5053338145200,1313.9676508145200,-0.0109997868614892122386527147,-0.0281598141251766111385292013
2024-03-27,138213.5769198145200,1313.9676508145200,-0.0033525629143526303515860341,-0.0314179694910181110247564447
2024-03-28,138260.9474828145200,1313.9676508145200,0.000342734513176533528624519,-0.0310860030003200767713046424
2024-04-01,138396.3217988145200,1313.9676508145200,0.000979121859531786292253974,-0.0301373181258513745604905473
2024-04-02,136851.7232953487730,1281.8123453487730,-0.0111606904243532993611992248,-0.0409616552723817953635431469
2024-04-03,138016.9806033487730,1281.8123453487730,0.008514743402135908685412121,-0.0327956898542169651277480425
2024-04-04,133831.4162023487730,1281.8123453487730,-0.0303264452149480193676849853,-0.0621275583775146471064586406
2024-04-05,136708.9402563487730,1281.8123453487730,0.021501110394358202812141445,-0.0419622594743633205152274233
2024-04-08,135319.9002543487730,1281.8123453487730,-0.0101605644765832561019088808,-0.0516964637079741914861035761
2024-04-09,133698.4483583487730,1281.8123453487730,-0.0119823610049394152726288801,-0.0630593790220859111152827643
2024-04-10,132206.6564363487730,1281.8123453487730,-0.0111578850788274339035497314,-0.0735136547966426889306255812
2024-04-11,134814.8978013487730,1281.8123453487730,0.019728517726002278562662954,-0.0552354525123991880872878153
2024-04-12,132214.5184693487730,1281.8123453487730,-0.0192885161388594263372415074,-0.0734585587340359992373709658
2024-04-15,129647.2854523487730,1281.8123453487730,-0.0194171793440004122676789669,-0.0914493800687458466263161440
2024-04-16,131504.8382313487730,1281.8123453487730,0.014327741398663795840021857,-0.0784319017387751604570049266
2024-04-17,128902.8520723487730,1281.8123453487730,-0.0197862390007467092951553822,-0.0966662683864353830300296031
2024-04-18,128426.7430703487730,1281.8123453487730,-0.0036935490126531588371619775,-0.1000027757989329581965471014
2024-04-19,120990.8454603487730,1281.8123453487730,-0.0578999157981201155805916075,-0.1521125392987165714278357166
2024-04-22,122354.6026383487730,1281.8123453487730,0.011271573256729838373182739,-0.1425555136719594133245054552
2024-04-23,126157.5815283487730,1281.8123453487730,0.031081616939582607311831454,-0.1159047526009540796877886244
2024-04-24,125257.3568123487730,1281.8123453487730,-0.0071357163405808567855946303,-0.1222134055044493268853345083
2024-04-25,124472.6705483487730,1281.8123453487730,-0.0062645922281080736699493341,-0.1277123805822636068314082724
2024-04-26,127719.6794613487730,1281.8123453487730,0.026086119135194164147715792,-0.1049577818219776289649999069
2024-04-29,127778.8290123487730,1281.8123453487730,0.000463120102160138604144044,-0.1045432697784573861788988782
2024-04-30,126378.9753243487730,1281.8123453487730,-0.0109552865589707012664306048,-0.1143532548591933053201772322
2024-05-01,123058.3744223487730,1281.8123453487730,-0.0262749471854614513193810507,-0.1376235763127438394702347543
2024-05-02,124296.3903411063620,245.4644951063620,0.010060395520166659248747385,-0.1289477284031832227048395287
2024-05-03,127455.5701871063620,245.4644951063620,0.025416505156185697681318459,-0.1068086238508354643443870735
2024-05-06,131305.9051431063620,245.4644951063620,0.030209232521949887352948729,-0.0798259978821449481149127051
2024-05-07,127235.5979511063620,245.4644951063620,-0.0309986606281255549827429082,-0.1083501594926204225585502379
2024-05-08,127945.0413051063620,245.4644951063620,0.005575824418828308887939928,-0.1033784765388750085136351986
2024-05-09,129416.4707971063620,245.4644951063620,0.011500480807936355575045053,-0.0930668979163276837762200091
2024-05-10,129631.3365291063620,245.4644951063620,0.001660265734929963860679558,-0.0915611479630644236197174354
2024-05-13,128706.9325421063620,245.4644951063620,-0.0071310225733300364109914458,-0.0980392459234298361429634553
2024-05-14,130705.5861511063620,245.4644951063620,0.015528717603040863359948300,-0.0840329520843489898826590262
2024-05-15,135629.9589101063620,245.4644951063620,0.037675304506932257652058289,-0.0495236146358110281838091111
2024-05-16,132996.5197441063620,245.4644951063620,-0.0194163530473780251759952021,-0.0679783996972378489342727873
2024-05-17,131537.1139981063620,245.4644951063620,-0.0109732626749029832255049657,-0.0782057175360434958165439691
2024-05-20,132870.1629901063620,245.4644951063620,0.010134394403842484139876320,-0.0688638907183467769081071501
2024-05-21,133607.1833361063620,245.4644951063620,0.005546921366047238400769756,-0.0636989519390742783524345265
2024-05-22,132413.5406901063620,245.4644951063620,-0.0089339705859769204783869221,-0.0720638379620699517052896303
2024-05-23,133025.8309661063620,245.4644951063620,0.004624076003170791535671538,-0.0677729906227159561510578180
2024-05-24,136692.5015881063620,245.4644951063620,0.027563598703880531567185594,-0.0420774594353218255328208011
2024-05-28,137101.7161281063620,245.4644951063620,0.002993686817094624210812568,-0.0392097393538355580816502780
2024-05-29,135381.8444551063620,245.4644951063620,-0.0125444941286728350945320277,-0.0512623671373974108148647267
2024-05-30,134312.2023791063620,245.4644951063620,-0.0079009270430992049198835233,-0.0587582739576874725559779993
2024-05-31,132103.3510541063620,245.4644951063620,-0.0164456489125638031757433363,-0.0742376049260349067131865450
2024-06-03,131372.4722231063620,245.4644951063620,-0.0055326289997037968592509699,-0.0793595047998563694042846216
2024-06-04,129956.9671065216505,820.1728875216505,-0.0107747467382725123247483203,-0.0892791729726357075267817188
2024-06-05,133381.2480355216505,820.1728875216505,0.026349344750352817233714815,-0.0652822759299652500976867973
2024-06-06,129923.0223915216505,820.1728875216505,-0.0259273750615904931754707118,-0.0895170529386452929267622762
2024-06-07,129498.6500065216505,820.1728875216505,-0.0032663370755119775239388091,-0.0924909971452532049110263395
2024-06-10,132211.5736575216505,820.1728875216505,0.020949435772985858166987755,-0.0734791955765412471199077745
2024-06-11,131838.5153985216505,820.1728875216505,-0.0028216762623699119500670675,-0.0760935373369747963963876445
2024-06-12,132533.8411055216505,820.1728875216505,0.005274071123284181948608863,-0.0712207889416280999513487367
2024-06-13,133871.1824425216505,820.1728875216505,0.010090564989625758509610950,-0.0618488819514302593265068884
2024-06-14,132624.5518625216505,820.1728875216505,-0.0093121653014101663873494685,-0.0705851002404013033531630059
2024-06-17,133386.2239395216505,820.1728875216505,0.005743069939188543131159503,-0.0652474054685580189564000062
2024-06-18,136670.6854165216505,820.1728875216505,0.024623693361986169824606697,-0.0422303442114948013398202981
2024-06-20,135903.0594515216505,820.1728875216505,-0.0056166101945019171563450892,-0.0476097630241811117687040401
2024-06-21,134482.6669575216505,820.1728875216505,-0.0104515122745023416109838532,-0.0575636812760500767661821905
2024-06-24,132610.0090685216505,820.1728875216505,-0.0139249014863120377593986309,-0.0706870141714036523932808814
2024-06-25,134146.2847095216505,820.1728875216505,0.011584914681712920516484910,-0.0599210025179714753224357654
2024-06-26,131791.0652235216505,820.1728875216505,-0.0175570981417782601302247468,-0.0764260617377879680169631140
2024-06-27,132533.0349975216505,820.1728875216505,0.005629894353927534631194355,-0.0712264380373309230526064002
2024-06-28,130328.7931335216505,820.1728875216505,-0.0166316410398450395348999548,-0.0866734665271923098375692287
2024-07-01,130075.7862225216505,820.1728875216505,-0.0019412971218170861459914165,-0.0884465046979022479955352124
2024-07-02,131111.2134350348995,326.5580300348995,0.007960184155580929439213097,-0.0811903710076340742709295664
2024-07-03,133465.9085820348995,326.5580300348995,0.017959525240506925536020755,-0.0646889862845248745968043748
2024-07-05,131858.8695360348995,326.5580300348995,-0.0120408204842229991764468072,-0.0759508982975895460203318208
2024-07-08,134594.8272710348995,326.5580300348995,0.020749136896341333619795657,-0.0567776769874249958327731690
2024-07-09,134433.2195560348995,326.5580300348995,-0.0012006978148912735584635364,-0.0579102019696228656510414600
2024-07-10,135247.5940670348995,326.5580300348995,0.006057836847837670963790459,-0.0522031756771424977521828048
2024-07-11,132557.9533690348995,326.5580300348995,-0.0198867914549880342672670269,-0.0710518134641510954055823312
2024-07-12,133524.3800140348995,326.5580300348995,0.007290597210033223667088529,-0.0642792264071274127514727535
2024-07-15,131467.2847230348995,326.5580300348995,-0.0154061399931890818254513562,-0.0786950716396343932096193664
2024-07-16,130068.9146950348995,326.5580300348995,-0.0106366388485620414818347401,-0.0884946594320039265534463306
2024-07-17,121994.5874940348995,326.5580300348995,-0.0620773012516588641873496162,-0.1450784510509393284796513325
2024-07-18,121625.7428610348995,326.5580300348995,-0.0030234507987334699407975819,-0.1476632642909638212862041911
2024-07-19,119683.4936090348995,326.5580300348995,-0.0159690638372432599325080814,-0.1612742840343289568586300755
2024-07-22,120636.9899920348995,326.5580300348995,0.007966816093410065841034719,-0.1545923105024167689904724023
2024-07-23,121322.4696540348995,326.5580300348995,0.005682168147972351103558690,-0.1497885618571027020219087446
2024-07-24,114640.1750490348995,326.5580300348995,-0.0550787881589893321562193242,-0.1966171775489250047449348798
2024-07-25,112148.6218590348995,326.5580300348995,-0.0217336827070814490006960754,-0.2140776449043962194509350283
2024-07-26,114708.0377030348995,326.5580300348995,0.022821643294173112894229444,-0.1961416052594878934101561911
2024-07-29,114283.1029170348995,326.5580300348995,-0.0037044900645942899340105076,-0.1991194906961448353196541079
2024-07-30,109938.4908010348995,326.5580300348995,-0.0380162246658110070745067984,-0.2295659440683093357696427446
2024-07-31,116761.9605720348995,326.5580300348995,0.062066249238849544673718945,-0.1817479919307552725521351682
2024-08-01,111486.9656530348995,326.5580300348995,-0.0451773410891439663259704675,-0.2187144419961765226699818846
2024-08-02,106676.5001515759915,605.0005195759915,-0.0431482323810824557240137699,-0.2524255328089091740226676992
2024-08-05,104494.1327195759915,605.0005195759915,-0.0204578086916901788457602502,-0.2677192682414967263630029176
2024-08-06,107868.8299105759915,605.0005195759915,0.032295566298027968307756652,-0.2440698473202215491111391547
2024-08-07,104451.2005025759915,605.0005195759915,-0.0316831971834054239230741882,-0.2680201314044567377954747203
2024-08-08,110334.3847095759915,605.0005195759915,0.056324716027126064580504362,-0.2267915731682397114989394969
2024-08-09,111571.1005725759915,605.0005195759915,0.011208798293073407086488375,-0.2181248358733779024011416429
2024-08-12,112402.2334945759915,605.0005195759915,0.007449356667942479905779349,-0.2123003689059926292151867911
2024-08-13,115802.2839355759915,605.0005195759915,0.030248958008152663668843939,-0.1884732758419926560402446618
2024-08-14,117052.3941445759915,605.0005195759915,0.010795212033084518711036298,-0.1797126727841924741747305969
2024-08-15,120344.1235005759915,605.0005195759915,0.028121845606457705500978121,-0.1566446792152956830688101979
2024-08-16,120320.0763015759915,605.0005195759915,-0.0001998203011540061214954784,-0.1568131987294747161236120149
2024-08-19,121342.1712325759915,605.0005195759915,0.008494799558123387494080186,-0.1496504958626263853972607918
2024-08-20,120763.4211755759915,605.0005195759915,-0.0047695706374885313363712419,-0.1537062978891629349834074251
2024-08-21,122592.3878095759915,605.0005195759915,0.015145038259067659994153045,-0.1408891473922862983482792820
2024-08-22,120675.9779725759915,605.0005195759915,-0.0156323722152861479425526262,-0.1543190880144419151155527703
2024-08-23,122130.9790015759915,605.0005195759915,0.012057089185808410985630197,-0.1441226378358962481145163009
2024-08-26,119895.7313555759915,605.0005195759915,-0.0183020529621002720374425243,-0.1597869506472863504836924589
2024-08-27,120047.9880895759915,605.0005195759915,0.001269909547892498802920748,-0.1587199560736494681090687998
2024-08-28,116167.7803355759915,605.0005195759915,-0.0323221389691655003367171167,-0.1859119265654226265323977461
2024-08-29,116712.9333605759915,605.0005195759915,0.004692807449924639061476019,-0.1820915679895140451878427593
2024-08-30,118322.8614105759915,605.0005195759915,0.013793913010705044482947562,-0.1708094102276392406917917870
2024-09-03,110985.3293325759915,605.0005195759915,-0.0620128011656093464114055431,-0.2222298413995869953816691598
2024-09-04,110492.0382967107935,1062.6093567107935,-0.0044446508275613062709622011,-0.2256867581786628094725772563
2024-09-05,109417.8198977107935,1062.6093567107935,-0.0097221339705521398300587863,-0.2332147352508223856251797762
2024-09-06,106633.2895387107935,1062.6093567107935,-0.0254486002517973500686821501,-0.2527283469323928047979146248
2024-09-09,109281.8887957107935,1062.6093567107935,0.024838390229333459744387373,-0.2341673220061804873497771974
2024-09-10,109969.7300747107935,1062.6093567107935,0.006294192812551361143053821,-0.2293470234687348276121021807
2024-09-11,113059.5988707107935,1062.6093567107935,0.028097448215075342537683438,-0.2076936413688539311515750133
2024-09-12,114100.9502157107935,1062.6093567107935,0.009210640718713644383959621,-0.2003959921603501614436214640
2024-09-13,116403.6993147107935,1062.6093567107935,0.020181682051258936499286177,-0.1842586383072179903480979557
2024-09-16,117143.8797947107935,1062.6093567107935,0.006358736744257902951666414,-0.1790715537368111212387652953
2024-09-17,117052.4480827107935,1062.6093567107935,-0.0007805078008362863437743505,-0.1797122947930479522603374939
2024-09-18,117365.7091247107935,1062.6093567107935,0.002676245111752345779273812,-0.1775170038317572976065601325
2024-09-19,119228.8898627107935,1062.6093567107935,0.015875000900136990106119511,-0.1644600855272390761217192611
2024-09-20,122779.2777767107935,1062.6093567107935,0.029777916393318653833496730,-0.1395794478107885826578081052
2024-09-23,124100.3998687107935,1062.6093567107935,0.010760138973961248520499781,-0.1303212030931801904331283338
2024-09-24,124583.8700867107935,1062.6093567107935,0.003895799034583904354329131,-0.1269331092757925103946240393
2024-09-25,125868.7691067107935,1062.6093567107935,0.010313526294420826317465138,-0.1179287109415201622237430560
2024-09-26,123220.1218857107935,1062.6093567107935,-0.0210429262143216213237756280,-0.1364900719929493119167269836
2024-09-27,124056.8201467107935,1062.6093567107935,0.006790272953763630487267790,-0.1306266038834966559290504972
2024-09-30,124670.9397387107935,1062.6093567107935,0.004950308989652775559278869,-0.1263229369453361660287753956
2024-10-01,124106.5690387107935,1062.6093567107935,-0.0045268825372041435322840863,-0.1302779703852341271369127651
2024-10-02,125146.6504151427400,2067.3496721427400,0.008380550558186237006727201,-0.1229892209444792340485705022
2024-10-03,126223.5088811427400,2067.3496721427400,0.008604772580231201825745628,-0.1154427426402950841707748125
2024-10-04,128344.2294411427400,2067.3496721427400,0.016801312043994577222173366,-0.1005810201386146630856488432
2024-10-07,127587.9208271427400,2067.3496721427400,-0.0058928135475450796102943071,-0.1058811284880610097282390380
2024-10-08,128732.6588241427400,2067.3496721427400,0.008972150259826722235108254,-0.0978589596227091906431712399
2024-10-09,129043.6984741427400,2067.3496721427400,0.002416167372297503571285969,-0.0956792358757390558385319140
2024-10-10,128427.9185311427400,2067.3496721427400,-0.0047718714689767476035252794,-0.0999945383288668677837392862
2024-10-11,129636.2197081427400,2067.3496721427400,0.009408399597374122804325237,-0.0915269273056456673088340370
2024-10-14,131204.3502511427400,2067.3496721427400,0.012096392092660676561300624,-0.0805376808127105315601207622
2024-10-15,128707.1501741427400,2067.3496721427400,-0.0190329060905375760350911009,-0.0980377207875900980425473739
2024-10-16,130661.3204141427400,2067.3496721427400,0.015183074424039206976254937,-0.0843431603746320471830688975
2024-10-17,130046.5073421427400,2067.3496721427400,-0.0047053946037840042179864563,-0.0886516871267231689146372804
2024-10-18,130189.1295141427400,2067.3496721427400,0.001096701287215439140019214,-0.0876522102588934274492953012
2024-10-21,130636.9910301427400,2067.3496721427400,0.003440083804779935863775682,-0.0845136574030782766145701068
2024-10-22,128336.9596091427400,2067.3496721427400,-0.0176062798359256336862386165,-0.1006319661368077660840835467
2024-10-23,127894.5705761427400,2067.3496721427400,-0.0034470898667641815755742779,-0.1037321685728292013451637185
2024-10-24,128178.5016301427400,2067.3496721427400,0.002220039933837223187892993,-0.1017424181956471935799050839
2024-10-25,127734.6289061427400,2067.3496721427400,-0.0034629264529927841525674091,-0.1048530181372788166941365505
2024-10-28,127844.2902231427400,2067.3496721427400,0.000858508909753652581987498,-0.1040845264778105793091462891
2024-10-29,128574.2002091427400,2067.3496721427400,0.005709367111554189702660263,-0.0989694161385504925720617950
2024-10-30,127972.8584281427400,2067.3496721427400,-0.0046770019181285125931745809,-0.1031835379075629455414240588
2024-10-31,124831.6001241427400,2067.3496721427400,-0.0245462853810038853719673321,-0.1251970507204661583474849582
2024-11-01,123668.4293221427400,2067.3496721427400,-0.0093179195079070358882604156,-0.1333483941871325359966381705
2024-11-04,123341.5094480479695,972.2408670479695,-0.0026435192545639919473061158,-0.1356394043940976539854795808
2024-11-05,129119.4926920479695,972.2408670479695,0.046845407274942699055687696,-0.0951480802605271118709059624
2024-11-06,135851.4296340479695,972.2408670479695,0.052137262946469097342858768,-0.0479715777934528624558509024
2024-11-07,138083.6828870479695,972.2408670479695,0.016431577194389260669572953,-0.0323282492827133721320138784
2024-11-08,141042.3097550479695,972.2408670479695,0.021426332251147644533313631,-0.0115945928417950698300795737
2024-11-11,142351.7210960479695,972.2408670479695,0.009283819467180383172122344,-0.0024184154813533740479066170
2024-11-12,141221.9912890479695,972.2408670479695,-0.0079361864984951281428218780,-0.0103354089835576339472769008
2024-11-13,141478.2618250479695,972.2408670479695,0.001814664512664142423050264,-0.0085394997707998237376230020
2024-11-14,139300.2903260479695,972.2408670479695,-0.0153943897168688695036028137,-0.0238024291002098883666578683
2024-11-15,140403.2791730479695,972.2408670479695,0.007918065672500256568838725,-0.0160728326244901248844018271
2024-11-18,140445.4610510479695,972.2408670479695,0.000300433709586017265214917,-0.0157772277356330383490586646
2024-11-19,143528.9196820479695,972.2408670479695,0.021954847155076443745309049,0
2024-11-20,143731.4995190479695,972.2408670479695,0.001411421736112585581280983,0
2024-11-21,146819.2608060479695,972.2408670479695,0.021482843338671182897606333,0
2024-11-22,147291.9014710479695,972.2408670479695,0.003219200685285907477072734,0
2024-11-25,145219.6312680479695,972.2408670479695,-0.0140691387802290687045949013,-0.0140691387802290687045949013
2024-11-26,149784.3315560479695,972.2408670479695,0.031433080005377693938827458,0
2024-11-27,147089.8720440479695,972.2408670479695,-0.0179889277069795322920108385,-0.0179889277069795322920108385
2024-11-29,149449.0812580479695,972.2408670479695,0.016039236292853013081479311,-0.0022382200762738144572265730
2024-12-02,147244.8416360479695,972.2408670479695,-0.0147491011884778628137783645,-0.0169543095303646321414370620
2024-12-03,148207.2599691770235,932.6801461770235,0.006536176903961830159756031,-0.0105289489927777912336961269
2024-12-04,148759.0695881770235,932.6801461770235,0.003723229341901071583871986,-0.0068449213427060096559840408
2024-12-05,149423.3014401770235,932.6801461770235,0.004465151965785025229550139,-0.0024103329909100120398149380
2024-12-06,149616.9028641770235,932.6801461770235,0.001295657518834236769298454,-0.0011177984381383420416846108
2024-12-09,143345.4526001770235,932.6801461770235,-0.0419167229366674838496289330,-0.0429876669273753413599092516
2024-12-10,140638.0211921770235,932.6801461770235,-0.0188874593430713160679711846,-0.0610631984591023642228678885
2024-12-11,142244.6679931770235,932.6801461770235,0.011423986112578847738331451,-0.0503367974777099479877281817
2024-12-12,141247.4053461770235,932.6801461770235,-0.0070108965142217856781842055,-0.0569947879139581690180958875
2024-12-13,141313.5248021770235,932.6801461770235,0.000468110942200677933595940,-0.0565533568556284218542119161
2024-12-16,140941.9673531770235,932.6801461770235,-0.0026293127251629910827082499,-0.0590339731199602254466025336
2024-12-17,138691.3398521770235,932.6801461770235,-0.0159684694577896978481020889,-0.0740597603810118604360679666
2024-12-18,132890.4738141770235,932.6801461770235,-0.0418257264237464529092652861,-0.1127878835280538949032201202
2024-12-19,134642.5948401770235,932.6801461770235,0.013184699969164232136981887,-0.1010902579633640939601365257
2024-12-20,138704.3231881770235,932.6801461770235,0.030166741459649811498264628,-0.0739730801797843925902382510
2024-12-23,139996.2735211770235,932.6801461770235,0.009314420079374455789922865,-0.0653476764437696971247204688
2024-12-24,141710.7540221770235,932.6801461770235,0.012246615269660396643621681,-0.0539013490262823974600178356
2024-12-26,141544.0654821770235,932.6801461770235,-0.0011762589307365768306544333,-0.0550142060138480603311243362
2024-12-27,138910.8930501770235,932.6801461770235,-0.0186031991029080931721291560,-0.0725939648887921342428857959
2024-12-30,137774.1378521770235,932.6801461770235,-0.0081833409392119040612938268,-0.0801832446631898740937832751
2024-12-31,136203.1954081770235,932.6801461770235,-0.0114023028450050788595975024,-0.0906712738694501247457843241
2025-01-02,139602.3707871770235,932.6801461770235,0.024956649282810650507933672,-0.0679774757686250147695396038
2025-01-03,143622.3675980566900,1094.0547920566900,0.028796049724743768956918179,-0.0411389088162771363932816828
2025-01-06,144074.0481250566900,1094.0547920566900,0.003144917707136527876243251,-0.0381233695919291935009525687
2025-01-07,141853.5556910566900,1094.0547920566900,-0.0154121610581289848420410285,-0.0529479671378287885390199826
2025-01-08,142505.8825380566900,1094.0547920566900,0.004598593555319154031816922,-0.0485928597629569043280606036
2025-01-10,145972.3925340566900,1094.0547920566900,0.024325381761516100833032825,-0.0254495178660585449744017156
2025-01-13,143559.7015850566900,1094.0547920566900,-0.0165284058657673724518516677,-0.0415572837714476038281417955
2025-01-14,147025.3941830566900,1094.0547920566900,0.024141124283033117588410281,-0.0184193990408062780875886238
2025-01-15,149799.1036270566900,1094.0547920566900,0.018865512719160213143027740,0
2025-01-16,151783.9654000566900,1094.0547920566900,0.013250157877723739502079176,0
2025-01-17,153071.1409750566900,1094.0547920566900,0.008480313263706043952394200,0
2025-01-21,156446.7135670566900,1094.0547920566900,0.022052312215730185612281710,0
2025-01-22,157453.1725310566900,1094.0547920566900,0.006433238136182441087877735,0
2025-01-23,158325.6112020566900,1094.0547920566900,0.005540940566490756015208726,0
2025-01-24,157016.7421100566900,1094.0547920566900,-0.0082669448237885435508766401,-0.0082669448237885435508766401
2025-01-27,142695.6421180566900,1094.0547920566900,-0.0912074712514542405343933872,-0.0987204089428897320570157263
2025-01-28,147770.7782210566900,1094.0547920566900,0.035566160449393239502967593,-0.0666653543975890240066480326
2025-01-29,148790.9894910566900,1094.0547920566900,0.006904012297166236032601354,-0.0602216005269786878069678230
2025-01-30,153100.1222630566900,1094.0547920566900,0.028960979335774946345816387,-0.0330046977196328648579820438
2025-01-31,150435.2056080566900,1094.0547920566900,-0.0174063652961761791428031955,-0.0498365711908112414247074792
2025-02-03,151160.8068160566900,1094.0547920566900,0.004823347068707298578684673,-0.0452536032016715648518598873
2025-02-04,155784.4505287576985,683.0408817576985,0.030587582919740496934212129,-0.0160502186222792309413913984
2025-02-05,157981.6899917576985,683.0408817576985,0.014104356728429652622277431,-0.0021722399028674892992560351
2025-02-06,158813.3776687576985,683.0408817576985,0.005264456134400076582882801,0
2025-02-07,157796.3211747576985,683.0408817576985,-0.0064040983759019865761320572,-0.0064040983759019865761320572
2025-02-10,159941.6247547576985,683.0408817576985,0.013595396673564396771540258,0
2025-02-11,157397.6252337576985,683.0408817576985,-0.0159058001624078474820296111,-0.0159058001624078474820296111
2025-02-12,157654.7511457576985,683.0408817576985,0.001633607315346287554922688,-0.0142981766785633055554143005
2025-02-13,158852.5504577576985,683.0408817576985,0.007597609988249512721707568,-0.0068091986602606016464633677
2025-02-14,161353.8551107576985,683.0408817576985,0.015746078018842703914372947,0
2025-02-18,163629.4195067576985,683.0408817576985,0.014102944081738799308094713,0
2025-02-19,160116.7997977576985,683.0408817576985,-0.0214669203104697992576959469,-0.0214669203104697992576959469
2025-02-20,156406.0661207576985,683.0408817576985,-0.0231751676381678827005747794,-0.0441445884717673534293826696
2025-02-21,148547.5687687576985,683.0408817576985,-0.0502441979835528008774789011,-0.0921707770122422128279965958
2025-02-24,143844.3029037576985,683.0408817576985,-0.0316616818705496296954325886,-0.1209141770632688606893872994
2025-02-25,140522.8253957576985,683.0408817576985,-0.0230907824706989615599578134,-0.1412129565737763031982205788
2025-02-26,145615.1308397576985,683.0408817576985,0.036238279650714550094148945,-0.1100919915336864683673267829
2025-02-27,138563.5027587576985,683.0408817576985,-0.0484264790364400417587143101,-0.1531871030500405078042790211
2025-02-28,142105.1782177576985,683.0408817576985,0.025559944635393202133860851,-0.1315426122874626141802020652
2025-03-03,136048.8628417576985,683.0408817576985,-0.0426185410831369183486643076,-0.1685549991446431559033474641
2025-03-04,133525.7146495499190,953.0734115499190,-0.0185458969630824839662205247,-0.1839748924609766316819256143
2025-03-05,135710.9936685499190,953.0734115499190,0.016365978828388663607254170,-0.1706198428275593927903286740
2025-03-06,127450.9735335499190,953.0734115499190,-0.0608647826658291011016871005,-0.2210998858412111712777950424
2025-03-07,128445.3650655499190,953.0734115499190,0.007802149363247025499080717,-0.2150227908114941415474944728
2025-03-10,122027.8522285499190,953.0734115499190,-0.0499629771282516180809191038,-0.2542425891603782456527922576
2025-03-11,124035.8336195499190,953.0734115499190,0.016455107209780162155672690,-0.2419710710125241992707507695
2025-03-12,128227.1236485499190,953.0734115499190,0.033790961101255415334575587,-0.2163565449594821009596145713
2025-03-13,124057.1537815499190,953.0734115499190,-0.0325201856545516990806659023,-0.2418407756043740805024336390
2025-03-14,129784.1831505499190,953.0734115499190,0.046164442713917379163599959,-0.2068407775217341762188586340
2025-03-17,130970.1236425499190,953.0734115499190,0.009137789083468719710203053,-0.1995930558371197412086344270
2025-03-18,127421.7426935499190,953.0734115499190,-0.0270930564186105161767266779,-0.2212785263331722932288231402
2025-03-19,132114.4943855499190,953.0734115499190,0.036828500323418876064348302,-0.1925993822883803052495024334
2025-03-20,132161.6125085499190,953.0734115499190,0.000356646128943998482664422,-0.1923114259835664629067390408
2025-03-21,132342.4346705499190,953.0734115499190,0.001368189738062571600077396,-0.1912063547650467867314885602
2025-03-24,138641.8645495499190,953.0734115499190,0.047599470983601363924614346,-0.1527082051169644557184498046
2025-03-25,138797.9641945499190,953.0734115499190,0.001125919977397669491955395,-0.1517542223584205175231330281
2025-03-26,134585.4328065499190,953.0734115499190,-0.0303500949199470353303020554,-0.1774985622252867414975949550
2025-03-27,131696.6336385499190,953.0734115499190,-0.0214644267790281218549228821,-0.1951530841120474291985472897
2025-03-28,128344.4033345499190,953.0734115499190,-0.0254541836900737854588299398,-0.2156398053514487393927118520
2025-03-31,127788.8349315499190,953.0734115499190,-0.0043287310437045188480550084,-0.2190350896754700422502734028
2025-04-01,130142.4921575499190,953.0734115499190,0.018418332300006775535753026,-0.2046510184424678571914622152
2025-04-02,132407.4468815893890,517.2479745893890,0.017403652615607867260654901,-0.1908090410592630595346418106
2025-04-03,120185.1122435893890,517.2479745893890,-0.0923085138023264470905130270,-0.2655042558613618487378552292
2025-04-04,111193.5943405893890,517.2479745893890,-0.0748139077723381072110979051,-0.3204547527225247712756759089
2025-04-07,113619.0137435893890,517.2479745893890,0.021812582077083199575812633,-0.3056321162411930441794732648
2025-04-08,111560.3061535893890,517.2479745893890,-0.0181193932438632559565096161,-0.3182136409829279975881728832
2025-04-09,125891.5804745893890,517.2479745893890,0.128462127929889151268628561,-0.2306299145100235601132868748
2025-04-10,119586.9340505893890,517.2479745893890,-0.0500799688131055166663981630,-0.2691599443970979054135656093
2025-04-11,121359.4610945893890,517.2479745893890,0.014822079502850704862467325,-0.2583273749890838608366958759
2025-04-14,123029.6410075893890,517.2479745893890,0.013762255517089324081429809,-0.2481202868136532587893206184
2025-04-15,125039.3115515893890,517.2479745893890,0.016334848476685618229629520,-0.2358384456260604431817986116
2025-04-16,123262.2767965893890,517.2479745893890,-0.0142118085340450829429241417,-0.2466985633259011530543283677
2025-04-17,123441.3787345893890,517.2479745893890,0.001453015007142523177590091,-0.2456040050335116643470769373
2025-04-21,120090.3610615893890,517.2479745893890,-0.0271466319264385742659936507,-0.2660833154356463305695801600
2025-04-22,124021.0577755893890,517.2479745893890,0.032731159097640716642649754,-0.2420613716687574738463586319
2025-04-23,127974.3945795893890,517.2479745893890,0.031876335155545825521798232,-0.2179010659247361064777963702
2025-04-24,131821.2337755893890,517.2479745893890,0.030059444380552136060877178,-0.1943916065158115997119668919
2025-04-25,133590.0538305893890,517.2479745893890,0.013418324228486696905832358,-0.1835816918908504700530440836
2025-04-28,134476.2937195893890,517.2479745893890,0.006634025989119477384196656,-0.1781655516168614190988257036
2025-04-29,134932.0981415893890,517.2479745893890,0.003389477872958378532704354,-0.1753799619388318162081843671
2025-04-30,135293.1834625893890,517.2479745893890,0.002676052073399906833103003,-0.1731732357762111170012123144
2025-05-01,137038.2757265893890,517.2479745893890,0.012898597101032399009167012,-0.1625083304721381548318145057
2025-05-02,140250.2310954742215,835.1836834742215,0.023438381370859734629599234,-0.1428788813268261004737967016
2025-05-05,139595.9096854742215,835.1836834742215,-0.0046653856103422456456080400,-0.1468776818602043742482984222
2025-05-06,137845.1177054742215,835.1836834742215,-0.0125418573076011856902482093,-0.1575774202402436335943160634
2025-05-07,139721.7373494742215,835.1836834742215,0.013613972516673864749790952,-0.1461087023919688136582850001
2025-05-08,139749.3467574742215,835.1836834742215,0.000197602810584461253904848,-0.1459399710716278540387978157
2025-05-09,139800.7159864742215,835.1836834742215,0.000367581174380356213603919,-0.1456260346832030420046828488
2025-05-12,144072.8253444742215,835.1836834742215,0.030558565654365664266831491,-0.1195175917706889692251679889
2025-05-13,147656.0919744742215,835.1836834742215,0.024871217881876797948423730,-0.0976189219544581819990918007
2025-05-14,147390.3845144742215,835.1836834742215,-0.0017995021840746922528665923,-0.0992427586752688098277111713
2025-05-15,148212.0080824742215,835.1836834742215,0.005574471975947073113677910,-0.0942215126763727009684780139
2025-05-16,149363.8541684742215,835.1836834742215,0.007771611092125831163262813,-0.0871821545372794424969322740
2025-05-19,150177.1721924742215,835.1836834742215,0.005445213157680183803762015,-0.0822116667946005598499335139
2025-05-20,150006.1564704742215,835.1836834742215,-0.0011387597695661634903954197,-0.0832568072254320537921232963
2025-05-21,147369.1883424742215,835.1836834742215,-0.0175790660199938901143915128,-0.0993722963345961694994471576
2025-05-22,146356.4316274742215,835.1836834742215,-0.0068722419278474567953837342,-0.1055616278011065323503815528
2025-05-23,146672.4718474742215,835.1836834742215,0.002159387301846955627502259,-0.1036301889378955807372992999
2025-05-27,148558.4477794742215,835.1836834742215,0.012858417862905045977665791,-0.0921042913475657961893398494
2025-05-28,148786.0084294742215,835.1836834742215,0.001531792054921034416107900,-0.0907135839143550952342793005
2025-05-29,146940.3368044742215,835.1836834742215,-0.0124048735797281863798665730,-0.1019931669536616422981748166
2025-05-30,147356.6960444742215,835.1836834742215,0.002833525831331306556557805,-0.0994486413955128225900386152
2025-06-02,148457.2999094742215,835.1836834742215,0.007468977620588229223892317,-0.0927224434519055828036395547
2025-06-03,148888.9927244688470,986.7238324688470,0.002907858456659670158065148,-0.0900842087365596843527716831
2025-06-04,148907.5708454688470,986.7238324688470,0.000124778337606060101635727,-0.0899706709567643294843533936
2025-06-05,148172.9595434688470,986.7238324688470,-0.0049333374913647226888061866,-0.0944601527639748075214378952
2025-06-06,149636.8964124688470,986.7238324688470,0.009879919207326970503037989,-0.0855134922342676715405613702
2025-06-09,148773.8174494688470,986.7238324688470,-0.0057678218654104744692963453,-0.0907880875093817281263408892
2025-06-10,147078.3617964688470,986.7238324688470,-0.0113961964683460713600365534,-0.1011496450954854893625208109
2025-06-11,149654.7616624688470,986.7238324688470,0.017517191750920466699152737,-0.0854043110732401939198154483
2025-06-12,149571.6324474688470,986.7238324688470,-0.0005554732377142100054679208,-0.0859123445017677996372096186
2025-06-13,149314.8527304688470,986.7238324688470,-0.0017167674966052388044209973,-0.0874816204777752516840027590
2025-06-16,151162.6430014688470,986.7238324688470,0.012375127036661799872735556,-0.0761890896078989548908125024
2025-06-17,150391.1533334688470,986.7238324688470,-0.0051037058672790170581230497,-0.0809039487715234912676726746
2025-06-18,150250.7054644688470,986.7238324688470,-0.0009338838481315375641255511,-0.0817622777286472416926012326
2025-06-20,150343.1873674688470,986.7238324688470,0.000615517263057843266152580,-0.0811970865589983106305396809
2025-06-23,152704.3480464688470,986.7238324688470,0.015705139157578524803987747,-0.0667671589450188031141183927
2025-06-24,154968.4485484688470,986.7238324688470,0.014826693090042338986201397,-0.0529304020291483329597904450
2025-06-25,153017.4756584688470,986.7238324688470,-0.0125894845581408927840082652,-0.0648535201082870734284094225
2025-06-26,155360.8664324688470,986.7238324688470,0.015314530343124919964964914,-0.0505321909667189779946783324
2025-06-27,155423.6524724688470,986.7238324688470,0.000404130341454367390006139,-0.0501484822168544280446211945
2025-06-30,157706.6680984688470,986.7238324688470,0.014688984525083173427382278,-0.0361961279710110380261080781
2025-07-01,152547.5994694688470,986.7238324688470,-0.0327130659166471142320549221,-0.0677251075674150738044960216
2025-07-02,152150.3457676190230,1159.3655836190230,-0.0026041294863465293387291702,-0.0701528721041793070799893393
2025-07-03,155532.2640556190230,1159.3655836190230,0.022227476848230386451021662,-0.0494847165964814334923618812
2025-07-07,157757.1951016190230,1159.3655836190230,0.014305270096269895830066181,-0.0358873387367615741303145943
2025-07-08,155924.5062936190230,1159.3655836190230,-0.0116171487888046988287033955,-0.0470875789718270792876182795
2025-07-09,158285.4555876190230,1159.3655836190230,0.015141617890096973906528876,-0.0326589432098912763572991380
2025-07-10,156551.8355126190230,1159.3655836190230,-0.0109524912984841706634935614,-0.0432537377170514241267603358
2025-07-11,156125.1145286190230,1159.3655836190230,-0.0027257488396908876402136938,-0.0458615877313477648643754603
2025-07-14,158984.6655766190230,1159.3655836190230,0.018315765894767818886659803,-0.0283858119410296675973040516
2025-07-15,157932.9242156190230,1159.3655836190230,-0.0066153635458203188050826917,-0.0348133930213167876342673029
2025-07-16,157368.3975796190230,1159.3655836190230,-0.0035744708635247966704195067,-0.0382634244258264499566517697
2025-07-17,158538.5968696190230,1159.3655836190230,0.007436050109158345819272698,-0.0311119030580465430262832013
2025-07-18,161053.8954896190230,1159.3655836190230,0.015865528455941634835503002,-0.0157399813853908431875963257
2025-07-21,160587.3238126190230,1159.3655836190230,-0.0028969909456805010741035912,-0.0185913737475126873594604064
2025-07-22,157989.6166976190230,1159.3655836190230,-0.0161762899668913408024122570,-0.0344669242617814116098880748
2025-07-23,163256.2953226190230,1159.3655836190230,0.033335599738051464595125551,-0.0022803001151224271093407341
2025-07-24,162533.9158886190230,1159.3655836190230,-0.0044248182440528217374472641,-0.0066950284456239393816070451
2025-07-25,164288.1058336190230,1159.3655836190230,0.010792762454588914394464177,0
2025-07-28,164390.5147416190230,1159.3655836190230,0.000623349496181503840497963,0
2025-07-29,163755.6847646190230,1159.3655836190230,-0.0038617190170478797546458859,-0.0038617190170478797546458859
2025-07-30,166999.9547726190230,1159.3655836190230,0.019811648143166969109615199,0
2025-07-31,166391.1745306190230,1159.3655836190230,-0.0036453916579132773821643892,-0.0036453916579132773821643892
2025-08-01,165100.7265596190230,1159.3655836190230,-0.0077555073136558330092591770,-0.0113726271099050240061854552
2025-08-04,168716.5762875171330,915.8030095171330,0.021900871081826532503190100,0
2025-08-05,170581.9995265171330,915.8030095171330,0.011056549866333539637268643,0
2025-08-06,169775.0253055171330,915.8030095171330,-0.0047307114656875334309804402,-0.0047307114656875334309804402
2025-08-07,169691.6356395171330,915.8030095171330,-0.0004911774617611563896899109,-0.0052195653085986490181204822
2025-08-08,168611.8283065171330,915.8030095171330,-0.0063633503733435558739524758,-0.0115497017590870426064149572
2025-08-11,167330.4457785171330,915.8030095171330,-0.0075996004602393152097370334,-0.0190615291005223730986813639
2025-08-12,170015.3988555171330,915.8030095171330,0.016045813208158619936323118,-0.0033215736277726149548567173
2025-08-13,167923.0809725171330,915.8030095171330,-0.0123066374992191046707297761,-0.0155873337244277559222417477
2025-08-14,163501.4609075171330,915.8030095171330,-0.0263312228396027196240412232,-0.0415081230062573136954155294
2025-08-15,163339.2861685171330,915.8030095171330,-0.0009918855654245953241138478,-0.0424588372636241338304580184
2025-08-18,165139.5070505171330,915.8030095171330,0.011021358818372159470341115,-0.0319054325257452466565341636
2025-08-19,160329.7236185171330,915.8030095171330,-0.0291255770221516971821298871,-0.0601017454154432866950099862
2025-08-20,159987.3448905171330,915.8030095171330,-0.0021354663394458523583175316,-0.0621088665006125158388943221
2025-08-21,159171.6487865171330,915.8030095171330,-0.0050985039132826338598024871,-0.0668907081149922281011284065
2025-08-22,161037.5368955171330,915.8030095171330,0.011722490300408654041844668,-0.0559523434916490368960076476
2025-08-25,160457.5197965171330,915.8030095171330,-0.0036017509344813269458693857,-0.0593525680206728967314295671
2025-08-26,163198.0584545171330,915.8030095171330,0.017079527724692437402911399,-0.0432867541270212358114343653
2025-08-27,163093.3503775171330,915.8030095171330,-0.0006416012420220174614266151,-0.0439005825338322547577647142
2025-08-28,165549.9228695171330,915.8030095171330,0.015062370638126551576205184,-0.0294994587410599494651562034
2025-08-29,161821.8974855171330,915.8030095171330,-0.0225190402954059298465097604,-0.0513541995363832856278905681
2025-09-02,159949.9102485171330,915.8030095171330,-0.0115681948246067293029663528,-0.0623283189756914045086871388
2025-09-03,160071.0801981835385,1194.6410921835385,0.000757549344530056370718565,-0.0616179864083470434359498122
2025-09-04,161787.3399201835385,1194.6410921835385,0.010721860062886461648383509,-0.0515567857730877187578196089
2025-09-05,159656.5917751835385,1194.6410921835385,-0.0131700548760563538405887583,-0.0640478349512794258355195030
2025-09-08,161402.9998951835385,1194.6410921835385,0.010938528128291509490699358,-0.0538098958671586584056567089
2025-09-09,163383.9805301835385,1194.6410921835385,0.012273505673912290570433382,-0.0421968262554845691441518347
2025-09-10,168413.1225501835385,1194.6410921835385,0.030781120668503463589131249,-0.0127145711877790512402552470
2025-09-11,167991.2322301835385,1194.6410921835385,-0.0025050917268889520938467060,-0.0151878117475745573958441203
2025-09-12,169264.2407381835385,1194.6410921835385,0.007577827075258957263173041,-0.0077250752833903066734501875
2025-09-15,169952.5314381835385,1194.6410921835385,0.004066368046778658306004839,-0.0036901202359029862990823316
2025-09-16,168813.2984561835385,1194.6410921835385,-0.0067032422074535012962853359,-0.0103686266736406044265398853
2025-09-17,168500.2104691835385,1194.6410921835385,-0.0018546405399528626935465266,-0.0122040371382208966548598646
2025-09-18,172171.4905641835385,1194.6410921835385,0.021787985218400831657390828,0
2025-09-19,173565.5611961835385,1194.6410921835385,0.008096988807100479897195275,0
2025-09-22,175077.4102141835385,1194.6410921835385,0.008710535705243601195255073,0
2025-09-23,174538.4593351835385,1194.6410921835385,-0.0030783576153009487242610058,-0.0030783576153009487242610058
2025-09-24,169921.5691381835385,1194.6410921835385,-0.0264519935295964037838260787,-0.0294489224491756279969156363
2025-09-25,167095.3819151835385,1194.6410921835385,-0.0166323041702945278026499129,-0.0455914231838080518625507171
2025-09-26,168655.8643351835385,1194.6410921835385,0.009338872218455983995835933,-0.0366783234407232029490178624
2025-09-29,169418.8912041835385,1194.6410921835385,0.004524164469511564355409181,-0.0323200977389234116589429471
2025-09-30,169728.9002041835385,1194.6410921835385,0.001829837261928348669100416,-0.0305494009961469112182424317
2025-10-01,169200.0230471835385,1194.6410921835385,-0.0031160112176757276077867481,-0.0335702199376253710032387888
2025-10-02,170658.1093649830820,1616.0202499830820,0.008617530255258522804255734,-0.0252419820683550177138568216
2025-10-03,168670.6405259830820,1616.0202499830820,-0.0116459091595198689460833566,-0.0365939253977005946724678351
2025-10-06,167294.0683669830820,1616.0202499830820,-0.0081613027300263569102822095,-0.0444565740244763168809184283
2025-10-07,168392.2295839830820,1616.0202499830820,0.006564256746933960790354390,-0.0381841416435280938197791893
2025-10-08,170810.3785469830820,1616.0202499830820,0.014360217030049980516633732,-0.0243722571745853460884262470
2025-10-09,170781.9214709830820,1616.0202499830820,-0.0001666003918618598466949835,-0.0245347971388513619913679296
2025-10-10,162966.1118989830820,1616.0202499830820,-0.0457648532390353448138193187,-0.0691768189875776699407800647
2025-10-13,167459.0091509830820,1616.0202499830820,0.027569518592828598616816985,-0.0435144719920198323289683606
2025-10-14,168199.7799469830820,1616.0202499830820,0.004423594763612341866126457,-0.0392833676188527453039075669
2025-10-15,166365.7495539830820,1616.0202499830820,-0.0109038810489412659603566252,-0.0497589075000762098304943417
2025-10-16,163655.1793199830820,1616.0202499830820,-0.0162928381669116477681175525,-0.0652410318397267896822105794
2025-10-17,163273.8198089830820,1616.0202499830820,-0.0023302624003995342869744378,-0.0674192655166669397757782921
2025-10-20,164488.5108109830820,1616.0202499830820,0.007439594439703122037825949,-0.0604812430698304815362821787
2025-10-21,164888.4682689830820,1616.0202499830820,0.002431522153298590097062907,-0.0581967823989152210812681053
2025-10-22,161906.1208629830820,1616.0202499830820,-0.0180870587088897399675512598,-0.0752312324878873003663244711
2025-10-23,165802.7419979830820,1616.0202499830820,0.024067163824507960463305607,-0.0529746710603849691482938897
2025-10-24,168575.2102419830820,1616.0202499830820,0.016721486089981104572333505,-0.0371390001956614164085534821
2025-10-27,171184.7399469830820,1616.0202499830820,0.015479913691070726092767198,-0.0222339950221921878508226229
2025-10-28,167953.9514529830820,1616.0202499830820,-0.0188731103893991610812957007,-0.0406874807691401643205417421
2025-10-29,168828.4191859830820,1616.0202499830820,0.005206592196461646919694397,-0.0356927316925448059081960340
2025-10-30,166036.3622229830820,1616.0202499830820,-0.0165378375066359059543207519,-0.0516402886022814522901734688
2025-10-31,168988.0800519830820,1616.0202499830820,0.017777538543249397775003399,-0.0347807872800436356040705862
2025-11-03,169334.8406959830820,1616.0202499830820,0.002051982861118557040637893,-0.0328001739983199384182353539
2025-11-04,162724.0966806422705,1317.0360776422705,-0.0390394793426443982078999083,-0.0705591516257217834742065284
2025-11-05,168038.3055656422705,1317.0360776422705,0.032657786974411765816361028,-0.0402056703941980592882083976
2025-11-06,163197.1461306422705,1317.0360776422705,-0.0288098562926109464974002913,-0.0678572071006040771934271432
2025-11-07,164844.4270126422705,1317.0360776422705,0.010093809365277269165761108,-0.0584483354478604446704018965
2025-11-10,171667.7265236422705,1317.0360776422705,0.041392357840988501331266888,-0.0194752920229399157847143482
2025-11-11,166946.7044416422705,1317.0360776422705,-0.0275009297181425396264112889,-0.0464406331039192827425441683
2025-11-12,165536.0875146422705,1317.0360776422705,-0.0084495044793956618461888258,-0.0544977372458774081501133252
2025-11-13,157577.8671276422705,1317.0360776422705,-0.0480754408690254104887490159,-0.0999531753704429555751794561
2025-11-14,158590.5659846422705,1317.0360776422705,0.006426656709217208441534859,-0.0941688834063277685878422878
2025-11-17,157539.3474236422705,1317.0360776422705,-0.0066285062700501289987481590,-0.1001731906422754344229924338
2025-11-18,154935.7679456422705,1317.0360776422705,-0.0165265346123255249581399961,-0.1150442095522243110300129327
2025-11-19,157861.4785156422705,1317.0360776422705,0.018883377342709254312673743,-0.0983332554295834248397179538
2025-11-20,149865.8202506422705,1317.0360776422705,-0.0506498376943031199217142407,-0.1440025296964256932785801104
2025-11-21,150252.3780886422705,1317.0360776422705,0.002579359572139287399909469,-0.1417946044276711534827572845
2025-11-24,158132.9163406422705,1317.0360776422705,0.052448675703161452133247334,-0.0967828679485946866394228354
2025-11-25,159887.5769006422705,1317.0360776422705,0.011096112059428507562295520,-0.0867606694373566573624669627
2025-11-26,165795.0146006422705,1317.0360776422705,0.036947446540333864707138585,-0.0530188080928631059576340738
2025-11-28,167765.3362306422705,1317.0360776422705,0.011884082490333018761330671,-0.0417648054914448081855798501
2025-12-01,166113.7163806422705,1317.0360776422705,-0.0098448218631372569886426526,-0.0511984602843702143557062630
2025-12-02,167383.8295992177480,659.8795012177480,0.007646046613423956855660669,-0.0439438794848160873325949555
2025-12-03,167949.0953882177480,659.8795012177480,0.003377063306255251997923250,-0.0407152174415035106903961015
2025-12-04,168888.0537182177480,659.8795012177480,0.005590731690632680892923823,-0.0353521136073120439360618081
2025-12-05,172463.5265952177480,659.8795012177480,0.021170667778346942424515344,-0.0149298736814078830933016312
2025-12-08,175910.9268552177480,659.8795012177480,0.019989155551082145035485281,0
2025-12-09,178266.0503002177480,659.8795012177480,0.013388158922830119580810571,0
2025-12-10,183547.6637202177480,659.8795012177480,0.029627702027981424498632150,0
2025-12-11,183326.9914382177480,659.8795012177480,-0.0012022614591072726402109844,-0.0012022614591072726402109844
2025-12-12,175367.5962972177480,659.8795012177480,-0.0434163844535809229446718918,-0.0445664480669658710765000976
2025-12-15,174039.1514702177480,659.8795012177480,-0.0075752012062052544578691188,-0.0518040494620179618368925350
2025-12-16,174162.4594042177480,659.8795012177480,0.000708506867324625689561539,-0.0511322461194924004542484665
2025-12-17,168188.3229102177480,659.8795012177480,-0.0343020907860200005029984419,-0.0836803939570284537619863799
2025-12-18,174054.9965142177480,659.8795012177480,0.034881575025465628544814383,-0.0517177228715354338331981734
2025-12-19,179527.8910322177480,659.8795012177480,0.031443478369510320539972843,-0.0219004296024565668890384953
2025-12-22,181203.5268112177480,659.8795012177480,0.009333568000858949867613955,-0.0127712707505401697266376482
2025-12-23,181773.3139552177480,659.8795012177480,0.003144459459630816888634892,-0.0096669700340323952373379167
2025-12-24,183163.4455872177480,659.8795012177480,0.007647611201842737224007174,-0.0020932880605098022258357085
2025-12-26,182529.8097282177480,659.8795012177480,-0.0034594012848392219751512401,-0.0055454478219429579881316049
2025-12-29,180444.6546062177480,659.8795012177480,-0.0114236415690387396539456330,-0.0169057401827240147281276014
2025-12-30,179326.3238012177480,659.8795012177480,-0.0061976388684969371396423782,-0.0229986033787637910018039915
2025-12-31,176236.0344002177480,659.8795012177480,-0.0172327706021876015732204914,-0.0398350443247544594721707927
