timestamp,symbol,side,quantity,market_price,fill_price,gross_value,commission,slippage,order_id,portfolio_value,cash,position_quantity
2016-01-05T09:30:00+00:00,AMZN,BUY,308,32.342999,32.375341999,9971.605335692,4.9858026678460,9.961643692,2016-01-05-0001,99995.0141973321540,90023.4088616401540,308
2016-01-05T09:30:00+00:00,ANDV,BUY,93,106.940002,107.046942002,9955.365606186,4.9776828030930,9.945420186,2016-01-05-0002,99990.0365145290610,80063.0655726510610,93
2016-01-05T09:30:00+00:00,GOOGL,BUY,261,38.205002,38.243207002,9981.477027522,4.9907385137610,9.971505522,2016-01-05-0003,99985.0457760153000,70076.5978066153000,261
2016-01-05T09:30:00+00:00,HRL,BUY,254,39.275002,39.314277002,9985.826358508,4.9929131792540,9.975850508,2016-01-05-0004,99980.0528628360460,60085.7785349280460,254
2016-01-05T09:30:00+00:00,NFLX,BUY,904,11.045000,11.056045000,9994.664680000,4.9973323400000,9.984680000,2016-01-05-0005,99975.0555304960460,50086.1165225880460,904
2016-01-05T09:30:00+00:00,SBUX,BUY,169,58.790001,58.848791001,9945.445679169,4.9727228395845,9.935510169,2016-01-05-0006,99970.0828076564615,40135.6981205794615,169
2016-01-05T09:30:00+00:00,STZ,BUY,70,141.559998,141.701557998,9919.109059860,4.9595545299300,9.909199860,2016-01-05-0007,99965.1232531265315,30211.6295061895315,70
2016-01-05T09:30:00+00:00,VLO,BUY,142,70.139999,70.210138999,9969.839737858,4.9849198689290,9.959879858,2016-01-05-0008,99960.1383332576025,20236.8048484626025,142
2016-01-05T09:30:00+00:00,VMC,BUY,107,92.750000,92.842750000,9934.174250000,4.9670871250000,9.924250000,2016-01-05-0009,99955.1712461326025,10297.6635113376025,107
2016-01-05T09:30:00+00:00,VRSN,BUY,122,81.720001,81.801721001,9979.809962122,4.9899049810610,9.969840122,2016-01-05-0010,99950.1813411515415,312.8636442345415,122
2016-02-02T09:30:00+00:00,ANDV,SELL,93,85.269997,85.184727003,7922.179611279,3.9610898056395,7.930109721,2016-02-02-0001,95483.2338187079020,8231.0821657079020,0
2016-02-02T09:30:00+00:00,GOOGL,SELL,23,40.025002,39.984976998,919.654470954,0.4598272354770,0.920575046,2016-02-02-0002,95472.3274659504250,9150.2768094264250,238
2016-02-02T09:30:00+00:00,HRL,SELL,21,40.935001,40.894065999,858.775385979,0.4293876929895,0.859635021,2016-02-02-0003,95461.5005880034355,10008.6228077124355,233
2016-02-02T09:30:00+00:00,NFLX,SELL,904,9.554000,9.544446000,8628.179184000,4.3140895920000,8.636816000,2016-02-02-0004,95448.5496824114355,18632.4879021204355,0
2016-02-02T09:30:00+00:00,SBUX,SELL,169,60.660000,60.599340000,10241.288460000,5.1206442300000,10.251540000,2016-02-02-0005,95433.1774981814355,28868.6557178904355,0
2016-02-02T09:30:00+00:00,STZ,SELL,70,153.589996,153.436406004,10740.548420280,5.3702742101400,10.751299720,2016-02-02-0006,95417.0559242512955,39603.8338639602955,0
2016-02-02T09:30:00+00:00,VLO,SELL,142,67.360001,67.292640999,9555.555021858,4.7777775109290,9.565120142,2016-02-02-0007,95402.7130265983665,49154.6111083073665,0
2016-02-02T09:30:00+00:00,VMC,SELL,107,86.639999,86.553359001,9261.209413107,4.6306047065535,9.270479893,2016-02-02-0008,95388.8119419988130,58411.1899167078130,0
2016-02-02T09:30:00+00:00,AMZN,BUY,26,28.500000,28.528500000,741.741000000,0.3708705000000,0.741000000,2016-02-02-0009,95397.2190714988130,57669.0780462078130,334
2016-02-02T09:30:00+00:00,AVGO,BUY,706,13.501000,13.514501000,9541.237706000,4.7706188530000,9.531706000,2016-02-02-0010,95392.4484526458130,48123.0697213548130,706
2016-02-02T09:30:00+00:00,EQIX,BUY,30,307.929993,308.237922993,9247.137689790,4.6235688448950,9.237899790,2016-02-02-0011,95387.8248838009180,38871.3084627199180,30
2016-02-02T09:30:00+00:00,EXPE,BUY,94,101.440002,101.541442002,9544.895548188,4.7724477740940,9.535360188,2016-02-02-0012,95383.0524360268240,29321.6404667578240,94
2016-02-02T09:30:00+00:00,FSLR,BUY,140,68.050003,68.118053003,9536.527420420,4.7682637102100,9.527000420,2016-02-02-0013,95378.2841723166140,19780.3447826276140,140
2016-02-02T09:30:00+00:00,GOOG,BUY,243,39.224998,39.264222998,9541.206188514,4.7706030942570,9.531674514,2016-02-02-0014,95373.5135692223570,10234.3679910193570,243
2016-02-02T09:30:00+00:00,MSFT,BUY,176,54.169998,54.224167998,9543.453567648,4.7717267838240,9.533919648,2016-02-02-0015,95368.7418424385330,686.1426965875330,176
2016-02-02T09:30:00+00:00,VRSN,BUY,5,75.040001,75.115041001,375.575205005,0.1877876025025,0.375200005,2016-02-02-0016,95377.7089349580305,310.3797039800305,127
2016-03-02T09:30:00+00:00,AVGO,SELL,706,13.785000,13.771215000,9722.477790000,4.8612388950000,9.732210000,2016-03-02-0001,96723.5838950850305,10027.9962550850305,0
2016-03-02T09:30:00+00:00,EXPE,SELL,94,107.830002,107.722171998,10125.884167812,5.0629420839060,10.136020188,2016-03-02-0002,96708.3849328131245,20148.8174808131245,0
2016-03-02T09:30:00+00:00,FSLR,SELL,140,68.949997,68.881047003,9643.346580420,4.8216732902100,9.652999580,2016-03-02-0003,96693.9102599429145,29787.3423879429145,0
2016-03-02T09:30:00+00:00,HRL,SELL,9,43.099998,43.056898002,387.512082018,0.1937560410090,0.387899982,2016-03-02-0004,96683.6742043679055,30174.6607139199055,224
2016-03-02T09:30:00+00:00,MSFT,SELL,176,52.410000,52.357590000,9214.935840000,4.6074679200000,9.224160000,2016-03-02-0005,96669.8425764479055,39384.9890859999055,0
2016-03-02T09:30:00+00:00,VRSN,SELL,127,87.540001,87.452460999,11106.462546873,5.5532312734365,11.117580127,2016-03-02-0006,96653.1717650474690,50485.8984015994690,0
2016-03-02T09:30:00+00:00,AIZ,BUY,132,72.970001,73.042971001,9641.672172132,4.8208360860660,9.632040132,2016-03-02-0007,96648.3509289614030,40839.4053933814030,132
2016-03-02T09:30:00+00:00,EQIX,BUY,1,307.709991,308.017700991,308.017700991,0.1540088504955,0.307709991,2016-03-02-0008,96657.4282198409075,40531.2336835399075,31
2016-03-02T09:30:00+00:00,EXR,BUY,115,84.010002,84.094012002,9670.811380230,4.8354056901150,9.661150230,2016-03-02-0009,96652.5928141507925,30855.5868976197925,115
2016-03-02T09:30:00+00:00,GOOG,BUY,25,35.950001,35.985951001,899.648775025,0.4498243875125,0.898750025,2016-03-02-0010,96660.8788400062800,29955.4882982072800,268
2016-03-02T09:30:00+00:00,GOOGL,BUY,22,37.143501,37.180644501,817.974179022,0.4089870895110,0.817157022,2016-03-02-0011,96669.3100061547690,29137.1051320957690,260
2016-03-02T09:30:00+00:00,PSA,BUY,37,254.899994,255.154893994,9440.731077778,4.7203655388890,9.431299778,2016-03-02-0012,96664.5896406158800,19691.6536887788800,37
2016-03-02T09:30:00+00:00,SBUX,BUY,161,59.830002,59.889832002,9642.262952322,4.8211314761610,9.632630322,2016-03-02-0013,96659.7685091397190,10044.5696049807190,161
2016-03-02T09:30:00+00:00,STZ,BUY,67,143.679993,143.823672993,9636.186090531,4.8180930452655,9.626559531,2016-03-02-0014,96654.9504160944535,403.5654214044535,67
2016-04-04T09:30:00+00:00,AIZ,SELL,132,78.080002,78.001921998,10296.253703736,5.1481268518680,10.306560264,2016-04-04-0001,101975.5642002885855,10694.6709982885855,0
2016-04-04T09:30:00+00:00,EXR,SELL,115,93.940002,93.846061998,10792.297129770,5.3961485648850,10.803100230,2016-04-04-0002,101959.3649514937005,21481.5719794937005,0
2016-04-04T09:30:00+00:00,GOOG,SELL,268,37.502998,37.465495002,10040.752660536,5.0203763302680,10.050803464,2016-04-04-0003,101944.2937716994325,31517.3042636994325,0
2016-04-04T09:30:00+00:00,SBUX,SELL,161,61.099998,61.038898002,9827.262578322,4.9136312891610,9.837099678,2016-04-04-0004,101929.5430407322715,41339.6532107322715,0
2016-04-04T09:30:00+00:00,STZ,SELL,67,153.169998,153.016828002,10252.127476134,5.1260637380670,10.262389866,2016-04-04-0005,101914.1545871282045,51586.6546231282045,0
2016-04-04T09:30:00+00:00,AMZN,BUY,6,29.950001,29.979951001,179.879706006,0.0899398530030,0.179700006,2016-04-04-0006,101924.0679476092015,51406.6849772692015,340
2016-04-04T09:30:00+00:00,CPB,BUY,156,65.150002,65.215152002,10173.563712312,5.0867818561560,10.163400312,2016-04-04-0007,101918.9811657530455,41228.0344831010455,156
2016-04-04T09:30:00+00:00,GOOGL,BUY,4,38.475498,38.513973498,154.055893992,0.0770279469960,0.153901992,2016-04-04-0008,101928.9077672860495,41073.9015611620495,264
2016-04-04T09:30:00+00:00,HRL,BUY,7,43.930000,43.973930000,307.817510000,0.1539087550000,0.307510000,2016-04-04-0009,101938.5941785310495,40765.9301424070495,231
2016-04-04T09:30:00+00:00,MAT,BUY,295,34.490002,34.524492002,10184.725140590,5.0923625702950,10.174550590,2016-04-04-0010,101933.5018159607545,30576.1126392467545,295
2016-04-04T09:30:00+00:00,MSFT,BUY,183,55.430000,55.485430000,10153.833690000,5.0769168450000,10.143690000,2016-04-04-0011,101928.4248991157545,20417.2020324017545,183
2016-04-04T09:30:00+00:00,NFLX,BUY,962,10.590000,10.600590000,10197.767580000,5.0988837900000,10.187580000,2016-04-04-0012,101923.3260153257545,10214.3355686117545,962
2016-04-04T09:30:00+00:00,TSN,BUY,149,68.050003,68.118053003,10149.589897447,5.0747949487235,10.139450447,2016-04-04-0013,101918.2512203770310,59.6708762160310,149
2016-05-03T09:30:00+00:00,AMZN,SELL,55,33.868000,33.834132000,1860.877260000,0.9304386300000,1.862740000,2016-05-03-0001,96445.0125215860310,1919.6176975860310,285
2016-05-03T09:30:00+00:00,EQIX,SELL,31,332.450012,332.117561988,10295.644421628,5.1478222108140,10.305950372,2016-05-03-0002,96429.5587490032170,12210.1142970032170,0
2016-05-03T09:30:00+00:00,MAT,SELL,295,31.200001,31.168800999,9194.796294705,4.5973981473525,9.204000295,2016-05-03-0003,96415.7573505608645,21400.3131935608645,0
2016-05-03T09:30:00+00:00,MSFT,SELL,183,50.340000,50.289660000,9203.007780000,4.6015038900000,9.212220000,2016-05-03-0004,96401.9436266708645,30598.7194696708645,0
2016-05-03T09:30:00+00:00,NFLX,SELL,962,9.208000,9.198792000,8849.237904000,4.4246189520000,8.858096000,2016-05-03-0005,96388.6609117188645,39443.5327547188645,0
2016-05-03T09:30:00+00:00,TSN,SELL,5,66.720001,66.653280999,333.266404995,0.1666332024975,0.333600005,2016-05-03-0006,96378.5529983673670,39776.6325265113670,144
2016-05-03T09:30:00+00:00,EW,BUY,272,35.363335,35.398698335,9628.445947120,4.8142229735600,9.618827120,2016-05-03-0007,96373.7387753938070,30143.3723564178070,272
2016-05-03T09:30:00+00:00,EXR,BUY,110,87.150002,87.237152002,9596.086720220,4.7980433601100,9.586500220,2016-05-03-0008,96368.9407320336970,20542.4875928376970,110
2016-05-03T09:30:00+00:00,GOOGL,BUY,6,35.625000,35.660625000,213.963750000,0.1069818750000,0.213750000,2016-05-03-0009,96378.2387501586970,20328.4168609626970,270
2016-05-03T09:30:00+00:00,HRL,BUY,18,38.650002,38.688652002,696.395736036,0.3481978680180,0.695700036,2016-05-03-0010,96386.8187027526790,19631.6729270586790,249
2016-05-03T09:30:00+00:00,NI,BUY,419,22.959999,22.982958999,9629.859820581,4.8149299102905,9.620239581,2016-05-03-0011,96382.0037728423885,9996.9981765673885,419
2016-05-03T09:30:00+00:00,PSA,BUY,1,251.809998,252.061807998,252.061807998,0.1260309039990,0.251809998,2016-05-03-0012,96391.1947118643895,9744.8103376653895,38
2016-05-03T09:30:00+00:00,VRSN,BUY,110,87.510002,87.597512002,9635.726320220,4.8178631601100,9.626100220,2016-05-03-0013,96386.3768487042795,104.2661542852795,110
2016-06-02T09:30:00+00:00,AMZN,SELL,18,36.048500,36.012451500,648.224127000,0.3241120635000,0.648873000,2016-06-02-0001,96162.6982507217795,752.1661692217795,267
2016-06-02T09:30:00+00:00,CPB,SELL,156,61.060001,60.998940999,9515.834795844,4.7579173979220,9.525360156,2016-06-02-0002,96148.4149731678575,10263.2430476678575,0
2016-06-02T09:30:00+00:00,EXR,SELL,110,92.690002,92.597311998,10185.704319780,5.0928521598900,10.195900220,2016-06-02-0003,96133.1262207879675,20443.8545152879675,0
2016-06-02T09:30:00+00:00,GOOGL,SELL,270,37.305000,37.267695000,10062.277650000,5.0311388250000,10.072350000,2016-06-02-0004,96118.0227319629675,30501.1010264629675,0
2016-06-02T09:30:00+00:00,NI,SELL,419,23.940001,23.916060999,10020.829558581,5.0104147792905,10.030860419,2016-06-02-0005,96102.9814567646770,40516.9201702646770,0
2016-06-02T09:30:00+00:00,PSA,SELL,38,255.559998,255.304438002,9701.568644076,4.8507843220380,9.711279924,2016-06-02-0006,96088.4193925186390,50213.6380300186390,0
2016-06-02T09:30:00+00:00,AWK,BUY,127,75.239998,75.315237998,9565.035225746,4.7825176128730,9.555479746,2016-06-02-0007,96083.6368749057660,40643.8202866597660,127
2016-06-02T09:30:00+00:00,AYI,BUY,37,253.880005,254.133885005,9402.953745185,4.7014768725925,9.393560185,2016-06-02-0008,96078.9353980331735,31236.1650646021735,37
2016-06-02T09:30:00+00:00,CINF,BUY,138,69.250000,69.319250000,9566.056500000,4.7830282500000,9.556500000,2016-06-02-0009,96074.1523697831735,21665.3255363521735,138
2016-06-02T09:30:00+00:00,DLR,BUY,100,95.400002,95.495402002,9549.540200200,4.7747701001000,9.540000200,2016-06-02-0010,96069.3775996830735,12111.0105660520735,100
2016-06-02T09:30:00+00:00,EW,BUY,16,33.333332,33.366665332,533.866645312,0.2669333226560,0.533333312,2016-06-02-0011,96078.1773326644175,11576.8769874174175,288
2016-06-02T09:30:00+00:00,GPN,BUY,123,77.599998,77.677597998,9554.344553754,4.7771722768770,9.544799754,2016-06-02-0012,96073.4001603875405,2017.7552613865405,123
2016-06-02T09:30:00+00:00,HRL,BUY,30,34.410000,34.444410000,1033.332300000,0.5166661500000,1.032300000,2016-06-02-0013,96081.4515842375405,983.9062952365405,279
2016-06-02T09:30:00+00:00,TSN,BUY,5,64.400002,64.464402002,322.322010010,0.1611610050050,0.322000010,2016-06-02-0014,96090.5640235205355,661.4231242215355,149
2016-06-02T09:30:00+00:00,VRSN,BUY,3,85.010002,85.095012002,255.285036006,0.1276425180030,0.255030006,2016-06-02-0015,96099.7874812225325,406.0104456975325,113
2016-07-05T09:30:00+00:00,AWK,SELL,10,84.099998,84.015898002,840.158980020,0.4200794900100,0.840999980,2016-07-05-0001,98859.1602494615225,1245.7493462275225,117
2016-07-05T09:30:00+00:00,AYI,SELL,37,248.229996,247.981766004,9175.325342148,4.5876626710740,9.184509852,2016-07-05-0002,98845.3880769384485,10416.4870257044485,0
2016-07-05T09:30:00+00:00,CINF,SELL,138,74.529999,74.455469001,10274.854722138,5.1374273610690,10.285139862,2016-07-05-0003,98829.9655097153795,20686.2043204813795,0
2016-07-05T09:30:00+00:00,DLR,SELL,10,109.010002,108.900991998,1089.009919980,0.5445049599900,1.090100020,2016-07-05-0004,98818.5200045553895,21774.6697355013895,90
2016-07-05T09:30:00+00:00,EW,SELL,288,32.776669,32.743892331,9430.240991328,4.7151204956640,9.439680672,2016-07-05-0005,98804.3652033877255,31200.1956063337255,0
2016-07-05T09:30:00+00:00,HRL,SELL,279,36.160000,36.123840000,10078.551360000,5.0392756800000,10.088640000,2016-07-05-0006,98789.2372877077255,41273.7076906537255,0
2016-07-05T09:30:00+00:00,VRSN,SELL,113,85.180000,85.094820000,9615.714660000,4.8078573300000,9.625340000,2016-07-05-0007,98774.8040903777255,50884.6144933237255,0
2016-07-05T09:30:00+00:00,ALB,BUY,123,80.080002,80.160082002,9859.690086246,4.9298450431230,9.849840246,2016-07-05-0008,98769.8742453346025,41019.9945620346025,123
2016-07-05T09:30:00+00:00,AMZN,BUY,6,36.139999,36.176138999,217.056833994,0.1085284169970,0.216839994,2016-07-05-0009,98779.4150966506055,40802.8291996236055,273
2016-07-05T09:30:00+00:00,EQIX,BUY,25,386.000000,386.386000000,9659.650000000,4.8298250000000,9.650000000,2016-07-05-0010,98774.5852716506055,31138.3493746236055,25
2016-07-05T09:30:00+00:00,GPN,BUY,15,71.300003,71.371303003,1070.569545045,0.5352847725225,1.069500045,2016-07-05-0011,98782.8198872470830,30067.2445448060830,138
2016-07-05T09:30:00+00:00,NI,BUY,369,26.700001,26.726701001,9862.152669369,4.9310763346845,9.852300369,2016-07-05-0012,98777.8888109123985,20200.1607991023985,369
2016-07-05T09:30:00+00:00,TAP,BUY,97,100.970001,101.070971001,9803.884187097,4.9019420935485,9.794090097,2016-07-05-0013,98772.9868688188500,10391.3746699118500,97
2016-07-05T09:30:00+00:00,ULTA,BUY,40,243.440002,243.683442002,9747.337680080,4.8736688400400,9.737600080,2016-07-05-0014,98768.1131999788100,639.1633209918100,40
2016-08-02T09:30:00+00:00,ALB,SELL,3,84.260002,84.175741998,252.527225994,0.1262636129970,0.252780006,2016-08-02-0001,101036.6082451328130,891.5642833728130,120
2016-08-02T09:30:00+00:00,AMZN,SELL,273,38.190498,38.152307502,10415.579948046,5.2077899740230,10.426005954,2016-08-02-0002,101020.9744492047900,11301.9364414447900,0
2016-08-02T09:30:00+00:00,GPN,SELL,138,73.320000,73.246680000,10108.041840000,5.0540209200000,10.118160000,2016-08-02-0003,101005.8022682847900,21404.9242605247900,0
2016-08-02T09:30:00+00:00,TSN,SELL,13,74.279999,74.205719001,964.674347013,0.4823371735065,0.965639987,2016-08-02-0004,100994.2522112602835,22369.1162703642835,136
2016-08-02T09:30:00+00:00,ULTA,SELL,2,261.510010,261.248499990,522.496999980,0.2612484999900,0.523020020,2016-08-02-0005,100983.5305623602935,22891.3520218442935,38
2016-08-02T09:30:00+00:00,AWK,BUY,5,82.589996,82.672585996,413.362929980,0.2066814649900,0.412949980,2016-08-02-0006,100992.9869104273035,22477.7824103993035,122
2016-08-02T09:30:00+00:00,DLR,BUY,5,106.099998,106.206097998,531.030489990,0.2655152449950,0.530499990,2016-08-02-0007,101002.2703950023085,21946.4864051643085,95
2016-08-02T09:30:00+00:00,EQIX,BUY,1,379.220001,379.599221001,379.599221001,0.1897996105005,0.379220001,2016-08-02-0008,101011.5610954168080,21566.6973845528080,26
2016-08-02T09:30:00+00:00,NEM,BUY,224,44.880001,44.924881001,10063.173344224,5.0315866721120,10.053120224,2016-08-02-0009,101006.5295087446960,11498.4924536566960,224
2016-08-02T09:30:00+00:00,NI,BUY,23,25.709999,25.735708999,591.921306977,0.2959606534885,0.591329977,2016-08-02-0010,101015.7205377222075,10906.2751860262075,392
2016-08-02T09:30:00+00:00,O,BUY,145,69.515503,69.585018503,10089.827682935,5.0449138414675,10.079747935,2016-08-02-0011,101010.6756238807400,811.4025892497400,145
2016-08-02T09:30:00+00:00,TAP,BUY,2,100.949997,101.050946997,202.101893994,0.1010509469970,0.201899994,2016-08-02-0012,101020.3667226427430,609.1996443087430,99
2016-09-02T09:30:00+00:00,ALB,SELL,4,82.459999,82.377539001,329.510156004,0.1647550780020,0.329839996,2016-09-02-0001,95965.6249703507410,938.5450452347410,116
2016-09-02T09:30:00+00:00,EQIX,SELL,26,367.429993,367.062563007,9543.626638182,4.7718133190910,9.553179818,2016-09-02-0002,95951.2999772136500,10477.3998700976500,0
2016-09-02T09:30:00+00:00,NI,SELL,392,23.870001,23.846130999,9347.683351608,4.6738416758040,9.357040392,2016-09-02-0003,95937.2690951458460,19820.4093800298460,0
2016-09-02T09:30:00+00:00,TAP,SELL,99,102.739998,102.637258002,10161.088542198,5.0805442710990,10.171259802,2016-09-02-0004,95922.0172910727470,29976.4173779567470,0
2016-09-02T09:30:00+00:00,TSN,SELL,9,75.540001,75.464460999,679.180148991,0.3395900744955,0.679860009,2016-09-02-0005,95911.4042608622515,30655.2579368732515,127
2016-09-02T09:30:00+00:00,AMAT,BUY,315,30.389999,30.420388999,9582.422534685,4.7912112673425,9.572849685,2016-09-02-0006,95906.6130495949090,21068.0441909209090,315
2016-09-02T09:30:00+00:00,AWK,BUY,8,73.489998,73.563487998,588.507903984,0.2942539519920,0.587919984,2016-09-02-0007,95915.2845753989170,20479.2420329849170,130
2016-09-02T09:30:00+00:00,DHR,BUY,132,72.526596,72.599122596,9583.084182672,4.7915420913360,9.573510672,2016-09-02-0008,95910.4930333075810,10891.3663082215810,132
2016-09-02T09:30:00+00:00,EW,BUY,248,38.623333,38.661956333,9588.165170584,4.7940825852920,9.578586584,2016-09-02-0009,95905.6989507222890,1298.4070550522890,248
2016-09-02T09:30:00+00:00,NEM,BUY,13,40.290001,40.330291001,524.293783013,0.2621468915065,0.523770013,2016-09-02-0010,95914.4617640547825,773.8511251477825,237
2016-09-02T09:30:00+00:00,O,BUY,4,63.953487,64.017440487,256.069761948,0.1280348809740,0.255813948,2016-09-02-0011,95923.6069847888085,517.6533283188085,149
2016-10-04T09:30:00+00:00,ALB,SELL,6,84.970001,84.885030999,509.310185994,0.2546550929970,0.509820006,2016-10-04-0001,94093.2821381098115,1026.7088592198115,110
2016-10-04T09:30:00+00:00,AWK,SELL,130,73.849998,73.776148002,9590.899240260,4.7954496201300,9.600499740,2016-10-04-0002,94078.8861887496815,10612.8126498596815,0
2016-10-04T09:30:00+00:00,EW,SELL,248,40.000000,39.960000000,9910.080000000,4.9550400000000,9.920000000,2016-10-04-0003,94064.0111487496815,20517.9376098596815,0
2016-10-04T09:30:00+00:00,O,SELL,149,63.304264,63.240959736,9422.903000664,4.7114515003320,9.432335336,2016-10-04-0004,94049.8673619133495,29936.1291590233495,0
2016-10-04T09:30:00+00:00,TSN,SELL,2,75.129997,75.054867003,150.109734006,0.0750548670030,0.150259994,2016-10-04-0005,94040.2507974273465,30086.1638381623465,125
2016-10-04T09:30:00+00:00,ULTA,SELL,38,237.729996,237.492266004,9024.706108152,4.5123530540760,9.033739848,2016-10-04-0006,94026.7047045252705,39106.3575932602705,0
2016-10-04T09:30:00+00:00,ADSK,BUY,131,71.320000,71.391320000,9352.262920000,4.6761314600000,9.342920000,2016-10-04-0007,94022.0285730652705,29749.4185418002705,131
2016-10-04T09:30:00+00:00,AYI,BUY,35,262.880005,263.142885005,9210.000975175,4.6050004875875,9.200800175,2016-10-04-0008,94017.4235725776830,20534.8125661376830,35
2016-10-04T09:30:00+00:00,DHR,BUY,3,69.397163,69.466560163,208.399680489,0.1041998402445,0.208191489,2016-10-04-0009,94026.4797982534385,20326.3086858084385,135
2016-10-04T09:30:00+00:00,DLR,BUY,5,93.989998,94.083987998,470.419939990,0.2352099699950,0.469949990,2016-10-04-0010,94035.1736380934435,19855.6535358484435,100
2016-10-04T09:30:00+00:00,MAT,BUY,306,30.709999,30.740708999,9406.656953694,4.7033284768470,9.397259694,2016-10-04-0011,94030.4703096165965,10444.2932536775965,306
2016-10-04T09:30:00+00:00,NEM,BUY,19,36.680000,36.716680000,697.616920000,0.3488084600000,0.696920000,2016-10-04-0012,94038.8146611565965,9746.3275252175965,256
2016-10-04T09:30:00+00:00,XYL,BUY,176,53.250000,53.303250000,9381.372000000,4.6906860000000,9.372000000,2016-10-04-0013,94034.1239751565965,360.2648392175965,176
2016-11-02T09:30:00+00:00,ADSK,SELL,131,70.180000,70.109820000,9184.386420000,4.5921932100000,9.193580000,2016-11-02-0001,90226.8302420075965,9540.0590660075965,0
2016-11-02T09:30:00+00:00,AYI,SELL,35,220.000000,219.780000000,7692.300000000,3.8461500000000,7.700000000,2016-11-02-0002,90215.2840920075965,17228.5129160075965,0
2016-11-02T09:30:00+00:00,DHR,SELL,3,68.306740,68.238433260,204.715299780,0.1023576498900,0.204920220,2016-11-02-0003,90205.9603244577065,17433.1258581377065,132
2016-11-02T09:30:00+00:00,DLR,SELL,100,89.870003,89.780132997,8978.013299700,4.4890066498500,8.987000300,2016-11-02-0004,90192.4843175078565,26406.6501511878565,0
2016-11-02T09:30:00+00:00,MAT,SELL,306,31.080000,31.048920000,9500.969520000,4.7504847600000,9.510480000,2016-11-02-0005,90178.2233527478565,35902.8691864278565,0
2016-11-02T09:30:00+00:00,NEM,SELL,22,38.560001,38.521440999,847.471701978,0.4237358509890,0.848320022,2016-11-02-0006,90167.9282566408675,36749.9171525548675,234
2016-11-02T09:30:00+00:00,CHTR,BUY,36,249.360001,249.609361001,8985.936996036,4.4929684980180,8.976960036,2016-11-02-0007,90163.4352881428495,27759.4871880208495,36
2016-11-02T09:30:00+00:00,EW,BUY,293,30.726667,30.757393667,9011.916344431,4.5059581722155,9.002913431,2016-11-02-0008,90158.9293299706340,18743.0648854176340,293
2016-11-02T09:30:00+00:00,HPE,BUY,703,12.809804,12.822613804,9014.297504212,4.5071487521060,9.005292212,2016-11-02-0009,90154.4221812185280,9724.2602324535280,703
2016-11-02T09:30:00+00:00,OKE,BUY,189,47.610001,47.657611001,9007.288479189,4.5036442395945,8.998290189,2016-11-02-0010,90149.9185369789335,712.4681090249335,189
2016-11-02T09:30:00+00:00,XYL,BUY,13,47.570000,47.617570000,619.028410000,0.3095142050000,0.618410000,2016-11-02-0011,90157.9813427739335,93.1301848199335,189
2016-12-02T09:30:00+00:00,ALB,SELL,5,85.680000,85.594320000,427.971600000,0.2139858000000,0.428400000,2016-12-02-0001,90195.5747920199335,520.8877990199335,105
2016-12-02T09:30:00+00:00,AMAT,SELL,17,30.200001,30.169800999,512.886616983,0.2564433084915,0.513400017,2016-12-02-0002,90185.8053483964420,1033.5179726944420,298
2016-12-02T09:30:00+00:00,CHTR,SELL,36,273.040009,272.766968991,9819.610883676,4.9098054418380,9.829440324,2016-12-02-0003,90171.0661026306040,10848.2190509286040,0
2016-12-02T09:30:00+00:00,EW,SELL,293,27.146667,27.119520333,7946.019457569,3.9730097287845,7.953973431,2016-12-02-0004,90159.1391194708195,18790.2654987688195,0
2016-12-02T09:30:00+00:00,HPE,SELL,38,13.576997,13.563420003,515.409960114,0.2577049800570,0.515925886,2016-12-02-0005,90149.3367855997625,19305.4177539027625,665
2016-12-02T09:30:00+00:00,OKE,SELL,24,54.459999,54.405539001,1305.732936024,0.6528664680120,1.307039976,2016-12-02-0006,90138.3909793207505,20610.4978234587505,165
2016-12-02T09:30:00+00:00,TSN,SELL,125,56.860001,56.803140999,7100.392624875,3.5501963124375,7.107500125,2016-12-02-0007,90127.7332828833130,27707.3402520213130,0
2016-12-02T09:30:00+00:00,XYL,SELL,189,51.900002,51.848101998,9799.291277622,4.8996456388110,9.809100378,2016-12-02-0008,90113.0245368665020,37501.7318840045020,0
2016-12-02T09:30:00+00:00,FCX,BUY,601,14.970000,14.984970000,9005.966970000,4.5029834850000,8.996970000,2016-12-02-0009,90108.5215533815020,28491.2619305195020,601
2016-12-02T09:30:00+00:00,NEM,BUY,42,32.549999,32.582548999,1368.467057958,0.6842335289790,1.367099958,2016-12-02-0010,90115.4540196185230,27122.1106390325230,276
2016-12-02T09:30:00+00:00,ULTA,BUY,33,271.700012,271.971712012,8975.066496396,4.4875332481980,8.966100396,2016-12-02-0011,90110.9664863703250,18142.5566093883250,33
2016-12-02T09:30:00+00:00,URBN,BUY,285,31.549999,31.581548999,9000.741464715,4.5003707323575,8.991749715,2016-12-02-0012,90106.4661156379675,9137.3147739409675,285
2016-12-02T09:30:00+00:00,WYNN,BUY,91,98.000000,98.098000000,8926.918000000,4.4634590000000,8.918000000,2016-12-02-0013,90102.0026566379675,205.9333149409675,91
2017-01-04T09:30:00+00:00,ALB,SELL,105,88.720001,88.631280999,9306.284504895,4.6531422524475,9.315600105,2017-01-04-0001,89814.5224735835200,9507.5646775835200,0
2017-01-04T09:30:00+00:00,AMAT,SELL,18,32.090000,32.057910000,577.042380000,0.2885211900000,0.577620000,2017-01-04-0002,89804.6711323935200,10084.3185363935200,280
2017-01-04T09:30:00+00:00,DHR,SELL,4,69.796097,69.726300903,278.905203612,0.1394526018060,0.279184388,2017-01-04-0003,89795.3185949877140,10363.0842874037140,128
2017-01-04T09:30:00+00:00,HPE,SELL,665,13.542125,13.528582875,8996.507611875,4.4982538059375,9.005513125,2017-01-04-0004,89781.8148280567765,19355.0936454727765,0
2017-01-04T09:30:00+00:00,NEM,SELL,19,34.900002,34.865101998,662.436937962,0.3312184689810,0.663100038,2017-01-04-0005,89771.8512090357955,20017.1993649657955,257
2017-01-04T09:30:00+00:00,OKE,SELL,13,59.049999,58.990949001,766.882337013,0.3834411685065,0.767649987,2017-01-04-0006,89761.7245180322890,20783.6982608102890,152
2017-01-04T09:30:00+00:00,ULTA,SELL,33,257.079987,256.822907013,8475.155931429,4.2375779657145,8.483639571,2017-01-04-0007,89749.0033004955745,29254.6166142735745,0
2017-01-04T09:30:00+00:00,URBN,SELL,285,28.830000,28.801170000,8208.333450000,4.1041667250000,8.216550000,2017-01-04-0008,89736.6825837705745,37458.8458975485745,0
2017-01-04T09:30:00+00:00,WYNN,SELL,91,87.709999,87.622289001,7973.628299091,3.9868141495455,7.981609909,2017-01-04-0009,89724.7141597120290,45428.4873824900290,0
2017-01-04T09:30:00+00:00,CMI,BUY,64,139.880005,140.019885005,8961.272640320,4.4806363201600,8.952320320,2017-01-04-0010,89720.2335233918690,36462.7341058498690,64
2017-01-04T09:30:00+00:00,FCX,BUY,35,14.090000,14.104090000,493.643150000,0.2468215750000,0.493150000,2017-01-04-0011,89728.4547918168690,35968.8441342748690,636
2017-01-04T09:30:00+00:00,JCI,BUY,211,42.439999,42.482438999,8963.794628789,4.4818973143945,8.954839789,2017-01-04-0012,89723.9728945024745,27000.5676081714745,211
2017-01-04T09:30:00+00:00,MLM,BUY,40,223.240005,223.463245005,8938.529800200,4.4692649001000,8.929600200,2017-01-04-0013,89719.5036296023745,18057.5685430713745,40
2017-01-04T09:30:00+00:00,NUE,BUY,150,59.759998,59.819757998,8972.963699700,4.4864818498500,8.963999700,2017-01-04-0014,89715.0171477525245,9080.1183615215245,150
2017-01-04T09:30:00+00:00,PWR,BUY,256,34.980000,35.014980000,8963.834880000,4.4819174400000,8.954880000,2017-01-04-0015,89710.5352303125245,111.8015640815245,256
2017-02-02T09:30:00+00:00,AMAT,SELL,15,34.970001,34.935030999,524.025464985,0.2620127324925,0.524550015,2017-02-02-0001,92867.3553650690320,635.5650163340320,265
2017-02-02T09:30:00+00:00,CMI,SELL,64,146.660004,146.513343996,9376.854015744,4.6884270078720,9.386240256,2017-02-02-0002,92853.2806978051600,10007.7306050701600,0
2017-02-02T09:30:00+00:00,DHR,SELL,2,73.687943,73.614255057,147.228510114,0.0736142550570,0.147375886,2017-02-02-0003,92843.7750268461030,10154.8855009291030,126
2017-02-02T09:30:00+00:00,FCX,SELL,79,16.690001,16.673310999,1317.191568921,0.6585957844605,1.318510079,2017-02-02-0004,92832.5015904256425,11471.4184740656425,557
2017-02-02T09:30:00+00:00,JCI,SELL,211,42.480000,42.437520000,8954.316720000,4.4771583600000,8.963280000,2017-02-02-0005,92819.0611520656425,20421.2580357056425,0
2017-02-02T09:30:00+00:00,MLM,SELL,40,229.479996,229.250516004,9170.020640160,4.5850103200800,9.179199840,2017-02-02-0006,92805.2969419055625,29586.6936655455625,0
2017-02-02T09:30:00+00:00,NEM,SELL,257,36.770000,36.733230000,9440.440110000,4.7202200550000,9.449890000,2017-02-02-0007,92791.1268318505625,39022.4135554905625,0
2017-02-02T09:30:00+00:00,NUE,SELL,150,57.029999,56.972969001,8545.945350150,4.2729726750750,8.554499850,2017-02-02-0008,92778.2993593254875,47564.0859329654875,0
2017-02-02T09:30:00+00:00,MU,BUY,378,24.530001,24.554531001,9281.612718378,4.6408063591890,9.272340378,2017-02-02-0009,92773.6585529662985,38277.8324082282985,378
2017-02-02T09:30:00+00:00,NAVI,BUY,621,14.940000,14.954940000,9287.017740000,4.6435088700000,9.277740000,2017-02-02-0010,92769.0150440962985,28986.1711593582985,621
2017-02-02T09:30:00+00:00,OKE,BUY,19,54.189999,54.244188999,1030.639590981,0.5153197954905,1.029609981,2017-02-02-0011,92776.7366041488080,27955.0162485818080,171
2017-02-02T09:30:00+00:00,PWR,BUY,3,35.770000,35.805770000,107.417310000,0.0537086550000,0.107310000,2017-02-02-0012,92785.8400154938080,27847.5452299268080,259
2017-02-02T09:30:00+00:00,RF,BUY,649,14.290000,14.304290000,9283.484210000,4.6417421050000,9.274210000,2017-02-02-0013,92781.1982733888080,18559.4192778218080,649
2017-02-02T09:30:00+00:00,URI,BUY,72,127.339996,127.467335996,9177.648191712,4.5888240958560,9.168479712,2017-02-02-0014,92776.6094492929520,9377.1822620139520,72
2017-02-02T09:30:00+00:00,ZION,BUY,221,41.880001,41.921881001,9264.735701221,4.6323678506105,9.255480221,2017-02-02-0015,92771.9770814423415,107.8141929423415,221
2017-03-02T09:30:00+00:00,AMAT,SELL,265,36.709999,36.673289001,9718.421585265,4.8592107926325,9.728149735,2017-03-02-0001,95829.4273344147090,9821.3765674147090,0
2017-03-02T09:30:00+00:00,DHR,SELL,2,77.109932,77.032822068,154.065644136,0.0770328220680,0.154219864,2017-03-02-0002,95819.6344501606410,9975.3651787286410,124
2017-03-02T09:30:00+00:00,NAVI,SELL,621,15.300000,15.284700000,9491.798700000,4.7458993500000,9.501300000,2017-03-02-0003,95805.3872508106410,19462.4179793786410,0
2017-03-02T09:30:00+00:00,PWR,SELL,259,38.279999,38.241719001,9904.605221259,4.9523026106295,9.914519741,2017-03-02-0004,95790.5204284590115,29362.0708980270115,0
2017-03-02T09:30:00+00:00,RF,SELL,50,16.010000,15.993990000,799.699500000,0.3998497500000,0.800500000,2017-03-02-0005,95779.7300887090115,30161.3705482770115,599
2017-03-02T09:30:00+00:00,ZION,SELL,16,46.669998,46.623328002,745.973248032,0.3729866240160,0.746719968,2017-03-02-0006,95769.0430325269955,30906.9708096849955,205
2017-03-02T09:30:00+00:00,CSX,BUY,583,16.403334,16.419737334,9572.706865722,4.7863534328610,9.563143722,2017-03-02-0007,95764.2566790941345,21329.4775905301345,583
2017-03-02T09:30:00+00:00,DVN,BUY,217,43.990002,44.033992002,9555.376264434,4.7776881322170,9.545830434,2017-03-02-0008,95759.4789909619175,11769.3236379639175,217
2017-03-02T09:30:00+00:00,FCX,BUY,129,13.940000,13.953940000,1800.058260000,0.9000291300000,1.798260000,2017-03-02-0009,95766.3435418319175,9968.3653488339175,686
2017-03-02T09:30:00+00:00,MU,BUY,6,24.879999,24.904878999,149.429273994,0.0747146369970,0.149279994,2017-03-02-0010,95775.6734668169205,9818.8613602029205,384
2017-03-02T09:30:00+00:00,OKE,BUY,2,55.080002,55.135082002,110.270164004,0.0551350820020,0.110160004,2017-03-02-0011,95785.0370120769185,9708.5360611169185,173
2017-03-02T09:30:00+00:00,WMB,BUY,332,28.790001,28.818791001,9567.838612332,4.7839193061660,9.558280332,2017-03-02-0012,95780.2530927707525,135.9135294787525,332
2017-04-04T09:30:00+00:00,DVN,SELL,217,42.060001,42.017940999,9117.893196783,4.5589465983915,9.127020217,2017-04-04-0001,93474.0684586633610,9249.2477796633610,0
2017-04-04T09:30:00+00:00,FCX,SELL,686,13.560000,13.546440000,9292.857840000,4.6464289200000,9.302160000,2017-04-04-0002,93460.1198697433610,18537.4591907433610,0
2017-04-04T09:30:00+00:00,MU,SELL,56,28.469999,28.441529001,1592.725624056,0.7963628120280,1.594319944,2017-04-04-0003,93448.3910273153330,20129.3884519873330,328
2017-04-04T09:30:00+00:00,OKE,SELL,4,55.340000,55.284660000,221.138640000,0.1105693200000,0.221360000,2017-04-04-0004,93438.7066379953330,20350.4165226673330,169
2017-04-04T09:30:00+00:00,WMB,SELL,19,29.860001,29.830140999,566.772678981,0.2833863394905,0.567340019,2017-04-04-0005,93428.5097313238425,20916.9058153088425,313
2017-04-04T09:30:00+00:00,ZION,SELL,205,41.500000,41.458500000,8498.992500000,4.2494962500000,8.507500000,2017-04-04-0006,93415.7527350738425,29411.6488190588425,0
2017-04-04T09:30:00+00:00,AMD,BUY,652,14.310000,14.324310000,9339.450120000,4.6697250600000,9.330120000,2017-04-04-0007,93411.0830100138425,20067.5289739988425,652
2017-04-04T09:30:00+00:00,BAC,BUY,402,23.200001,23.223201001,9335.726802402,4.6678634012010,9.326400402,2017-04-04-0008,93406.4151466126415,10727.1343081956415,402
2017-04-04T09:30:00+00:00,CSX,BUY,18,15.533333,15.548866333,279.879593994,0.1399397969970,0.279599994,2017-04-04-0009,93415.3311399546445,10447.1147744046445,601
2017-04-04T09:30:00+00:00,MS,BUY,219,42.540001,42.582541001,9325.576479219,4.6627882396095,9.316260219,2017-04-04-0010,93410.6683517150350,1116.8755069460350,219
2017-04-04T09:30:00+00:00,RF,BUY,46,14.460000,14.474460000,665.825160000,0.3329125800000,0.665160000,2017-04-04-0011,93418.9969791350350,450.7174343660350,645
2017-04-04T09:30:00+00:00,URI,BUY,3,123.120003,123.243123003,369.729369009,0.1848646845045,0.369360009,2017-04-04-0012,93427.6767546665305,80.8032006725305,75
2017-05-02T09:30:00+00:00,BAC,SELL,402,23.610001,23.586390999,9481.729181598,4.7408645907990,9.491220402,2017-05-02-0001,91345.9133956797315,9557.7915176797315,0
2017-05-02T09:30:00+00:00,CSX,SELL,601,17.256666,17.239409334,10360.885009734,5.1804425048670,10.371256266,2017-05-02-0002,91330.3616969088645,19913.4960849088645,0
2017-05-02T09:30:00+00:00,MS,SELL,219,43.669998,43.626328002,9554.165832438,4.7770829162190,9.563729562,2017-05-02-0003,91316.0208844306455,29462.8848344306455,0
2017-05-02T09:30:00+00:00,MU,SELL,5,28.280001,28.251720999,141.258604995,0.0706293024975,0.141400005,2017-05-02-0004,91306.6744148001480,29604.0728101231480,323
2017-05-02T09:30:00+00:00,OKE,SELL,169,53.220001,53.166780999,8985.185988831,4.4925929944155,8.994180169,2017-05-02-0005,91293.1876416367325,38584.7662059597325,0
2017-05-02T09:30:00+00:00,RF,SELL,645,13.910000,13.896090000,8962.978050000,4.4814890250000,8.971950000,2017-05-02-0006,91279.7342026117325,47543.2627669347325,0
2017-05-02T09:30:00+00:00,WMB,SELL,313,30.740000,30.709260000,9611.998380000,4.8059991900000,9.621620000,2017-05-02-0007,91265.3065834217325,57150.4551477447325,0
2017-05-02T09:30:00+00:00,AMAT,BUY,218,41.720001,41.761721001,9104.055178218,4.5520275891090,9.094960218,2017-05-02-0008,91260.7545558326235,48041.8479419376235,218
2017-05-02T09:30:00+00:00,AMD,BUY,126,11.730000,11.741730000,1479.457980000,0.7397289900000,1.477980000,2017-05-02-0009,91267.6627868426235,46561.6502329476235,778
2017-05-02T09:30:00+00:00,DXC,BUY,138,66.115913,66.182028913,9133.119989994,4.5665599949970,9.123995994,2017-05-02-0010,91263.0962268476265,37423.9636829586265,138
2017-05-02T09:30:00+00:00,IDXX,BUY,55,164.199997,164.364196997,9040.030834835,4.5200154174175,9.030999835,2017-05-02-0011,91258.5762114302090,28379.4128327062090,55
2017-05-02T09:30:00+00:00,INCY,BUY,73,123.980003,124.103983003,9059.590759219,4.5297953796095,9.050540219,2017-05-02-0012,91254.0464160505995,19315.2922781075995,73
2017-05-02T09:30:00+00:00,STX,BUY,216,42.230000,42.272230000,9130.801680000,4.5654008400000,9.121680000,2017-05-02-0013,91249.4810152105995,10179.9251972675995,216
2017-05-02T09:30:00+00:00,URI,BUY,8,108.980003,109.088983003,872.711864024,0.4363559320120,0.871840024,2017-05-02-0014,91257.2181595035875,9306.7769773115875,83
2017-05-02T09:30:00+00:00,WDC,BUY,137,66.364326,66.430690326,9101.004574662,4.5505022873310,9.091912662,2017-05-02-0015,91252.6676572162565,201.2219003622565,137
2017-06-02T09:30:00+00:00,AMAT,SELL,14,46.220001,46.173780999,646.432933986,0.3232164669930,0.647080014,2017-06-02-0001,94191.5749886772635,847.3316178812635,204
2017-06-02T09:30:00+00:00,DXC,SELL,138,66.608994,66.542385006,9182.849130828,4.5914245654140,9.192041172,2017-06-02-0002,94177.7915229398495,10025.5893241438495,0
2017-06-02T09:30:00+00:00,INCY,SELL,73,131.559998,131.428438002,9594.275974146,4.7971379870730,9.603879854,2017-06-02-0003,94163.3905050987765,19615.0681603027765,0
2017-06-02T09:30:00+00:00,MU,SELL,17,30.799999,30.769199001,523.076383017,0.2615381915085,0.523599983,2017-06-02-0004,94153.1805672302680,20137.8830051282680,306
2017-06-02T09:30:00+00:00,URI,SELL,83,109.660004,109.550343996,9092.678551668,4.5463392758340,9.101780332,2017-06-02-0005,94139.5324476224340,29226.0152175204340,0
2017-06-02T09:30:00+00:00,WDC,SELL,2,69.765686,69.695920314,139.391840628,0.0696959203140,0.139531372,2017-06-02-0006,94129.9048527201200,29365.3373622281200,135
2017-06-02T09:30:00+00:00,AMD,BUY,83,10.930000,10.940930000,908.097190000,0.4540485950000,0.907190000,2017-06-02-0007,94137.9543441251200,28456.7861236331200,861
2017-06-02T09:30:00+00:00,BBY,BUY,156,60.299999,60.360298999,9416.206643844,4.7081033219220,9.406799844,2017-06-02-0008,94133.2462408031980,19035.8713764671980,156
2017-06-02T09:30:00+00:00,CSX,BUY,515,18.263332,18.281595332,9415.021595980,4.7075107979900,9.405615980,2017-06-02-0009,94128.5387300052080,9616.1422696892080,515
2017-06-02T09:30:00+00:00,LRCX,BUY,598,15.715000,15.730715000,9406.967570000,4.7034837850000,9.397570000,2017-06-02-0010,94123.8352462202080,204.4712159042080,598
2017-06-02T09:30:00+00:00,STX,BUY,3,42.959999,43.002958999,129.008876997,0.0645044384985,0.128879997,2017-06-02-0011,94133.0501015657095,75.3978344687095,219
2017-07-05T09:30:00+00:00,AMD,SELL,129,12.360000,12.347640000,1592.845560000,0.7964227800000,1.594440000,2017-07-05-0001,90448.2913556887095,1667.4469716887095,732
2017-07-05T09:30:00+00:00,BBY,SELL,3,59.119999,59.060879001,177.182637003,0.0885913185015,0.177359997,2017-07-05-0002,90438.9800445262080,1844.5410173732080,153
2017-07-05T09:30:00+00:00,CSX,SELL,17,18.166668,18.148501332,308.524522644,0.1542622613220,0.308833356,2017-07-05-0003,90429.4699482448860,2152.9112777558860,498
2017-07-05T09:30:00+00:00,DHR,SELL,124,74.698586,74.623887414,9253.362039336,4.6266810196680,9.262624664,2017-07-05-0004,90415.5806425612180,11401.6466360722180,0
2017-07-05T09:30:00+00:00,IDXX,SELL,55,159.509995,159.350485005,8764.276675275,4.3821383376375,8.773049725,2017-07-05-0005,90402.4254544985805,20161.5411730095805,0
2017-07-05T09:30:00+00:00,ADSK,BUY,90,99.370003,99.469373003,8952.243570270,4.4761217851350,8.943300270,2017-07-05-0006,90397.9493327134455,11204.8214809544455,90
2017-07-05T09:30:00+00:00,AMAT,BUY,14,41.279999,41.321278999,578.497905986,0.2892489529930,0.577919986,2017-07-05-0007,90406.0812035564525,10626.0343260154525,218
2017-07-05T09:30:00+00:00,LRCX,BUY,45,14.042000,14.056042000,632.521890000,0.3162609450000,0.631890000,2017-07-05-0008,90414.1620586114525,9993.1961750704525,643
2017-07-05T09:30:00+00:00,STX,BUY,13,38.799999,38.838798999,504.904386987,0.2524521934935,0.504399987,2017-07-05-0009,90422.4068061989590,9488.0393358899590,232
2017-07-05T09:30:00+00:00,UAL,BUY,119,75.349998,75.425347998,8975.616411762,4.4878082058810,8.966649762,2017-07-05-0010,90417.9189979930780,507.9351159220780,119
2017-07-05T09:30:00+00:00,WDC,BUY,4,64.965988,65.030953988,260.123815952,0.1300619079760,0.259863952,2017-07-05-0011,90426.5593444651020,247.6812380621020,139
2017-08-02T09:30:00+00:00,ADSK,SELL,8,111.080002,110.968921998,887.751375984,0.4438756879920,0.888640016,2017-08-02-0001,91170.8980651941100,1134.9887383581100,82
2017-08-02T09:30:00+00:00,AMAT,SELL,218,44.349998,44.305648002,9658.631264436,4.8293156322180,9.668299564,2017-08-02-0002,91156.4004499978920,10788.7906871618920,0
2017-08-02T09:30:00+00:00,AMD,SELL,72,13.810000,13.796190000,993.325680000,0.4966628400000,0.994320000,2017-08-02-0003,91145.7948671578920,11781.6197043218920,660
2017-08-02T09:30:00+00:00,LRCX,SELL,643,15.897000,15.881103000,10211.549229000,5.1057746145000,10.221771000,2017-08-02-0004,91130.4673215433920,21988.0631587073920,0
2017-08-02T09:30:00+00:00,STX,SELL,232,33.459999,33.426539001,7754.957048232,3.8774785241160,7.762719768,2017-08-02-0005,91118.8271232512760,29739.1427284152760,0
2017-08-02T09:30:00+00:00,UAL,SELL,119,68.010002,67.941991998,8085.097047762,4.0425485238810,8.093190238,2017-08-02-0006,91106.6913844893950,37820.1972276533950,0
2017-08-02T09:30:00+00:00,ALGN,BUY,53,170.279999,170.450278999,9033.864786947,4.5169323934735,9.024839947,2017-08-02-0007,91102.1744520959215,28781.8155083129215,53
2017-08-02T09:30:00+00:00,BAC,BUY,372,24.440001,24.464441001,9100.772052372,4.5503860261860,9.091680372,2017-08-02-0008,91097.6240660697355,19676.4930699147355,372
2017-08-02T09:30:00+00:00,CSX,BUY,67,16.120001,16.136121001,1081.120107067,0.5405600535335,1.080040067,2017-08-02-0009,91105.1112665142020,18594.8324027942020,565
2017-08-02T09:30:00+00:00,IDXX,BUY,58,154.520004,154.674524004,8971.122392232,4.4855611961160,8.962160232,2017-08-02-0010,91100.6257053180860,9619.2244493660860,58
2017-08-02T09:30:00+00:00,LUV,BUY,163,55.639999,55.695638999,9078.389156837,4.5391945784185,9.069319837,2017-08-02-0011,91096.0865107396675,536.2960979506675,163
2017-08-02T09:30:00+00:00,MU,BUY,8,28.959999,28.988958999,231.911671992,0.1159558359960,0.231679992,2017-08-02-0012,91104.8323145976715,304.2684701226715,314
2017-09-05T09:30:00+00:00,ADSK,SELL,82,113.459999,113.346539001,9294.416198082,4.6472080990410,9.303719918,2017-09-05-0001,91003.6675111056305,9594.0374601056305,0
2017-09-05T09:30:00+00:00,ALGN,SELL,2,176.419998,176.243578002,352.487156004,0.1762435780020,0.352839996,2017-09-05-0002,90994.1410076336285,9946.3483725316285,51
2017-09-05T09:30:00+00:00,BAC,SELL,372,23.830000,23.806170000,8855.895240000,4.4279476200000,8.864760000,2017-09-05-0003,90980.8483000136285,18797.8156649116285,0
2017-09-05T09:30:00+00:00,BBY,SELL,153,54.299999,54.245699001,8299.591947153,4.1497959735765,8.307899847,2017-09-05-0004,90968.3906041930520,27093.2578160910520,0
2017-09-05T09:30:00+00:00,CSX,SELL,15,16.556667,16.540110333,248.101654995,0.1240508274975,0.248350005,2017-09-05-0005,90958.9120365105545,27341.2354202585545,550
2017-09-05T09:30:00+00:00,IDXX,SELL,58,154.160004,154.005843996,8932.338951768,4.4661694758840,8.941280232,2017-09-05-0006,90945.5045868026705,36269.1082025506705,0
2017-09-05T09:30:00+00:00,LUV,SELL,163,51.810001,51.758190999,8436.585132837,4.2182925664185,8.445030163,2017-09-05-0007,90932.8412640732520,44701.4750428212520,0
2017-09-05T09:30:00+00:00,MU,SELL,34,32.450001,32.417550999,1102.196733966,0.5510983669830,1.103300034,2017-09-05-0008,90922.1008653922690,45803.1206784202690,280
2017-09-05T09:30:00+00:00,WDC,SELL,6,68.027214,67.959186786,407.755120716,0.2038775603580,0.408163284,2017-09-05-0009,90912.4412050859110,46210.6719215759110,133
2017-09-05T09:30:00+00:00,AMD,BUY,45,12.880000,12.892880000,580.179600000,0.2900898000000,0.579600000,2017-09-05-0010,90920.6519152859110,45630.2022317759110,705
2017-09-05T09:30:00+00:00,BA,BUY,37,240.300003,240.540303003,8899.991211111,4.4499956055555,8.891100111,2017-09-05-0011,90916.2019196803555,36725.7610250593555,37
2017-09-05T09:30:00+00:00,FMC,BUY,119,75.975716,76.051691716,9050.151314204,4.5250756571020,9.041110204,2017-09-05-0012,90911.6768440232535,27671.0846351982535,119
2017-09-05T09:30:00+00:00,NFLX,BUY,524,17.340000,17.357340000,9095.246160000,4.5476230800000,9.086160000,2017-09-05-0013,90907.1292209432535,18571.2908521182535,524
2017-09-05T09:30:00+00:00,NRG,BUY,364,24.930000,24.954930000,9083.594520000,4.5417972600000,9.074520000,2017-09-05-0014,90902.5874236832535,9483.1545348582535,364
2017-09-05T09:30:00+00:00,RCL,BUY,73,123.919998,124.043917998,9055.206013854,4.5276030069270,9.046159854,2017-09-05-0015,90898.0598206763265,423.4209179973265,73
2017-10-03T09:30:00+00:00,ALGN,SELL,1,187.750000,187.562250000,187.562250000,0.0937811250000,0.187750000,2017-10-03-0001,94199.8644738723265,610.8893868723265,50
2017-10-03T09:30:00+00:00,CSX,SELL,550,17.559999,17.542439001,9648.341450550,4.8241707252750,9.657999450,2017-10-03-0002,94185.3823036970515,10254.4066666970515,0
2017-10-03T09:30:00+00:00,MU,SELL,44,39.930000,39.890070000,1755.163080000,0.8775815400000,1.756920000,2017-10-03-0003,94173.3243221570515,12008.6921651570515,236
2017-10-03T09:30:00+00:00,WDC,SELL,133,62.902493,62.839590507,8357.665537431,4.1788327687155,8.366031569,2017-10-03-0004,94160.7794578193360,20362.1788698193360,0
2017-10-03T09:30:00+00:00,AMD,BUY,34,12.730000,12.742730000,433.252820000,0.2166264100000,0.432820000,2017-10-03-0005,94169.5374814093360,19928.7094234093360,739
2017-10-03T09:30:00+00:00,FMC,BUY,2,77.267998,77.345265998,154.690531996,0.0773452659980,0.154535996,2017-10-03-0006,94178.6550279053380,19773.9415461473380,121
2017-10-03T09:30:00+00:00,LRCX,BUY,504,18.650999,18.669649999,9409.503599496,4.7047517997480,9.400103496,2017-10-03-0007,94173.9502761055900,10359.7331948515900,504
2017-10-03T09:30:00+00:00,RCL,BUY,5,119.199997,119.319196997,596.595984985,0.2982979924925,0.595999985,2017-10-03-0008,94182.3535778940975,9762.8389118740975,78
2017-10-03T09:30:00+00:00,VRTX,BUY,61,152.210007,152.362217007,9294.095237427,4.6470476187135,9.284810427,2017-10-03-0009,94177.7065302753840,464.0966268283840,61
2017-11-02T09:30:00+00:00,ALGN,SELL,9,235.380005,235.144624995,2116.301624955,1.0581508124775,2.118420045,2017-11-02-0001,97920.7825737659065,2579.3401009709065,41
2017-11-02T09:30:00+00:00,LRCX,SELL,22,20.299999,20.279699001,446.153378022,0.2230766890110,0.446599978,2017-11-02-0002,97910.3282975808955,3025.2704023038955,482
2017-11-02T09:30:00+00:00,MU,SELL,14,44.080002,44.035921998,616.502907972,0.3082514539860,0.617120028,2017-11-02-0003,97899.6171656549095,3641.4650588219095,222
2017-11-02T09:30:00+00:00,NFLX,SELL,524,19.745001,19.725255999,10336.034143476,5.1680170717380,10.346380524,2017-11-02-0004,97884.1027680591715,13972.3311852261715,0
2017-11-02T09:30:00+00:00,RCL,SELL,78,121.019997,120.898977003,9430.120206234,4.7150601031170,9.439559766,2017-11-02-0005,97869.9481481900545,23397.7363313570545,0
2017-11-02T09:30:00+00:00,AMAT,BUY,175,55.720001,55.775721001,9760.751175175,4.8803755875875,9.751000175,2017-11-02-0006,97865.0677726024670,13632.1047805944670,175
2017-11-02T09:30:00+00:00,AMD,BUY,161,10.870000,10.880870000,1751.820070000,0.8759100350000,1.750070000,2017-11-02-0007,97872.2247925674670,11879.4088005594670,900
2017-11-02T09:30:00+00:00,FMC,BUY,2,79.488289,79.567777289,159.135554578,0.0795677772890,0.158976578,2017-11-02-0008,97881.7633077591780,11720.1936782041780,123
2017-11-02T09:30:00+00:00,NRG,BUY,14,25.850000,25.875850000,362.261900000,0.1811309500000,0.361900000,2017-11-02-0009,97890.9915768091780,11357.7506472541780,378
2017-11-02T09:30:00+00:00,URI,BUY,68,143.369995,143.513364995,9758.908819660,4.8794544098300,9.749159660,2017-11-02-0010,97886.1121223993480,1593.9623731843480,68
2017-11-02T09:30:00+00:00,VRTX,BUY,7,142.009995,142.152004995,995.064034965,0.4975320174825,0.994069965,2017-11-02-0011,97894.2772000768655,598.4008062018655,68
2017-12-04T09:30:00+00:00,ALGN,SELL,3,257.829987,257.572157013,772.716471039,0.3863582355195,0.773489961,2017-12-04-0001,99886.3070624993460,1370.7309190053460,38
2017-12-04T09:30:00+00:00,AMD,SELL,900,10.850000,10.839150000,9755.235000000,4.8776175000000,9.765000000,2017-12-04-0002,99871.6644449993460,11121.0883015053460,0
2017-12-04T09:30:00+00:00,BA,SELL,37,276.160004,275.883843996,10207.702227852,5.1038511139260,10.217920148,2017-12-04-0003,99856.3426737374200,21323.6866782434200,0
2017-12-04T09:30:00+00:00,FMC,SELL,123,82.090202,82.008111798,10086.997751154,5.0434988755770,10.097094846,2017-12-04-0004,99841.2020800158430,31405.6409305218430,0
2017-12-04T09:30:00+00:00,NRG,SELL,20,27.860001,27.832140999,556.642819980,0.2783214099900,0.557200020,2017-12-04-0005,99830.3926782278530,31962.0054290918530,358
2017-12-04T09:30:00+00:00,URI,SELL,68,160.220001,160.059780999,10884.065107932,5.4420325539660,10.894960068,2017-12-04-0006,99814.0556856058870,42840.6285044698870,0
2017-12-04T09:30:00+00:00,ADBE,BUY,55,180.339996,180.520335996,9928.618479780,4.9643092398900,9.918699780,2017-12-04-0007,99809.0913763659970,32907.0457154499970,55
2017-12-04T09:30:00+00:00,ADSK,BUY,92,108.000000,108.108000000,9945.936000000,4.9729680000000,9.936000000,2017-12-04-0008,99804.1184083659970,22956.1367474499970,92
2017-12-04T09:30:00+00:00,AMAT,BUY,16,52.060001,52.112061001,833.792976016,0.4168964880080,0.832960016,2017-12-04-0009,99812.8120120529890,22121.9268749459890,191
2017-12-04T09:30:00+00:00,ISRG,BUY,74,133.276672,133.409948672,9872.336201728,4.9361681008640,9.862473728,2017-12-04-0010,99807.8758439521250,12244.6545051171250,74
2017-12-04T09:30:00+00:00,LRCX,BUY,44,18.969000,18.987969000,835.470636000,0.4177353180000,0.834636000,2017-12-04-0011,99816.6011666341250,11408.7661337991250,526
2017-12-04T09:30:00+00:00,MU,BUY,15,41.950001,41.991951001,629.879265015,0.3149396325075,0.629250015,2017-12-04-0012,99825.5991272236175,10778.5719291516175,237
2017-12-04T09:30:00+00:00,PYPL,BUY,132,75.589996,75.665585996,9987.857351472,4.9939286757360,9.977879472,2017-12-04-0013,99820.6051985478815,785.7206490038815,132
2017-12-04T09:30:00+00:00,VRTX,BUY,2,141.990005,142.131995005,284.263990010,0.1421319950050,0.283980010,2017-12-04-0014,99830.1183868928765,501.3145269988765,70
2018-01-03T09:30:00+00:00,ADBE,SELL,55,178.000000,177.822000000,9780.210000000,4.8901050000000,9.790000000,2018-01-03-0001,99732.3170269988765,10276.6344219988765,0
2018-01-03T09:30:00+00:00,ADSK,SELL,92,107.000000,106.893000000,9834.156000000,4.9170780000000,9.844000000,2018-01-03-0002,99717.5559489988765,20105.8733439988765,0
2018-01-03T09:30:00+00:00,AMAT,SELL,191,53.540001,53.486460999,10215.914050809,5.1079570254045,10.226140191,2018-01-03-0003,99702.2218517824720,30316.6794377824720,0
2018-01-03T09:30:00+00:00,MU,SELL,13,44.500000,44.455500000,577.921500000,0.2889607500000,0.578500000,2018-01-03-0004,99691.3863910324720,30894.3119770324720,224
2018-01-03T09:30:00+00:00,NRG,SELL,14,28.950001,28.921050999,404.894713986,0.2024473569930,0.405300014,2018-01-03-0005,99680.8198433174790,31299.0042436614790,344
2018-01-03T09:30:00+00:00,VRTX,SELL,5,153.500000,153.346500000,766.732500000,0.3833662500000,0.767500000,2018-01-03-0006,99669.6914770674790,32065.3533774114790,65
2018-01-03T09:30:00+00:00,ALGN,BUY,6,226.059998,226.286057998,1357.716347988,0.6788581739940,1.356359988,2018-01-03-0007,99677.6028988174850,30706.9581712494850,44
2018-01-03T09:30:00+00:00,DHI,BUY,194,51.279999,51.331278999,9958.268125806,4.9791340629030,9.948319806,2018-01-03-0008,99672.6237647545820,20743.7109113805820,194
2018-01-03T09:30:00+00:00,ISRG,BUY,5,125.706665,125.832371665,629.161858325,0.3145809291625,0.628533325,2018-01-03-0009,99681.6114770354195,20114.2344721264195,79
2018-01-03T09:30:00+00:00,PHM,BUY,297,33.490002,33.523492002,9956.477124594,4.9782385622970,9.946530594,2018-01-03-0010,99676.6332384731225,10152.7791089701225,297
2018-01-03T09:30:00+00:00,PYPL,BUY,2,74.300003,74.374303003,148.748606006,0.0743743030030,0.148600006,2018-01-03-0011,99686.3664645661195,10003.9561286611195,134
2018-01-03T09:30:00+00:00,WYNN,BUY,60,165.039993,165.205032993,9912.301979580,4.9561509897900,9.902399580,2018-01-03-0012,99681.4103135763295,86.6979980913295,60
2018-02-02T09:30:00+00:00,ALGN,SELL,4,251.570007,251.318436993,1005.273747972,0.5026368739860,1.006280028,2018-02-02-0001,100543.7544679093435,1091.4691091893435,40
2018-02-02T09:30:00+00:00,ISRG,SELL,79,141.003326,140.862322674,11128.123491246,5.5640617456230,11.139262754,2018-02-02-0002,100527.0511434097205,12214.0285386897205,0
2018-02-02T09:30:00+00:00,LRCX,SELL,526,18.671000,18.652329000,9811.125054000,4.9055625270000,9.820946000,2018-02-02-0003,100512.3246348827205,22020.2480301627205,0
2018-02-02T09:30:00+00:00,PHM,SELL,297,31.139999,31.108859001,9239.331123297,4.6196655616485,9.248579703,2018-02-02-0004,100498.4563896180720,31254.9594878980720,0
2018-02-02T09:30:00+00:00,PYPL,SELL,6,78.099998,78.021898002,468.131388012,0.2340656940060,0.468599988,2018-02-02-0005,100487.7569241920660,31722.8568102160660,128
2018-02-02T09:30:00+00:00,VRTX,SELL,6,169.419998,169.250578002,1015.503468012,0.5077517340060,1.016519988,2018-02-02-0006,100476.2368725880600,32737.8525264940600,59
2018-02-02T09:30:00+00:00,ABBV,BUY,86,115.500000,115.615500000,9942.933000000,4.9714665000000,9.933000000,2018-02-02-0007,100471.2654060880600,22789.9480599940600,86
2018-02-02T09:30:00+00:00,BA,BUY,28,354.000000,354.354000000,9921.912000000,4.9609560000000,9.912000000,2018-02-02-0008,100466.3044500880600,12863.0751039940600,28
2018-02-02T09:30:00+00:00,CAT,BUY,62,160.770004,160.930774004,9977.707988248,4.9888539941240,9.967740248,2018-02-02-0009,100461.3155960939360,2880.3782617519360,62
2018-02-02T09:30:00+00:00,DHI,BUY,17,47.590000,47.637590000,809.839030000,0.4049195150000,0.809030000,2018-02-02-0010,100470.1431365789360,2070.1343122369360,211
2018-02-02T09:30:00+00:00,MU,BUY,15,42.000000,42.042000000,630.630000000,0.3153150000000,0.630000000,2018-02-02-0011,100479.2358215789360,1439.1889972369360,239
2018-02-02T09:30:00+00:00,NRG,BUY,40,26.150000,26.176150000,1047.046000000,0.5235230000000,1.046000000,2018-02-02-0012,100487.7078985789360,391.6194742369360,384
2018-03-02T09:30:00+00:00,DHI,SELL,211,41.840000,41.798160000,8819.411760000,4.4097058800000,8.828240000,2018-03-02-0001,98185.4418793569360,9206.6215283569360,0
2018-03-02T09:30:00+00:00,MU,SELL,239,46.360001,46.313640999,11068.960198761,5.5344800993805,11.080040239,2018-03-02-0002,98168.8273590185555,20270.0472470185555,0
2018-03-02T09:30:00+00:00,NRG,SELL,384,27.010000,26.982990000,10361.468160000,5.1807340800000,10.371840000,2018-03-02-0003,98153.2747849385555,30626.3346729385555,0
2018-03-02T09:30:00+00:00,PYPL,SELL,2,77.519997,77.442477003,154.884954006,0.0774424770030,0.155039994,2018-03-02-0004,98143.2747828455525,30781.1421844675525,126
2018-03-02T09:30:00+00:00,WYNN,SELL,60,161.779999,161.618219001,9697.093140060,4.8485465700300,9.706799940,2018-03-02-0005,98128.7194363355225,40473.3867779575225,0
2018-03-02T09:30:00+00:00,BBY,BUY,131,74.849998,74.924847998,9815.155087738,4.9075775438690,9.805349738,2018-03-02-0006,98123.8118587916535,30653.3241126756535,131
2018-03-02T09:30:00+00:00,CAT,BUY,3,149.130005,149.279135005,447.837405015,0.2239187025075,0.447390015,2018-03-02-0007,98132.8340003991460,30205.2627889581460,65
2018-03-02T09:30:00+00:00,CPRI,BUY,157,62.459999,62.522458999,9816.026062843,4.9080130314215,9.806219843,2018-03-02-0008,98127.9259873677245,20384.3287130837245,157
2018-03-02T09:30:00+00:00,ISRG,BUY,71,136.523331,136.659854331,9702.849657501,4.8514248287505,9.693156501,2018-03-02-0009,98123.0745625389740,10676.6276307539740,71
2018-03-02T09:30:00+00:00,NFLX,BUY,344,28.465000,28.493465000,9801.751960000,4.9008759800000,9.791960000,2018-03-02-0010,98118.1736865589740,869.9747947739740,344
2018-03-02T09:30:00+00:00,VRTX,BUY,1,163.080002,163.243082002,163.243082002,0.0816215410010,0.163080002,2018-03-02-0011,98127.7137851359730,706.6500912309730,60
2018-04-03T09:30:00+00:00,ALGN,SELL,2,244.009995,243.765985005,487.531970010,0.2437659850050,0.488019990,2018-04-03-0001,93905.0394874459680,1193.9382952559680,38
2018-04-03T09:30:00+00:00,BBY,SELL,131,69.250000,69.180750000,9062.678250000,4.5313391250000,9.071750000,2018-04-03-0002,93891.4363983209680,10252.0852061309680,0
2018-04-03T09:30:00+00:00,CAT,SELL,65,144.800003,144.655202997,9402.588194805,4.7012940974025,9.412000195,2018-04-03-0003,93877.3231040285655,19649.9721068385655,0
2018-04-03T09:30:00+00:00,CPRI,SELL,6,62.049999,61.987949001,371.927694006,0.1859638470030,0.372299994,2018-04-03-0004,93867.3952903385625,20021.7138369975625,151
2018-04-03T09:30:00+00:00,ISRG,SELL,71,134.246674,134.112427326,9521.982340146,4.7609911700730,9.531513854,2018-04-03-0005,93853.1027853144895,29538.9351859734895,0
2018-04-03T09:30:00+00:00,NFLX,SELL,15,28.545000,28.516455000,427.746825000,0.2138734125000,0.428175000,2018-04-03-0006,93843.0694319019895,29966.4681375609895,329
2018-04-03T09:30:00+00:00,VRTX,SELL,60,155.860001,155.704140999,9342.248459940,4.6711242299700,9.351600060,2018-04-03-0007,93829.0467076120195,39304.0454732710195,0
2018-04-03T09:30:00+00:00,ABBV,BUY,15,92.339996,92.432335996,1386.485039940,0.6932425199700,1.385099940,2018-04-03-0008,93836.2947047480495,37916.8671908110495,101
2018-04-03T09:30:00+00:00,AMZN,BUY,134,69.569000,69.638569000,9331.568246000,4.6657841230000,9.322246000,2018-04-03-0009,93831.6289206250495,28580.6331606880495,134
2018-04-03T09:30:00+00:00,IPGP,BUY,41,227.039993,227.267032993,9317.948352713,4.6589741763565,9.308639713,2018-04-03-0010,93826.9699464486930,19258.0258337986930,41
2018-04-03T09:30:00+00:00,NKTR,BUY,6,1498.500000,1499.998500000,8999.991000000,4.4999955000000,8.991000000,2018-04-03-0011,93822.4699509486930,10253.5348382986930,6
2018-04-03T09:30:00+00:00,TTWO,BUY,97,96.650002,96.746652002,9384.425244194,4.6922126220970,9.375050194,2018-04-03-0012,93817.7777383265960,864.4173814825960,97
2018-05-02T09:30:00+00:00,ABBV,SELL,101,101.169998,101.068828002,10207.951628202,5.1039758141010,10.218169798,2018-05-02-0001,97265.5371588704950,11067.2650338704950,0
2018-05-02T09:30:00+00:00,AMZN,SELL,134,79.049004,78.969954996,10581.973969464,5.2909869847320,10.592566536,2018-05-02-0002,97249.6536053497630,21643.9480163497630,0
2018-05-02T09:30:00+00:00,CPRI,SELL,4,66.239998,66.173758002,264.695032008,0.1323475160040,0.264959992,2018-05-02-0003,97239.5190181357590,21908.5107008417590,147
2018-05-02T09:30:00+00:00,NFLX,SELL,17,31.165001,31.133835999,529.275211983,0.2646376059915,0.529805017,2018-05-02-0004,97229.0010952007675,22437.5212752187675,312
2018-05-02T09:30:00+00:00,PYPL,SELL,126,75.000000,74.925000000,9440.550000000,4.7202750000000,9.450000000,2018-05-02-0005,97214.8308202007675,31873.3510002187675,0
2018-05-02T09:30:00+00:00,TTWO,SELL,97,104.050003,103.945952997,10082.757440709,5.0413787203545,10.092850291,2018-05-02-0006,97199.6965911894130,41951.0670622074130,0
2018-05-02T09:30:00+00:00,BA,BUY,1,329.500000,329.829500000,329.829500000,0.1649147500000,0.329500000,2018-05-02-0007,97208.7576764394130,41621.0726474574130,29
2018-05-02T09:30:00+00:00,EL,BUY,69,140.000000,140.140000000,9669.660000000,4.8348300000000,9.660000000,2018-05-02-0008,97203.9228464394130,31946.5778174574130,69
2018-05-02T09:30:00+00:00,KSS,BUY,157,61.730000,61.791730000,9701.301610000,4.8506508050000,9.691610000,2018-05-02-0009,97199.0721956344130,22240.4255566524130,157
2018-05-02T09:30:00+00:00,MU,BUY,211,45.910000,45.955910000,9696.697010000,4.8483485050000,9.687010000,2018-05-02-0010,97194.2238471294130,12538.8801981474130,211
2018-05-02T09:30:00+00:00,NKTR,BUY,1,1251.300049,1252.551349049,1252.551349049,0.6262756745245,1.251300049,2018-05-02-0011,97201.1053717488885,11285.7025734238885,7
2018-05-02T09:30:00+00:00,NRG,BUY,317,30.590000,30.620590000,9706.727030000,4.8533635150000,9.697030000,2018-05-02-0012,97196.2520082338885,1574.1221799088885,317
2018-06-04T09:30:00+00:00,ALGN,SELL,7,335.540009,335.204468991,2346.431282937,1.1732156414685,2.348780063,2018-06-04-0001,105606.7345889254200,3919.3802472044200,31
2018-06-04T09:30:00+00:00,EL,SELL,69,149.199997,149.050797003,10284.504993207,5.1422524966035,10.294799793,2018-06-04-0002,105591.2975366358165,14198.7429879148165,0
2018-06-04T09:30:00+00:00,IPGP,SELL,41,248.830002,248.581171998,10191.828051918,5.0959140259590,10.202030082,2018-06-04-0003,105575.9995925278575,24385.4751258068575,0
2018-06-04T09:30:00+00:00,KSS,SELL,4,68.769997,68.701227003,274.804908012,0.1374024540060,0.275079988,2018-06-04-0004,105565.0653005448515,24660.1426313648515,153
2018-06-04T09:30:00+00:00,MU,SELL,211,57.430000,57.372570000,12105.612270000,6.0528061350000,12.117730000,2018-06-04-0005,105546.8947644098515,36759.7020952298515,0
2018-06-04T09:30:00+00:00,NFLX,SELL,21,36.268002,36.231733998,760.866413958,0.3804332069790,0.761628042,2018-06-04-0006,105535.1987145788725,37520.1880759808725,291
2018-06-04T09:30:00+00:00,NRG,SELL,8,34.209999,34.175789001,273.406312008,0.1367031560040,0.273679992,2018-06-04-0007,105524.2174417398685,37793.4576848328685,309
2018-06-04T09:30:00+00:00,ANDV,BUY,70,150.080002,150.230082002,10516.105740140,5.2580528700700,10.505600140,2018-06-04-0008,105518.9593888697985,27272.0938918227985,70
2018-06-04T09:30:00+00:00,CPRI,BUY,29,59.700001,59.759701001,1733.031329029,0.8665156645145,1.731300029,2018-06-04-0009,105526.8687733522840,25538.1960471292840,176
2018-06-04T09:30:00+00:00,NKTR,BUY,4,934.049988,934.984037988,3739.936151952,1.8699680759760,3.736199952,2018-06-04-0010,105531.5371551923080,21796.3899271013080,11
2018-06-04T09:30:00+00:00,NTAP,BUY,151,69.529999,69.599528999,10509.528878849,5.2547644394245,10.499029849,2018-06-04-0011,105526.2823907528835,11281.6062838128835,151
2018-06-04T09:30:00+00:00,VLO,BUY,84,124.629997,124.754626997,10479.388667748,5.2396943338740,10.468919748,2018-06-04-0012,105521.0426964190095,796.9779217310095,84
2018-07-03T09:30:00+00:00,ALGN,SELL,1,341.100006,340.758905994,340.758905994,0.1703794529970,0.341100006,2018-07-03-0001,103840.8236460920125,1137.5664482720125,30
2018-07-03T09:30:00+00:00,ANDV,SELL,70,133.460007,133.326546993,9332.858289510,4.6664291447550,9.342200490,2018-07-03-0002,103826.8150164572575,10465.7583086372575,0
2018-07-03T09:30:00+00:00,CPRI,SELL,176,66.650002,66.583351998,11718.669951648,5.8593349758240,11.730400352,2018-07-03-0003,103809.2252811294335,22178.5689253094335,0
2018-07-03T09:30:00+00:00,KSS,SELL,9,71.830002,71.758171998,645.823547982,0.3229117739910,0.646470018,2018-07-03-0004,103797.9123790494425,22824.0695615174425,144
2018-07-03T09:30:00+00:00,NFLX,SELL,31,39.949001,39.909051999,1237.180611969,0.6185903059845,1.238419031,2018-07-03-0005,103785.6686294524580,24060.6315831804580,260
2018-07-03T09:30:00+00:00,NTAP,SELL,151,79.809998,79.730188002,12039.258388302,6.0196291941510,12.051309698,2018-07-03-0006,103767.5976905603070,36093.8703422883070,0
2018-07-03T09:30:00+00:00,ADBE,BUY,42,244.720001,244.964721001,10288.518282042,5.1442591410210,10.278240042,2018-07-03-0007,103762.4534314192860,25800.2078011052860,42
2018-07-03T09:30:00+00:00,BA,BUY,1,338.179993,338.518172993,338.518172993,0.1692590864965,0.338179993,2018-07-03-0008,103772.0913921297895,25461.5203690257895,30
2018-07-03T09:30:00+00:00,MU,BUY,190,54.549999,54.604548999,10374.864309810,5.1874321549050,10.364499810,2018-07-03-0009,103766.9039599748845,15081.4686270608845,190
2018-07-03T09:30:00+00:00,NKTR,BUY,3,732.750000,733.482750000,2200.448250000,1.1002241250000,2.198250000,2018-07-03-0010,103773.8639858498845,12879.9201529358845,14
2018-07-03T09:30:00+00:00,NRG,BUY,24,31.080000,31.111080000,746.665920000,0.3733329600000,0.745920000,2018-07-03-0011,103783.0943728898845,12132.8808999758845,333
2018-07-03T09:30:00+00:00,RL,BUY,82,126.290001,126.416291001,10366.135862082,5.1830679310410,10.355780082,2018-07-03-0012,103777.9113049588435,1761.5619699628435,82
2018-07-03T09:30:00+00:00,VLO,BUY,10,110.360001,110.470361001,1104.703610010,0.5523518050050,1.103600010,2018-07-03-0013,103786.6291932378385,656.3060081478385,94
2018-08-02T09:30:00+00:00,ADBE,SELL,42,245.699997,245.454297003,10309.080474126,5.1545402370630,10.319399874,2018-08-02-0001,103515.7316870367755,10960.2319420367755,0
2018-08-02T09:30:00+00:00,ALGN,SELL,1,351.000000,350.649000000,350.649000000,0.1753245000000,0.351000000,2018-08-02-0002,103505.0263625367755,11310.7056175367755,29
2018-08-02T09:30:00+00:00,BA,SELL,30,348.619995,348.271375005,10448.141250150,5.2240706250750,10.458599850,2018-08-02-0003,103489.3436920617005,21753.6227970617005,0
2018-08-02T09:30:00+00:00,NKTR,SELL,1,790.049988,789.259938012,789.259938012,0.3946299690060,0.790049988,2018-08-02-0004,103477.8883622606945,22542.4881051046945,13
2018-08-02T09:30:00+00:00,NRG,SELL,333,31.059999,31.028939001,10332.636687333,5.1663183436665,10.342979667,2018-08-02-0005,103462.3790642500280,32869.9584740940280,0
2018-08-02T09:30:00+00:00,RL,SELL,82,128.279999,128.151719001,10508.440958082,5.2542204790410,10.518959918,2018-08-02-0006,103446.6058838529870,43373.1452116969870,0
2018-08-02T09:30:00+00:00,VLO,SELL,94,115.680000,115.564320000,10863.046080000,5.4315230400000,10.873920000,2018-08-02-0007,103430.3004408129870,54230.7597686569870,0
2018-08-02T09:30:00+00:00,CPRI,BUY,158,65.260002,65.325262002,10321.391396316,5.1606956981580,10.311080316,2018-08-02-0008,103425.1397451148290,43904.2076766428290,158
2018-08-02T09:30:00+00:00,CPRT,BUY,718,14.402500,14.416902500,10351.335995000,5.1756679975000,10.340995000,2018-08-02-0009,103419.9640771173290,33547.6960136453290,718
2018-08-02T09:30:00+00:00,GWW,BUY,30,338.779999,339.118778999,10173.563369970,5.0867816849850,10.163399970,2018-08-02-0010,103414.8772954323440,23369.0458619903440,30
2018-08-02T09:30:00+00:00,KSS,BUY,2,70.690002,70.760692002,141.521384004,0.0707606920020,0.141380004,2018-08-02-0011,103424.9858950283420,23227.4537172943420,146
2018-08-02T09:30:00+00:00,MU,BUY,10,51.700001,51.751701001,517.517010010,0.2587585050050,0.517000010,2018-08-02-0012,103434.5501367133370,22709.6779487793370,200
2018-08-02T09:30:00+00:00,NFLX,BUY,46,33.723000,33.756723000,1552.809258000,0.7764046290000,1.551258000,2018-08-02-0013,103442.5417120843370,21156.0922861503370,306
2018-08-02T09:30:00+00:00,NTAP,BUY,132,78.160004,78.238164004,10327.437648528,5.1637188242640,10.317120528,2018-08-02-0014,103437.3779932600730,10823.4909187980730,132
2018-08-02T09:30:00+00:00,STX,BUY,196,52.590000,52.642590000,10317.947640000,5.1589738200000,10.307640000,2018-08-02-0015,103432.2190194400730,500.3843049780730,196
2018-09-05T09:30:00+00:00,CPRI,SELL,158,72.269997,72.197727003,11407.240866474,5.7036204332370,11.418659526,2018-09-05-0001,113176.7556670188360,11901.9215510188360,0
2018-09-05T09:30:00+00:00,CPRT,SELL,19,16.192499,16.176306501,307.349823519,0.1536749117595,0.307657481,2018-09-05-0002,113164.9757778250765,12209.1176996260765,699
2018-09-05T09:30:00+00:00,KSS,SELL,8,81.919998,81.838078002,654.704624016,0.3273523120080,0.655359984,2018-09-05-0003,113152.6881058050685,12863.4949713300685,138
2018-09-05T09:30:00+00:00,MU,SELL,200,51.389999,51.338609001,10267.721800200,5.1338609001000,10.277999800,2018-09-05-0004,113137.2762451049685,23126.0829106299685,0
2018-09-05T09:30:00+00:00,NKTR,SELL,2,1024.800049,1023.775248951,2047.550497902,1.0237752489510,2.049600098,2018-09-05-0005,113122.9300692190175,25172.6096332830175,11
2018-09-05T09:30:00+00:00,NTAP,SELL,4,87.889999,87.802109001,351.208436004,0.1756042180020,0.351559996,2018-09-05-0006,113111.1529851330155,25523.6424650690155,128
2018-09-05T09:30:00+00:00,AMZN,BUY,110,101.905502,102.007407502,11220.814825220,5.6104074126100,11.209605220,2018-09-05-0007,113105.5425777204055,14297.2172324364055,110
2018-09-05T09:30:00+00:00,GWW,BUY,1,355.549988,355.905537988,355.905537988,0.1779527689940,0.355549988,2018-09-05-0008,113116.0311245914115,13941.1337416794115,31
2018-09-05T09:30:00+00:00,M,BUY,313,36.020000,36.056020000,11285.534260000,5.6427671300000,11.274260000,2018-09-05-0009,113110.3883574614115,2649.9567145494115,313
2018-09-05T09:30:00+00:00,NFLX,BUY,8,36.000000,36.036000000,288.288000000,0.1441440000000,0.288000000,2018-09-05-0010,113121.2602134614115,2361.5245705494115,314
2018-09-05T09:30:00+00:00,STX,BUY,33,49.189999,49.239188999,1624.893236967,0.8124466184835,1.623269967,2018-09-05-0011,113130.0890066469280,735.8188869639280,229
2018-10-02T09:30:00+00:00,ALGN,SELL,2,390.519989,390.129469011,780.258938022,0.3901294690110,0.781039978,2018-10-02-0001,107682.8799728139170,1515.6876955169170,27
2018-10-02T09:30:00+00:00,AMZN,SELL,3,99.999496,99.899496504,299.698489512,0.1498492447560,0.299998488,2018-10-02-0002,107671.7301790091610,1815.2363357841610,107
2018-10-02T09:30:00+00:00,GWW,SELL,1,353.239990,352.886750010,352.886750010,0.1764433750050,0.353239990,2018-10-02-0003,107660.6032959441560,2167.9466424191560,30
2018-10-02T09:30:00+00:00,KSS,SELL,138,76.190002,76.113811998,10503.706055724,5.2518530278620,10.514220276,2018-10-02-0004,107644.8372226402940,12666.4008451152940,0
2018-10-02T09:30:00+00:00,M,SELL,313,34.700001,34.665300999,10850.239212687,5.4251196063435,10.861100313,2018-10-02-0005,107628.5510027209505,23511.2149381959505,0
2018-10-02T09:30:00+00:00,NFLX,SELL,34,38.438000,38.399562000,1305.585108000,0.6527925540000,1.306892000,2018-10-02-0006,107615.8286781669505,24816.1472536419505,280
2018-10-02T09:30:00+00:00,NTAP,SELL,3,86.029999,85.943969001,257.831907003,0.1289159535015,0.258089997,2018-10-02-0007,107604.6879223414490,25073.8502446914490,125
2018-10-02T09:30:00+00:00,STX,SELL,229,46.939999,46.893059001,10738.510511229,5.3692552556145,10.749259771,2018-10-02-0008,107588.5694073148345,35806.9915006648345,0
2018-10-02T09:30:00+00:00,ADBE,BUY,39,274.709991,274.984700991,10724.403338649,5.3622016693245,10.713689649,2018-10-02-0009,107583.2072056455100,25077.2259603465100,39
2018-10-02T09:30:00+00:00,AMD,BUY,350,30.730000,30.760730000,10766.255500000,5.3831277500000,10.755500000,2018-10-02-0010,107577.8240778955100,14305.5873325965100,350
2018-10-02T09:30:00+00:00,CPRT,BUY,122,13.090000,13.103090000,1598.576980000,0.7992884900000,1.596980000,2018-10-02-0011,107586.1746994055100,12706.2110641065100,821
2018-10-02T09:30:00+00:00,ILMN,BUY,30,357.178986,357.536164986,10726.084949580,5.3630424747900,10.715369580,2018-10-02-0012,107580.8116569307200,1974.7630720517200,30
2018-10-02T09:30:00+00:00,NKTR,BUY,1,847.950012,848.797962012,848.797962012,0.4243989810060,0.847950012,2018-10-02-0013,107589.7147080817140,1125.5407110587140,12
2018-11-02T09:30:00+00:00,ADBE,SELL,39,246.570007,246.323436993,9606.614042727,4.8033070213635,9.616230273,2018-11-02-0001,87785.7932127643505,10727.3514467643505,0
2018-11-02T09:30:00+00:00,ALGN,SELL,27,233.529999,233.296469001,6299.004663027,3.1495023315135,6.305309973,2018-11-02-0002,87776.3384004598370,17023.2066074598370,0
2018-11-02T09:30:00+00:00,AMZN,SELL,107,83.929497,83.845567503,8971.475722821,4.4857378614105,8.980456179,2018-11-02-0003,87762.8722064194265,25990.1965924194265,0
2018-11-02T09:30:00+00:00,CPRT,SELL,821,12.657500,12.644842500,10381.415692500,5.1907078462500,10.391807500,2018-11-02-0004,87747.2896910731765,36366.4215770731765,0
2018-11-02T09:30:00+00:00,ILMN,SELL,30,308.550598,308.242047402,9247.261422060,4.6236307110300,9.256517940,2018-11-02-0005,87733.4095424221465,45609.0593684221465,0
2018-11-02T09:30:00+00:00,NFLX,SELL,4,31.799999,31.768199001,127.072796004,0.0635363980020,0.127199996,2018-11-02-0006,87724.4420063041445,45736.0686280281445,276
2018-11-02T09:30:00+00:00,NTAP,SELL,15,79.190002,79.110811998,1186.662179970,0.5933310899850,1.187850030,2018-11-02-0007,87713.9499249641595,46922.1374769081595,110
2018-11-02T09:30:00+00:00,AAP,BUY,53,165.020004,165.185024004,8754.806272212,4.3774031361060,8.746060212,2018-11-02-0008,87709.5725218280535,38162.9538015600535,53
2018-11-02T09:30:00+00:00,AMD,BUY,75,20.590000,20.610590000,1545.794250000,0.7728971250000,1.544250000,2018-11-02-0009,87716.0061247030535,36616.3866544350535,425
2018-11-02T09:30:00+00:00,FTNT,BUY,536,16.336000,16.352336000,8764.852096000,4.3824260480000,8.756096000,2018-11-02-0010,87711.6236986550535,27847.1521323870535,536
2018-11-02T09:30:00+00:00,HCA,BUY,64,136.520004,136.656524004,8746.017536256,4.3730087681280,8.737280256,2018-11-02-0011,87707.2506898869255,19096.7615873629255,64
2018-11-02T09:30:00+00:00,KSS,BUY,113,77.150002,77.227152002,8726.668176226,4.3633340881130,8.717950226,2018-11-02-0012,87702.8873557988125,10365.7300770488125,113
2018-11-02T09:30:00+00:00,M,BUY,248,35.279999,35.315278999,8758.189191752,4.3790945958760,8.749439752,2018-11-02-0013,87698.5082612029365,1603.1617907009365,248
2018-11-02T09:30:00+00:00,NKTR,BUY,2,616.200012,616.816212012,1233.632424024,0.6168162120120,1.232400024,2018-11-02-0014,87705.2858451349245,368.9125504649245,14
2018-12-04T09:30:00+00:00,AAP,SELL,5,180.119995,179.939875005,899.699375025,0.4498496875125,0.900599975,2018-12-04-0001,86964.9106580424120,1268.1620758024120,48
2018-12-04T09:30:00+00:00,AMD,SELL,53,23.350000,23.326650000,1236.312450000,0.6181562250000,1.237550000,2018-12-04-0002,86954.3687518174120,2503.8563695774120,372
2018-12-04T09:30:00+00:00,GWW,SELL,30,316.170013,315.853842987,9475.615289610,4.7378076448050,9.485100390,2018-12-04-0003,86940.1458437826070,11974.7338515426070,0
2018-12-04T09:30:00+00:00,HCA,SELL,5,146.100006,145.953905994,729.769529970,0.3648847649850,0.730500030,2018-12-04-0004,86930.4305586336220,12704.1384967476220,59
2018-12-04T09:30:00+00:00,M,SELL,248,34.200001,34.165800999,8473.118647752,4.2365593238760,8.481600248,2018-12-04-0005,86917.7123990617460,21173.0205851757460,0
2018-12-04T09:30:00+00:00,NKTR,SELL,14,605.099976,604.494876024,8462.928264336,4.2314641321680,8.471399664,2018-12-04-0006,86905.0095352655780,29631.7173853795780,0
2018-12-04T09:30:00+00:00,NTAP,SELL,110,69.699997,69.630297003,7659.332670330,3.8296663351650,7.666999670,2018-12-04-0007,86893.5128692604130,37287.2203893744130,0
2018-12-04T09:30:00+00:00,ESRX,BUY,86,100.639999,100.740638999,8663.694953914,4.3318474769570,8.655039914,2018-12-04-0008,86889.1810217834560,28619.1935879834560,86
2018-12-04T09:30:00+00:00,FTNT,BUY,39,15.096000,15.111096000,589.332744000,0.2946663720000,0.588744000,2018-12-04-0009,86896.9778114114560,28029.5661776114560,575
2018-12-04T09:30:00+00:00,KSS,BUY,15,67.580002,67.647582002,1014.713730030,0.5073568650150,1.013700030,2018-12-04-0010,86904.1069947724410,27014.3450907164410,128
2018-12-04T09:30:00+00:00,NFLX,BUY,25,28.813000,28.841813000,721.045325000,0.3605226625000,0.720325000,2018-12-04-0011,86911.6988601099410,26292.9392430539410,301
2018-12-04T09:30:00+00:00,TRIP,BUY,135,64.339996,64.404335996,8694.585359460,4.3472926797300,8.685899460,2018-12-04-0012,86907.3515674302110,17594.0065909142110,135
2018-12-04T09:30:00+00:00,UA,BUY,386,22.500000,22.522500000,8693.685000000,4.3468425000000,8.685000000,2018-12-04-0013,86903.0047249302110,8895.9747484142110,386
2018-12-04T09:30:00+00:00,UAA,BUY,362,23.990000,24.013990000,8693.064380000,4.3465321900000,8.684380000,2018-12-04-0014,86898.6581927402110,198.5638362242110,362
2019-01-03T09:30:00+00:00,AAP,SELL,7,158.229996,158.071766004,1106.502362028,0.5532511810140,1.107609972,2019-01-03-0001,66335.7249862351970,1304.5129470711970,41
2019-01-03T09:30:00+00:00,AMD,SELL,12,18.420000,18.401580000,220.818960000,0.1104094800000,0.221040000,2019-01-03-0002,66328.7623367551970,1525.2214975911970,360
2019-01-03T09:30:00+00:00,FTNT,SELL,93,13.760000,13.746240000,1278.400320000,0.6392001600000,1.279680000,2019-01-03-0003,66320.2111365951970,2802.9826174311970,482
2019-01-03T09:30:00+00:00,HCA,SELL,5,120.820000,120.699180000,603.495900000,0.3017479500000,0.604100000,2019-01-03-0004,66312.7810086451970,3406.1767694811970,54
2019-01-03T09:30:00+00:00,KSS,SELL,128,67.239998,67.172758002,8598.113024256,4.2990565121280,8.606719744,2019-01-03-0005,66299.8752323890690,11999.9907372250690,0
2019-01-03T09:30:00+00:00,NFLX,SELL,56,27.020000,26.992980000,1511.606880000,0.7558034400000,1.513120000,2019-01-03-0006,66290.9864089490690,13510.8418137850690,245
2019-01-03T09:30:00+00:00,TRIP,SELL,12,53.689999,53.636309001,643.635708012,0.3218178540060,0.644279988,2019-01-03-0007,66283.4164412300630,14154.1557039430630,123
2019-01-03T09:30:00+00:00,BSX,BUY,193,34.240002,34.274242002,6614.928706386,3.3074643531930,6.608320386,2019-01-03-0008,66280.1089768768700,7535.9195332038700,193
2019-01-03T09:30:00+00:00,ILMN,BUY,22,290.554474,290.845028474,6398.590626428,3.1992953132140,6.392198428,2019-01-03-0009,66276.9096815636560,1134.1296114626560,22
2019-01-03T09:30:00+00:00,UA,BUY,21,16.280001,16.296281001,342.221901021,0.1711109505105,0.341880021,2019-01-03-0010,66283.0226509991455,791.7365994911455,407
2019-01-03T09:30:00+00:00,UAA,BUY,13,17.639999,17.657638999,229.549306987,0.1147746534935,0.229319987,2019-01-03-0011,66289.2935559836520,562.0725178506520,375
2019-02-04T09:30:00+00:00,AMD,SELL,52,24.430000,24.405570000,1269.089640000,0.6345448200000,1.270360000,2019-02-04-0001,75340.6399860306520,1830.5276130306520,308
2019-02-04T09:30:00+00:00,BSX,SELL,193,37.840000,37.802160000,7295.816880000,3.6479084400000,7.303120000,2019-02-04-0002,75329.6889575906520,9122.6965845906520,0
2019-02-04T09:30:00+00:00,FTNT,SELL,8,15.906000,15.890094000,127.120752000,0.0635603760000,0.127248000,2019-02-04-0003,75321.9587052146520,9249.7537762146520,474
2019-02-04T09:30:00+00:00,HCA,SELL,54,138.990005,138.851014995,7497.954809730,3.7489774048650,7.505460270,2019-02-04-0004,75310.7042675397870,16743.9596085397870,0
2019-02-04T09:30:00+00:00,ILMN,SELL,22,275.690674,275.414983326,6059.129633172,3.0295648165860,6.065194828,2019-02-04-0005,75301.6095078952010,22800.0596768952010,0
2019-02-04T09:30:00+00:00,NFLX,SELL,245,34.259998,34.225738002,8385.305810490,4.1926529052450,8.393699510,2019-02-04-0006,75289.0231554799560,31181.1728344799560,0
2019-02-04T09:30:00+00:00,UA,SELL,407,18.830000,18.811170000,7656.146190000,3.8280730950000,7.663810000,2019-02-04-0007,75277.5312723849560,38833.4909513849560,0
2019-02-04T09:30:00+00:00,UAA,SELL,375,20.600000,20.579400000,7717.275000000,3.8586375000000,7.725000000,2019-02-04-0008,75265.9476348849560,46546.9073138849560,0
2019-02-04T09:30:00+00:00,AAP,BUY,6,159.630005,159.789635005,958.737810030,0.4793689050150,0.957780030,2019-02-04-0009,75272.0130961849410,45587.6901349499410,47
2019-02-04T09:30:00+00:00,CHD,BUY,115,65.440002,65.505442002,7533.125830230,3.7665629151150,7.525600230,2019-02-04-0010,75268.2465332698260,38050.7977418048260,115
2019-02-04T09:30:00+00:00,CMG,BUY,712,10.565200,10.575765200,7529.944822400,3.7649724112000,7.522422400,2019-02-04-0011,75264.4815608586260,30517.0879469936260,712
2019-02-04T09:30:00+00:00,KEYS,BUY,100,75.260002,75.335262002,7533.526200200,3.7667631001000,7.526000200,2019-02-04-0012,75260.7147977585260,22979.7949836935260,100
2019-02-04T09:30:00+00:00,LLY,BUY,62,121.209999,121.331208999,7522.534957938,3.7612674789690,7.515019938,2019-02-04-0013,75256.9535302795570,15453.4987582765570,62
2019-02-04T09:30:00+00:00,MRK,BUY,103,72.471375,72.543846375,7472.016176625,3.7360080883125,7.464551625,2019-02-04-0014,75253.2175221912445,7977.7465735632445,103
2019-02-04T09:30:00+00:00,NRG,BUY,184,40.779999,40.820778999,7511.023335816,3.7555116679080,7.503519816,2019-02-04-0015,75249.4620105233365,462.9677260793365,184
2019-02-04T09:30:00+00:00,TRIP,BUY,6,57.930000,57.987930000,347.927580000,0.1739637900000,0.347580000,2019-02-04-0016,75256.4134367333365,114.8661822893365,129
2019-03-04T09:30:00+00:00,AAP,SELL,47,161.919998,161.758078002,7602.629666094,3.8013148330470,7.610239906,2019-03-04-0001,79022.6797185502895,7713.6945335502895,0
2019-03-04T09:30:00+00:00,CHD,SELL,115,65.900002,65.834101998,7570.921729770,3.7854608648850,7.578500230,2019-03-04-0002,79011.3157574554045,15280.8308024554045,0
2019-03-04T09:30:00+00:00,CMG,SELL,67,12.248000,12.235752000,819.795384000,0.4098976920000,0.820616000,2019-03-04-0003,79002.1852837634045,16100.2162887634045,645
2019-03-04T09:30:00+00:00,FTNT,SELL,21,17.440001,17.422560999,365.873780979,0.1829368904895,0.366240021,2019-03-04-0004,78993.7357863989150,16465.9071328519150,453
2019-03-04T09:30:00+00:00,KEYS,SELL,9,86.150002,86.063851998,774.574667982,0.3872873339910,0.775350018,2019-03-04-0005,78984.7334988649240,17240.0945134999240,91
2019-03-04T09:30:00+00:00,LLY,SELL,2,130.509995,130.379485005,260.758970010,0.1303794850050,0.261019990,2019-03-04-0006,78976.5114996899190,17500.7231040249190,60
2019-03-04T09:30:00+00:00,MRK,SELL,103,78.272903,78.194630097,8054.046899991,4.0270234499955,8.062109009,2019-03-04-0007,78964.4223672309235,25550.7429805659235,0
2019-03-04T09:30:00+00:00,TRIP,SELL,129,52.900002,52.847101998,6817.276157742,3.4086380788710,6.824100258,2019-03-04-0008,78954.1896288940525,32364.6105002290525,0
2019-03-04T09:30:00+00:00,AES,BUY,450,17.530001,17.547531001,7896.388950450,3.9481944752250,7.888500450,2019-03-04-0009,78950.2414344188275,24464.2733553038275,450
2019-03-04T09:30:00+00:00,AMD,BUY,22,23.889999,23.913888999,526.105557978,0.2630527789890,0.525579978,2019-03-04-0010,78957.3365013318385,23937.9047445468385,330
2019-03-04T09:30:00+00:00,O,BUY,117,67.063950,67.131013950,7854.328632150,3.9271643160750,7.846482150,2019-03-04-0011,78953.4093370157635,16079.6489480807635,117
2019-03-04T09:30:00+00:00,VRSN,BUY,43,181.080002,181.261082002,7794.226526086,3.8971132630430,7.786440086,2019-03-04-0012,78949.5122237527205,8281.5253087317205,43
2019-03-04T09:30:00+00:00,WELL,BUY,106,74.250000,74.324250000,7878.370500000,3.9391852500000,7.870500000,2019-03-04-0013,78945.5730385027205,399.2156234817205,106
2019-04-02T09:30:00+00:00,AMD,SELL,21,26.510000,26.483490000,556.153290000,0.2780766450000,0.556710000,2019-04-02-0001,82011.8706548367205,955.0908368367205,309
2019-04-02T09:30:00+00:00,CMG,SELL,62,14.060000,14.045940000,870.848280000,0.4354241400000,0.871720000,2019-04-02-0002,82002.3665306967205,1825.5036926967205,583
2019-04-02T09:30:00+00:00,NRG,SELL,184,41.919998,41.878078002,7705.566352368,3.8527831761840,7.713279632,2019-04-02-0003,81990.8004678885365,9527.2172618885365,0
2019-04-02T09:30:00+00:00,O,SELL,117,70.300385,70.230084615,8216.919899955,4.1084599499775,8.225145045,2019-04-02-0004,81978.4668628935590,17740.0287018935590,0
2019-04-02T09:30:00+00:00,VRSN,SELL,43,185.940002,185.754061998,7987.424665914,3.9937123329570,7.995420086,2019-04-02-0005,81966.4777304746020,25723.4596554746020,0
2019-04-02T09:30:00+00:00,WELL,SELL,106,77.239998,77.162758002,8179.252348212,4.0896261741060,8.187439788,2019-04-02-0006,81954.2006645124960,33898.6223775124960,0
2019-04-02T09:30:00+00:00,AES,BUY,6,17.959999,17.977958999,107.867753994,0.0539338769970,0.107759994,2019-04-02-0007,81962.2287301854990,33790.7006896414990,456
2019-04-02T09:30:00+00:00,CDNS,BUY,126,64.750000,64.814750000,8166.658500000,4.0833292500000,8.158500000,2019-04-02-0008,81958.1454009354990,25619.9588603914990,126
2019-04-02T09:30:00+00:00,FTNT,BUY,26,17.076000,17.093076000,444.419976000,0.2222099880000,0.443976000,2019-04-02-0009,81965.6586189474990,25175.3166744034990,479
2019-04-02T09:30:00+00:00,LLY,BUY,3,129.039993,129.169032993,387.507098979,0.1937535494895,0.387119979,2019-04-02-0010,81973.2072649780095,24787.6158218750095,63
2019-04-02T09:30:00+00:00,MRK,BUY,102,79.637405,79.717042405,8131.138325310,4.0655691626550,8.123015310,2019-04-02-0011,81969.1416958153545,16652.4119274023545,102
2019-04-02T09:30:00+00:00,TSCO,BUY,420,19.502001,19.521503001,8199.031260420,4.0995156302100,8.190840420,2019-04-02-0012,81965.0421801851445,8449.2811513521445,420
2019-04-02T09:30:00+00:00,ULTA,BUY,23,353.369995,353.723364995,8135.637394885,4.0678186974425,8.127509885,2019-04-02-0013,81960.9743614877020,309.5759377697020,23
2019-05-02T09:30:00+00:00,AES,SELL,456,16.860001,16.843140999,7680.472295544,3.8402361477720,7.688160456,2019-05-02-0001,80859.1226961659300,7986.2079971659300,0
2019-05-02T09:30:00+00:00,AMD,SELL,9,26.940001,26.913060999,242.217548991,0.1211087744955,0.242460009,2019-05-02-0002,80850.6771270824345,8228.3044373824345,300
2019-05-02T09:30:00+00:00,CDNS,SELL,8,68.540001,68.471460999,547.771687992,0.2738858439960,0.548320008,2019-05-02-0003,80841.7672011124385,8775.8022395304385,118
2019-05-02T09:30:00+00:00,FTNT,SELL,39,18.364000,18.345636000,715.479804000,0.3577399020000,0.716196000,2019-05-02-0004,80832.6131052104385,9490.9243036284385,440
2019-05-02T09:30:00+00:00,MRK,SELL,102,75.009544,74.934534456,7643.322514512,3.8216612572560,7.650973488,2019-05-02-0005,80821.1404704651825,17130.4251568831825,0
2019-05-02T09:30:00+00:00,TSCO,SELL,420,20.190001,20.169810999,8471.320619580,4.2356603097900,8.479800420,2019-05-02-0006,80808.4250097353925,25597.5101161533925,0
2019-05-02T09:30:00+00:00,ULTA,SELL,23,335.010010,334.674999990,7697.524999770,3.8487624998850,7.705230230,2019-05-02-0007,80796.8710170055075,33291.1863534235075,0
2019-05-02T09:30:00+00:00,AZO,BUY,7,1024.920044,1025.944964044,7181.614748308,3.5908073741540,7.174440308,2019-05-02-0008,80793.2802096313535,26105.9807977413535,7
2019-05-02T09:30:00+00:00,CHD,BUY,110,73.400002,73.473402002,8082.074220220,4.0410371101100,8.074000220,2019-05-02-0009,80789.2391725212435,18019.8655404112435,110
2019-05-02T09:30:00+00:00,GRMN,BUY,100,80.139999,80.220138999,8022.013899900,4.0110069499500,8.013999900,2019-05-02-0010,80785.2281655712935,9993.8406335612935,100
2019-05-02T09:30:00+00:00,KEYS,BUY,3,85.750000,85.835750000,257.507250000,0.1287536250000,0.257250000,2019-05-02-0011,80792.9026619462935,9736.2046299362935,94
2019-05-02T09:30:00+00:00,LLY,BUY,5,118.440002,118.558442002,592.792210010,0.2963961050050,0.592200010,2019-05-02-0012,80800.0679859672885,9143.1160238212885,68
2019-05-02T09:30:00+00:00,VRSN,BUY,41,194.029999,194.224028999,7963.185188959,3.9815925944795,7.955229959,2019-05-02-0013,80796.0863933728090,1175.9492422678090,41
2019-06-04T09:30:00+00:00,AMD,SELL,28,28.389999,28.361609001,794.125052028,0.3970625260140,0.794919972,2019-06-04-0001,77208.7415860417950,1969.6772317697950,272
2019-06-04T09:30:00+00:00,CHD,SELL,9,76.099998,76.023898002,684.215082018,0.3421075410090,0.684899982,2019-06-04-0002,77200.0284787207860,2653.5502062467860,101
2019-06-04T09:30:00+00:00,GRMN,SELL,100,77.480003,77.402522997,7740.252299700,3.8701261498500,7.748000300,2019-06-04-0003,77188.4103522709360,10389.9323797969360,0
2019-06-04T09:30:00+00:00,KEYS,SELL,94,75.250000,75.174750000,7066.426500000,3.5332132500000,7.073500000,2019-06-04-0004,77177.8036390209360,17452.8256665469360,0
2019-06-04T09:30:00+00:00,LLY,SELL,68,118.080002,117.961921998,8021.410695864,4.0107053479320,8.029440136,2019-06-04-0005,77165.7634935370040,25470.2256570630040,0
2019-06-04T09:30:00+00:00,CDNS,BUY,5,62.570000,62.632570000,313.162850000,0.1565814250000,0.312850000,2019-06-04-0006,77172.9901721120040,25156.9062256380040,123
2019-06-04T09:30:00+00:00,CMG,BUY,11,12.981400,12.994381400,142.938195400,0.0714690977000,0.142795400,2019-06-04-0007,77180.4868592143040,25013.8965611403040,594
2019-06-04T09:30:00+00:00,FTNT,BUY,105,14.142000,14.156142000,1486.394910000,0.7431974550000,1.484910000,2019-06-04-0008,77185.9661417593040,23526.7584536853040,545
2019-06-04T09:30:00+00:00,MKC,BUY,97,78.864998,78.943862998,7657.554710806,3.8287773554030,7.649904806,2019-06-04-0009,77182.1373644039010,15865.3749655239010,97
2019-06-04T09:30:00+00:00,PG,BUY,74,104.010002,104.114012002,7704.436888148,3.8522184440740,7.696740148,2019-06-04-0010,77178.2851459598270,8157.0858589318270,74
2019-06-04T09:30:00+00:00,QCOM,BUY,114,67.610001,67.677611001,7715.247654114,3.8576238270570,7.707540114,2019-06-04-0011,77174.4275221327700,437.9805809907700,114
2019-07-02T09:30:00+00:00,CDNS,SELL,10,73.349998,73.276648002,732.766480020,0.3663832400100,0.733499980,2019-07-02-0001,83338.3835869967600,1170.3806777707600,113
2019-07-02T09:30:00+00:00,CMG,SELL,20,14.523000,14.508477000,290.169540000,0.1450847700000,0.290460000,2019-07-02-0002,83329.6118402267600,1460.4051330007600,574
2019-07-02T09:30:00+00:00,FTNT,SELL,545,15.488000,15.472512000,8432.519040000,4.2162595200000,8.440960000,2019-07-02-0003,83316.9546207067600,9888.7079134807600,0
2019-07-02T09:30:00+00:00,MKC,SELL,97,77.849998,77.772148002,7543.898356194,3.7719491780970,7.551449806,2019-07-02-0004,83305.6312217226630,17428.8343204966630,0
2019-07-02T09:30:00+00:00,PG,SELL,74,110.610001,110.499390999,8176.954933926,4.0884774669630,8.185140074,2019-07-02-0005,83293.3576041817000,25601.7007769557000,0
2019-07-02T09:30:00+00:00,QCOM,SELL,114,77.279999,77.202719001,8801.109966114,4.4005549830570,8.809919886,2019-07-02-0006,83280.1471293126430,34398.4101880866430,0
2019-07-02T09:30:00+00:00,VRSN,SELL,41,211.809998,211.598188002,8675.525708082,4.3377628540410,8.684209918,2019-07-02-0007,83267.1251565406020,43069.5981333146020,0
2019-07-02T09:30:00+00:00,AMT,BUY,41,202.919998,203.122917998,8328.039637918,4.1640198189590,8.319719918,2019-07-02-0008,83262.9611367216430,34737.3944755776430,41
2019-07-02T09:30:00+00:00,CHD,BUY,11,73.750000,73.823750000,812.061250000,0.4060306250000,0.811250000,2019-07-02-0009,83270.0038560966430,33924.9271949526430,112
2019-07-02T09:30:00+00:00,CINF,BUY,79,104.989998,105.094987998,8302.504051842,4.1512520259210,8.294209842,2019-07-02-0010,83265.8526040707220,25618.2718910847220,79
2019-07-02T09:30:00+00:00,HSY,BUY,61,134.470001,134.604471001,8210.872731061,4.1054363655305,8.202670061,2019-07-02-0011,83261.7471677051915,17403.2937236581915,61
2019-07-02T09:30:00+00:00,MKTX,BUY,25,323.510010,323.833520010,8095.838000250,4.0479190001250,8.087750250,2019-07-02-0012,83257.6992487050665,9303.4078044080665,25
2019-07-02T09:30:00+00:00,SBUX,BUY,98,84.739998,84.824737998,8312.824323804,4.1564121619020,8.304519804,2019-07-02-0013,83253.5428365431645,986.4270684421645,98
2019-08-02T09:30:00+00:00,AMT,SELL,41,211.740005,211.528264995,8672.658864795,4.3363294323975,8.681340205,2019-08-02-0001,86452.8428828047670,9654.7496038047670,0
2019-08-02T09:30:00+00:00,CHD,SELL,112,74.379997,74.305617003,8322.229104336,4.1611145521680,8.330559664,2019-08-02-0002,86440.3512085885990,17972.8175935885990,0
2019-08-02T09:30:00+00:00,CINF,SELL,79,106.400002,106.293601998,8397.194557842,4.1985972789210,8.405600158,2019-08-02-0003,86427.7470111516780,26365.8135541516780,0
2019-08-02T09:30:00+00:00,CMG,SELL,27,15.811000,15.795189000,426.470103000,0.2132350515000,0.426897000,2019-08-02-0004,86418.4582621001780,26792.0704221001780,547
2019-08-02T09:30:00+00:00,HSY,SELL,61,152.119995,151.967875005,9270.040375305,4.6350201876525,9.279319695,2019-08-02-0005,86404.5439222175255,36057.4757772175255,0
2019-08-02T09:30:00+00:00,SBUX,SELL,7,95.000000,94.905000000,664.335000000,0.3321675000000,0.665000000,2019-08-02-0006,86394.9017547175255,36721.4786097175255,91
2019-08-02T09:30:00+00:00,AMD,BUY,21,29.480000,29.509480000,619.699080000,0.3098495400000,0.619080000,2019-08-02-0007,86402.6104651775255,36101.4696801775255,293
2019-08-02T09:30:00+00:00,CDNS,BUY,6,72.320000,72.392320000,434.353920000,0.2171769600000,0.433920000,2019-08-02-0008,86410.5654482175255,35666.8985832175255,119
2019-08-02T09:30:00+00:00,KEYS,BUY,97,89.000000,89.089000000,8641.633000000,4.3208165000000,8.633000000,2019-08-02-0009,86406.2446317175255,27020.9447667175255,97
2019-08-02T09:30:00+00:00,MSCI,BUY,38,224.570007,224.794577007,8542.193926266,4.2710969631330,8.533660266,2019-08-02-0010,86401.9735347543925,18474.4797434883925,38
2019-08-02T09:30:00+00:00,SNPS,BUY,65,132.070007,132.202077007,8593.135005455,4.2965675027275,8.584550455,2019-08-02-0011,86397.6769672516650,9877.0481705306650,65
2019-08-02T09:30:00+00:00,VRSN,BUY,40,211.869995,212.081864995,8483.274599800,4.2416372999000,8.474799800,2019-08-02-0012,86393.4353299517650,1389.5319334307650,40
2019-09-04T09:30:00+00:00,AMD,SELL,293,31.320000,31.288680000,9167.583240000,4.5837916200000,9.176760000,2019-09-04-0001,89840.2805848107650,10552.5313818107650,0
2019-09-04T09:30:00+00:00,CMG,SELL,7,16.639999,16.623359001,116.363513007,0.0581817565035,0.116479993,2019-09-04-0002,89831.1203236012615,10668.8367130612615,540
2019-09-04T09:30:00+00:00,KEYS,SELL,97,96.070000,95.973930000,9309.471210000,4.6547356050000,9.318790000,2019-09-04-0003,89817.1467979962615,19973.6531874562615,0
2019-09-04T09:30:00+00:00,MKTX,SELL,3,404.470001,404.065530999,1212.196592997,0.6060982964985,1.213410003,2019-09-04-0004,89806.4289496747630,21185.2436821567630,22
2019-09-04T09:30:00+00:00,MSCI,SELL,38,233.360001,233.126640999,8858.812357962,4.4294061789810,8.867680038,2019-09-04-0005,89793.1318634577820,30039.6266339397820,0
2019-09-04T09:30:00+00:00,SNPS,SELL,65,141.169998,141.028828002,9166.873820130,4.5834369100650,9.176049870,2019-09-04-0006,89779.3723766777170,39201.9170171597170,0
2019-09-04T09:30:00+00:00,VRSN,SELL,40,202.660004,202.457343996,8098.293759840,4.0491468799200,8.106400160,2019-09-04-0007,89767.2168296377970,47296.1616301197970,0
2019-09-04T09:30:00+00:00,AMT,BUY,37,238.229996,238.468225996,8823.324361852,4.4116621809260,8.814509852,2019-09-04-0008,89762.8051674568710,38468.4256060868710,37
2019-09-04T09:30:00+00:00,AZO,BUY,1,1112.229980,1113.342209980,1113.342209980,0.5566711049900,1.112229980,2019-09-04-0009,89770.0341062118810,37354.5267250018810,8
2019-09-04T09:30:00+00:00,CDNS,BUY,10,69.089996,69.159085996,691.590859960,0.3457954299800,0.690899960,2019-09-04-0010,89777.9100203059010,36662.5900696119010,129
2019-09-04T09:30:00+00:00,EW,BUY,122,73.180000,73.253180000,8936.887960000,4.4684439800000,8.927960000,2019-09-04-0011,89773.4415763259010,27721.2336656319010,122
2019-09-04T09:30:00+00:00,HSY,BUY,56,160.080002,160.240082002,8973.444592112,4.4867222960560,8.964480112,2019-09-04-0012,89768.9548540298450,18743.3023512238450,56
2019-09-04T09:30:00+00:00,SBAC,BUY,33,266.899994,267.166893994,8816.507501802,4.4082537509010,8.807699802,2019-09-04-0013,89764.5466002789440,9922.3865956709440,33
2019-09-04T09:30:00+00:00,SBUX,BUY,4,94.480003,94.574483003,378.297932012,0.1891489660060,0.377920012,2019-09-04-0014,89772.9551315859380,9543.8995146929380,95
2019-09-04T09:30:00+00:00,TFX,BUY,24,363.500000,363.863500000,8732.724000000,4.3663620000000,8.724000000,2019-09-04-0015,89768.5887695859380,806.8091526929380,24
2019-10-02T09:30:00+00:00,AZO,SELL,8,1078.890015,1077.811124985,8622.488999880,4.3112444999400,8.631120120,2019-10-02-0001,83223.7512960729980,9424.9869080729980,0
2019-10-02T09:30:00+00:00,CMG,SELL,37,16.533600,16.517066400,611.131456800,0.3055657284000,0.611743200,2019-10-02-0002,83214.5175863445980,10035.8127991445980,503
2019-10-02T09:30:00+00:00,EW,SELL,122,71.940002,71.868061998,8767.903563756,4.3839517818780,8.776680244,2019-10-02-0003,83201.3569543187200,18799.3324111187200,0
2019-10-02T09:30:00+00:00,HSY,SELL,3,154.740005,154.585264995,463.755794985,0.2318778974925,0.464220015,2019-10-02-0004,83192.4596361412275,19262.8563282062275,53
2019-10-02T09:30:00+00:00,TFX,SELL,24,330.160004,329.829843996,7915.916255904,3.9579581279520,7.923840096,2019-10-02-0005,83180.5778379172755,27174.8146259822755,0
2019-10-02T09:30:00+00:00,KLAC,BUY,532,15.628000,15.643628000,8322.410096000,4.1612050480000,8.314096000,2019-10-02-0006,83176.4166328692755,18848.2433249342755,532
2019-10-02T09:30:00+00:00,MKTX,BUY,4,319.730011,320.049741011,1280.198964044,0.6400994820220,1.278920044,2019-10-02-0007,83182.8105936292535,17567.4042614082535,26
2019-10-02T09:30:00+00:00,SBAC,BUY,2,236.100006,236.336106006,472.672212012,0.2363361060060,0.472200012,2019-10-02-0008,83190.3655577212475,17094.4957132902475,35
2019-10-02T09:30:00+00:00,TDG,BUY,16,501.839996,502.341835996,8037.469375936,4.0187346879680,8.029439936,2019-10-02-0009,83186.3468230332795,9053.0076026662795,16
2019-10-02T09:30:00+00:00,TSN,BUY,99,83.320000,83.403320000,8256.928680000,4.1284643400000,8.248680000,2019-10-02-0010,83182.2183586932795,791.9504583262795,99
2019-11-04T09:30:00+00:00,AMT,SELL,37,214.759995,214.545235005,7938.173695185,3.9690868475925,7.946119815,2019-11-04-0001,84666.0621116636870,8726.1550666636870,0
2019-11-04T09:30:00+00:00,CDNS,SELL,129,66.080002,66.013921998,8515.795937742,4.2578979688710,8.524320258,2019-11-04-0002,84653.2798934368160,17237.6931064368160,0
2019-11-04T09:30:00+00:00,HSY,SELL,53,143.050003,142.906952997,7574.068508841,3.7870342544205,7.581650159,2019-11-04-0003,84641.9112090233955,24807.9745810233955,0
2019-11-04T09:30:00+00:00,KLAC,SELL,48,17.478001,17.460522999,838.105103952,0.4190525519760,0.838944048,2019-11-04-0004,84632.1938599394195,25645.6606324234195,484
2019-11-04T09:30:00+00:00,MKTX,SELL,3,368.529999,368.161469001,1104.484407003,0.5522422035015,1.105589997,2019-11-04-0005,84622.0598377619180,26749.5927972229180,23
2019-11-04T09:30:00+00:00,SBAC,SELL,35,239.970001,239.730030999,8390.551084965,4.1952755424825,8.398950035,2019-11-04-0006,84609.4656121844355,35135.9486066454355,0
2019-11-04T09:30:00+00:00,SBUX,SELL,95,83.300003,83.216702997,7905.586784715,3.9527933923575,7.913500285,2019-11-04-0007,84597.5993185070780,43037.5825979680780,0
2019-11-04T09:30:00+00:00,TDG,SELL,1,539.500000,538.960500000,538.960500000,0.2694802500000,0.539500000,2019-11-04-0008,84588.6978382570780,43576.2736177180780,15
2019-11-04T09:30:00+00:00,TSN,SELL,99,83.669998,83.586328002,8275.046472198,4.1375232360990,8.283329802,2019-11-04-0009,84576.2769852189790,51847.1825666799790,0
2019-11-04T09:30:00+00:00,AMD,BUY,240,35.189999,35.225188999,8454.045359760,4.2270226798800,8.445599760,2019-11-04-0010,84572.0499625390990,43388.9101842400990,240
2019-11-04T09:30:00+00:00,CMG,BUY,47,15.360000,15.375360000,722.641920000,0.3613209600000,0.721920000,2019-11-04-0011,84579.4147215790990,42665.9069432800990,550
2019-11-04T09:30:00+00:00,CPRT,BUY,405,20.857500,20.878357500,8455.734787500,4.2278673937500,8.447287500,2019-11-04-0012,84575.1868541853490,34205.9442883863490,405
2019-11-04T09:30:00+00:00,EQIX,BUY,15,560.669983,561.230652983,8418.459794745,4.2092298973725,8.410049745,2019-11-04-0013,84570.9776242879765,25783.2752637439765,15
2019-11-04T09:30:00+00:00,KEYS,BUY,81,103.430000,103.533430000,8386.207830000,4.1931039150000,8.377830000,2019-11-04-0014,84566.7845203729765,17392.8743298289765,81
2019-11-04T09:30:00+00:00,LRCX,BUY,302,28.000000,28.028000000,8464.456000000,4.2322280000000,8.456000000,2019-11-04-0015,84562.5522923729765,8924.1861018289765,302
2019-11-04T09:30:00+00:00,NVR,BUY,2,3689.020020,3692.709040020,7385.418080040,3.6927090400200,7.378040040,2019-11-04-0016,84558.8595833329565,1535.0753127489565,2
2019-12-03T09:30:00+00:00,AMD,SELL,13,37.340000,37.302660000,484.934580000,0.2424672900000,0.485420000,2019-12-03-0001,84935.1478344589565,2019.7674254589565,227
2019-12-03T09:30:00+00:00,CMG,SELL,19,16.000000,15.984000000,303.696000000,0.1518480000000,0.304000000,2019-12-03-0002,84926.1959864589565,2323.3115774589565,531
2019-12-03T09:30:00+00:00,CPRT,SELL,17,21.887501,21.865613499,371.715429483,0.1858577147415,0.372087517,2019-12-03-0003,84917.1456908392150,2694.8411492272150,388
2019-12-03T09:30:00+00:00,EQIX,SELL,15,550.700012,550.149311988,8252.239679820,4.1261198399100,8.260500180,2019-12-03-0004,84904.7590708193050,10942.9547092073050,0
2019-12-03T09:30:00+00:00,MKTX,SELL,2,397.230011,396.832780989,793.665561978,0.3968327809890,0.794460022,2019-12-03-0005,84895.2259477853160,11736.2234384043160,21
2019-12-03T09:30:00+00:00,NVR,SELL,2,3750.000000,3746.250000000,7492.500000000,3.7462500000000,7.500000000,2019-12-03-0006,84883.9796977853160,19224.9771884043160,0
2019-12-03T09:30:00+00:00,GPN,BUY,48,174.259995,174.434254995,8372.844239760,4.1864221198800,8.364479760,2019-12-03-0007,84879.7932756654360,10847.9465265244360,48
2019-12-03T09:30:00+00:00,KEYS,BUY,2,101.389999,101.491388999,202.982777998,0.1014913889990,0.202779998,2019-12-03-0008,84887.9043741954370,10644.8622571374370,83
2019-12-03T09:30:00+00:00,KLAC,BUY,53,15.800000,15.815800000,838.237400000,0.4191187000000,0.837400000,2019-12-03-0009,84895.1324554954370,9806.2057384374370,537
2019-12-03T09:30:00+00:00,LRCX,BUY,28,25.679001,25.704680001,719.731040028,0.3598655200140,0.719012028,2019-12-03-0010,84902.5276482774230,9086.1148328894230,330
2019-12-03T09:30:00+00:00,TGT,BUY,69,122.599998,122.722597998,8467.859261862,4.2339296309310,8.459399862,2019-12-03-0011,84898.2937186464920,614.0216413964920,69
2020-01-03T09:30:00+00:00,AMD,SELL,38,48.029999,47.981969001,1823.314822038,0.9116574110190,1.825139962,2020-01-03-0001,91067.8484392124730,2436.4248060234730,189
2020-01-03T09:30:00+00:00,GPN,SELL,48,183.149994,182.966844006,8782.408512288,4.3912042561440,8.791199712,2020-01-03-0002,91054.6660352443290,11214.4421140553290,0
2020-01-03T09:30:00+00:00,KEYS,SELL,83,102.410004,102.307593996,8491.530301668,4.2457651508340,8.500030332,2020-01-03-0003,91041.9202397614950,19701.7266505724950,0
2020-01-03T09:30:00+00:00,KLAC,SELL,29,17.933001,17.915067999,519.536971971,0.2597684859855,0.520057029,2020-01-03-0004,91032.0304497385095,20221.0038540575095,508
2020-01-03T09:30:00+00:00,LRCX,SELL,18,29.205000,29.175795000,525.164310000,0.2625821550000,0.525690000,2020-01-03-0005,91022.1302175835095,20745.9055819025095,312
2020-01-03T09:30:00+00:00,TDG,SELL,15,561.340027,560.778686973,8411.680304595,4.2058401522975,8.420100405,2020-01-03-0006,91009.5042770262120,29153.3800463452120,0
2020-01-03T09:30:00+00:00,LDOS,BUY,93,97.540001,97.637541001,9080.291313093,4.5401456565465,9.071220093,2020-01-03-0007,91004.9641313696655,20068.5485875956655,93
2020-01-03T09:30:00+00:00,MKTX,BUY,3,377.940002,378.317942002,1134.953826006,0.5674769130030,1.133820006,2020-01-03-0008,91012.3333944986625,18933.0272846766625,24
2020-01-03T09:30:00+00:00,MSCI,BUY,34,262.200012,262.462212012,8923.715208408,4.4618576042040,8.914800408,2020-01-03-0009,91007.8715368944585,10004.8502186644585,34
2020-01-03T09:30:00+00:00,TGT,BUY,3,124.660004,124.784664004,374.353992012,0.1871769960060,0.373980012,2020-01-03-0010,91016.2859001744525,9630.3090496564525,72
2020-01-03T09:30:00+00:00,XRX,BUY,250,36.299999,36.336298999,9084.074749750,4.5420373748750,9.074999750,2020-01-03-0011,91011.7438627995775,541.6922625315775,250
2020-02-04T09:30:00+00:00,CMG,SELL,531,17.520201,17.502680799,9293.923504269,4.6469617521345,9.303226731,2020-02-04-0001,93464.2361700484430,9830.9688050484430,0
2020-02-04T09:30:00+00:00,CPRT,SELL,21,25.467501,25.442033499,534.282703479,0.2671413517395,0.534817521,2020-02-04-0002,93454.0876383087035,10364.9843671757035,367
2020-02-04T09:30:00+00:00,LDOS,SELL,93,103.190002,103.086811998,9587.073515814,4.7935367579070,9.596670186,2020-02-04-0003,93439.6974313647965,19947.2643462317965,0
2020-02-04T09:30:00+00:00,LRCX,SELL,17,31.656000,31.624344000,537.613848000,0.2688069240000,0.538152000,2020-02-04-0004,93429.5519524407965,20484.6093873077965,295
2020-02-04T09:30:00+00:00,MSCI,SELL,34,297.390015,297.092624985,10101.149249490,5.0505746247450,10.111260510,2020-02-04-0005,93414.3901173060515,30580.7080621730515,0
2020-02-04T09:30:00+00:00,XRX,SELL,250,36.950001,36.913050999,9228.262749750,4.6141313748750,9.237500250,2020-02-04-0006,93400.5384856811765,39804.3566805481765,0
2020-02-04T09:30:00+00:00,AAPL,BUY,118,78.827499,78.906326499,9310.946526882,4.6554732634410,9.301644882,2020-02-04-0007,93395.8830124177355,30488.7546804027355,118
2020-02-04T09:30:00+00:00,KLAC,BUY,27,17.433001,17.450434001,471.161718027,0.2355808590135,0.470691027,2020-02-04-0008,93404.5033960667220,30017.3573815167220,535
2020-02-04T09:30:00+00:00,MKTX,BUY,2,357.959991,358.317950991,716.635901982,0.3583179509910,0.715919982,2020-02-04-0009,93412.7361178997310,29300.3631615837310,26
2020-02-04T09:30:00+00:00,PAYC,BUY,28,328.200012,328.528212012,9198.789936336,4.5993949681680,9.189600336,2020-02-04-0010,93408.1367229315630,20096.9738302795630,28
2020-02-04T09:30:00+00:00,QCOM,BUY,105,88.250000,88.338250000,9275.516250000,4.6377581250000,9.266250000,2020-02-04-0011,93403.4989648065630,10816.8198221545630,105
2020-02-04T09:30:00+00:00,QRVO,BUY,84,110.050003,110.160053003,9253.444452252,4.6267222261260,9.244200252,2020-02-04-0012,93398.8722425804370,1558.7486476764370,84
2020-02-04T09:30:00+00:00,TGT,BUY,10,113.639999,113.753638999,1137.536389990,0.5687681949950,1.136399990,2020-02-04-0013,93406.4855543134420,420.6434894914420,82
2020-03-03T09:30:00+00:00,AAPL,SELL,3,75.917503,75.841585497,227.524756491,0.1137623782455,0.227752509,2020-03-03-0001,87315.3944057591965,648.0544836041965,115
2020-03-03T09:30:00+00:00,AMD,SELL,11,49.029999,48.980969001,538.790659011,0.2693953295055,0.539329989,2020-03-03-0002,87305.8583406186910,1186.5757472856910,178
2020-03-03T09:30:00+00:00,KLAC,SELL,535,15.681000,15.665319000,8380.945665000,4.1904728325000,8.389335000,2020-03-03-0003,87293.2785327861910,9563.3309394531910,0
2020-03-03T09:30:00+00:00,LRCX,SELL,4,30.030001,29.999970999,119.999883996,0.0599999419980,0.120120004,2020-03-03-0004,87284.3596825491930,9683.2708235071930,291
2020-03-03T09:30:00+00:00,MKTX,SELL,26,346.899994,346.553094006,9010.380444156,4.5051902220780,9.019399844,2020-03-03-0005,87270.8350924831150,18689.1460774411150,0
2020-03-03T09:30:00+00:00,QRVO,SELL,84,103.000000,102.897000000,8643.348000000,4.3216740000000,8.652000000,2020-03-03-0006,87257.8614184831150,27328.1724034411150,0
2020-03-03T09:30:00+00:00,TGT,SELL,82,112.000000,111.888000000,9174.816000000,4.5874080000000,9.184000000,2020-03-03-0007,87244.0900104831150,36498.4009954411150,0
2020-03-03T09:30:00+00:00,CPRT,BUY,39,21.437500,21.458937500,836.898562500,0.4184492812500,0.836062500,2020-03-03-0008,87251.5391237018650,35661.0839836598650,406
2020-03-03T09:30:00+00:00,KMX,BUY,97,89.449997,89.539446997,8685.326358709,4.3426631793545,8.676649709,2020-03-03-0009,87247.1964605225105,26971.4149617715105,97
2020-03-03T09:30:00+00:00,PAYC,BUY,1,293.630005,293.923635005,293.923635005,0.1469618175025,0.293630005,2020-03-03-0010,87255.2711388450080,26677.3443649490080,29
2020-03-03T09:30:00+00:00,PHM,BUY,207,42.000000,42.042000000,8702.694000000,4.3513470000000,8.694000000,2020-03-03-0011,87250.9197918450080,17970.2990179490080,207
2020-03-03T09:30:00+00:00,QCOM,BUY,2,80.820000,80.900820000,161.801640000,0.0809008200000,0.161640000,2020-03-03-0012,87259.3249910250080,17808.4164771290080,107
2020-03-03T09:30:00+00:00,RMD,BUY,51,168.679993,168.848672993,8611.282322643,4.3056411613215,8.602679643,2020-03-03-0013,87255.0193498636865,9192.8285133246865,51
2020-03-03T09:30:00+00:00,TDG,BUY,15,565.859985,566.425844985,8496.387674775,4.2481938373875,8.487899775,2020-03-03-0014,87250.7711560262990,692.1926447122990,15
2020-04-02T09:30:00+00:00,AAPL,SELL,14,60.084999,60.024914001,840.348796014,0.4201743980070,0.841189986,2020-04-02-0001,60775.7463814292920,1532.1212663282920,101
2020-04-02T09:30:00+00:00,AMD,SELL,38,43.400002,43.356601998,1647.550875924,0.8237754379620,1.649200076,2020-04-02-0002,60767.1974056353300,3178.8483668143300,140
2020-04-02T09:30:00+00:00,CPRT,SELL,406,15.905000,15.889095000,6450.972570000,3.2254862850000,6.457430000,2020-04-02-0003,60757.5144893503300,9626.5954505293300,0
2020-04-02T09:30:00+00:00,KMX,SELL,97,49.009998,48.960988002,4749.215836194,2.3746079180970,4.753969806,2020-04-02-0004,60750.3859116262330,14373.4366788052330,0
2020-04-02T09:30:00+00:00,LRCX,SELL,14,21.958000,21.936042000,307.104588000,0.1535522940000,0.307412000,2020-04-02-0005,60743.8425813322330,14680.3877145112330,277
2020-04-02T09:30:00+00:00,QCOM,SELL,107,65.870003,65.804132997,7041.042230679,3.5205211153395,7.048090321,2020-04-02-0006,60733.2739698958935,21717.9094240748935,0
2020-04-02T09:30:00+00:00,RMD,SELL,8,140.490005,140.349514995,1122.796119960,0.5613980599800,1.123920040,2020-04-02-0007,60725.5475815809135,22840.1441459749135,43
2020-04-02T09:30:00+00:00,TDG,SELL,15,270.010010,269.739999990,4046.099999850,2.0230499999250,4.050150150,2020-04-02-0008,60719.4743814309885,26884.2210958249885,0
2020-04-02T09:30:00+00:00,AMAT,BUY,142,42.500000,42.542500000,6041.035000000,3.0205175000000,6.035000000,2020-04-02-0009,60716.4538639309885,20840.1655783249885,142
2020-04-02T09:30:00+00:00,LDOS,BUY,70,86.510002,86.596512002,6061.755840140,3.0308779200700,6.055700140,2020-04-02-0010,60713.4229860109185,14775.3788602649185,70
2020-04-02T09:30:00+00:00,MSCI,BUY,22,268.779999,269.048778999,5919.073137978,2.9595365689890,5.913159978,2020-04-02-0011,60710.4634494419295,8853.3461857179295,22
2020-04-02T09:30:00+00:00,PAYC,BUY,4,183.699997,183.883696997,735.534787988,0.3677673939940,0.734799988,2020-04-02-0012,60715.4229819609355,8117.4436303359355,33
2020-04-02T09:30:00+00:00,PHM,BUY,87,20.600000,20.620600000,1793.992200000,0.8969961000000,1.792200000,2020-04-02-0013,60718.7901858609355,6322.5544342359355,294
2020-04-02T09:30:00+00:00,SBAC,BUY,23,259.549988,259.809537988,5975.619373724,2.9878096868620,5.969649724,2020-04-02-0014,60715.8023761740735,343.9472508250735,23
2020-05-04T09:30:00+00:00,AAPL,SELL,101,72.292503,72.220210497,7294.241260197,3.6471206300985,7.301542803,2020-05-04-0001,70741.3571003919750,7634.5413903919750,0
2020-05-04T09:30:00+00:00,AMAT,SELL,142,46.560001,46.513440999,6604.908621858,3.3024543109290,6.611520142,2020-05-04-0002,70731.4431259390460,14236.1475579390460,0
2020-05-04T09:30:00+00:00,LDOS,SELL,70,97.889999,97.792109001,6845.447630070,3.4227238150350,6.852299930,2020-05-04-0003,70721.1681021940110,21078.1724641940110,0
2020-05-04T09:30:00+00:00,LRCX,SELL,277,23.398001,23.374602999,6474.765030723,3.2373825153615,6.481246277,2020-05-04-0004,70711.4494734016495,27549.7001124016495,0
2020-05-04T09:30:00+00:00,MSCI,SELL,22,317.649994,317.332344006,6981.311568132,3.4906557840660,6.988299868,2020-05-04-0005,70700.9705177495835,34527.5210247495835,0
2020-05-04T09:30:00+00:00,PAYC,SELL,33,236.979996,236.743016004,7812.519528132,3.9062597640660,7.820339868,2020-05-04-0006,70689.2439181175175,42336.1342931175175,0
2020-05-04T09:30:00+00:00,PHM,SELL,294,26.709999,26.683289001,7844.886966294,3.9224434831470,7.852739706,2020-05-04-0007,70677.4687349283705,50177.0988159283705,0
2020-05-04T09:30:00+00:00,BIIB,BUY,24,294.059998,294.354057998,7064.497391952,3.5322486959760,7.057439952,2020-05-04-0008,70673.9364862323945,43109.0691752803945,24
2020-05-04T09:30:00+00:00,DVA,BUY,93,75.800003,75.875803003,7056.449679279,3.5282248396395,7.049400279,2020-05-04-0009,70670.4082613927550,36049.0912711617550,93
2020-05-04T09:30:00+00:00,EQIX,BUY,10,664.510010,665.174520010,6651.745200100,3.3258726000500,6.645100100,2020-05-04-0010,70667.0823887927050,29394.0201984617050,10
2020-05-04T09:30:00+00:00,NEM,BUY,113,62.099998,62.162097998,7024.317073774,3.5121585368870,7.017299774,2020-05-04-0011,70663.5702302558180,22366.1909661508180,113
2020-05-04T09:30:00+00:00,REGN,BUY,13,528.179993,528.708172993,6873.206248909,3.4366031244545,6.866339909,2020-05-04-0012,70660.1336271313635,15489.5481141173635,13
2020-05-04T09:30:00+00:00,RMD,BUY,1,159.020004,159.179024004,159.179024004,0.0795895120020,0.159020004,2020-05-04-0013,70666.8918977913615,15330.2895006013615,44
2020-05-04T09:30:00+00:00,SBAC,BUY,1,290.769989,291.060758989,291.060758989,0.1455303794945,0.290769989,2020-05-04-0014,70673.4340771588670,15039.0832112328670,24
2020-05-04T09:30:00+00:00,TGT,BUY,65,107.830002,107.937832002,7015.959080130,3.5079795400650,7.008950130,2020-05-04-0015,70669.9260976188020,8019.6161515628020,65
2020-05-04T09:30:00+00:00,VRTX,BUY,27,257.399994,257.657393994,6956.749637838,3.4783748189190,6.949799838,2020-05-04-0016,70666.4477227998830,1059.3881389058830,27
2020-06-02T09:30:00+00:00,BIIB,SELL,24,300.279999,299.979719001,7199.513256024,3.5997566280120,7.206719976,2020-06-02-0001,75172.8728993018710,8255.3016383018710,0
2020-06-02T09:30:00+00:00,EQIX,SELL,10,718.330017,717.611686983,7176.116869830,3.5880584349150,7.183300170,2020-06-02-0002,75162.1015406969560,15427.8304496969560,0
2020-06-02T09:30:00+00:00,REGN,SELL,1,602.200012,601.597811988,601.597811988,0.3007989059940,0.602200012,2020-06-02-0003,75153.9721416349620,16029.1274627789620,12
2020-06-02T09:30:00+00:00,RMD,SELL,44,161.000000,160.839000000,7076.916000000,3.5384580000000,7.084000000,2020-06-02-0004,75143.3496836349620,23102.5050047789620,0
2020-06-02T09:30:00+00:00,SBAC,SELL,24,314.350006,314.035655994,7536.855743856,3.7684278719280,7.544400144,2020-06-02-0005,75132.0368556190340,30635.5923207630340,0
2020-06-02T09:30:00+00:00,TGT,SELL,65,119.660004,119.540343996,7770.122359740,3.8850611798700,7.777900260,2020-06-02-0006,75120.3738941791640,38401.8296193231640,0
2020-06-02T09:30:00+00:00,VRTX,SELL,27,283.920013,283.636092987,7658.174510649,3.8290872553245,7.665840351,2020-06-02-0007,75108.8789665728395,46056.1750427168395,0
2020-06-02T09:30:00+00:00,AAPL,BUY,93,80.187500,80.267687500,7464.894937500,3.7324474687500,7.457437500,2020-06-02-0008,75105.1465191040895,38587.5476577480895,93
2020-06-02T09:30:00+00:00,DXCM,BUY,79,94.002502,94.096504502,7433.623855658,3.7168119278290,7.426197658,2020-06-02-0009,75101.4297071762605,31150.2069901622605,79
2020-06-02T09:30:00+00:00,KLAC,BUY,428,17.530001,17.547531001,7510.343268428,3.7551716342140,7.502840428,2020-06-02-0010,75097.6745355420465,23636.1085501000465,428
2020-06-02T09:30:00+00:00,NEM,BUY,10,60.900002,60.960902002,609.609020020,0.3048045100100,0.609000020,2020-06-02-0011,75104.2514312580365,23026.1947255700365,123
2020-06-02T09:30:00+00:00,ODFL,BUY,88,84.500000,84.584500000,7443.436000000,3.7217180000000,7.436000000,2020-06-02-0012,75100.5297132580365,15579.0370075700365,88
2020-06-02T09:30:00+00:00,QRVO,BUY,70,106.000000,106.106000000,7427.420000000,3.7137100000000,7.420000000,2020-06-02-0013,75096.8160032580365,8147.9032975700365,70
2020-06-02T09:30:00+00:00,WST,BUY,35,210.750000,210.960750000,7383.626250000,3.6918131250000,7.376250000,2020-06-02-0014,75093.1241901330365,760.5852344450365,35
2020-07-02T09:30:00+00:00,AAPL,SELL,8,91.962502,91.870539498,734.964315984,0.3674821579920,0.735700016,2020-07-02-0001,78402.7097356010445,1495.1820682710445,85
2020-07-02T09:30:00+00:00,DVA,SELL,93,81.500000,81.418500000,7571.920500000,3.7859602500000,7.579500000,2020-07-02-0002,78391.3442753510445,9063.3166080210445,0
2020-07-02T09:30:00+00:00,DXCM,SELL,1,100.555000,100.454445000,100.454445000,0.0502272225000,0.100555000,2020-07-02-0003,78383.3502031285445,9163.7208257985445,78
2020-07-02T09:30:00+00:00,KLAC,SELL,428,19.455999,19.436543001,8318.840404428,4.1594202022140,8.327167572,2020-07-02-0004,78370.8636153543305,17478.4018100243305,0
2020-07-02T09:30:00+00:00,NEM,SELL,123,60.889999,60.829109001,7481.980407123,3.7409902035615,7.489469877,2020-07-02-0005,78359.6331552737690,24956.6412269437690,0
2020-07-02T09:30:00+00:00,AMD,BUY,7,53.029999,53.083028999,371.581202993,0.1857906014965,0.371209993,2020-07-02-0006,78366.8715645322725,24584.8742333492725,147
2020-07-02T09:30:00+00:00,FTNT,BUY,279,28.063999,28.092062999,7837.685576721,3.9188427883605,7.829855721,2020-07-02-0007,78362.9527217439120,16743.2698138399120,279
2020-07-02T09:30:00+00:00,ODFL,BUY,4,84.724998,84.809722998,339.238891992,0.1696194459960,0.338899992,2020-07-02-0008,78370.2389021219160,16403.8613024019160,92
2020-07-02T09:30:00+00:00,QRVO,BUY,1,109.150002,109.259152002,109.259152002,0.0546295760010,0.109150002,2020-07-02-0009,78377.8247726859150,16294.5475208239150,71
2020-07-02T09:30:00+00:00,TYL,BUY,22,351.489990,351.841479990,7740.512559780,3.8702562798900,7.732779780,2020-07-02-0010,78373.9545164060250,8550.1647047640250,22
2020-07-02T09:30:00+00:00,VRTX,BUY,27,288.519989,288.808508989,7797.829742703,3.8989148713515,7.790039703,2020-07-02-0011,78370.0556015346735,748.4360471896735,27
2020-08-04T09:30:00+00:00,AAPL,SELL,4,109.132500,109.023367500,436.093470000,0.2180467350000,0.436530000,2020-08-04-0001,88627.1413929546735,1184.3114704546735,81
2020-08-04T09:30:00+00:00,AMD,SELL,34,78.029999,77.951969001,2650.366946034,1.3251834730170,2.653019966,2020-08-04-0002,88614.3457996286565,3833.3532330156565,113
2020-08-04T09:30:00+00:00,FTNT,SELL,279,27.464001,27.436536999,7654.793822721,3.8273969113605,7.662456279,2020-08-04-0003,88602.8559464382960,11484.3196588252960,0
2020-08-04T09:30:00+00:00,ODFL,SELL,92,91.260002,91.168741998,8387.524263816,4.1937621319080,8.395920184,2020-08-04-0004,88590.2662641223880,19867.6501605093880,0
2020-08-04T09:30:00+00:00,QRVO,SELL,71,132.440002,132.307561998,9393.836901858,4.6969184509290,9.403240142,2020-08-04-0005,88576.1661055294590,29256.7901439164590,0
2020-08-04T09:30:00+00:00,TYL,SELL,22,363.140015,362.776874985,7981.091249670,3.9905456248350,7.989080330,2020-08-04-0006,88564.1864795746240,37233.8908479616240,0
2020-08-04T09:30:00+00:00,WST,SELL,3,276.489990,276.213500010,828.640500030,0.4143202500150,0.829469970,2020-08-04-0007,88554.0950096746090,38062.1170277416090,32
2020-08-04T09:30:00+00:00,DXCM,BUY,2,110.525002,110.635527002,221.271054004,0.1106355270020,0.221050004,2020-08-04-0008,88562.6053243036070,37840.7353382106070,80
2020-08-04T09:30:00+00:00,NEM,BUY,129,68.370003,68.438373003,8828.550117387,4.4142750586935,8.819730387,2020-08-04-0009,88558.1910492449135,29007.7709457649135,129
2020-08-04T09:30:00+00:00,NVDA,BUY,801,11.050000,11.061050000,8859.901050000,4.4299505250000,8.851050000,2020-08-04-0010,88553.7610987199135,20143.4399452399135,801
2020-08-04T09:30:00+00:00,PYPL,BUY,45,196.350006,196.546356006,8844.586020270,4.4222930101350,8.835750270,2020-08-04-0011,88549.3388057097785,11294.4316319597785,45
2020-08-04T09:30:00+00:00,REGN,BUY,1,654.460022,655.114482022,655.114482022,0.3275572410110,0.654460022,2020-08-04-0012,88556.8647687327675,10638.9895926967675,13
2020-08-04T09:30:00+00:00,SWKS,BUY,60,147.440002,147.587442002,8855.246520120,4.4276232600600,8.846400120,2020-08-04-0013,88552.4371454727075,1779.3154493167075,60
2020-08-04T09:30:00+00:00,VRTX,BUY,4,279.230011,279.509241011,1118.036964044,0.5590184820220,1.116920044,2020-08-04-0014,88559.4173372876855,660.7194667906855,31
2020-09-02T09:30:00+00:00,AAPL,SELL,12,137.589996,137.452406004,1649.428872048,0.8247144360240,1.651079952,2020-09-02-0001,94929.7041176786615,2309.3236244026615,69
2020-09-02T09:30:00+00:00,AMD,SELL,12,94.010002,93.915991998,1126.991903976,0.5634959519880,1.128120024,2020-09-02-0002,94918.5174915006735,3435.7520324266735,101
2020-09-02T09:30:00+00:00,NEM,SELL,129,66.000000,65.934000000,8505.486000000,4.2527430000000,8.514000000,2020-09-02-0003,94905.7507485006735,11936.9852894266735,0
2020-09-02T09:30:00+00:00,NVDA,SELL,155,14.703750,14.689046250,2276.802168750,1.1384010843750,2.279081250,2020-09-02-0004,94892.8346436662985,14212.6490570922985,646
2020-09-02T09:30:00+00:00,VRTX,SELL,31,275.640015,275.364374985,8536.295624535,4.2681478122675,8.544840465,2020-09-02-0005,94880.0216553890310,22744.6765338150310,0
2020-09-02T09:30:00+00:00,DXCM,BUY,9,105.977501,106.083478501,954.751306509,0.4773756532545,0.953797509,2020-09-02-0006,94888.0224798157765,21789.4478516527765,89
2020-09-02T09:30:00+00:00,LRCX,BUY,274,34.598000,34.632598000,9489.331852000,4.7446659260000,9.479852000,2020-09-02-0007,94883.2778138897765,12295.3713337267765,274
2020-09-02T09:30:00+00:00,QRVO,BUY,71,132.669998,132.802667998,9428.989427858,4.7144947139290,9.419569858,2020-09-02-0008,94878.5633191758475,2861.6674111548475,71
2020-09-02T09:30:00+00:00,REGN,BUY,3,591.299988,591.891287988,1775.673863964,0.8878369319820,1.773899964,2020-09-02-0009,94885.3623820878655,1085.1057102588655,16
2020-09-02T09:30:00+00:00,SWKS,BUY,3,148.500000,148.648500000,445.945500000,0.2229727500000,0.445500000,2020-09-02-0010,94894.0494093378655,638.9372375088655,63
2020-09-02T09:30:00+00:00,WST,BUY,1,283.700012,283.983712012,283.983712012,0.1419918560060,0.283700012,2020-09-02-0011,94902.9858178658595,354.8115336408595,33
2020-10-02T09:30:00+00:00,LRCX,SELL,274,32.936001,32.903064999,9015.439809726,4.5077199048630,9.024464274,2020-10-02-0001,88240.4811444619965,9365.7436234619965,0
2020-10-02T09:30:00+00:00,QRVO,SELL,71,131.500000,131.368500000,9327.163500000,4.6635817500000,9.336500000,2020-10-02-0002,88226.4810627119965,18688.2435417119965,0
2020-10-02T09:30:00+00:00,REGN,SELL,1,562.000000,561.438000000,561.438000000,0.2807190000000,0.562000000,2020-10-02-0003,88217.2083437119965,19249.4008227119965,15
2020-10-02T09:30:00+00:00,SWKS,SELL,63,148.100006,147.951905994,9320.970077622,4.6604850388110,9.330300378,2020-10-02-0004,88203.2175582951855,28565.7104152951855,0
2020-10-02T09:30:00+00:00,WST,SELL,1,273.839996,273.566156004,273.566156004,0.1367830780020,0.273839996,2020-10-02-0005,88194.0440553491835,28839.1397882211835,32
2020-10-02T09:30:00+00:00,AAPL,BUY,9,112.889999,113.002888999,1017.026000991,0.5085130004955,1.016009991,2020-10-02-0006,88201.3249522796880,27821.6052742296880,78
2020-10-02T09:30:00+00:00,AMD,BUY,5,82.580002,82.662582002,413.312910010,0.2066564550050,0.412900010,2020-10-02-0007,88209.4588760266830,27408.0857077646830,106
2020-10-02T09:30:00+00:00,AMZN,BUY,55,157.681503,157.839184503,8681.155147665,4.3405775738325,8.672482665,2020-10-02-0008,88205.1182984528505,18722.5899825258505,55
2020-10-02T09:30:00+00:00,ETSY,BUY,69,127.489998,127.617487998,8805.606671862,4.4028033359310,8.796809862,2020-10-02-0009,88200.7154951169195,9912.5805073279195,69
2020-10-02T09:30:00+00:00,NFLX,BUY,170,51.643002,51.694645002,8788.089650340,4.3940448251700,8.779310340,2020-10-02-0010,88196.3214502917495,1120.0968121627495,170
2020-10-02T09:30:00+00:00,NVDA,BUY,20,13.225000,13.238225000,264.764500000,0.1323822500000,0.264500000,2020-10-02-0011,88204.7324180417495,855.1999299127495,666
2020-11-03T09:30:00+00:00,AAPL,SELL,3,109.660004,109.550343996,328.651031988,0.1643255159940,0.328980012,2020-11-03-0001,83210.7578880847555,1183.6866363847555,75
2020-11-03T09:30:00+00:00,AMZN,SELL,55,150.926498,150.775571502,8292.656432610,4.1463282163050,8.300957390,2020-11-03-0002,83198.3106024784505,9472.1967407784505,0
2020-11-03T09:30:00+00:00,ETSY,SELL,4,127.956001,127.828044999,511.312179996,0.2556560899980,0.511824004,2020-11-03-0003,83189.2259823194525,9983.2532646844525,65
2020-11-03T09:30:00+00:00,NVDA,SELL,11,12.708500,12.695791500,139.653706500,0.0698268532500,0.139793500,2020-11-03-0004,83180.6922944662025,10122.8371443312025,655
2020-11-03T09:30:00+00:00,WST,SELL,2,273.000000,272.727000000,545.454000000,0.2727270000000,0.546000000,2020-11-03-0005,83171.6835674662025,10668.0184173312025,30
2020-11-03T09:30:00+00:00,AMD,BUY,4,74.930000,75.004930000,300.019720000,0.1500098600000,0.299720000,2020-11-03-0006,83179.4761376062025,10367.8486874712025,110
2020-11-03T09:30:00+00:00,DXCM,BUY,16,78.752502,78.831254502,1261.300072032,0.6306500360160,1.260040032,2020-11-03-0007,83185.8544602481865,9105.9179654031865,105
2020-11-03T09:30:00+00:00,NOW,BUY,87,95.522003,95.617525003,8318.724675261,4.1593623376305,8.310414261,2020-11-03-0008,83181.6950979105560,783.0339278045560,87
2020-11-03T09:30:00+00:00,PYPL,BUY,1,177.940002,178.117942002,178.117942002,0.0890589710010,0.177940002,2020-11-03-0009,83189.6133390295550,604.8269268315550,46
2020-12-02T09:30:00+00:00,AAPL,SELL,75,122.019997,121.897977003,9142.348275225,4.5711741376125,9.151499775,2020-12-02-0001,90699.4442569189425,9742.6040279189425,0
2020-12-02T09:30:00+00:00,AMD,SELL,13,92.889999,92.797109001,1206.362417013,0.6031812085065,1.207569987,2020-12-02-0002,90688.6231758204360,10948.3632637234360,97
2020-12-02T09:30:00+00:00,DXCM,SELL,105,81.669998,81.588328002,8566.774440210,4.2833872201050,8.575349790,2020-12-02-0003,90675.7644388103310,19510.8543167133310,0
2020-12-02T09:30:00+00:00,ETSY,SELL,6,151.375000,151.223625000,907.341750000,0.4536708750000,0.908250000,2020-12-02-0004,90665.4713929353310,20417.7423958383310,59
2020-12-02T09:30:00+00:00,NFLX,SELL,170,50.161999,50.111837001,8519.012290170,4.2595061450850,8.527539830,2020-12-02-0005,90652.6843469602460,28932.4951798632460,0
2020-12-02T09:30:00+00:00,NOW,SELL,2,106.153999,106.047845001,212.095690002,0.1060478450010,0.212307998,2020-12-02-0006,90643.3429012022450,29144.4848220202450,85
2020-12-02T09:30:00+00:00,PYPL,SELL,4,215.600006,215.384405994,861.537623976,0.4307688119880,0.862400024,2020-12-02-0007,90632.9945321142570,30005.5916771842570,42
2020-12-02T09:30:00+00:00,REGN,SELL,15,515.940002,515.424061998,7731.360929970,3.8656804649850,7.739100030,2020-12-02-0008,90621.3897516192720,37733.0869266892720,0
2020-12-02T09:30:00+00:00,AMZN,BUY,56,161.082504,161.243586504,9029.640844224,4.5148204221120,9.020620224,2020-12-02-0009,90616.8749311971600,28698.9312620431600,56
2020-12-02T09:30:00+00:00,FDX,BUY,39,231.442383,231.673825383,9035.279189937,4.5176395949685,9.026252937,2020-12-02-0010,90612.3572916021915,19659.1344325111915,39
2020-12-02T09:30:00+00:00,IDXX,BUY,19,465.510010,465.975520010,8853.534880190,4.4267674400950,8.844690190,2020-12-02-0011,90607.9305241620965,10801.1727848810965,19
2020-12-02T09:30:00+00:00,NVDA,BUY,23,13.350500,13.363850500,307.368561500,0.1536842807500,0.307061500,2020-12-02-0012,90616.5214173813465,10493.6505391003465,678
2020-12-02T09:30:00+00:00,POOL,BUY,25,350.700012,351.050712012,8776.267800300,4.3881339001500,8.767500300,2020-12-02-0013,90612.1332834811965,1712.9946049001965,25
2020-12-02T09:30:00+00:00,WST,BUY,3,272.000000,272.272000000,816.816000000,0.4084080000000,0.816000000,2020-12-02-0014,90619.8848754811965,895.7701969001965,33
2021-01-05T09:30:00+00:00,AMZN,SELL,56,158.300507,158.142206493,8855.963563608,4.4279817818040,8.864828392,2021-01-05-0001,91726.6235357263925,9747.3057787263925,0
2021-01-05T09:30:00+00:00,ETSY,SELL,6,170.190002,170.019811998,1020.118871988,0.5100594359940,1.021140012,2021-01-05-0002,91716.0722661723985,10766.9145912783985,53
2021-01-05T09:30:00+00:00,IDXX,SELL,19,488.910004,488.421093996,9280.000785924,4.6400003929620,9.289290076,2021-01-05-0003,91702.1429757034365,20042.2753768094365,0
2021-01-05T09:30:00+00:00,POOL,SELL,25,356.529999,356.173469001,8904.336725025,4.4521683625125,8.913249975,2021-01-05-0004,91688.7775573659240,28942.1599334719240,0
2021-01-05T09:30:00+00:00,PYPL,SELL,3,230.470001,230.239530999,690.718592997,0.3453592964985,0.691410003,2021-01-05-0005,91678.7524580274255,29632.5331671724255,39
2021-01-05T09:30:00+00:00,WST,SELL,1,284.670013,284.385342987,284.385342987,0.1421926714935,0.284670013,2021-01-05-0006,91669.2161549269320,29916.7763174879320,32
2021-01-05T09:30:00+00:00,ALB,BUY,60,152.669998,152.822667998,9169.360079880,4.5846800399400,9.160199880,2021-01-05-0007,91664.6314748869920,20742.8315575679920,60
2021-01-05T09:30:00+00:00,AMD,BUY,2,92.099998,92.192097998,184.384195996,0.0921920979980,0.184199996,2021-01-05-0008,91673.4729825949940,20558.3551694739940,99
2021-01-05T09:30:00+00:00,FCX,BUY,337,27.139999,27.167138999,9155.325842663,4.5776629213315,9.146179663,2021-01-05-0009,91668.8953196736625,11398.4516638896625,337
2021-01-05T09:30:00+00:00,FDX,BUY,6,202.659149,202.861808149,1217.170848894,0.6085854244470,1.215954894,2021-01-05-0010,91676.1904410602155,10180.6722295712155,45
2021-01-05T09:30:00+00:00,NOW,BUY,2,105.208000,105.313208000,210.626416000,0.1053132080000,0.210416000,2021-01-05-0011,91685.0278078522155,9969.9405003632155,87
2021-01-05T09:30:00+00:00,NVDA,BUY,21,13.099750,13.112849750,275.369844750,0.1376849223750,0.275094750,2021-01-05-0012,91693.7717534298405,9694.4329706908405,699
2021-01-05T09:30:00+00:00,TSLA,BUY,37,241.220001,241.461221001,8934.065177037,4.4670325885185,8.925140037,2021-01-05-0013,91689.3047208413220,755.9007610653220,37
2021-02-02T09:30:00+00:00,ALB,SELL,3,169.449997,169.280547003,507.841641009,0.2539208205045,0.508349991,2021-02-02-0001,97811.6350284248175,1263.4884812538175,57
2021-02-02T09:30:00+00:00,ETSY,SELL,6,207.399994,207.192594006,1243.155564036,0.6215777820180,1.244399964,2021-02-02-0002,97800.0212509607995,2506.0224675077995,47
2021-02-02T09:30:00+00:00,FDX,SELL,45,198.541504,198.342962496,8925.433312320,4.4627166561600,8.934367680,2021-02-02-0003,97786.6241666246395,11426.9930631716395,0
2021-02-02T09:30:00+00:00,NOW,SELL,87,112.575996,112.463420004,9784.317540348,4.8921587701740,9.794111652,2021-02-02-0004,97771.9378962024655,21206.4184447494655,0
2021-02-02T09:30:00+00:00,TSLA,SELL,3,281.559998,281.278438002,843.835314006,0.4219176570030,0.844679994,2021-02-02-0005,97761.0982586194625,22049.8318410984625,34
2021-02-02T09:30:00+00:00,WST,SELL,32,300.000000,299.700000000,9590.400000000,4.7952000000000,9.600000000,2021-02-02-0006,97746.7030586194625,31635.4366410984625,0
2021-02-02T09:30:00+00:00,ALGN,BUY,17,551.780029,552.331809029,9389.640753493,4.6948203767465,9.380260493,2021-02-02-0007,97742.0082382427160,22241.1010672287160,17
2021-02-02T09:30:00+00:00,AMD,BUY,11,88.489998,88.578487998,974.363367978,0.4871816839890,0.973389978,2021-02-02-0008,97750.2815663607270,21266.2505175667270,110
2021-02-02T09:30:00+00:00,CDNS,BUY,72,135.330002,135.465332002,9753.503904144,4.8767519520720,9.743760144,2021-02-02-0009,97745.4048144086550,11507.8698614706550,72
2021-02-02T09:30:00+00:00,ENPH,BUY,51,189.839996,190.029835996,9691.521635796,4.8457608178980,9.681839796,2021-02-02-0010,97740.5590535907570,1811.5024648567570,51
2021-02-02T09:30:00+00:00,FCX,BUY,8,28.290001,28.318291001,226.546328008,0.1132731640040,0.226320008,2021-02-02-0011,97749.9795107637530,1584.8428636847530,345
2021-02-02T09:30:00+00:00,NVDA,BUY,30,13.398750,13.412148750,402.364462500,0.2011822312500,0.401962500,2021-02-02-0012,97759.1440547825030,1182.2772189535030,729
2021-02-02T09:30:00+00:00,PYPL,BUY,1,243.610001,243.853611001,243.853611001,0.1219268055005,0.243610001,2021-02-02-0013,97768.5229180160025,938.3016811470025,40
2021-03-02T09:30:00+00:00,AMD,SELL,110,86.919998,86.833078002,9551.638580220,4.7758192901100,9.561199780,2021-03-02-0001,101768.3211100768925,10485.1644420768925,0
2021-03-02T09:30:00+00:00,CDNS,SELL,72,147.660004,147.512343996,10620.888767712,5.3104443838560,10.631520288,2021-03-02-0002,101752.3791454050365,21100.7427654050365,0
2021-03-02T09:30:00+00:00,ETSY,SELL,6,243.500000,243.256500000,1459.539000000,0.7297695000000,1.461000000,2021-03-02-0003,101740.2048759050365,22559.5519959050365,41
2021-03-02T09:30:00+00:00,FCX,SELL,54,34.980000,34.945020000,1887.031080000,0.9435155400000,1.888920000,2021-03-02-0004,101727.1932603650365,24445.6395603650365,291
2021-03-02T09:30:00+00:00,NVDA,SELL,729,13.900000,13.886100000,10122.966900000,5.0614834500000,10.133100000,2021-03-02-0005,101711.9986769150365,34563.5449769150365,0
2021-03-02T09:30:00+00:00,PYPL,SELL,4,275.959991,275.684031009,1102.736124036,0.5513680620180,1.103839964,2021-03-02-0006,101700.4089092130185,35665.7297328890185,36
2021-03-02T09:30:00+00:00,ALB,BUY,9,153.889999,154.043888999,1386.395000991,0.6931975004955,1.385009991,2021-03-02-0007,101708.4874416555230,34278.6415343975230,66
2021-03-02T09:30:00+00:00,ENPH,BUY,3,185.300003,185.485303003,556.455909009,0.2782279545045,0.555900009,2021-03-02-0008,101717.6595138540185,33721.9073974340185,54
2021-03-02T09:30:00+00:00,MPWR,BUY,26,390.440002,390.830442002,10161.591492052,5.0807957460260,10.151440052,2021-03-02-0009,101712.5787181079925,23555.2351096359925,26
2021-03-02T09:30:00+00:00,QCOM,BUY,72,140.000000,140.140000000,10090.080000000,5.0450400000000,10.080000000,2021-03-02-0010,101707.5336781079925,13460.1100696359925,72
2021-03-02T09:30:00+00:00,TER,BUY,76,133.750000,133.883750000,10175.165000000,5.0875825000000,10.165000000,2021-03-02-0011,101702.4460956079925,3279.8574871359925,76
2021-03-02T09:30:00+00:00,TSLA,BUY,8,239.426666,239.666092666,1917.328741328,0.9586643706640,1.915413328,2021-03-02-0012,101709.6279378813285,1361.5700814373285,42
2021-04-05T09:30:00+00:00,ALB,SELL,66,153.470001,153.316530999,10118.891045934,5.0594455229670,10.129020066,2021-04-05-0001,97126.9512678483615,11475.4016818483615,0
2021-04-05T09:30:00+00:00,ALGN,SELL,17,550.330017,549.779686983,9346.254678711,4.6731273393555,9.355610289,2021-04-05-0002,97112.9225302200060,20816.9832332200060,0
2021-04-05T09:30:00+00:00,FCX,SELL,12,34.730000,34.695270000,416.343240000,0.2081716200000,0.416760000,2021-04-05-0003,97102.6079286000060,21233.1183016000060,279
2021-04-05T09:30:00+00:00,MPWR,SELL,26,373.869995,373.496125005,9710.899250130,4.8554496250650,9.720619870,2021-04-05-0004,97088.0318591049410,30939.1621021049410,0
2021-04-05T09:30:00+00:00,PYPL,SELL,36,250.509995,250.259485005,9009.341460180,4.5046707300900,9.018359820,2021-04-05-0005,97074.5088285548510,39943.9988915548510,0
2021-04-05T09:30:00+00:00,QCOM,SELL,72,139.039993,138.900953007,10000.868616504,5.0004343082520,10.010879496,2021-04-05-0006,97059.4975147505990,49939.8670737505990,0
2021-04-05T09:30:00+00:00,TER,SELL,76,130.559998,130.429438002,9912.637288152,4.9563186440760,9.922559848,2021-04-05-0007,97044.6186362585230,59847.5480432585230,0
2021-04-05T09:30:00+00:00,TSLA,SELL,1,235.903336,235.667432664,235.667432664,0.1178337163320,0.235903336,2021-04-05-0008,97034.5928624301910,60083.0976422061910,41
2021-04-05T09:30:00+00:00,APA,BUY,515,18.809999,18.828808999,9696.836634485,4.8484183172425,9.687149485,2021-04-05-0009,97029.7444441129485,50381.4125894039485,515
2021-04-05T09:30:00+00:00,CZR,BUY,104,92.669998,92.762667998,9647.317471792,4.8236587358960,9.637679792,2021-04-05-0010,97024.9207853770525,40729.2714588760525,104
2021-04-05T09:30:00+00:00,ENPH,BUY,4,165.139999,165.305138999,661.220555996,0.3306102779980,0.660559996,2021-04-05-0011,97033.5077350450545,40067.7202926020545,58
2021-04-05T09:30:00+00:00,ETSY,BUY,4,211.990005,212.201995005,848.807980020,0.4244039900100,0.847960020,2021-04-05-0012,97041.7749212600445,39218.4879085920445,45
2021-04-05T09:30:00+00:00,GNRC,BUY,29,327.000000,327.327000000,9492.483000000,4.7462415000000,9.483000000,2021-04-05-0013,97037.0286797600445,29721.2586670920445,29
2021-04-05T09:30:00+00:00,PENN,BUY,88,110.169998,110.280167998,9704.654783824,4.8523273919120,9.694959824,2021-04-05-0014,97032.1763523681325,20011.7515558761325,88
2021-04-05T09:30:00+00:00,RCL,BUY,108,89.440002,89.529442002,9669.179736216,4.8345898681080,9.659520216,2021-04-05-0015,97027.3417625000245,10337.7372297920245,108
2021-04-05T09:30:00+00:00,TPR,BUY,233,41.630001,41.671631001,9709.490023233,4.8547450116165,9.699790233,2021-04-05-0016,97022.4870174884080,623.3924615474080,233
2021-05-04T09:30:00+00:00,APA,SELL,515,20.629999,20.609369001,10613.825035515,5.3069125177575,10.624449485,2021-05-04-0001,95085.6968045446505,11231.9105845446505,0
2021-05-04T09:30:00+00:00,CZR,SELL,4,94.830002,94.735171998,378.940687992,0.1894703439960,0.379320008,2021-05-04-0002,95075.6450139926545,11610.6618021926545,100
2021-05-04T09:30:00+00:00,FCX,SELL,35,38.910000,38.871090000,1360.488150000,0.6802440750000,1.361850000,2021-05-04-0003,95064.1088799176545,12970.4697081176545,244
2021-05-04T09:30:00+00:00,RCL,SELL,108,87.000000,86.913000000,9386.604000000,4.6933020000000,9.396000000,2021-05-04-0004,95050.0195779176545,22352.3804061176545,0
2021-05-04T09:30:00+00:00,TPR,SELL,233,48.299999,48.251699001,11242.645867233,5.6213229336165,11.253899767,2021-05-04-0005,95033.1443552170380,33589.4049504170380,0
2021-05-04T09:30:00+00:00,AMAT,BUY,73,129.990005,130.119995005,9498.759635365,4.7493798176825,9.489270365,2021-05-04-0006,95028.3949753993555,24085.8959352343555,73
2021-05-04T09:30:00+00:00,ENPH,BUY,13,133.699997,133.833696997,1739.838060961,0.8699190304805,1.738099961,2021-05-04-0007,95035.2796561948750,22345.1879552428750,71
2021-05-04T09:30:00+00:00,ETSY,BUY,6,185.110001,185.295111001,1111.770666006,0.5558853330030,1.110660006,2021-05-04-0008,95043.0537209068720,21232.8614039038720,51
2021-05-04T09:30:00+00:00,IVZ,BUY,348,27.240000,27.267240000,9488.999520000,4.7444997600000,9.479520000,2021-05-04-0009,95038.3092211468720,11739.1173841438720,348
2021-05-04T09:30:00+00:00,MOS,BUY,289,32.790001,32.822791001,9485.786599289,4.7428932996445,9.476310289,2021-05-04-0010,95033.5663278472275,2248.5878915552275,289
2021-05-04T09:30:00+00:00,PENN,BUY,18,89.129997,89.219126997,1605.944285946,0.8029721429730,1.604339946,2021-05-04-0011,95040.6067954402545,641.8406334662545,106
2021-06-02T09:30:00+00:00,AMAT,SELL,73,138.050003,137.911952997,10067.572568781,5.0337862843905,10.077650219,2021-06-02-0001,97783.0390669628640,10704.3794159628640,0
2021-06-02T09:30:00+00:00,CZR,SELL,11,109.820000,109.710180000,1206.811980000,0.6034059900000,1.208020000,2021-06-02-0002,97771.4536609728640,11910.5879899728640,89
2021-06-02T09:30:00+00:00,ENPH,SELL,71,139.029999,138.890969001,9861.258799071,4.9306293995355,9.871129929,2021-06-02-0003,97756.6519016443285,21766.9161596443285,0
2021-06-02T09:30:00+00:00,ETSY,SELL,51,164.419998,164.255578002,8377.034478102,4.1885172390510,8.385419898,2021-06-02-0004,97744.0779645072775,30139.7621205072775,0
2021-06-02T09:30:00+00:00,FCX,SELL,22,44.000000,43.956000000,967.032000000,0.4835160000000,0.968000000,2021-06-02-0005,97732.8584485072775,31106.3106045072775,222
2021-06-02T09:30:00+00:00,MOS,SELL,31,37.849998,37.812148002,1172.176588062,0.5860882940310,1.173349938,2021-06-02-0006,97721.3337107912465,32277.9011042752465,258
2021-06-02T09:30:00+00:00,GNRC,BUY,1,321.929993,322.251922993,322.251922993,0.1611259614965,0.321929993,2021-06-02-0007,97730.5085546267500,31955.4880553207500,30
2021-06-02T09:30:00+00:00,PENN,BUY,14,81.230003,81.311233003,1138.357262042,0.5691786310210,1.137220042,2021-06-02-0008,97738.5497563137290,30816.5616146477290,120
2021-06-02T09:30:00+00:00,PWR,BUY,101,96.559998,96.656557998,9762.312357798,4.8811561788990,9.752559798,2021-06-02-0009,97733.6686001348300,21049.3681006708300,101
2021-06-02T09:30:00+00:00,TPR,BUY,217,44.900002,44.944902002,9753.043734434,4.8765218672170,9.743300434,2021-06-02-0010,97728.7920782676130,11291.4478443696130,217
2021-06-02T09:30:00+00:00,TSLA,BUY,6,206.710007,206.916717007,1241.500302042,0.6207501510210,1.240260042,2021-06-02-0011,97736.6464384035920,10049.3267921765920,47
2021-06-02T09:30:00+00:00,UAA,BUY,422,23.139999,23.163138999,9774.844657578,4.8874223287890,9.765079578,2021-06-02-0012,97731.7590160748030,269.5947122698030,422
2021-07-02T09:30:00+00:00,GNRC,SELL,30,415.250000,414.834750000,12445.042500000,6.2225212500000,12.457500000,2021-07-02-0001,95120.4582190198030,12708.4146910198030,0
2021-07-02T09:30:00+00:00,PENN,SELL,120,76.610001,76.533390999,9184.006919880,4.5920034599400,9.193200120,2021-07-02-0002,95106.6730154398630,21887.8296074398630,0
2021-07-02T09:30:00+00:00,PWR,SELL,101,90.750000,90.659250000,9156.584250000,4.5782921250000,9.165750000,2021-07-02-0003,95092.9289733148630,31039.8355653148630,0
2021-07-02T09:30:00+00:00,TSLA,SELL,5,226.326660,226.100333340,1130.501666700,0.5652508333500,1.131633300,2021-07-02-0004,95081.7263694615130,32169.7719811815130,42
2021-07-02T09:30:00+00:00,UAA,SELL,422,21.410000,21.388590000,9025.984980000,4.5129924900000,9.035020000,2021-07-02-0005,95068.1783569715130,41191.2439686915130,0
2021-07-02T09:30:00+00:00,COF,BUY,60,157.699997,157.857696997,9471.461819820,4.7357309099100,9.461999820,2021-07-02-0006,95063.4426260616030,31715.0464179616030,60
2021-07-02T09:30:00+00:00,CZR,BUY,2,103.599998,103.703597998,207.407195996,0.1037035979980,0.207199996,2021-07-02-0007,95072.5593222856050,31507.5355183676050,91
2021-07-02T09:30:00+00:00,DVN,BUY,318,29.860001,29.889861001,9504.975798318,4.7524878991590,9.495480318,2021-07-02-0008,95067.8068343864460,21997.8072321504460,318
2021-07-02T09:30:00+00:00,ENPH,BUY,51,185.880005,186.065885005,9489.360135255,4.7446800676275,9.479880255,2021-07-02-0009,95063.0621543188185,12503.7024168278185,51
2021-07-02T09:30:00+00:00,FCX,BUY,32,37.380001,37.417381001,1197.356192032,0.5986780960160,1.196160032,2021-07-02-0010,95070.7618364448025,11305.7475466998025,254
2021-07-02T09:30:00+00:00,IVZ,BUY,4,26.969999,26.996968999,107.987875996,0.0539939379980,0.107879996,2021-07-02-0011,95080.0934021588045,11197.7056767658045,352
2021-07-02T09:30:00+00:00,MOS,BUY,40,31.790001,31.821791001,1272.871640040,0.6364358200200,1.271600040,2021-07-02-0012,95087.6587865967845,9924.1976009057845,298
2021-07-02T09:30:00+00:00,NUE,BUY,97,97.059998,97.157057998,9424.234625806,4.7121173129030,9.414819806,2021-07-02-0013,95082.9466692838815,495.2508577868815,97
2021-07-02T09:30:00+00:00,TPR,BUY,5,42.740002,42.782742002,213.913710010,0.1069568550050,0.213700010,2021-07-02-0014,95092.1142928628765,281.2301909218765,222
2021-08-03T09:30:00+00:00,COF,SELL,60,161.050003,160.888952997,9653.337179820,4.8266685899100,9.663000180,2021-08-03-0001,91876.3201781519665,9929.7407021519665,0
2021-08-03T09:30:00+00:00,ENPH,SELL,3,188.940002,188.751061998,566.253185994,0.2831265929970,0.566820006,2021-08-03-0002,91866.4011114569695,10495.7107615529695,48
2021-08-03T09:30:00+00:00,MOS,SELL,298,30.250000,30.219750000,9005.485500000,4.5027427500000,9.014500000,2021-08-03-0003,91852.8838687069695,19496.6935188029695,0
2021-08-03T09:30:00+00:00,NUE,SELL,97,102.300003,102.197702997,9913.177190709,4.9565885953545,9.923100291,2021-08-03-0004,91838.0041798206150,29404.9141209166150,0
2021-08-03T09:30:00+00:00,TPR,SELL,7,42.759998,42.717238002,299.020666014,0.1495103330070,0.299319986,2021-08-03-0005,91828.3619499316080,29703.7852765976080,215
2021-08-03T09:30:00+00:00,TSLA,SELL,42,239.666672,239.427005328,10055.934223776,5.0279671118880,10.066000224,2021-08-03-0006,91813.2679825957200,39754.6915332617200,0
2021-08-03T09:30:00+00:00,CZR,BUY,14,86.779999,86.866778999,1216.134905986,0.6080674529930,1.214919986,2021-08-03-0007,91820.5568950517270,38537.9485598227270,105
2021-08-03T09:30:00+00:00,DVN,BUY,45,25.260000,25.285260000,1137.836700000,0.5689183500000,1.136700000,2021-08-03-0008,91828.0206567017270,37399.5429414727270,363
2021-08-03T09:30:00+00:00,FANG,BUY,121,75.519997,75.595516997,9147.057556637,4.5735287783185,9.137919637,2021-08-03-0009,91823.4471279234085,28247.9118560574085,121
2021-08-03T09:30:00+00:00,GNRC,BUY,22,403.119995,403.523114995,8877.508529890,4.4387542649450,8.868639890,2021-08-03-0010,91819.0083736584635,19365.9645719024635,22
2021-08-03T09:30:00+00:00,IVZ,BUY,21,24.549999,24.574548999,516.065528979,0.2580327644895,0.515549979,2021-08-03-0011,91827.3919405419740,18849.6410101589740,373
2021-08-03T09:30:00+00:00,MGM,BUY,245,37.369999,37.407368999,9164.805404755,4.5824027023775,9.155649755,2021-08-03-0012,91822.8095378395965,9680.2532027015965,245
2021-08-03T09:30:00+00:00,MRNA,BUY,26,348.500000,348.848500000,9070.061000000,4.5350305000000,9.061000000,2021-08-03-0013,91818.2745073395965,605.6571722015965,26
2021-09-02T09:30:00+00:00,CZR,SELL,105,102.620003,102.517382997,10764.325214685,5.3821626073425,10.775100315,2021-09-02-0001,97103.4708572792540,11364.6002242792540,0
2021-09-02T09:30:00+00:00,DVN,SELL,24,28.600000,28.571400000,685.713600000,0.3428568000000,0.686400000,2021-09-02-0002,97092.7462004792540,12049.9709674792540,339
2021-09-02T09:30:00+00:00,FANG,SELL,121,75.260002,75.184741998,9097.353781758,4.5486768908790,9.106460242,2021-09-02-0003,97079.0910633463750,21142.7760723463750,0
2021-09-02T09:30:00+00:00,FCX,SELL,254,36.139999,36.103859001,9170.380186254,4.5851900931270,9.179559746,2021-09-02-0004,97065.3263135072480,30308.5710685072480,0
2021-09-02T09:30:00+00:00,GNRC,SELL,22,443.500000,443.056500000,9747.243000000,4.8736215000000,9.757000000,2021-09-02-0005,97050.6956920072480,40050.9404470072480,0
2021-09-02T09:30:00+00:00,MGM,SELL,245,42.480000,42.437520000,10397.192400000,5.1985962000000,10.407600000,2021-09-02-0006,97035.0894958072480,50442.9342508072480,0
2021-09-02T09:30:00+00:00,MRNA,SELL,2,393.130005,392.736874995,785.473749990,0.3927368749950,0.786260010,2021-09-02-0007,97024.4753788022530,51228.0152639222530,24
2021-09-02T09:30:00+00:00,ALGN,BUY,13,721.590027,722.311617027,9390.051021351,4.6950255106755,9.380670351,2021-09-02-0008,97019.7803532915775,41833.2692170605775,13
2021-09-02T09:30:00+00:00,AMAT,BUY,72,134.729996,134.864725996,9710.260271712,4.8551301358560,9.700559712,2021-09-02-0009,97014.9252231557215,32118.1538152127215,72
2021-09-02T09:30:00+00:00,BBWI,BUY,146,66.279999,66.346278999,9686.556733854,4.8432783669270,9.676879854,2021-09-02-0010,97010.0819447887945,22426.7538029917945,146
2021-09-02T09:30:00+00:00,COF,BUY,59,162.500000,162.662500000,9597.087500000,4.7985437500000,9.587500000,2021-09-02-0011,97005.2834010387945,12824.8677592417945,59
2021-09-02T09:30:00+00:00,ENPH,BUY,6,177.649994,177.827643994,1066.965863964,0.5334829319820,1.065899964,2021-09-02-0012,97013.2771178188125,11757.3684123458125,54
2021-09-02T09:30:00+00:00,IVZ,BUY,10,25.290001,25.315291001,253.152910010,0.1265764550050,0.252900010,2021-09-02-0013,97022.5837117368075,11504.0889258808075,383
2021-09-02T09:30:00+00:00,NUE,BUY,83,116.660004,116.776664004,9692.463112332,4.8462315561660,9.682780332,2021-09-02-0014,97017.7374801806415,1806.7795819926415,83
2021-09-02T09:30:00+00:00,TPR,BUY,24,40.580002,40.620582002,974.893968048,0.4874469840240,0.973920048,2021-09-02-0015,97025.9747336266175,831.3981669606175,239
2021-10-04T09:30:00+00:00,ALGN,SELL,13,658.599976,657.941376024,8553.237888312,4.2766189441560,8.561799688,2021-10-04-0001,92646.1092393284615,9380.3594363284615,0
2021-10-04T09:30:00+00:00,AMAT,SELL,72,127.660004,127.532343996,9182.328767712,4.5911643838560,9.191520288,2021-10-04-0002,92632.3265546566055,18558.0970396566055,0
2021-10-04T09:30:00+00:00,COF,SELL,59,166.539993,166.373453007,9816.033727413,4.9080168637065,9.825859587,2021-10-04-0003,92617.5926782058990,28369.2227502058990,0
2021-10-04T09:30:00+00:00,DVN,SELL,92,37.500000,37.462500000,3446.550000000,1.7232750000000,3.450000000,2021-10-04-0004,92603.1569032058990,31814.0494752058990,247
2021-10-04T09:30:00+00:00,ENPH,SELL,54,153.539993,153.386453007,8282.868462378,4.1414342311890,8.291159622,2021-10-04-0005,92590.7243093527100,40092.7765033527100,0
2021-10-04T09:30:00+00:00,IVZ,SELL,383,24.240000,24.215760000,9274.636080000,4.6373180400000,9.283920000,2021-10-04-0006,92576.8030713127100,49362.7752653127100,0
2021-10-04T09:30:00+00:00,ALB,BUY,42,219.000000,219.219000000,9207.198000000,4.6035990000000,9.198000000,2021-10-04-0007,92572.1994723127100,40150.9736663127100,42
2021-10-04T09:30:00+00:00,FANG,BUY,92,100.440002,100.540442002,9249.720664184,4.6248603320920,9.240480184,2021-10-04-0008,92567.5746119806180,30896.6281417966180,92
2021-10-04T09:30:00+00:00,FTNT,BUY,158,58.507999,58.566506999,9253.508105842,4.6267540529210,9.244263842,2021-10-04-0009,92562.9478579276970,21638.4932819016970,158
2021-10-04T09:30:00+00:00,IT,BUY,30,304.890015,305.194905015,9155.847150450,4.5779235752250,9.146700450,2021-10-04-0010,92558.3699343524720,12478.0682078764720,30
2021-10-04T09:30:00+00:00,MRNA,BUY,5,308.880005,309.188885005,1545.944425025,0.7729722125125,1.544400025,2021-10-04-0011,92565.0100822599595,10931.3508106389595,29
2021-10-04T09:30:00+00:00,NUE,BUY,11,98.000000,98.098000000,1079.078000000,0.5395390000000,1.078000000,2021-10-04-0012,92572.6045432599595,9851.7332716389595,94
2021-10-04T09:30:00+00:00,OXY,BUY,292,31.639999,31.671638999,9248.118587708,4.6240592938540,9.238879708,2021-10-04-0013,92567.9804839661055,598.9906246371055,292
2021-10-04T09:30:00+00:00,TPR,BUY,3,38.150002,38.188152002,114.564456006,0.0572822280030,0.114450006,2021-10-04-0014,92577.0410522161025,484.3688864031025,242
2021-11-02T09:30:00+00:00,ALB,SELL,42,256.000000,255.744000000,10741.248000000,5.3706240000000,10.752000000,2021-11-02-0001,102851.4940544031025,11220.2462624031025,0
2021-11-02T09:30:00+00:00,BBWI,SELL,146,71.489998,71.418508002,10427.102168292,5.2135510841460,10.437539708,2021-11-02-0002,102835.8429636109565,21642.1348796109565,0
2021-11-02T09:30:00+00:00,IT,SELL,2,362.820007,362.457186993,724.914373986,0.3624571869930,0.725640014,2021-11-02-0003,102824.5959062139635,22366.6867964099635,28
2021-11-02T09:30:00+00:00,NUE,SELL,94,107.750000,107.642250000,10118.371500000,5.0591857500000,10.128500000,2021-11-02-0004,102809.4082204639635,32479.9991106599635,0
2021-11-02T09:30:00+00:00,TPR,SELL,242,39.689999,39.650309001,9595.374778242,4.7976873891210,9.604979758,2021-11-02-0005,102795.0055533168425,42070.5762015128425,0
2021-11-02T09:30:00+00:00,APA,BUY,382,26.889999,26.916888999,10282.251597618,5.1411257988090,10.271979618,2021-11-02-0006,102789.8644275180335,31783.1834780960335,382
2021-11-02T09:30:00+00:00,COP,BUY,137,74.540001,74.614541001,10222.192117137,5.1110960585685,10.211980137,2021-11-02-0007,102784.7533314594650,21555.8802649004650,137
2021-11-02T09:30:00+00:00,CZR,BUY,92,111.184998,111.296182998,10239.248835816,5.1196244179080,10.229019816,2021-11-02-0008,102779.6337070415570,11311.5118046665570,92
2021-11-02T09:30:00+00:00,EOG,BUY,110,92.730003,92.822733003,10210.500630330,5.1052503151650,10.200300330,2021-11-02-0009,102774.5284567263920,1095.9059240213920,110
2021-11-02T09:30:00+00:00,FANG,BUY,1,109.750000,109.859750000,109.859750000,0.0549298750000,0.109750000,2021-11-02-0010,102784.5705268513920,985.9912441463920,93
2021-11-02T09:30:00+00:00,MRNA,BUY,1,338.739990,339.078729990,339.078729990,0.1695393649950,0.338739990,2021-11-02-0011,102794.2244471963970,646.7429747913970,30
2021-11-02T09:30:00+00:00,OXY,BUY,5,34.490002,34.524492002,172.622460010,0.0863112300050,0.172450010,2021-11-02-0012,102804.2092165503920,474.0342035513920,297
2021-12-02T09:30:00+00:00,APA,SELL,18,25.209999,25.184789001,453.326202018,0.2266631010090,0.453779982,2021-12-02-0001,91779.4234918323830,927.1337424683830,364
2021-12-02T09:30:00+00:00,COP,SELL,137,69.190002,69.120811998,9469.551243726,4.7347756218630,9.479030274,2021-12-02-0002,91765.2096859365200,10391.9502105725200,0
2021-12-02T09:30:00+00:00,CZR,SELL,92,84.410004,84.325593996,7757.954647632,3.8789773238160,7.765720368,2021-12-02-0003,91753.5649882447040,18146.0258808807040,0
2021-12-02T09:30:00+00:00,DVN,SELL,19,40.279999,40.239719001,764.554661019,0.3822773305095,0.765319981,2021-12-02-0004,91743.2335511611945,18910.1982645691945,228
2021-12-02T09:30:00+00:00,EOG,SELL,2,84.750000,84.665250000,169.330500000,0.0846652500000,0.169500000,2021-12-02-0005,91733.8263859111945,19079.4440993191945,108
2021-12-02T09:30:00+00:00,FANG,SELL,3,101.529999,101.428469001,304.285407003,0.1521427035015,0.304589997,2021-12-02-0006,91724.2319533006930,19383.5773636186930,90
2021-12-02T09:30:00+00:00,FTNT,SELL,8,61.051998,60.990946002,487.927568016,0.2439637840080,0.488415984,2021-12-02-0007,91714.3417738326850,19871.2609678506850,150
2021-12-02T09:30:00+00:00,BBWI,BUY,127,71.860001,71.931861001,9135.346347127,4.5676731735635,9.126220127,2021-12-02-0008,91709.7741006591215,10731.3469475501215,127
2021-12-02T09:30:00+00:00,GNRC,BUY,22,402.209991,402.612200991,8857.468421802,4.4287342109010,8.848619802,2021-12-02-0009,91705.3453664482205,1869.4497915372205,22
2021-12-02T09:30:00+00:00,IT,BUY,1,306.000000,306.306000000,306.306000000,0.1531530000000,0.306000000,2021-12-02-0010,91713.7602134482205,1562.9906385372205,29
2021-12-02T09:30:00+00:00,OXY,BUY,24,28.530001,28.558531001,685.404744024,0.3427023720120,0.684720024,2021-12-02-0011,91721.8909213732085,877.2431921412085,321
2022-01-04T09:30:00+00:00,APA,SELL,364,28.700001,28.671300999,10436.353563636,5.2181767818180,10.446800364,2022-01-04-0001,94865.4587809953905,11308.3785789953905,0
2022-01-04T09:30:00+00:00,DVN,SELL,23,46.270000,46.223730000,1063.145790000,0.5315728950000,1.064210000,2022-01-04-0002,94854.3776481003905,12370.9927961003905,205
2022-01-04T09:30:00+00:00,EOG,SELL,108,92.050003,91.957952997,9931.458923676,4.9657294618380,9.941400324,2022-01-04-0003,94839.4705183145525,22297.4859903145525,0
2022-01-04T09:30:00+00:00,FANG,SELL,7,113.309998,113.196688002,792.376816014,0.3961884080070,0.793169986,2022-01-04-0004,94828.8764300865455,23089.4666179205455,83
2022-01-04T09:30:00+00:00,FTNT,SELL,7,66.099998,66.033898002,462.237286014,0.2311186430070,0.462699986,2022-01-04-0005,94818.7303117435385,23551.4727852915385,143
2022-01-04T09:30:00+00:00,GNRC,SELL,22,346.640015,346.293374985,7618.454249670,3.8092271248350,7.626080330,2022-01-04-0006,94807.2950042887035,31166.1178078367035,0
2022-01-04T09:30:00+00:00,OXY,SELL,321,31.610001,31.578390999,10136.663510679,5.0683317553395,10.146810321,2022-01-04-0007,94792.0798622123640,41297.7129867603640,0
2022-01-04T09:30:00+00:00,BBWI,BUY,9,69.680000,69.749680000,627.747120000,0.3138735600000,0.627120000,2022-01-04-0008,94800.6153486523640,40669.6519932003640,136
2022-01-04T09:30:00+00:00,EXR,BUY,43,219.360001,219.579361001,9441.912523043,4.7209562615215,9.432480043,2022-01-04-0009,94795.8943923908425,31223.0185138958425,43
2022-01-04T09:30:00+00:00,F,BUY,420,22.520000,22.542520000,9467.858400000,4.7339292000000,9.458400000,2022-01-04-0010,94791.1604631908425,21750.4261846958425,420
2022-01-04T09:30:00+00:00,MRNA,BUY,10,232.199997,232.432196997,2324.321969970,1.1621609849850,2.321999970,2022-01-04-0011,94796.9643021158575,19424.9420537408575,40
2022-01-04T09:30:00+00:00,NUE,BUY,83,114.070000,114.184070000,9477.277810000,4.7386389050000,9.467810000,2022-01-04-0012,94792.2256632108575,9942.9256048358575,83
2022-01-04T09:30:00+00:00,NVDA,BUY,313,30.277000,30.307277000,9486.177701000,4.7430888505000,9.476701000,2022-01-04-0013,94787.4825743603575,452.0048149853575,313
2022-02-02T09:30:00+00:00,DVN,SELL,36,52.119999,52.067879001,1874.443644036,0.9372218220180,1.876319964,2022-02-02-0001,88391.3876973683395,2325.5112371993395,169
2022-02-02T09:30:00+00:00,FANG,SELL,15,129.990005,129.860014995,1947.900224925,0.9739501124625,1.949850075,2022-02-02-0002,88379.6245768408770,4272.4375120118770,68
2022-02-02T09:30:00+00:00,MRNA,SELL,40,170.807007,170.636199993,6825.447999720,3.4127239998600,6.832280280,2022-02-02-0003,88369.3795725610170,11094.4727877320170,0
2022-02-02T09:30:00+00:00,BBWI,BUY,15,58.259998,58.318257998,874.773869970,0.4373869349850,0.873899970,2022-02-02-0004,88376.8655453540320,10219.2615308270320,151
2022-02-02T09:30:00+00:00,EOG,BUY,78,112.540001,112.652541001,8786.898198078,4.3934490990390,8.778120078,2022-02-02-0005,88372.4720962549930,1427.9698836499930,78
2022-02-02T09:30:00+00:00,EXR,BUY,1,198.960007,199.158967007,199.158967007,0.0995794835035,0.198960007,2022-02-02-0006,88380.9277970724895,1228.7113371594895,44
2022-02-02T09:30:00+00:00,NVDA,BUY,29,25.794001,25.819795001,748.774055029,0.3743870275145,0.748026029,2022-02-02-0007,88388.6269323579750,479.5628951029750,342
2022-03-02T09:30:00+00:00,BBWI,SELL,151,51.709999,51.658289001,7800.401639151,3.9002008195755,7.808209849,2022-03-02-0001,89894.6866954343995,8276.0643334343995,0
2022-03-02T09:30:00+00:00,DVN,SELL,20,60.060001,59.999940999,1199.998819980,0.5999994099900,1.201200020,2022-03-02-0002,89883.9365558554095,9475.4631540044095,149
2022-03-02T09:30:00+00:00,EOG,SELL,2,118.000000,117.882000000,235.764000000,0.1178820000000,0.236000000,2022-03-02-0003,89874.6146738554095,9711.1092720044095,76
2022-03-02T09:30:00+00:00,EXR,SELL,44,191.699997,191.508297003,8426.365068132,4.2131825340660,8.434799868,2022-03-02-0004,89861.9666914533435,18133.2611576023435,0
2022-03-02T09:30:00+00:00,F,SELL,420,17.500000,17.482500000,7342.650000000,3.6713250000000,7.350000000,2022-03-02-0005,89850.9453664533435,25472.2398326023435,0
2022-03-02T09:30:00+00:00,FANG,SELL,4,140.190002,140.049811998,560.199247992,0.2800996239960,0.560760008,2022-03-02-0006,89841.1323466933475,26032.1589809703475,64
2022-03-02T09:30:00+00:00,FTNT,SELL,143,67.930000,67.862070000,9704.276010000,4.8521380050000,9.713990000,2022-03-02-0007,89826.5662186883475,35731.5828529653475,0
2022-03-02T09:30:00+00:00,IT,SELL,29,278.019989,277.741969011,8054.517101319,4.0272585506595,8.062579681,2022-03-02-0008,89814.4763804566880,43782.0726957336880,0
2022-03-02T09:30:00+00:00,NUE,SELL,16,133.080002,132.946921998,2127.150751968,1.0635753759840,2.129280032,2022-03-02-0009,89802.3671649147040,45908.1598723257040,67
2022-03-02T09:30:00+00:00,ANET,BUY,302,29.647499,29.677146499,8962.498242698,4.4812491213490,8.953544698,2022-03-02-0010,89797.8859157933550,36941.1803805063550,302
2022-03-02T09:30:00+00:00,APA,BUY,236,38.000000,38.038000000,8976.968000000,4.4884840000000,8.968000000,2022-03-02-0011,89793.3974317933550,27959.7238965063550,236
2022-03-02T09:30:00+00:00,AZO,BUY,4,1819.989990,1821.809979990,7287.239919960,3.6436199599800,7.279959960,2022-03-02-0012,89789.7538118333750,20668.8403565863750,4
2022-03-02T09:30:00+00:00,COP,BUY,91,98.370003,98.468373003,8960.621943273,4.4803109716365,8.951670273,2022-03-02-0013,89785.2735008617385,11703.7381023417385,91
2022-03-02T09:30:00+00:00,NVDA,BUY,36,23.756001,23.779757001,856.071252036,0.4280356260180,0.855216036,2022-03-02-0014,89792.9700175777205,10847.2388146797205,378
2022-03-02T09:30:00+00:00,PFE,BUY,194,46.110001,46.156111001,8954.285534194,4.4771427670970,8.945340194,2022-03-02-0015,89788.4928748106235,1888.4761377186235,194
2022-04-04T09:30:00+00:00,ANET,SELL,302,34.869999,34.835129001,10520.208958302,5.2601044791510,10.530739698,2022-04-04-0001,97128.6594065414725,12403.4249915414725,0
2022-04-04T09:30:00+00:00,APA,SELL,10,43.000000,42.957000000,429.570000000,0.2147850000000,0.430000000,2022-04-04-0002,97118.2966215414725,12832.7802065414725,226
2022-04-04T09:30:00+00:00,AZO,SELL,4,1964.099976,1962.135876024,7848.543504096,3.9242717520480,7.856399904,2022-04-04-0003,97106.5159498854245,20677.3994388854245,0
2022-04-04T09:30:00+00:00,NUE,SELL,2,149.509995,149.360485005,298.720970010,0.1493604850050,0.299019990,2022-04-04-0004,97096.3494197354195,20975.9710484104195,65
2022-04-04T09:30:00+00:00,NVDA,SELL,378,26.728001,26.701272999,10093.081193622,5.0465405968110,10.103184378,2022-04-04-0005,97081.1996947606085,31064.0057014356085,0
2022-04-04T09:30:00+00:00,PFE,SELL,194,51.779999,51.728219001,10035.274486194,5.0176372430970,10.045319806,2022-04-04-0006,97066.1367377115115,41094.2625503865115,0
2022-04-04T09:30:00+00:00,CF,BUY,94,102.449997,102.552446997,9639.930017718,4.8199650088590,9.630299718,2022-04-04-0007,97061.3167727026525,31449.5125676596525,94
2022-04-04T09:30:00+00:00,COP,BUY,4,101.410004,101.511414004,406.045656016,0.2030228280080,0.405640016,2022-04-04-0008,97070.3420602386445,31043.2638888156445,95
2022-04-04T09:30:00+00:00,DVN,BUY,9,61.330002,61.391332002,552.521988018,0.2762609940090,0.551970018,2022-04-04-0009,97079.2039695426355,30490.4656398036355,158
2022-04-04T09:30:00+00:00,EOG,BUY,3,121.430000,121.551430000,364.654290000,0.1823271450000,0.364290000,2022-04-04-0010,97088.2503223976355,30125.6290226586355,79
2022-04-04T09:30:00+00:00,FANG,BUY,5,140.000000,140.140000000,700.700000000,0.3503500000000,0.700000000,2022-04-04-0011,97096.8599723976355,29424.5786726586355,69
2022-04-04T09:30:00+00:00,FTNT,BUY,141,68.496002,68.564498002,9667.594218282,4.8337971091410,9.657936282,2022-04-04-0012,97092.0261752884945,19752.1506572674945,141
2022-04-04T09:30:00+00:00,MOS,BUY,144,67.059998,67.127057998,9666.296351712,4.8331481758560,9.656639712,2022-04-04-0013,97087.1930271126385,10081.0211573796385,144
2022-04-04T09:30:00+00:00,OXY,BUY,165,58.709999,58.768708999,9696.836984835,4.8484184924175,9.687149835,2022-04-04-0014,97082.3446086202210,379.3357540522210,165
2022-05-03T09:30:00+00:00,DVN,SELL,7,60.900002,60.839101998,425.873713986,0.2129368569930,0.426300014,2022-05-03-0001,92024.7836308792280,804.9965311812280,151
2022-05-03T09:30:00+00:00,EOG,SELL,79,116.349998,116.233648002,9182.458192158,4.5912290960790,9.191649842,2022-05-03-0002,92011.0007519411490,9982.8634942431490,0
2022-05-03T09:30:00+00:00,FANG,SELL,69,133.869995,133.736125005,9227.792625345,4.6138963126725,9.237029655,2022-05-03-0003,91997.1498259734765,19206.0422232754765,0
2022-05-03T09:30:00+00:00,FTNT,SELL,141,58.403999,58.345595001,8226.728895141,4.1133644475705,8.234963859,2022-05-03-0004,91984.8014976669060,27428.6577539689060,0
2022-05-03T09:30:00+00:00,NUE,SELL,4,150.360001,150.209640999,600.838563996,0.3004192819980,0.601440004,2022-05-03-0005,91974.7276783199080,28029.1958986829080,61
2022-05-03T09:30:00+00:00,OXY,SELL,6,57.779999,57.722219001,346.333314006,0.1731666570030,0.346679994,2022-05-03-0006,91965.0208118279050,28375.3560460319050,159
2022-05-03T09:30:00+00:00,ANET,BUY,325,28.222500,28.250722500,9181.484812500,4.5907424062500,9.172312500,2022-05-03-0007,91960.4300694216550,19189.2804911256550,325
2022-05-03T09:30:00+00:00,HAL,BUY,254,36.099998,36.136097998,9178.568891492,4.5892844457460,9.169399492,2022-05-03-0008,91955.8407849759090,10006.1223151879090,254
2022-05-03T09:30:00+00:00,MOS,BUY,8,60.299999,60.360298999,482.882391992,0.2414411959960,0.482399992,2022-05-03-0009,91964.2825436359130,9522.9984819999130,152
2022-05-03T09:30:00+00:00,NVDA,BUY,473,19.400000,19.419400000,9185.376200000,4.5926881000000,9.176200000,2022-05-03-0010,91959.6898555359130,333.0295938999130,473
2022-06-02T09:30:00+00:00,ANET,SELL,325,25.330000,25.304670000,8224.017750000,4.1120088750000,8.232250000,2022-06-02-0001,97707.6015450249130,8552.9353350249130,0
2022-06-02T09:30:00+00:00,APA,SELL,19,47.139999,47.092859001,894.764321019,0.4473821605095,0.895659981,2022-06-02-0002,97696.5005230904035,9447.2522738834035,207
2022-06-02T09:30:00+00:00,COP,SELL,10,114.260002,114.145741998,1141.457419980,0.5707287099900,1.142600020,2022-06-02-0003,97685.0750941904135,10588.1389651534135,85
2022-06-02T09:30:00+00:00,DVN,SELL,22,75.410004,75.334593996,1657.361067912,0.8286805339560,1.659020088,2022-06-02-0004,97672.8595030524575,12244.6713525314575,129
2022-06-02T09:30:00+00:00,HAL,SELL,254,41.119999,41.078879001,10434.035266254,5.2170176331270,10.444479746,2022-06-02-0005,97657.1980056733305,22673.4896011523305,0
2022-06-02T09:30:00+00:00,NUE,SELL,61,132.600006,132.467405994,8080.511765634,4.0402558828170,8.088600366,2022-06-02-0006,97645.0691494245135,30749.9611109035135,0
2022-06-02T09:30:00+00:00,NVDA,SELL,473,18.292000,18.273708000,8643.463884000,4.3217319420000,8.652116000,2022-06-02-0007,97632.0953014825135,39389.1032629615135,0
2022-06-02T09:30:00+00:00,OXY,SELL,19,69.599998,69.530398002,1321.077562038,0.6605387810190,1.322399962,2022-06-02-0008,97620.3683630194945,40709.5202862184945,140
2022-06-02T09:30:00+00:00,CF,BUY,8,95.570000,95.665570000,765.324560000,0.3826622800000,0.764560000,2022-06-02-0009,97628.9692807394945,39943.8130639384945,102
2022-06-02T09:30:00+00:00,CVX,BUY,55,174.740005,174.914745005,9620.310975275,4.8101554876375,9.610700275,2022-06-02-0010,97624.1591252518570,30318.6919331758570,55
2022-06-02T09:30:00+00:00,DLTR,BUY,60,161.300003,161.461303003,9687.678180180,4.8438390900900,9.678000180,2022-06-02-0011,97619.3152861617670,20626.1699139057670,60
2022-06-02T09:30:00+00:00,FANG,BUY,64,151.350006,151.501356006,9696.086784384,4.8480433921920,9.686400384,2022-06-02-0012,97614.4672427695750,10925.2350861295750,64
2022-06-02T09:30:00+00:00,MCK,BUY,30,321.950012,322.271962012,9668.158860360,4.8340794301800,9.658500360,2022-06-02-0013,97609.6331633393950,1252.2421463393950,30
2022-06-02T09:30:00+00:00,MOS,BUY,12,59.369999,59.429368999,713.152427988,0.3565762139940,0.712439988,2022-06-02-0014,97618.3008269734010,538.7331421374010,164
2022-07-05T09:30:00+00:00,CF,SELL,4,82.519997,82.437477003,329.749908012,0.1648749540060,0.330079988,2022-07-05-0001,80781.6293354893950,868.3181751953950,98
2022-07-05T09:30:00+00:00,CVX,SELL,55,143.649994,143.506344006,7892.848920330,3.9464244601650,7.900749670,2022-07-05-0002,80769.7821613592300,8757.2206710652300,0
2022-07-05T09:30:00+00:00,DLTR,SELL,60,157.089996,156.932906004,9415.974360240,4.7079871801200,9.425399760,2022-07-05-0003,80755.6487744191100,18168.4870441251100,0
2022-07-05T09:30:00+00:00,FANG,SELL,64,117.250000,117.132750000,7496.496000000,3.7482480000000,7.504000000,2022-07-05-0004,80744.3965264191100,25661.2347961251100,0
2022-07-05T09:30:00+00:00,MCK,SELL,30,327.369995,327.042625005,9811.278750150,4.9056393750750,9.821099850,2022-07-05-0005,80729.6697871940350,35467.6079069000350,0
2022-07-05T09:30:00+00:00,OXY,SELL,4,59.060001,59.000940999,236.003763996,0.1180018819980,0.236240004,2022-07-05-0006,80721.2833851720370,35703.4936690140370,136
2022-07-05T09:30:00+00:00,APA,BUY,29,34.099998,34.134097998,989.888841942,0.4949444209710,0.988899942,2022-07-05-0007,80727.8471403370660,34713.1098826510660,236
2022-07-05T09:30:00+00:00,COP,BUY,5,89.349998,89.439347998,447.196739990,0.2235983699950,0.446749990,2022-07-05-0008,80735.2182917970710,34265.6895442910710,90
2022-07-05T09:30:00+00:00,DVN,BUY,22,53.419998,53.473417998,1176.415195956,0.5882075979780,1.175239956,2022-07-05-0009,80741.5212639410930,33088.6861407370930,151
2022-07-05T09:30:00+00:00,EOG,BUY,73,109.220001,109.329221001,7981.033133073,3.9905165665365,7.973060073,2022-07-05-0010,80737.5307473745565,25103.6624910975565,73
2022-07-05T09:30:00+00:00,HAL,BUY,266,30.309999,30.340308999,8070.522193734,4.0352610968670,8.062459734,2022-07-05-0011,80733.4954862776895,17029.1050362666895,266
2022-07-05T09:30:00+00:00,MOS,BUY,15,44.939999,44.984938999,674.774084985,0.3373870424925,0.674099985,2022-07-05-0012,80740.5282590711970,16353.9935642391970,179
2022-07-05T09:30:00+00:00,MPC,BUY,97,82.570000,82.652570000,8017.299290000,4.0086496450000,8.009290000,2022-07-05-0013,80736.5196094261970,8332.6856245941970,97
2022-07-05T09:30:00+00:00,VLO,BUY,76,105.239998,105.345237998,8006.238087848,4.0031190439240,7.998239848,2022-07-05-0014,80732.5164903822730,322.4444177022730,76
2022-08-02T09:30:00+00:00,CF,SELL,7,93.949997,93.856047003,656.992329021,0.3284961645105,0.657649979,2022-08-02-0001,86187.0081998317625,979.1082505587625,91
2022-08-02T09:30:00+00:00,DVN,SELL,11,61.320000,61.258680000,673.845480000,0.3369227400000,0.674520000,2022-08-02-0002,86177.4119570917625,1652.6168078187625,140
2022-08-02T09:30:00+00:00,HAL,SELL,266,28.240000,28.211760000,7504.328160000,3.7521640800000,7.511840000,2022-08-02-0003,86166.1479530117625,9153.1928037387625,0
2022-08-02T09:30:00+00:00,MOS,SELL,179,49.250000,49.200750000,8806.934250000,4.4034671250000,8.815750000,2022-08-02-0004,86152.9287358867625,17955.7235866137625,0
2022-08-02T09:30:00+00:00,MPC,SELL,97,90.849998,90.759148002,8803.637356194,4.4018186780970,8.812449806,2022-08-02-0005,86139.7144674026655,26754.9591241296655,0
2022-08-02T09:30:00+00:00,OXY,SELL,4,65.309998,65.244688002,260.978752008,0.1304893760040,0.261239992,2022-08-02-0006,86130.7018182986615,27015.8073867616615,132
2022-08-02T09:30:00+00:00,APA,BUY,3,35.950001,35.985951001,107.957853003,0.0539789265015,0.107850003,2022-08-02-0007,86139.1320396081600,26907.7955548321600,239
2022-08-02T09:30:00+00:00,EOG,BUY,6,107.919998,108.027917998,648.167507988,0.3240837539940,0.647519988,2022-08-02-0008,86146.6861157081660,26259.3039630901660,79
2022-08-02T09:30:00+00:00,FANG,BUY,69,124.650002,124.774652002,8609.450988138,4.3047254940690,8.600850138,2022-08-02-0009,86142.3813902140970,17645.5482494580970,69
2022-08-02T09:30:00+00:00,MCK,BUY,24,344.730011,345.074741011,8281.793784264,4.1408968921320,8.273520264,2022-08-02-0010,86138.2404933219650,9359.6135683019650,24
2022-08-02T09:30:00+00:00,VLO,BUY,1,111.370003,111.481373003,111.481373003,0.0557406865015,0.111370003,2022-08-02-0011,86146.6488728634635,9248.0764546124635,77
2022-08-02T09:30:00+00:00,XOM,BUY,90,94.690002,94.784692002,8530.622280180,4.2653111400900,8.522100180,2022-08-02-0012,86142.3835617233735,713.1888632923735,90
2022-09-02T09:30:00+00:00,CF,SELL,1,104.330002,104.225671998,104.225671998,0.0521128359990,0.104330002,2022-09-02-0001,93854.1227682743745,817.3624224543745,90
2022-09-02T09:30:00+00:00,COP,SELL,5,109.639999,109.530359001,547.651795005,0.2738258975025,0.548199995,2022-09-02-0002,93843.9813424668720,1364.7403915618720,85
2022-09-02T09:30:00+00:00,DVN,SELL,7,70.620003,70.549382997,493.845680979,0.2469228404895,0.494340021,2022-09-02-0003,93833.8476192063825,1858.3391497003825,133
2022-09-02T09:30:00+00:00,EOG,SELL,3,122.339996,122.217656004,366.652968012,0.1833264840060,0.367019988,2022-09-02-0004,93823.9994330383765,2224.8087912283765,76
2022-09-02T09:30:00+00:00,MCK,SELL,24,365.359985,364.994625015,8759.871000360,4.3799355001800,8.768639640,2022-09-02-0005,93810.8508578981965,10980.2998560881965,0
2022-09-02T09:30:00+00:00,DLTR,BUY,68,137.380005,137.517385005,9351.182180340,4.6755910901700,9.341840340,2022-09-02-0006,93806.1752668080265,1624.4420846580265,68
2022-09-02T09:30:00+00:00,VLO,BUY,5,113.400002,113.513402002,567.567010010,0.2837835050050,0.567000010,2022-09-02-0007,93814.6232834570215,1056.5912911430215,82
2022-09-02T09:30:00+00:00,XOM,BUY,7,96.349998,96.446347998,675.124435986,0.3375622179930,0.674449986,2022-09-02-0008,93822.9572210590285,381.1292929390285,97
2022-10-04T09:30:00+00:00,COP,SELL,3,112.470001,112.357530999,337.072592997,0.1685362964985,0.337410003,2022-10-04-0001,92567.7418875575300,718.0333496395300,82
2022-10-04T09:30:00+00:00,DLTR,SELL,68,142.470001,142.327530999,9678.272107932,4.8391360539660,9.687960068,2022-10-04-0002,92553.2147914355640,10391.4663215175640,0
2022-10-04T09:30:00+00:00,EOG,SELL,76,123.040001,122.916960999,9341.689035924,4.6708445179620,9.351040076,2022-10-04-0003,92539.1929068416020,19728.4845129236020,0
2022-10-04T09:30:00+00:00,FANG,SELL,69,133.490005,133.356514995,9201.599534655,4.6007997673275,9.210810345,2022-10-04-0004,92525.3812967292745,28925.4832478112745,0
2022-10-04T09:30:00+00:00,VLO,SELL,82,114.449997,114.335547003,9375.514854246,4.6877574271230,9.384899754,2022-10-04-0005,92511.3086395481515,38296.3103446301515,0
2022-10-04T09:30:00+00:00,DVN,BUY,4,67.070000,67.137070000,268.548280000,0.1342741400000,0.268280000,2022-10-04-0006,92520.0946754081515,38027.6277904901515,137
2022-10-04T09:30:00+00:00,ENPH,BUY,31,296.000000,296.296000000,9185.176000000,4.5925880000000,9.176000000,2022-10-04-0007,92515.5020874081515,28837.8592024901515,31
2022-10-04T09:30:00+00:00,EQT,BUY,215,42.869999,42.912868999,9226.266834785,4.6131334173925,9.217049785,2022-10-04-0008,92510.8889539907590,19606.9792342877590,215
2022-10-04T09:30:00+00:00,MCK,BUY,26,348.720001,349.068721001,9075.786746026,4.5378933730130,9.066720026,2022-10-04-0009,92506.3510606177460,10526.6545948887460,26
2022-10-04T09:30:00+00:00,OXY,BUY,9,65.160004,65.225164004,587.026476036,0.2935132380180,0.586440036,2022-10-04-0010,92514.6586679077280,9939.3346056147280,141
2022-10-04T09:30:00+00:00,VRTX,BUY,30,299.850006,300.149856006,9004.495680180,4.5022478400900,8.995500180,2022-10-04-0011,92510.1564200676380,930.3366775946380,30
2022-10-04T09:30:00+00:00,XOM,BUY,2,93.239998,93.333237998,186.666475996,0.0933332379980,0.186479996,2022-10-04-0012,92519.1073666356400,743.5768683606400,99
2022-11-02T09:30:00+00:00,APA,SELL,239,45.509998,45.464488002,10866.012632478,5.4330063162390,10.876889522,2022-11-02-0001,100770.4665165224010,11604.1564945224010,0
2022-11-02T09:30:00+00:00,COP,SELL,3,127.080002,126.952921998,380.858765994,0.1904293829970,0.381240006,2022-11-02-0002,100759.8555269754040,11984.8248311334040,79
2022-11-02T09:30:00+00:00,DVN,SELL,4,75.449997,75.374547003,301.498188012,0.1507490940060,0.301799988,2022-11-02-0003,100749.3681282923980,12286.1722700513980,133
2022-11-02T09:30:00+00:00,ENPH,SELL,31,300.000000,299.700000000,9290.700000000,4.6453500000000,9.300000000,2022-11-02-0004,100735.4227782923980,21572.2269200513980,0
2022-11-02T09:30:00+00:00,OXY,SELL,4,73.400002,73.326601998,293.306407992,0.1466532039960,0.293600008,2022-11-02-0005,100724.9267248064020,21865.3866748394020,137
2022-11-02T09:30:00+00:00,XOM,SELL,9,111.580002,111.468421998,1003.215797982,0.5016078989910,1.004220018,2022-11-02-0006,100713.3786967094110,22868.1008649224110,90
2022-11-02T09:30:00+00:00,CF,BUY,4,106.000000,106.106000000,424.424000000,0.2122120000000,0.424000000,2022-11-02-0007,100722.7064847094110,22443.4646529224110,94
2022-11-02T09:30:00+00:00,EQT,BUY,30,40.959999,41.000958999,1230.028769970,0.6150143849850,1.228799970,2022-11-02-0008,100730.8978701094260,21212.8208685674260,245
2022-11-02T09:30:00+00:00,MPC,BUY,84,119.080002,119.199082002,10012.722888168,5.0063614440840,10.002720168,2022-11-02-0009,100725.8915086653420,11195.0916189553420,84
2022-11-02T09:30:00+00:00,VLO,BUY,77,129.300003,129.429303003,9966.056331231,4.9830281656155,9.956100231,2022-11-02-0010,100720.9084804997265,1224.0522595587265,77
2022-11-02T09:30:00+00:00,VRTX,BUY,2,314.470001,314.784471001,629.568942002,0.3147844710010,0.628940002,2022-11-02-0011,100730.0277960587255,594.1685330857255,32
2022-12-02T09:30:00+00:00,EQT,SELL,4,40.779999,40.739219001,162.956876004,0.0814784380020,0.163119996,2022-12-02-0001,98398.4460348927235,757.0439306517235,241
2022-12-02T09:30:00+00:00,MCK,SELL,26,378.609985,378.231375015,9834.015750390,4.9170078751950,9.843859610,2022-12-02-0002,98383.6851674075285,10586.1426731665285,0
2022-12-02T09:30:00+00:00,MPC,SELL,2,119.639999,119.520359001,239.040718002,0.1195203590010,0.239279998,2022-12-02-0003,98373.5158871325275,10825.0638708095275,82
2022-12-02T09:30:00+00:00,VLO,SELL,3,131.570007,131.438436993,394.315310979,0.1971576554895,0.394710021,2022-12-02-0004,98363.1878389380380,11219.1820241330380,74
2022-12-02T09:30:00+00:00,VRTX,SELL,32,317.399994,317.082594006,10146.643008192,5.0733215040960,10.156799808,2022-12-02-0005,98347.9577176259420,21360.7517108209420,0
2022-12-02T09:30:00+00:00,APA,BUY,212,46.189999,46.236188999,9802.072067788,4.9010360338940,9.792279788,2022-12-02-0006,98343.0566815920480,11553.7786069990480,212
2022-12-02T09:30:00+00:00,COP,BUY,1,122.120003,122.242123003,122.242123003,0.0611210615015,0.122120003,2022-12-02-0007,98352.6430407675465,11431.4753629345465,80
2022-12-02T09:30:00+00:00,DVN,BUY,11,68.000000,68.068000000,748.748000000,0.3743740000000,0.748000000,2022-12-02-0008,98361.3126667675465,10682.3529889345465,144
2022-12-02T09:30:00+00:00,OXY,BUY,6,68.300003,68.368303003,410.209818018,0.2051049090090,0.409800018,2022-12-02-0009,98370.4646622695375,10271.9380660075375,143
2022-12-02T09:30:00+00:00,SLB,BUY,190,51.500000,51.551500000,9794.785000000,4.8973925000000,9.785000000,2022-12-02-0010,98365.5672697695375,472.2556735075375,190
2023-01-04T09:30:00+00:00,APA,SELL,7,42.410000,42.367590000,296.573130000,0.1482865650000,0.296870000,2023-01-04-0001,87113.5568519425375,768.6805169425375,205
2023-01-04T09:30:00+00:00,CF,SELL,94,81.620003,81.538382997,7664.608001718,3.8323040008590,7.672280282,2023-01-04-0002,87102.0522676596785,8429.4562146596785,0
2023-01-04T09:30:00+00:00,COP,SELL,2,111.220001,111.108780999,222.217561998,0.1111087809990,0.222440002,2023-01-04-0003,87093.0435587986795,8651.5626678766795,78
2023-01-04T09:30:00+00:00,DVN,SELL,144,56.880001,56.823120999,8182.529423856,4.0912647119280,8.190720144,2023-01-04-0004,87080.7615739427515,16830.0008270207515,0
2023-01-04T09:30:00+00:00,MPC,SELL,3,109.080002,108.970921998,326.912765994,0.1634563829970,0.327240006,2023-01-04-0005,87071.6535573957545,17156.7501366317545,79
2023-01-04T09:30:00+00:00,SLB,SELL,18,50.459999,50.409539001,907.371702018,0.4536858510090,0.908279982,2023-01-04-0006,87061.6124717347455,18063.6681527987455,172
2023-01-04T09:30:00+00:00,XOM,SELL,7,104.800003,104.695202997,732.866420979,0.3664332104895,0.733600021,2023-01-04-0007,87051.8140382542560,18796.1681405672560,83
2023-01-04T09:30:00+00:00,EQT,BUY,33,31.660000,31.691660000,1045.824780000,0.5229123900000,1.044780000,2023-01-04-0008,87058.9211858642560,17749.8204481772560,274
2023-01-04T09:30:00+00:00,FSLR,BUY,59,146.649994,146.796643994,8661.001995646,4.3305009978230,8.652349646,2023-01-04-0009,87054.5906848664330,9084.4879515334330,59
2023-01-04T09:30:00+00:00,OXY,BUY,2,59.939999,59.999938999,119.999877998,0.0599999389990,0.119879998,2023-01-04-0010,87063.1021047844340,8964.4280735964340,145
2023-01-04T09:30:00+00:00,STLD,BUY,91,94.940002,95.034942002,8648.179722182,4.3240898610910,8.639540182,2023-01-04-0011,87058.7780149233430,311.9242615533430,91
2023-02-02T09:30:00+00:00,APA,SELL,205,43.160000,43.116840000,8838.952200000,4.4194761000000,8.847800000,2023-02-02-0001,96478.0161454533430,9146.4569854533430,0
2023-02-02T09:30:00+00:00,COP,SELL,78,113.489998,113.376508002,8843.367624156,4.4216838120780,8.852219844,2023-02-02-0002,96464.7422417972650,17985.4029257972650,0
2023-02-02T09:30:00+00:00,FSLR,SELL,5,177.759995,177.582235005,887.911175025,0.4439555875125,0.888799975,2023-02-02-0003,96453.8104465047525,18872.8701452347525,54
2023-02-02T09:30:00+00:00,SLB,SELL,172,55.259998,55.204738002,9495.214936344,4.7476074681720,9.504719656,2023-02-02-0004,96439.5581193805805,28363.3374741105805,0
2023-02-02T09:30:00+00:00,STLD,SELL,14,125.309998,125.184688002,1752.585632028,0.8762928160140,1.754339972,2023-02-02-0005,96427.2786167465665,30115.0468133225665,77
2023-02-02T09:30:00+00:00,VLO,SELL,3,135.250000,135.114750000,405.344250000,0.2026721250000,0.405750000,2023-02-02-0006,96417.0674446215665,30520.1883911975665,71
2023-02-02T09:30:00+00:00,XOM,SELL,83,114.849998,114.735148002,9523.017284166,4.7615086420830,9.532549834,2023-02-02-0007,96402.7733861454835,40038.4441667214835,0
2023-02-02T09:30:00+00:00,CAH,BUY,124,77.250000,77.327250000,9588.579000000,4.7942895000000,9.579000000,2023-02-02-0008,96397.9790966454835,30445.0708772214835,124
2023-02-02T09:30:00+00:00,CEG,BUY,112,85.480003,85.565483003,9583.334096336,4.7916670481680,9.573760336,2023-02-02-0009,96393.1874295973155,20856.9451138373155,112
2023-02-02T09:30:00+00:00,ENPH,BUY,41,232.699997,232.932696997,9550.240576877,4.7751202884385,9.540699877,2023-02-02-0010,96388.4123093088770,11301.9294166718770,41
2023-02-02T09:30:00+00:00,EQT,BUY,30,31.670000,31.701670000,951.050100000,0.4755250500000,0.950100000,2023-02-02-0011,96396.6143642588770,10350.4037916218770,304
2023-02-02T09:30:00+00:00,LLY,BUY,28,334.000000,334.334000000,9361.352000000,4.6806760000000,9.352000000,2023-02-02-0012,96391.9336882588770,984.3711156218770,28
2023-02-02T09:30:00+00:00,OXY,BUY,7,63.220001,63.283221001,442.982547007,0.2214912735035,0.442540007,2023-02-02-0013,96400.8790971303735,541.1670773413735,152
2023-03-02T09:30:00+00:00,ENPH,SELL,41,209.339996,209.130656004,8574.356896164,4.2871784480820,8.582939836,2023-03-02-0001,95145.7570270572915,9111.2367950572915,0
2023-03-02T09:30:00+00:00,EQT,SELL,304,33.230000,33.196770000,10091.818080000,5.0459090400000,10.101920000,2023-03-02-0002,95130.6091980172915,19198.0089660172915,0
2023-03-02T09:30:00+00:00,FSLR,SELL,6,195.729996,195.534266004,1173.205596024,0.5866027980120,1.174379976,2023-03-02-0003,95119.4531754352795,20370.6279592432795,48
2023-03-02T09:30:00+00:00,LLY,SELL,28,311.790009,311.478218991,8721.390131748,4.3606950658740,8.730120252,2023-03-02-0004,95106.3623601174055,29087.6573959254055,0
2023-03-02T09:30:00+00:00,MPC,SELL,5,128.710007,128.581296993,642.906484965,0.3214532424825,0.643550035,2023-03-02-0005,95095.8728163219230,29730.2424276479230,74
2023-03-02T09:30:00+00:00,STLD,SELL,3,128.389999,128.261609001,384.784827003,0.1923924135015,0.385169997,2023-03-02-0006,95085.7943939854215,30114.8348622374215,74
2023-03-02T09:30:00+00:00,VLO,SELL,3,138.500000,138.361500000,415.084500000,0.2075422500000,0.415500000,2023-03-02-0007,95075.7533517354215,30529.7118199874215,68
2023-03-02T09:30:00+00:00,CEG,BUY,16,74.129997,74.204126997,1187.266031952,0.5936330159760,1.186079952,2023-03-02-0008,95083.4622783834455,29341.8521550194455,128
2023-03-02T09:30:00+00:00,EPAM,BUY,31,305.000000,305.305000000,9464.455000000,4.7322275000000,9.455000000,2023-03-02-0009,95078.7300508834455,19872.6649275194455,31
2023-03-02T09:30:00+00:00,LW,BUY,93,101.180000,101.281180000,9419.149740000,4.7095748700000,9.409740000,2023-03-02-0010,95074.0204760134455,10448.8056126494455,93
2023-03-02T09:30:00+00:00,OXY,BUY,8,59.400002,59.459402002,475.675216016,0.2378376080080,0.475200016,2023-03-02-0011,95082.8114387094375,9972.8925590254375,160
2023-03-02T09:30:00+00:00,XOM,BUY,85,110.620003,110.730623003,9412.102955255,4.7060514776275,9.402700255,2023-03-02-0012,95078.1053872318100,556.0835522928100,85
2023-04-04T09:30:00+00:00,CAH,SELL,124,76.709999,76.633289001,9502.527836124,4.7512639180620,9.512039876,2023-04-04-0001,96749.4110034987480,10053.8601244987480,0
2023-04-04T09:30:00+00:00,CEG,SELL,2,76.669998,76.593328002,153.186656004,0.0765933280020,0.153339996,2023-04-04-0002,96739.5206504267460,10206.9701871747460,126
2023-04-04T09:30:00+00:00,EPAM,SELL,31,298.910004,298.611093996,9256.943913876,4.6284719569380,9.266210124,2023-04-04-0003,96725.6259683458080,19459.2856290938080,0
2023-04-04T09:30:00+00:00,FSLR,SELL,2,207.320007,207.112686993,414.225373986,0.2071126869930,0.414640014,2023-04-04-0004,96715.4674953228150,19873.3038903928150,46
2023-04-04T09:30:00+00:00,MPC,SELL,2,134.279999,134.145719001,268.291438002,0.1341457190010,0.268559998,2023-04-04-0005,96705.3966296778140,20141.4611826758140,72
2023-04-04T09:30:00+00:00,OXY,SELL,160,65.830002,65.764171998,10522.267519680,5.2611337598400,10.532800320,2023-04-04-0006,96689.6026955979740,30658.4675685959740,0
2023-04-04T09:30:00+00:00,XOM,SELL,85,116.260002,116.143741998,9872.218069830,4.9361090349150,9.882100170,2023-04-04-0007,96674.7844863930590,40525.7495293910590,0
2023-04-04T09:30:00+00:00,ACGL,BUY,140,68.650002,68.718652002,9620.611280280,4.8103056401400,9.611000280,2023-04-04-0008,96669.9741807529190,30900.3279434709190,140
2023-04-04T09:30:00+00:00,FICO,BUY,14,689.080017,689.769097017,9656.767358238,4.8283836791190,9.647120238,2023-04-04-0009,96665.1457970738000,21238.7322015538000,14
2023-04-04T09:30:00+00:00,LVS,BUY,166,58.119999,58.178118999,9657.567753834,4.8287838769170,9.647919834,2023-04-04-0010,96660.3170131968830,11576.3356638428830,166
2023-04-04T09:30:00+00:00,STLD,BUY,12,112.330002,112.442332002,1349.307984024,0.6746539920120,1.347960024,2023-04-04-0011,96667.9547793528710,10226.3530258268710,86
2023-04-04T09:30:00+00:00,VLO,BUY,2,136.550003,136.686553003,273.373106006,0.1366865530030,0.273100006,2023-04-04-0012,96677.1034930038680,9952.8432332678680,70
2023-04-04T09:30:00+00:00,WYNN,BUY,85,112.800003,112.912803003,9597.588255255,4.7987941276275,9.588000255,2023-04-04-0013,96672.3046988762405,350.4561838852405,85
2023-05-02T09:30:00+00:00,ACGL,SELL,13,75.410004,75.334593996,979.349721948,0.4896748609740,0.980330052,2023-05-02-0001,95924.1102404642665,1329.3162309722665,127
2023-05-02T09:30:00+00:00,CEG,SELL,126,76.730003,76.653272997,9658.312397622,4.8291561988110,9.667980378,2023-05-02-0002,95909.6131038874555,10982.7994723954555,0
2023-05-02T09:30:00+00:00,FICO,SELL,2,749.440002,748.690561998,1497.381123996,0.7486905619980,1.498880004,2023-05-02-0003,95898.3722532974575,12479.4319058294575,12
2023-05-02T09:30:00+00:00,LVS,SELL,17,64.400002,64.335601998,1093.705233966,0.5468526169830,1.094800034,2023-05-02-0004,95887.1350003484745,13572.5902871784745,149
2023-05-02T09:30:00+00:00,LW,SELL,8,112.000000,111.888000000,895.104000000,0.4475520000000,0.896000000,2023-05-02-0005,95876.2714483484745,14467.2467351784745,85
2023-05-02T09:30:00+00:00,STLD,SELL,86,103.769997,103.666227003,8915.295522258,4.4576477611290,8.924219742,2023-05-02-0006,95862.8895808453455,23378.0846096753455,0
2023-05-02T09:30:00+00:00,VLO,SELL,70,114.180000,114.065820000,7984.607400000,3.9923037000000,7.992600000,2023-05-02-0007,95850.9046771453455,31358.6997059753455,0
2023-05-02T09:30:00+00:00,WYNN,SELL,2,114.820000,114.705180000,229.410360000,0.1147051800000,0.229640000,2023-05-02-0008,95841.0302719653455,31587.9953607953455,83
2023-05-02T09:30:00+00:00,FSLR,BUY,7,180.440002,180.620442002,1264.343094014,0.6321715470070,1.263080014,2023-05-02-0009,95848.6983405103385,30323.0200952343385,53
2023-05-02T09:30:00+00:00,GE,BUY,119,80.295288,80.375583288,9564.694411272,4.7823472056360,9.555139272,2023-05-02-0010,95843.9159933047025,20753.5433367567025,119
2023-05-02T09:30:00+00:00,MPC,BUY,6,122.000000,122.122000000,732.732000000,0.3663660000000,0.732000000,2023-05-02-0011,95852.3336273047025,20020.4449707567025,78
2023-05-02T09:30:00+00:00,NFLX,BUY,294,32.500000,32.532500000,9564.555000000,4.7822775000000,9.555000000,2023-05-02-0012,95847.5513498047025,10451.1076932567025,294
2023-05-02T09:30:00+00:00,ON,BUY,120,79.379997,79.459376997,9535.125239640,4.7675626198200,9.525599640,2023-05-02-0013,95842.7837871848825,911.2148909968825,120
2023-06-02T09:30:00+00:00,FSLR,SELL,7,211.759995,211.548235005,1480.837645035,0.7404188225175,1.482319965,2023-06-02-0001,97724.9999824393650,2391.3121172093650,46
2023-06-02T09:30:00+00:00,GE,SELL,3,84.197922,84.113724078,252.341172234,0.1261705861170,0.252593766,2023-06-02-0002,97714.8542591352480,2643.5271188572480,116
2023-06-02T09:30:00+00:00,MPC,SELL,78,107.940002,107.832061998,8410.900835844,4.2054504179220,8.419320156,2023-06-02-0003,97702.2294885613260,11050.2225042833260,0
2023-06-02T09:30:00+00:00,NFLX,SELL,52,40.289001,40.248711999,2092.933023948,1.0464665119740,2.095028052,2023-06-02-0004,97689.3380557553520,13142.1090617193520,242
2023-06-02T09:30:00+00:00,ON,SELL,120,88.800003,88.711202997,10645.344359640,5.3226721798200,10.656000360,2023-06-02-0005,97673.3593832155320,23782.1307491795320,0
2023-06-02T09:30:00+00:00,ACGL,BUY,12,70.169998,70.240167998,842.882015976,0.4214410079880,0.842039976,2023-06-02-0006,97681.8495319535440,22938.8272921955440,139
2023-06-02T09:30:00+00:00,AXON,BUY,50,193.339996,193.533335996,9676.666799800,4.8383333999000,9.666999800,2023-06-02-0007,97677.0111985536440,13257.3221589956440,50
2023-06-02T09:30:00+00:00,DXCM,BUY,81,120.000000,120.120000000,9729.720000000,4.8648600000000,9.720000000,2023-06-02-0008,97672.1463385536440,3522.7372989956440,81
2023-06-02T09:30:00+00:00,LVS,BUY,21,57.250000,57.307250000,1203.452250000,0.6017261250000,1.202250000,2023-06-02-0009,97680.0748624286440,2318.6833228706440,170
2023-06-02T09:30:00+00:00,LW,BUY,1,112.589996,112.702585996,112.702585996,0.0563512929980,0.112589996,2023-06-02-0010,97689.5886607956460,2205.9243855816460,86
2023-06-02T09:30:00+00:00,WYNN,BUY,16,97.959999,98.057958999,1568.927343984,0.7844636719920,1.567359984,2023-06-02-0011,97696.9348770406540,636.2125779256540,99
2023-07-05T09:30:00+00:00,ACGL,SELL,139,73.379997,73.306617003,10189.619763417,5.0948098817085,10.199819583,2023-07-05-0001,100035.6910894609455,10820.7375314609455,0
2023-07-05T09:30:00+00:00,DXCM,SELL,81,126.580002,126.453421998,10242.727181838,5.1213635909190,10.252980162,2023-07-05-0002,100020.3167457080265,21058.3433497080265,0
2023-07-05T09:30:00+00:00,LVS,SELL,170,58.090000,58.031910000,9865.424700000,4.9327123500000,9.875300000,2023-07-05-0003,100005.5087333580265,30918.8353373580265,0
2023-07-05T09:30:00+00:00,LW,SELL,86,114.639999,114.525359001,9849.180874086,4.9245904370430,9.859039914,2023-07-05-0004,99990.7251030069835,40763.0916210069835,0
2023-07-05T09:30:00+00:00,NFLX,SELL,17,44.491001,44.446509999,755.590669983,0.3777953349915,0.756347017,2023-07-05-0005,99979.5804854299920,41518.3044956549920,225
2023-07-05T09:30:00+00:00,WYNN,SELL,99,105.400002,105.294601998,10424.165597802,5.2120827989010,10.434600198,2023-07-05-0006,99963.9338024330910,51937.2580106580910,0
2023-07-05T09:30:00+00:00,ANET,BUY,252,39.555000,39.594555000,9977.827860000,4.9889139300000,9.967860000,2023-07-05-0007,99958.9448885030910,41954.4412367280910,252
2023-07-05T09:30:00+00:00,AXON,BUY,1,193.309998,193.503307998,193.503307998,0.0967516539990,0.193309998,2023-07-05-0008,99968.5136367490920,41760.8411770760920,51
2023-07-05T09:30:00+00:00,FSLR,BUY,5,192.630005,192.822635005,964.113175025,0.4820565875125,0.963150025,2023-07-05-0009,99976.8925603915795,40796.2459454635795,51
2023-07-05T09:30:00+00:00,NVDA,BUY,237,42.134998,42.177132998,9995.980520526,4.9979902602630,9.985994526,2023-07-05-0010,99971.8945701313165,30795.2674346773165,237
2023-07-05T09:30:00+00:00,ON,BUY,104,95.510002,95.605512002,9942.973248208,4.9714866241040,9.933040208,2023-07-05-0011,99966.9230835072125,20847.3226998452125,104
2023-07-05T09:30:00+00:00,PHM,BUY,127,78.110001,78.188111001,9929.890097127,4.9649450485635,9.919970127,2023-07-05-0012,99961.9581384586490,10912.4676576696490,127
2023-07-05T09:30:00+00:00,RCL,BUY,97,102.699997,102.802696997,9971.861608709,4.9859308043545,9.961899709,2023-07-05-0013,99956.9722076542945,935.6201181562945,97
2023-08-02T09:30:00+00:00,ANET,SELL,252,45.777500,45.731722500,11524.394070000,5.7621970350000,11.535930000,2023-08-02-0001,104954.9799871212945,12454.2519911212945,0
2023-08-02T09:30:00+00:00,FICO,SELL,12,821.210022,820.388811978,9844.665743736,4.9223328718680,9.854520264,2023-08-02-0002,104940.2031339854265,22293.9954019854265,0
2023-08-02T09:30:00+00:00,NVDA,SELL,8,45.831001,45.785169999,366.281359992,0.1831406799960,0.366648008,2023-08-02-0003,104929.1580460684305,22660.0936212974305,229
2023-08-02T09:30:00+00:00,ON,SELL,104,106.889999,106.783109001,11105.443336104,5.5527216680520,11.116559896,2023-08-02-0004,104912.4887645043785,33759.9842357333785,0
2023-08-02T09:30:00+00:00,PHM,SELL,2,83.970001,83.886030999,167.772061998,0.0838860309990,0.167940002,2023-08-02-0005,104901.7406883463795,33927.6724117003795,125
2023-08-02T09:30:00+00:00,AXON,BUY,6,181.940002,182.121942002,1092.731652012,0.5463658260060,1.091640012,2023-08-02-0006,104910.4732626223735,32834.3943938623735,57
2023-08-02T09:30:00+00:00,CCL,BUY,595,17.620001,17.637621001,10494.384495595,5.2471922477975,10.483900595,2023-08-02-0007,104905.2260703745760,22334.7627060195760,595
2023-08-02T09:30:00+00:00,FSLR,BUY,1,198.880005,199.078885005,199.078885005,0.0995394425025,0.198880005,2023-08-02-0008,104915.2694111870735,22135.5842815720735,52
2023-08-02T09:30:00+00:00,META,BUY,32,318.000000,318.318000000,10186.176000000,5.0930880000000,10.176000000,2023-08-02-0009,104910.1763231870735,11944.3151935720735,32
2023-08-02T09:30:00+00:00,NCLH,BUY,559,18.750000,18.768750000,10491.731250000,5.2458656250000,10.481250000,2023-08-02-0010,104904.9304575620735,1447.3380779470735,559
2023-08-02T09:30:00+00:00,NFLX,BUY,15,43.522999,43.566521999,653.497829985,0.3267489149925,0.652844985,2023-08-02-0011,104914.3963834220810,793.5134990470810,240
2023-08-02T09:30:00+00:00,RCL,BUY,1,106.500000,106.606500000,106.606500000,0.0533032500000,0.106500000,2023-08-02-0012,104924.6735801720810,686.8536957970810,98
2023-09-05T09:30:00+00:00,AXON,SELL,57,214.500000,214.285500000,12214.273500000,6.1071367500000,12.226500000,2023-09-05-0001,102294.6678950470810,12895.0200590470810,0
2023-09-05T09:30:00+00:00,FSLR,SELL,52,183.899994,183.716094006,9553.236888312,4.7766184441560,9.562799688,2023-09-05-0002,102280.3284769149250,22443.4803289149250,0
2023-09-05T09:30:00+00:00,GE,SELL,4,90.734238,90.643503762,362.574015048,0.1812870075240,0.362936952,2023-09-05-0003,102269.6220182994010,22805.8730569554010,112
2023-09-05T09:30:00+00:00,NCLH,SELL,559,16.320000,16.303680000,9113.757120000,4.5568785600000,9.122880000,2023-09-05-0004,102255.9422597394010,31915.0732983954010,0
2023-09-05T09:30:00+00:00,NFLX,SELL,7,43.839001,43.795161999,306.566133993,0.1532830669965,0.306873007,2023-09-05-0005,102245.2676164324045,32221.4861493214045,233
2023-09-05T09:30:00+00:00,NVDA,SELL,17,48.223000,48.174777000,818.971209000,0.4094856045000,0.819791000,2023-09-05-0006,102233.8150638279045,33040.0478727169045,212
2023-09-05T09:30:00+00:00,AVGO,BUY,117,86.950996,87.037946996,10183.439798532,5.0917198992660,10.173266532,2023-09-05-0007,102228.7233439286385,22851.5163542856385,117
2023-09-05T09:30:00+00:00,CCL,BUY,61,15.570000,15.585570000,950.719770000,0.4753598850000,0.949770000,2023-09-05-0008,102237.5121340436385,21900.3212244006385,656
2023-09-05T09:30:00+00:00,FICO,BUY,11,889.479980,890.369459980,9794.064059780,4.8970320298900,9.784279780,2023-09-05-0009,102232.6151020137485,12101.3601325907485,11
2023-09-05T09:30:00+00:00,META,BUY,2,297.019989,297.317008989,594.634017978,0.2973170089890,0.594039978,2023-09-05-0010,102241.8224246527595,11506.4287976037595,34
2023-09-05T09:30:00+00:00,RCL,BUY,6,97.709999,97.807708999,586.846253994,0.2934231269970,0.586259994,2023-09-05-0011,102251.1045814277625,10919.2891204827625,104
2023-09-05T09:30:00+00:00,WYNN,BUY,101,100.459999,100.560458999,10156.606358899,5.0783031794495,10.146459899,2023-09-05-0012,102246.0262782483130,757.6044584043130,101
2023-10-03T09:30:00+00:00,AVGO,SELL,3,82.699997,82.617297003,247.851891009,0.1239259455045,0.248099991,2023-10-03-0001,94711.9848128098085,1005.3324234678085,114
2023-10-03T09:30:00+00:00,CCL,SELL,656,13.370000,13.356630000,8761.949280000,4.3809746400000,8.770720000,2023-10-03-0002,94698.8331181698085,9762.9007288278085,0
2023-10-03T09:30:00+00:00,GE,SELL,3,86.440544,86.354103456,259.062310368,0.1295311551840,0.259321632,2023-10-03-0003,94689.0222460866245,10021.8335080406245,109
2023-10-03T09:30:00+00:00,META,SELL,3,304.260010,303.955749990,911.867249970,0.4559336249850,0.912780030,2023-10-03-0004,94678.2214721216395,10933.2448243856395,31
2023-10-03T09:30:00+00:00,NFLX,SELL,233,37.710999,37.673288001,8777.876104233,4.3889380521165,8.786662767,2023-10-03-0005,94665.0458713025230,19706.7319905665230,0
2023-10-03T09:30:00+00:00,WYNN,SELL,101,91.650002,91.558351998,9247.393551798,4.6236967758990,9.256650202,2023-10-03-0006,94651.1655243246240,28949.5018455886240,0
2023-10-03T09:30:00+00:00,ADBE,BUY,18,517.520020,518.037540020,9324.675720360,4.6623378601800,9.315360360,2023-10-03-0007,94646.5031864644440,19620.1637873684440,18
2023-10-03T09:30:00+00:00,LRCX,BUY,150,63.007999,63.071006999,9460.651049850,4.7303255249250,9.451199850,2023-10-03-0008,94641.7728609395190,10154.7824119935190,150
2023-10-03T09:30:00+00:00,ORCL,BUY,88,106.419998,106.526417998,9374.324783824,4.6871623919120,9.364959824,2023-10-03-0009,94637.0856985476070,775.7704657776070,88
2023-10-03T09:30:00+00:00,PHM,BUY,5,72.480003,72.552483003,362.762415015,0.1813812075075,0.362400015,2023-10-03-0010,94645.9643177150995,412.8266695550995,130
2023-11-02T09:30:00+00:00,ADBE,SELL,18,550.440002,549.889561998,9898.012115964,4.9490060579820,9.907920036,2023-11-02-0001,96358.8388374611175,10305.8897794611175,0
2023-11-02T09:30:00+00:00,AVGO,SELL,3,86.199997,86.113797003,258.341391009,0.1291706955045,0.258599991,2023-11-02-0002,96348.8828671076130,10564.1019997746130,111
2023-11-02T09:30:00+00:00,LRCX,SELL,150,62.250000,62.187750000,9328.162500000,4.6640812500000,9.337500000,2023-11-02-0003,96334.8812858576130,19887.6004185246130,0
2023-11-02T09:30:00+00:00,META,SELL,1,317.299988,316.982688012,316.982688012,0.1584913440060,0.317299988,2023-11-02-0004,96324.8864948856070,20204.4246151926070,30
2023-11-02T09:30:00+00:00,ORCL,SELL,88,106.449997,106.343547003,9358.232136264,4.6791160681320,9.367599736,2023-11-02-0005,96310.8397790814750,29557.9776353884750,0
2023-11-02T09:30:00+00:00,PHM,SELL,9,79.309998,79.230688002,713.076192018,0.3565380960090,0.713789982,2023-11-02-0006,96300.1729412454660,30270.6972893104660,121
2023-11-02T09:30:00+00:00,AMD,BUY,89,107.959999,108.067958999,9618.048350911,4.8090241754555,9.608439911,2023-11-02-0007,96295.3639170700105,20647.8399142240105,89
2023-11-02T09:30:00+00:00,BKNG,BUY,85,112.280403,112.392683403,9553.378089255,4.7766890446275,9.543834255,2023-11-02-0008,96290.5872280253830,11089.6851359243830,85
2023-11-02T09:30:00+00:00,FDX,BUY,48,197.598709,197.796307709,9494.222770032,4.7471113850160,9.484738032,2023-11-02-0009,96285.8401166403670,1590.7152545073670,48
2023-11-02T09:30:00+00:00,NVDA,BUY,10,43.327999,43.371326999,433.713269990,0.2168566349950,0.433279990,2023-11-02-0010,96294.8087957933720,1156.7851278823720,222
2023-11-02T09:30:00+00:00,RCL,BUY,6,86.930000,87.016930000,522.101580000,0.2610507900000,0.521580000,2023-11-02-0011,96303.5884650033720,634.4224970923720,110
2023-12-04T09:30:00+00:00,AMD,SELL,89,119.750000,119.630250000,10647.092250000,5.3235461250000,10.657750000,2023-12-04-0001,108119.2132609673720,11276.1912009673720,0
2023-12-04T09:30:00+00:00,BKNG,SELL,85,125.897202,125.771304798,10690.560907830,5.3452804539150,10.701262170,2023-12-04-0002,108103.1667183434570,21961.4068283434570,0
2023-12-04T09:30:00+00:00,FDX,SELL,48,211.627716,211.416088284,10147.972237632,5.0739861188160,10.158130368,2023-12-04-0003,108087.9346018566410,32104.3050798566410,0
2023-12-04T09:30:00+00:00,FICO,SELL,11,1120.000000,1118.880000000,12307.680000000,6.1538400000000,12.320000000,2023-12-04-0004,108069.4607618566410,44405.8312398566410,0
2023-12-04T09:30:00+00:00,PHM,SELL,2,90.230003,90.139772997,180.279545994,0.0901397729970,0.180460006,2023-12-04-0005,108058.4527917206440,44586.0206460776440,119
2023-12-04T09:30:00+00:00,RCL,SELL,110,110.750000,110.639250000,12170.317500000,6.0851587500000,12.182500000,2023-12-04-0006,108040.1851329706440,56750.2529873276440,0
2023-12-04T09:30:00+00:00,ACGL,BUY,130,82.570000,82.652570000,10744.834100000,5.3724170500000,10.734100000,2023-12-04-0007,108034.8127159206440,46000.0464702776440,130
2023-12-04T09:30:00+00:00,ADBE,BUY,17,604.909973,605.514882973,10293.753010541,5.1468765052705,10.283469541,2023-12-04-0008,108029.6658394153735,35701.1465832313735,17
2023-12-04T09:30:00+00:00,ANET,BUY,202,53.290001,53.343291001,10775.344782202,5.3876723911010,10.764580202,2023-12-04-0009,108024.2781670242725,24920.4141286382725,202
2023-12-04T09:30:00+00:00,AVGO,BUY,6,92.064003,92.156067003,552.936402018,0.2764682010090,0.552384018,2023-12-04-0010,108034.2208031562635,24367.2012584192635,117
2023-12-04T09:30:00+00:00,GE,BUY,2,97.214684,97.311898684,194.623797368,0.0973118986840,0.194429368,2023-12-04-0011,108044.7198918135795,24172.4801491525795,111
2023-12-04T09:30:00+00:00,LLY,BUY,18,582.130005,582.712135005,10488.818430090,5.2444092150450,10.478340090,2023-12-04-0012,108039.4754825985345,13678.4173098475345,18
2023-12-04T09:30:00+00:00,META,BUY,4,317.290009,317.607299009,1270.429196036,0.6352145980180,1.269160036,2023-12-04-0013,108048.3589682705165,12407.3528992135165,34
2023-12-04T09:30:00+00:00,NVDA,BUY,12,46.077000,46.123077000,553.476924000,0.2767384620000,0.552924000,2023-12-04-0014,108058.3113238085165,11853.5992367515165,234
2023-12-04T09:30:00+00:00,PANW,BUY,73,147.119995,147.267114995,10750.499394635,5.3752496973175,10.739759635,2023-12-04-0015,108052.9360741111990,1097.7245924191990,73
2024-01-03T09:30:00+00:00,ACGL,SELL,130,75.910004,75.834093996,9858.432219480,4.9292161097400,9.868300520,2024-01-03-0001,111842.8324577894590,10951.2275957894590,0
2024-01-03T09:30:00+00:00,ADBE,SELL,17,574.580017,574.005436983,9758.092428711,4.8790462143555,9.767860289,2024-01-03-0002,111828.1855512861035,20704.4409782861035,0
2024-01-03T09:30:00+00:00,ANET,SELL,202,57.360001,57.302640999,11575.133481798,5.7875667408990,11.586720202,2024-01-03-0003,111810.8112643432045,32273.7868933432045,0
2024-01-03T09:30:00+00:00,AVGO,SELL,117,107.019997,106.912977003,12508.818309351,6.2544091546755,12.521339649,2024-01-03-0004,111792.0355155395290,44776.3507935395290,0
2024-01-03T09:30:00+00:00,GE,SELL,111,99.856346,99.756489654,11072.970351594,5.5364851757970,11.084054406,2024-01-03-0005,111775.4149759577320,55843.7846599577320,0
2024-01-03T09:30:00+00:00,LLY,SELL,18,600.000000,599.400000000,10789.200000000,5.3946000000000,10.800000000,2024-01-03-0006,111759.2203759577320,66627.5900599577320,0
2024-01-03T09:30:00+00:00,META,SELL,2,344.980011,344.635030989,689.270061978,0.3446350309890,0.689960022,2024-01-03-0007,111747.1464205527430,67316.5154869047430,32
2024-01-03T09:30:00+00:00,PHM,SELL,8,100.000000,99.900000000,799.200000000,0.3996000000000,0.800000000,2024-01-03-0008,111734.8468205527430,68115.3158869047430,111
2024-01-03T09:30:00+00:00,AMD,BUY,82,135.710007,135.845717007,11139.348794574,5.5696743972870,11.128220574,2024-01-03-0009,111729.2771461554560,56970.3974179334560,82
2024-01-03T09:30:00+00:00,BLDR,BUY,68,161.970001,162.131971001,11024.974028068,5.5124870140340,11.013960068,2024-01-03-0010,111723.7646591414220,45939.9109028514220,68
2024-01-03T09:30:00+00:00,CRM,BUY,44,253.500000,253.753500000,11165.154000000,5.5825770000000,11.154000000,2024-01-03-0011,111718.1820821414220,34769.1743258514220,44
2024-01-03T09:30:00+00:00,PANW,BUY,5,142.339996,142.482335996,712.411679980,0.3562058399900,0.711699980,2024-01-03-0012,111728.2166960094320,34056.4064400314320,78
2024-01-03T09:30:00+00:00,RCL,BUY,95,117.599998,117.717597998,11183.171809810,5.5915859049050,11.171999810,2024-01-03-0013,111722.6251101045270,22867.6430443165270,95
2024-01-03T09:30:00+00:00,TSLA,BUY,45,244.979996,245.224975996,11035.123919820,5.5175619599100,11.024099820,2024-01-03-0014,111717.1075481446170,11827.0015625366170,45
2024-01-03T09:30:00+00:00,UBER,BUY,194,57.480000,57.537480000,11162.271120000,5.5811355600000,11.151120000,2024-01-03-0015,111711.5264125846170,659.1493069766170,194
2024-02-02T09:30:00+00:00,AMD,SELL,9,173.789993,173.616203007,1562.545827063,0.7812729135315,1.564109937,2024-02-02-0001,127250.8435256370855,2220.9138611260855,73
2024-02-02T09:30:00+00:00,CRM,SELL,44,285.200012,284.914811988,12536.251727472,6.2681258637360,12.548800528,2024-02-02-0002,127232.0265992453495,14750.8974627343495,0
2024-02-02T09:30:00+00:00,META,SELL,5,459.600006,459.140405994,2295.702029970,1.1478510149850,2.298000030,2024-02-02-0003,127216.1715480383645,17045.4516416893645,27
2024-02-02T09:30:00+00:00,NVDA,SELL,35,63.973999,63.910025001,2236.850875035,1.1184254375175,2.239089965,2024-02-02-0004,127200.0832068348470,19281.1840912868470,199
2024-02-02T09:30:00+00:00,PANW,SELL,3,169.779999,169.610219001,508.830657003,0.2544153285015,0.509339997,2024-02-02-0005,127186.5859515843455,19789.7603329613455,75
2024-02-02T09:30:00+00:00,TSLA,SELL,45,185.039993,184.854953007,8318.472885315,4.1592364426575,8.326799685,2024-02-02-0006,127174.0999154566880,28104.0739818336880,0
2024-02-02T09:30:00+00:00,UBER,SELL,4,66.980003,66.913022997,267.652091988,0.1338260459940,0.267920012,2024-02-02-0007,127160.9719688286940,28371.5922477756940,190
2024-02-02T09:30:00+00:00,ANET,BUY,185,68.660004,68.728664004,12714.802840740,6.3574014203700,12.702100740,2024-02-02-0008,127154.6145674083240,15650.4320056153240,185
2024-02-02T09:30:00+00:00,AVGO,BUY,105,120.875000,120.995875000,12704.566875000,6.3522834375000,12.691875000,2024-02-02-0009,127148.2622839708240,2939.5128471778240,105
2024-02-02T09:30:00+00:00,BLDR,BUY,4,175.639999,175.815638999,703.262555996,0.3516312779980,0.702559996,2024-02-02-0010,127159.8541726248260,2235.8986599038260,72
2024-02-02T09:30:00+00:00,PHM,BUY,10,104.800003,104.904803003,1049.048030030,0.5245240150150,1.048000030,2024-02-02-0011,127170.9624489428110,1186.3261058588110,121
2024-02-02T09:30:00+00:00,RCL,BUY,5,126.209999,126.336208999,631.681044995,0.3158405224975,0.631049995,2024-02-02-0012,127182.6365583253135,554.3292203413135,100
2024-03-04T09:30:00+00:00,AMD,SELL,4,205.160004,204.954843996,819.819375984,0.4099096879920,0.820640016,2024-03-04-0001,141442.0386823613215,1373.7386866373215,69
2024-03-04T09:30:00+00:00,AVGO,SELL,5,140.315002,140.174686998,700.873434990,0.3504367174950,0.701575010,2024-03-04-0002,141426.9551704338265,2074.2616849098265,100
2024-03-04T09:30:00+00:00,BLDR,SELL,2,201.820007,201.618186993,403.236373986,0.2016181869930,0.403640014,2024-03-04-0003,141412.2225117428335,2477.2964407088335,70
2024-03-04T09:30:00+00:00,NVDA,SELL,31,84.129997,84.045867003,2605.421877093,1.3027109385465,2.608029907,2024-03-04-0004,141394.1779314012870,5081.4156068632870,168
2024-03-04T09:30:00+00:00,PANW,SELL,75,151.000000,150.849000000,11313.675000000,5.6568375000000,11.325000000,2024-03-04-0005,141377.1960939012870,16389.4337693632870,0
2024-03-04T09:30:00+00:00,RCL,SELL,100,125.459999,125.334539001,12533.453900100,6.2667269500500,12.545999900,2024-03-04-0006,141358.3833670512370,28916.6209425132370,0
2024-03-04T09:30:00+00:00,UBER,SELL,18,81.940002,81.858061998,1473.445115964,0.7367225579820,1.474920036,2024-03-04-0007,141342.0780441132550,30389.3293359192550,172
2024-03-04T09:30:00+00:00,ADBE,BUY,24,572.849976,573.422825976,13762.147823424,6.8810739117120,13.748399424,2024-03-04-0008,141335.1969702015430,16620.3004385835430,24
2024-03-04T09:30:00+00:00,ANET,BUY,11,72.000000,72.072000000,792.792000000,0.3963960000000,0.792000000,2024-03-04-0009,141348.1205742015430,15827.1120425835430,196
2024-03-04T09:30:00+00:00,LLY,BUY,17,796.440002,797.236442002,13553.019514034,6.7765097570170,13.539480034,2024-03-04-0010,141341.3440644445260,2267.3160187925260,17
2024-03-04T09:30:00+00:00,META,BUY,1,503.000000,503.503000000,503.503000000,0.2517515000000,0.503000000,2024-03-04-0011,141354.6733129445260,1763.5612672925260,28
2024-03-04T09:30:00+00:00,PHM,BUY,4,112.230003,112.342233003,449.368932012,0.2246844660060,0.448920012,2024-03-04-0012,141368.0284588415200,1313.9676508145200,125
2024-04-02T09:30:00+00:00,ADBE,SELL,24,494.399994,493.905594006,11853.734256144,5.9268671280720,11.865599856,2024-04-02-0001,135874.7295958304480,13161.7750398304480,0
2024-04-02T09:30:00+00:00,ANET,SELL,196,72.925003,72.852077997,14279.007287412,7.1395036437060,14.293300588,2024-04-02-0002,135853.2967915987420,27433.6428235987420,0
2024-04-02T09:30:00+00:00,BLDR,SELL,3,201.539993,201.338453007,604.015359021,0.3020076795105,0.604619979,2024-04-02-0003,135838.8869844092315,28037.3561749402315,67
2024-04-02T09:30:00+00:00,NVDA,SELL,15,88.447998,88.359550002,1325.393250030,0.6626966250150,1.326719970,2024-04-02-0004,135823.3650241202165,29362.0867283452165,153
2024-04-02T09:30:00+00:00,PHM,SELL,125,115.830002,115.714171998,14464.271499750,7.2321357498750,14.478750250,2024-04-02-0005,135801.6541381203415,43819.1260923453415,0
2024-04-02T09:30:00+00:00,AMD,BUY,6,179.470001,179.649471001,1077.896826006,0.5389484130030,1.076820006,2024-04-02-0006,135813.4986197763385,42740.6903179263385,75
2024-04-02T09:30:00+00:00,AVGO,BUY,3,131.578995,131.710573995,395.131721985,0.1975658609925,0.394736985,2024-04-02-0007,135826.4589534153460,42345.3610300803460,103
2024-04-02T09:30:00+00:00,CEG,BUY,73,184.684998,184.869682998,13495.486858854,6.7477434294270,13.482004854,2024-04-02-0008,135819.7112099859190,28843.1264277969190,73
2024-04-02T09:30:00+00:00,DECK,BUY,88,153.300003,153.453303003,13503.890664264,6.7519453321320,13.490400264,2024-04-02-0009,135812.9592646537870,15332.4838182007870,88
2024-04-02T09:30:00+00:00,SMCI,BUY,135,100.000000,100.100000000,13513.500000000,6.7567500000000,13.500000000,2024-04-02-0010,135806.2025146537870,1812.2270682007870,135
2024-04-02T09:30:00+00:00,UBER,BUY,7,75.660004,75.735664004,530.149648028,0.2650748240140,0.529620028,2024-04-02-0011,135818.9509605177730,1281.8123453487730,179
2024-05-02T09:30:00+00:00,AMD,SELL,75,145.509995,145.364485005,10902.336375375,5.4511681876875,10.913249625,2024-05-02-0001,124311.3259075360855,12178.6975525360855,0
2024-05-02T09:30:00+00:00,AVGO,SELL,4,125.627998,125.502370002,502.009480008,0.2510047400040,0.502511992,2024-05-02-0002,124298.1352190020815,12680.4560278040815,99
2024-05-02T09:30:00+00:00,CEG,SELL,6,185.000000,184.815000000,1108.890000000,0.5544450000000,1.110000000,2024-05-02-0003,124284.0757740020815,13788.7915828040815,67
2024-05-02T09:30:00+00:00,DECK,SELL,88,137.981674,137.843692326,12130.244924688,6.0651224623440,12.142387312,2024-05-02-0004,124265.8682642277375,25912.9713850297375,0
2024-05-02T09:30:00+00:00,LLY,SELL,17,777.340027,776.562686973,13201.565678541,6.6007828392705,13.214780459,2024-05-02-0005,124246.0527009294670,39107.9362807314670,0
2024-05-02T09:30:00+00:00,NVDA,SELL,6,84.448997,84.364548003,506.187288018,0.2530936440090,0.506693982,2024-05-02-0006,124232.8789107444580,39613.8704751054580,147
2024-05-02T09:30:00+00:00,NRG,BUY,167,74.300003,74.374303003,12420.508601501,6.2102543007505,12.408100501,2024-05-02-0007,124226.6686564437075,27187.1516193037075,167
2024-05-02T09:30:00+00:00,RCL,BUY,89,139.110001,139.249111001,12393.170879089,6.1965854395445,12.380790089,2024-05-02-0008,124220.4720710041630,14787.7841547751630,89
2024-05-02T09:30:00+00:00,SMCI,BUY,26,76.716003,76.792719003,1996.610694078,0.9983053470390,1.994616078,2024-05-02-0009,124229.8304260621240,12790.1751553501240,161
2024-05-02T09:30:00+00:00,UBER,BUY,2,68.400002,68.468402002,136.936804004,0.0684684020020,0.136800004,2024-05-02-0010,124242.0055580181220,12653.1698829441220,181
2024-05-02T09:30:00+00:00,WDC,BUY,232,53.401360,53.454761360,12401.504635520,6.2007523177600,12.389115520,2024-05-02-0011,124235.8048057003620,245.4644951063620,232
2024-06-04T09:30:00+00:00,AVGO,SELL,99,132.039993,131.907953007,13058.887347693,6.5294436738465,13.071959307,2024-06-04-0001,130956.7026511255155,13297.8223991255155,0
2024-06-04T09:30:00+00:00,BLDR,SELL,67,150.539993,150.389453007,10076.093351469,5.0380466757345,10.086179531,2024-06-04-0002,130941.5784249187810,23368.8777039187810,0
2024-06-04T09:30:00+00:00,CEG,SELL,4,206.990005,206.783014995,827.132059980,0.4135660299900,0.827960020,2024-06-04-0003,130927.2965285537910,24195.5961978687910,63
2024-06-04T09:30:00+00:00,META,SELL,28,477.000000,476.523000000,13342.644000000,6.6713220000000,13.356000000,2024-06-04-0004,130907.2692065537910,37531.5688758687910,0
2024-06-04T09:30:00+00:00,NVDA,SELL,34,115.716003,115.600286997,3930.409757898,1.9652048789490,3.934344102,2024-06-04-0005,130888.2937492338420,41460.0134288878420,113
2024-06-04T09:30:00+00:00,RCL,SELL,89,150.460007,150.309546993,13377.549682377,6.6887748411885,13.390940623,2024-06-04-0006,130868.2140337696535,54830.8743364236535,0
2024-06-04T09:30:00+00:00,UBER,SELL,181,64.059998,63.995938002,11583.264778362,5.7916323891810,11.594859638,2024-06-04-0007,130850.8275417424725,66408.3474823964725,0
2024-06-04T09:30:00+00:00,WDC,SELL,232,56.500378,56.443877622,13094.979608304,6.5474898041520,13.108087696,2024-06-04-0008,130831.1719642423205,79496.7796008963205,0
2024-06-04T09:30:00+00:00,DECK,BUY,72,180.198334,180.378532334,12987.254328048,6.4936271640240,12.974280048,2024-06-04-0009,130824.6783370782965,66503.0316456842965,72
2024-06-04T09:30:00+00:00,GE,BUY,81,161.000000,161.161000000,13054.041000000,6.5270205000000,13.041000000,2024-06-04-0010,130818.1513165782965,53442.4636251842965,81
2024-06-04T09:30:00+00:00,LDOS,BUY,90,145.279999,145.425278999,13088.275109910,6.5441375549550,13.075199910,2024-06-04-0011,130811.6071790233415,40347.6443777193415,90
2024-06-04T09:30:00+00:00,SMCI,BUY,11,75.900002,75.975902002,835.734922022,0.4178674610110,0.834900022,2024-06-04-0012,130823.4092118843305,39511.4915882363305,172
2024-06-04T09:30:00+00:00,TT,BUY,40,323.489990,323.813479990,12952.539199600,6.4762695998000,12.939599600,2024-06-04-0013,130816.9329422845305,26552.4761190365305,40
2024-06-04T09:30:00+00:00,URI,BUY,20,630.799988,631.430787988,12628.615759760,6.3143078798800,12.615999760,2024-06-04-0014,130810.6186344046505,13917.5460513966505,20
2024-06-04T09:30:00+00:00,VST,BUY,141,92.750000,92.842750000,13090.827750000,6.5454138750000,13.077750000,2024-06-04-0015,130804.0732205296505,820.1728875216505,141
2024-07-02T09:30:00+00:00,LDOS,SELL,90,145.470001,145.324530999,13079.207789910,6.5396038949550,13.092300090,2024-07-02-0001,129176.8612405366955,13892.8410735366955,0
2024-07-02T09:30:00+00:00,NVDA,SELL,7,121.129997,121.008867003,847.062069021,0.4235310345105,0.847909979,2024-07-02-0002,129162.7500198411850,14739.4796115231850,106
2024-07-02T09:30:00+00:00,SMCI,SELL,11,79.940002,79.860061998,878.460681978,0.4392303409890,0.879340022,2024-07-02-0003,129148.5611091561960,15617.5010631601960,161
2024-07-02T09:30:00+00:00,TT,SELL,40,323.079987,322.756907013,12910.276280520,6.4551381402600,12.923199480,2024-07-02-0004,129129.1827715359360,28521.3222055399360,0
2024-07-02T09:30:00+00:00,URI,SELL,20,635.789978,635.154188022,12703.083760440,6.3515418802200,12.715799560,2024-07-02-0005,129110.1154300957160,41218.0544240997160,0
2024-07-02T09:30:00+00:00,CRWD,BUY,135,95.567497,95.663064497,12914.513707095,6.4572568535475,12.901612095,2024-07-02-0006,129103.6581732421685,28297.0834601511685,135
2024-07-02T09:30:00+00:00,DECK,BUY,10,157.268326,157.425594326,1574.255943260,0.7871279716300,1.572683260,2024-07-02-0007,129114.1943647425385,26722.0403889195385,82
2024-07-02T09:30:00+00:00,MU,BUY,99,129.910004,130.039914004,12873.951486396,6.4369757431980,12.861090396,2024-07-02-0008,129107.7573889993405,13841.6519267803405,99
2024-07-02T09:30:00+00:00,VST,BUY,7,86.970001,87.056971001,609.398797007,0.3046993985035,0.608790007,2024-07-02-0009,129119.7154597418370,13231.9484303748370,148
2024-07-02T09:30:00+00:00,WDC,BUY,225,57.271355,57.328626355,12898.940929875,6.4494704649375,12.886054875,2024-07-02-0010,129113.2659892768995,326.5580300348995,225
2024-08-02T09:30:00+00:00,CEG,SELL,2,174.470001,174.295530999,348.591061998,0.1742955309990,0.348940002,2024-08-02-0001,107931.6253934409005,674.9747965019005,61
2024-08-02T09:30:00+00:00,DECK,SELL,82,147.151672,147.004520328,12054.370666896,6.0271853334480,12.066437104,2024-08-02-0002,107913.5317710034525,12723.3182780644525,0
2024-08-02T09:30:00+00:00,GE,SELL,81,165.570007,165.404436993,13397.759396433,6.6988796982165,13.411170567,2024-08-02-0003,107893.4217207382360,26114.3787947992360,0
2024-08-02T09:30:00+00:00,NRG,SELL,19,72.629997,72.557367003,1378.589973057,0.6892949865285,1.379969943,2024-08-02-0004,107880.6032162527075,27492.2794728697075,148
2024-08-02T09:30:00+00:00,NVDA,SELL,2,103.760002,103.656241998,207.312483996,0.1036562419980,0.207520004,2024-08-02-0005,107869.5009997987095,27699.4883006237095,104
2024-08-02T09:30:00+00:00,VST,SELL,3,74.290001,74.215710999,222.647132997,0.1113235664985,0.222870003,2024-08-02-0006,107858.3947560842110,27922.0241100542110,145
2024-08-02T09:30:00+00:00,WDC,SELL,225,44.149658,44.105508342,9923.739376950,4.9618696884750,9.933673050,2024-08-02-0007,107843.4992133457360,37840.8016173157360,0
2024-08-02T09:30:00+00:00,ANET,BUY,134,80.000000,80.080000000,10730.720000000,5.3653600000000,10.720000000,2024-08-02-0008,107838.1338533457360,27104.7162573157360,134
2024-08-02T09:30:00+00:00,CRWD,BUY,63,54.287498,54.341785498,3423.532486374,1.7117662431870,3.420112374,2024-08-02-0009,107843.7508993325490,23679.4720046985490,198
2024-08-02T09:30:00+00:00,GDDY,BUY,73,146.910004,147.056914004,10735.154722292,5.3675773611460,10.724430292,2024-08-02-0010,107838.3833219714030,12938.9497050454030,73
2024-08-02T09:30:00+00:00,LLY,BUY,13,816.669983,817.486652983,10627.326488779,5.3136632443895,10.616709779,2024-08-02-0011,107833.0696587270135,2306.3095530220135,13
2024-08-02T09:30:00+00:00,MU,BUY,11,97.160004,97.257164004,1069.828804044,0.5349144020220,1.068760044,2024-08-02-0012,107842.1535847209915,1235.9458345759915,110
2024-08-02T09:30:00+00:00,SMCI,BUY,10,63.000000,63.063000000,630.630000000,0.3153150000000,0.630000000,2024-08-02-0013,107851.9812697209915,605.0005195759915,171
2024-09-04T09:30:00+00:00,ANET,SELL,134,81.000000,80.919000000,10843.146000000,5.4215730000000,10.854000000,2024-09-04-0001,109737.5084445759915,11442.7249465759915,0
2024-09-04T09:30:00+00:00,CEG,SELL,61,177.679993,177.502313007,10827.641093427,5.4138205467135,10.838479573,2024-09-04-0002,109721.2561444562780,22264.9522194562780,0
2024-09-04T09:30:00+00:00,CRWD,SELL,198,65.110001,65.044890999,12878.888417802,6.4394442089010,12.891780198,2024-09-04-0003,109701.9249200493770,35137.4011930493770,0
2024-09-04T09:30:00+00:00,GDDY,SELL,4,159.100006,158.940905994,635.763623976,0.3178818119880,0.636400024,2024-09-04-0004,109689.9927377993890,35772.8469352133890,69
2024-09-04T09:30:00+00:00,LLY,SELL,13,949.750000,948.800250000,12334.403250000,6.1672016250000,12.346750000,2024-09-04-0005,109671.4787861743890,48101.0829835883890,0
2024-09-04T09:30:00+00:00,MU,SELL,110,88.360001,88.271640999,9709.880509890,4.8549402549450,9.719600110,2024-09-04-0006,109656.9042458094440,57806.1085532234440,0
2024-09-04T09:30:00+00:00,NRG,SELL,11,79.660004,79.580343996,875.383783956,0.4376918919780,0.876260044,2024-09-04-0007,109644.6768733254660,58681.0546452874660,137
2024-09-04T09:30:00+00:00,FICO,BUY,6,1677.469971,1679.147440971,10074.884645826,5.0374423229130,10.064819826,2024-09-04-0008,109639.6394310025530,48601.1325571385530,6
2024-09-04T09:30:00+00:00,GE,BUY,67,163.500000,163.663500000,10965.454500000,5.4827272500000,10.954500000,2024-09-04-0009,109634.1567037525530,37630.1953298885530,67
2024-09-04T09:30:00+00:00,HWM,BUY,118,92.900002,92.992902002,10973.162436236,5.4865812181180,10.962200236,2024-09-04-0010,109628.6701225344350,26651.5463124344350,118
2024-09-04T09:30:00+00:00,IRM,BUY,97,113.010002,113.123012002,10972.932164194,5.4864660820970,10.961970194,2024-09-04-0011,109623.1836564523380,15673.1276821583380,97
2024-09-04T09:30:00+00:00,KKR,BUY,92,117.930000,118.047930000,10860.409560000,5.4302047800000,10.849560000,2024-09-04-0012,109617.7534516723380,4807.2879173783380,92
2024-09-04T09:30:00+00:00,SMCI,BUY,89,42.012001,42.054013001,3742.807157089,1.8714035785445,3.739068089,2024-09-04-0013,109623.0661002647935,1062.6093567107935,260
2024-10-02T09:30:00+00:00,GE,SELL,1,185.570007,185.384436993,185.384436993,0.0926922184965,0.185570007,2024-10-02-0001,123210.8946970232970,1247.9011014852970,66
2024-10-02T09:30:00+00:00,IRM,SELL,97,117.209999,117.092789001,11358.000533097,5.6790002665485,11.369369903,2024-10-02-0002,123193.8463268537485,12600.2226343157485,0
2024-10-02T09:30:00+00:00,NRG,SELL,3,92.000000,91.908000000,275.724000000,0.1378620000000,0.276000000,2024-10-02-0003,123181.1044648537485,12875.8087723157485,134
2024-10-02T09:30:00+00:00,SMCI,SELL,260,40.009998,39.969988002,10392.196880520,5.1960984402600,10.402599480,2024-10-02-0004,123165.5057669334885,23262.8095543954885,0
2024-10-02T09:30:00+00:00,VST,SELL,43,120.050003,119.929952997,5156.987978871,2.5784939894355,5.162150129,2024-10-02-0005,123145.5200225090530,28417.2190392770530,102
2024-10-02T09:30:00+00:00,AVGO,BUY,73,167.550003,167.717553003,12243.381369219,6.1216906846095,12.231150219,2024-10-02-0006,123139.3983318244435,16167.7159793734435,73
2024-10-02T09:30:00+00:00,GDDY,BUY,11,152.440002,152.592442002,1678.516862022,0.8392584310110,1.676840022,2024-10-02-0007,123149.0774335314325,14488.3598589204325,80
2024-10-02T09:30:00+00:00,HWM,BUY,3,100.940002,101.040942002,303.122826006,0.1515614130030,0.302820006,2024-10-02-0008,123160.8367923544295,14185.0854715014295,121
2024-10-02T09:30:00+00:00,KKR,BUY,2,130.000000,130.130000000,260.260000000,0.1301300000000,0.260000000,2024-10-02-0009,123172.6666623544295,13924.6953415014295,94
2024-10-02T09:30:00+00:00,MPWR,BUY,13,901.780029,902.681809029,11734.863517377,5.8674317586885,11.723140377,2024-10-02-0010,123166.7992305957410,2183.9643923657410,13
2024-10-02T09:30:00+00:00,NVDA,BUY,1,116.440002,116.556442002,116.556442002,0.0582782210010,0.116440002,2024-10-02-0011,123178.8507125827400,2067.3496721427400,105
2024-11-04T09:30:00+00:00,AVGO,SELL,73,169.279999,169.110719001,12345.082487073,6.1725412435365,12.357439927,2024-11-04-0001,123569.8619609722035,14406.2596179722035,0
2024-11-04T09:30:00+00:00,GDDY,SELL,5,163.350006,163.186655994,815.933279970,0.4079666399850,0.816750030,2024-11-04-0002,123556.3859938522185,15221.7849313022185,75
2024-11-04T09:30:00+00:00,KKR,SELL,5,137.520004,137.382483996,686.912419980,0.3434562099900,0.687600020,2024-11-04-0003,123543.1156572662285,15908.3538950722285,89
2024-11-04T09:30:00+00:00,MPWR,SELL,13,758.809998,758.051188002,9854.665444026,4.9273327220130,9.864529974,2024-11-04-0004,123528.3237945702155,25758.0920063762155,0
2024-11-04T09:30:00+00:00,NVDA,SELL,15,137.210007,137.072796993,2056.091954895,1.0280459774475,2.058150105,2024-11-04-0005,123512.8886978577680,27813.1559152937680,90
2024-11-04T09:30:00+00:00,CEG,BUY,53,232.500000,232.732500000,12334.822500000,6.1674112500000,12.322500000,2024-11-04-0006,123506.7212866077680,15472.1660040437680,53
2024-11-04T09:30:00+00:00,GE,BUY,5,172.300003,172.472303003,862.361515015,0.4311807575075,0.861500015,2024-11-04-0007,123517.6619060482605,14609.3733082712605,71
2024-11-04T09:30:00+00:00,HWM,BUY,2,100.160004,100.260164004,200.520328008,0.1002601640040,0.200320008,2024-11-04-0008,123529.6810063682565,14408.7527200992565,123
2024-11-04T09:30:00+00:00,NRG,BUY,10,85.699997,85.785696997,857.856969970,0.4289284849850,0.856999970,2024-11-04-0009,123540.7358774812715,13550.4668216442715,144
2024-11-04T09:30:00+00:00,PLTR,BUY,300,41.080002,41.121082002,12336.324600600,6.1681623003000,12.324000600,2024-11-04-0010,123534.5677151809715,1207.9740587439715,300
2024-11-04T09:30:00+00:00,VST,BUY,2,117.690002,117.807692002,235.615384004,0.1178076920020,0.235380004,2024-11-04-0011,123546.4542876929695,972.2408670479695,104
2024-12-03T09:30:00+00:00,FICO,SELL,6,2313.300049,2310.986748951,13865.920493706,6.9329602468530,13.879800294,2024-12-03-0001,147652.8220505071165,14831.2284005071165,0
2024-12-03T09:30:00+00:00,GDDY,SELL,75,197.130005,196.932874995,14769.965624625,7.3849828123125,14.784750375,2024-12-03-0002,147630.6523173198040,29593.8090423198040,0
2024-12-03T09:30:00+00:00,GE,SELL,71,181.000000,180.819000000,12838.149000000,6.4190745000000,12.851000000,2024-12-03-0003,147611.3822428198040,42425.5389678198040,0
2024-12-03T09:30:00+00:00,KKR,SELL,89,160.250000,160.089750000,14247.987750000,7.1239938750000,14.262250000,2024-12-03-0004,147589.9959989448040,56666.4027239448040,0
2024-12-03T09:30:00+00:00,PLTR,SELL,78,66.410004,66.343593996,5174.800331688,2.5874001658440,5.179980312,2024-12-03-0005,147567.4855975789600,61838.6156554669600,222
2024-12-03T09:30:00+00:00,VST,SELL,10,155.639999,155.484359001,1554.843590010,0.7774217950050,1.556399990,2024-12-03-0006,147550.5216158879550,63392.6818236819550,94
2024-12-03T09:30:00+00:00,CEG,BUY,5,251.470993,251.722463993,1258.612319965,0.6293061599825,1.257354965,2024-12-03-0007,147563.2202723569725,62133.4401975569725,58
2024-12-03T09:30:00+00:00,HWM,BUY,1,118.250000,118.368250000,118.368250000,0.0591841250000,0.118250000,2024-12-03-0008,147577.7058382319725,62015.0127634319725,124
2024-12-03T09:30:00+00:00,IRM,BUY,120,122.000000,122.122000000,14654.640000000,7.3273200000000,14.640000000,2024-12-03-0009,147570.3785182319725,47353.0454434319725,120
2024-12-03T09:30:00+00:00,NRG,BUY,2,100.680000,100.780680000,201.561360000,0.1007806800000,0.201360000,2024-12-03-0010,147584.7756575519725,47151.3833027519725,146
2024-12-03T09:30:00+00:00,NVDA,BUY,16,138.259995,138.398254995,2214.372079920,1.1071860399600,2.212159920,2024-12-03-0011,147596.1118710620125,44935.9040367920125,106
2024-12-03T09:30:00+00:00,RCL,BUY,59,247.500000,247.747500000,14617.102500000,7.3085512500000,14.602500000,2024-12-03-0012,147588.8033198120125,30311.4929855420125,59
2024-12-03T09:30:00+00:00,TPL,BUY,29,504.653320,505.157973320,14649.581226280,7.3247906131400,14.634946280,2024-12-03-0013,147581.4785291988725,15654.5869686488725,29
2024-12-03T09:30:00+00:00,UAL,BUY,151,97.349998,97.447347998,14714.549547698,7.3572747738490,14.699849698,2024-12-03-0014,147574.1212544250235,932.6801461770235,151
2025-01-03T09:30:00+00:00,CEG,SELL,2,250.500000,250.249500000,500.499000000,0.2502495000000,0.501000000,2025-01-03-0001,141098.2439286770235,1432.9288966770235,56
2025-01-03T09:30:00+00:00,IRM,SELL,120,105.040001,104.934960999,12592.195319880,6.2960976599400,12.604800120,2025-01-03-0002,141079.3430308970835,14018.8281188970835,0
2025-01-03T09:30:00+00:00,NRG,SELL,146,93.930000,93.836070000,13700.066220000,6.8500331100000,13.713780000,2025-01-03-0003,141058.7792177870835,27712.0443057870835,0
2025-01-03T09:30:00+00:00,NVDA,SELL,6,140.009995,139.869985005,839.219910030,0.4196099550150,0.840059970,2025-01-03-0004,141043.5185483620685,28550.8446058620685,100
2025-01-03T09:30:00+00:00,PLTR,SELL,35,75.389999,75.314609001,2636.011315035,1.3180056575175,2.638649965,2025-01-03-0005,141025.4639629265510,31185.5379152395510,187
2025-01-03T09:30:00+00:00,RCL,SELL,59,230.029999,229.799969001,13558.198171059,6.7790990855295,13.571769941,2025-01-03-0006,141005.1130939000215,44736.9569872130215,0
2025-01-03T09:30:00+00:00,UAL,SELL,3,95.400002,95.304601998,285.913805994,0.1429569029970,0.286200006,2025-01-03-0007,140990.5647366950245,45022.7278363040245,148
2025-01-03T09:30:00+00:00,VST,SELL,3,154.360001,154.205640999,462.616922997,0.2313084614985,0.463080003,2025-01-03-0008,140975.8235881395260,45485.1134508395260,91
2025-01-03T09:30:00+00:00,AXON,BUY,23,595.359985,595.955344985,13706.972934655,6.8534864673275,13.693279655,2025-01-03-0009,140968.9701016721985,31771.2870297171985,23
2025-01-03T09:30:00+00:00,FICO,BUY,7,2003.109985,2005.113094985,14035.791664895,7.0178958324475,14.021769895,2025-01-03-0010,140961.9522058397510,17728.4774689897510,7
2025-01-03T09:30:00+00:00,HWM,BUY,2,111.169998,111.281167998,222.562335996,0.1112811679980,0.222339996,2025-01-03-0011,140975.6260044237530,17505.8038518257530,126
2025-01-03T09:30:00+00:00,TPL,BUY,6,395.966675,396.362641675,2378.175850050,1.1890879250250,2.375800050,2025-01-03-0012,140985.9199500737280,15126.4389138507280,35
2025-01-03T09:30:00+00:00,TRGP,BUY,76,184.360001,184.544361001,14025.371436076,7.0126857180380,14.011360076,2025-01-03-0013,140978.9072643556900,1094.0547920566900,76
2025-02-04T09:30:00+00:00,CEG,SELL,56,298.226990,297.928763010,16684.010728560,8.3420053642800,16.700711440,2025-02-04-0001,154439.2417152524100,17769.7235152524100,0
2025-02-04T09:30:00+00:00,FICO,SELL,7,1816.630005,1814.813374995,12703.693624965,6.3518468124825,12.716410035,2025-02-04-0002,154420.1734584049275,30467.0652934049275,0
2025-02-04T09:30:00+00:00,HWM,SELL,5,127.400002,127.272601998,636.363009990,0.3181815049950,0.637000010,2025-02-04-0003,154403.8028766479325,31103.1101218899325,121
2025-02-04T09:30:00+00:00,PLTR,SELL,37,102.800003,102.697202997,3799.796510889,1.8998982554445,3.803600111,2025-02-04-0004,154382.6793778314880,34901.0067345234880,150
2025-02-04T09:30:00+00:00,UAL,SELL,3,106.620003,106.513382997,319.540148991,0.1597700744955,0.319860009,2025-02-04-0005,154366.7398473129925,35220.3871134399925,145
2025-02-04T09:30:00+00:00,AVGO,BUY,70,219.350006,219.569356006,15369.854920420,7.6849274602100,15.354500420,2025-02-04-0006,154359.0549198527825,19842.8472655597825,70
2025-02-04T09:30:00+00:00,NVDA,BUY,31,116.959999,117.076958999,3629.385728969,1.8146928644845,3.625759969,2025-02-04-0007,154368.9362268882980,16211.6468437262980,131
2025-02-04T09:30:00+00:00,TRGP,BUY,1,200.139999,200.340138999,200.340138999,0.1001700694995,0.200139999,2025-02-04-0008,154384.0466967427985,16011.2065346577985,77
2025-02-04T09:30:00+00:00,TSLA,BUY,40,382.630005,383.012635005,15320.505400200,7.6602527001000,15.305200200,2025-02-04-0009,154376.3864440426985,683.0408817576985,40
2025-03-04T09:30:00+00:00,AVGO,SELL,70,189.220001,189.030780999,13232.154669930,6.6160773349650,13.245400070,2025-03-04-0001,132854.4670633527335,13908.5794743527335,0
2025-03-04T09:30:00+00:00,HWM,SELL,121,127.660004,127.532343996,15431.413623516,7.7157068117580,15.446860484,2025-03-04-0002,132831.3044960569755,29332.2773910569755,0
2025-03-04T09:30:00+00:00,NVDA,SELL,131,110.650002,110.539351998,14480.655111738,7.2403275558690,14.495150262,2025-03-04-0003,132809.5690182391065,43805.6921752391065,0
2025-03-04T09:30:00+00:00,TPL,SELL,5,443.333344,442.890010656,2214.450053280,1.1072250266400,2.216666720,2025-03-04-0004,132792.9451261724665,46019.0350034924665,30
2025-03-04T09:30:00+00:00,TRGP,SELL,8,192.009995,191.817985005,1534.543880040,0.7672719400200,1.536079960,2025-03-04-0005,132777.3930846174465,47552.8116115924465,69
2025-03-04T09:30:00+00:00,AXON,BUY,2,513.869995,514.383864995,1028.767729990,0.5143838649950,1.027739990,2025-03-04-0006,132788.6977106374515,46523.5294977374515,25
2025-03-04T09:30:00+00:00,MMM,BUY,88,150.500000,150.650500000,13257.244000000,6.6286220000000,13.244000000,2025-03-04-0007,132782.0690886374515,33259.6568757374515,88
2025-03-04T09:30:00+00:00,NRG,BUY,135,98.110001,98.208111001,13258.094985135,6.6290474925675,13.244850135,2025-03-04-0008,132775.4400411448840,19994.9328431098840,135
2025-03-04T09:30:00+00:00,PLTR,BUY,15,80.160004,80.240164004,1203.602460060,0.6018012300300,1.202400060,2025-03-04-0009,132786.8622405148540,18790.7285818198540,165
2025-03-04T09:30:00+00:00,RCL,BUY,56,236.309998,236.546307998,13246.593247888,6.6232966239440,13.233359888,2025-03-04-0010,132780.2389438909100,5537.5120373079100,56
2025-03-04T09:30:00+00:00,TSLA,BUY,8,270.929993,271.200922993,2169.607383944,1.0848036919720,2.167439944,2025-03-04-0011,132789.9913399189380,3366.8198496719380,48
2025-03-04T09:30:00+00:00,UAL,BUY,5,88.489998,88.578487998,442.892439990,0.2214462199950,0.442449990,2025-03-04-0012,132802.6009434089430,2923.7059634619430,150
2025-03-04T09:30:00+00:00,VST,BUY,16,122.980003,123.102983003,1969.647728048,0.9848238640240,1.967680048,2025-03-04-0013,132812.8072998179190,953.0734115499190,107
2025-04-02T09:30:00+00:00,AXON,SELL,25,530.690002,530.159311998,13253.982799950,6.6269913999750,13.267250050,2025-04-02-0001,126964.9011120999440,14200.4292200999440,0
2025-04-02T09:30:00+00:00,MMM,SELL,88,145.710007,145.564296993,12809.658135384,6.4048290676920,12.822480616,2025-04-02-0002,126945.6738024162520,27003.6825264162520,0
2025-04-02T09:30:00+00:00,NRG,SELL,135,96.559998,96.463438002,13022.564130270,6.5112820651350,13.035599730,2025-04-02-0003,126926.1269206211170,40019.7353746211170,0
2025-04-02T09:30:00+00:00,PLTR,SELL,11,82.400002,82.317601998,905.493621978,0.4527468109890,0.906400022,2025-04-02-0004,126912.0781734801280,40924.7762497881280,154
2025-04-02T09:30:00+00:00,RCL,SELL,56,204.110001,203.905890999,11418.729895944,5.7093649479720,11.430160056,2025-04-02-0005,126894.9386484761560,52337.7967807841560,0
2025-04-02T09:30:00+00:00,TPL,SELL,2,440.570007,440.129436993,880.258873986,0.4401294369930,0.881140014,2025-04-02-0006,126881.2814188291630,53217.6155253331630,28
2025-04-02T09:30:00+00:00,TRGP,SELL,69,200.020004,199.819983996,13787.578895724,6.8937894478620,13.801380276,2025-04-02-0007,126860.5862491053010,66998.3006316093010,0
2025-04-02T09:30:00+00:00,TSLA,SELL,48,254.600006,254.345405994,12208.579487712,6.1042897438560,12.220800288,2025-04-02-0008,126842.2611590734450,79200.7758295774450,0
2025-04-02T09:30:00+00:00,FOX,BUY,244,51.790001,51.841791001,12649.397004244,6.3246985021220,12.636760244,2025-04-02-0009,126835.9364605713230,66545.0541268313230,244
2025-04-02T09:30:00+00:00,FOXA,BUY,228,55.560001,55.615561001,12680.347908228,6.3401739541140,12.667680228,2025-04-02-0010,126829.5962866172090,53858.3660446492090,228
2025-04-02T09:30:00+00:00,GEV,BUY,41,307.079987,307.387066987,12602.869746467,6.3014348732335,12.590279467,2025-04-02-0011,126823.2948517439755,41249.1948633089755,41
2025-04-02T09:30:00+00:00,HWM,BUY,98,129.169998,129.299167998,12671.318463804,6.3356592319020,12.658659804,2025-04-02-0012,126816.9591925120735,28571.5407402730735,98
2025-04-02T09:30:00+00:00,PM,BUY,80,158.089996,158.248085996,12659.846879680,6.3299234398400,12.647199680,2025-04-02-0013,126810.6292690722335,15905.3639371532335,80
2025-04-02T09:30:00+00:00,TPR,BUY,175,72.300003,72.372303003,12665.153025525,6.3325765127625,12.652500525,2025-04-02-0014,126804.2966925594710,3233.8783351154710,175
2025-04-02T09:30:00+00:00,UAL,BUY,41,66.160004,66.226164004,2715.272724164,1.3576363620820,2.712560164,2025-04-02-0015,126812.8630567973890,517.2479745893890,191
2025-05-02T09:30:00+00:00,GEV,SELL,6,391.000000,390.609000000,2343.654000000,1.1718270000000,2.346000000,2025-05-02-0001,139157.4220225893890,2859.7301475893890,35
2025-05-02T09:30:00+00:00,HWM,SELL,6,150.210007,150.059796993,900.358781958,0.4501793909790,0.901260042,2025-05-02-0002,139142.2512625124100,3759.6387501564100,92
2025-05-02T09:30:00+00:00,PLTR,SELL,37,118.660004,118.541343996,4386.029727852,2.1930148639260,4.390420148,2025-05-02-0003,139121.7846070324840,8143.4754631444840,117
2025-05-02T09:30:00+00:00,PM,SELL,80,170.399994,170.229594006,13618.367520480,6.8091837602400,13.631999520,2025-05-02-0004,139101.3434237522440,21755.0337998642440,0
2025-05-02T09:30:00+00:00,UAL,SELL,191,71.239998,71.168758002,13593.232778382,6.7966163891910,13.606839618,2025-05-02-0005,139080.9399677450530,35341.4699618570530,0
2025-05-02T09:30:00+00:00,VST,SELL,107,138.919998,138.781078002,14849.575346214,7.4247876731070,14.864439786,2025-05-02-0006,139058.6507402859460,50183.6205203979460,0
2025-05-02T09:30:00+00:00,FOX,BUY,56,46.279999,46.326278999,2594.271623944,1.2971358119720,2.591679944,2025-05-02-0007,139068.6459242299740,47588.0517606419740,300
2025-05-02T09:30:00+00:00,FOXA,BUY,52,49.480000,49.529480000,2575.532960000,1.2877664800000,2.572960000,2025-05-02-0008,139078.6395977499740,45011.2310341619740,280
2025-05-02T09:30:00+00:00,GILD,BUY,132,104.870003,104.974873003,13856.683236396,6.9283416181980,13.842840396,2025-05-02-0009,139071.7112561317760,31147.6194561477760,132
2025-05-02T09:30:00+00:00,T,BUY,503,27.600000,27.627600000,13896.682800000,6.9483414000000,13.882800000,2025-05-02-0010,139064.7629147317760,17243.9883147477760,503
2025-05-02T09:30:00+00:00,TPL,BUY,3,443.066681,443.509747681,1330.529243043,0.6652646215215,1.329200043,2025-05-02-0011,139076.5035171782545,15912.7938070832545,31
2025-05-02T09:30:00+00:00,TPR,BUY,18,71.709999,71.781708999,1292.070761982,0.6460353809910,1.290779982,2025-05-02-0012,139088.4067316222635,14620.0770097202635,193
2025-05-02T09:30:00+00:00,TRGP,BUY,84,163.860001,164.023861001,13778.004324084,6.8890021620420,13.764240084,2025-05-02-0013,139081.5177294602215,835.1836834742215,84
2025-06-03T09:30:00+00:00,FOX,SELL,300,50.599998,50.549398002,15164.819400600,7.5824097003000,15.179999400,2025-06-03-0001,148797.8844543739215,15992.4206743739215,0
2025-06-03T09:30:00+00:00,FOXA,SELL,280,55.139999,55.084859001,15423.760520280,7.7118802601400,15.439199720,2025-06-03-0002,148774.7333743937815,31408.4693143937815,0
2025-06-03T09:30:00+00:00,GEV,SELL,5,494.000000,493.506000000,2467.530000000,1.2337650000000,2.470000000,2025-06-03-0003,148756.2096093937815,33874.7655493937815,30
2025-06-03T09:30:00+00:00,GILD,SELL,132,108.400002,108.291601998,14294.491463736,7.1472457318680,14.308800264,2025-06-03-0004,148734.7535633979135,48162.1097673979135,0
2025-06-03T09:30:00+00:00,HWM,SELL,6,172.559998,172.387438002,1034.324628012,0.5171623140060,1.035359988,2025-06-03-0005,148718.3608812679075,49195.9172330959075,86
2025-06-03T09:30:00+00:00,PLTR,SELL,6,133.070007,132.936936993,797.621621958,0.3988108109790,0.798420042,2025-06-03-0006,148702.3928796379285,49993.1400442429285,111
2025-06-03T09:30:00+00:00,T,SELL,503,27.889999,27.862109001,14014.640827503,7.0073204137515,14.028669497,2025-06-03-0007,148681.3568897271770,64000.7735513321770,0
2025-06-03T09:30:00+00:00,TPR,SELL,4,78.500000,78.421500000,313.686000000,0.1568430000000,0.314000000,2025-06-03-0008,148666.0495467271770,64314.3027083321770,189
2025-06-03T09:30:00+00:00,TRGP,SELL,84,162.750000,162.587250000,13657.329000000,6.8286645000000,13.671000000,2025-06-03-0009,148645.5498822271770,77964.8030438321770,0
2025-06-03T09:30:00+00:00,AXON,BUY,19,761.000000,761.761000000,14473.459000000,7.2367295000000,14.459000000,2025-06-03-0010,148638.3131527271770,63484.1073143321770,19
2025-06-03T09:30:00+00:00,DASH,BUY,69,213.429993,213.643422993,14741.396186517,7.3706980932585,14.726669517,2025-06-03-0011,148630.9424546339185,48735.3404297219185,69
2025-06-03T09:30:00+00:00,FTNT,BUY,145,102.260002,102.362262002,14842.527990290,7.4212639951450,14.827700290,2025-06-03-0012,148623.5211906387735,33885.3911754367735,145
2025-06-03T09:30:00+00:00,NFLX,BUY,121,121.987000,122.108987000,14775.187427000,7.3875937135000,14.760427000,2025-06-03-0013,148616.1335969252735,19102.8161547232735,121
2025-06-03T09:30:00+00:00,PM,BUY,81,182.199997,182.382196997,14772.957956757,7.3864789783785,14.758199757,2025-06-03-0014,148608.7471179468950,4322.4717189878950,81
2025-06-03T09:30:00+00:00,TPL,BUY,9,370.083344,370.453427344,3334.080846096,1.6670404230480,3.330750096,2025-06-03-0015,148618.5526611878470,986.7238324688470,40
2025-07-02T09:30:00+00:00,DASH,SELL,5,237.710007,237.472296993,1187.361484965,0.5936807424825,1.188550035,2025-07-02-0001,152255.8072992433645,2173.4916366913645,64
2025-07-02T09:30:00+00:00,FTNT,SELL,145,101.809998,101.708188002,14747.687260290,7.3738436301450,14.762449710,2025-07-02-0002,152233.6710059032195,16913.8050533512195,0
2025-07-02T09:30:00+00:00,NFLX,SELL,121,129.695999,129.566303001,15677.522663121,7.8387613315605,15.693215879,2025-07-02-0003,152210.1390286926590,32583.4889551406590,0
2025-07-02T09:30:00+00:00,TPL,SELL,40,357.303345,356.946041655,14277.841666200,7.1389208331000,14.292133800,2025-07-02-0004,152188.7079740595590,46854.1917005075590,0
2025-07-02T09:30:00+00:00,TPR,SELL,14,86.669998,86.583328002,1212.166592028,0.6060832960140,1.213379972,2025-07-02-0005,152171.7212611415450,48065.7522092395450,175
2025-07-02T09:30:00+00:00,NRG,BUY,97,155.539993,155.695532993,15102.466700321,7.5512333501605,15.087379321,2025-07-02-0006,152164.1700277913845,32955.7342755683845,97
2025-07-02T09:30:00+00:00,PAYC,BUY,65,233.779999,234.013778999,15210.895634935,7.6054478174675,15.195699935,2025-07-02-0007,152156.5645799739170,17737.2331928159170,65
2025-07-02T09:30:00+00:00,PLTR,BUY,4,131.470001,131.601471001,526.405884004,0.2632029420020,0.525880004,2025-07-02-0008,152170.8945471429150,17210.5641058699150,115
2025-07-02T09:30:00+00:00,PM,BUY,5,176.350006,176.526356006,882.631780030,0.4413158900150,0.881750030,2025-07-02-0009,152184.7375817389000,16327.4910099499000,86
2025-07-02T09:30:00+00:00,VST,BUY,82,184.699997,184.884696997,15160.545153754,7.5802725768770,15.145399754,2025-07-02-0010,152177.1573091620230,1159.3655836190230,82
2025-08-04T09:30:00+00:00,GEV,SELL,5,659.359985,658.700625015,3293.503125075,1.6467515625375,3.296799925,2025-08-04-0001,166969.8479715064855,4451.2219571314855,25
2025-08-04T09:30:00+00:00,HWM,SELL,86,185.500000,185.314500000,15937.047000000,7.9685235000000,15.953000000,2025-08-04-0002,166945.9264480064855,20380.3004336314855,0
2025-08-04T09:30:00+00:00,PAYC,SELL,65,227.440002,227.212561998,14768.816529870,7.3844082649350,14.783600130,2025-08-04-0003,166923.7584396115505,35141.7325552365505,0
2025-08-04T09:30:00+00:00,PLTR,SELL,10,158.529999,158.371469001,1583.714690010,0.7918573450050,1.585299990,2025-08-04-0004,166904.7356323815455,36724.6553879015455,105
2025-08-04T09:30:00+00:00,PM,SELL,86,163.690002,163.526311998,14063.262831828,7.0316314159140,14.077340172,2025-08-04-0005,166883.6266607936315,50780.8865883136315,0
2025-08-04T09:30:00+00:00,TPR,SELL,21,108.209999,108.101789001,2270.137569021,1.1350687845105,2.272409979,2025-08-04-0006,166863.5548421841210,53049.8890885501210,154
2025-08-04T09:30:00+00:00,VST,SELL,3,210.550003,210.339452997,631.018358991,0.3155091794955,0.631650009,2025-08-04-0007,166845.9742327586255,53680.5919383616255,79
2025-08-04T09:30:00+00:00,AXON,BUY,3,751.039978,751.791017978,2255.373053934,1.1276865269670,2.253119934,2025-08-04-0008,166859.1163058136585,51424.0911979006585,22
2025-08-04T09:30:00+00:00,CRWD,BUY,147,113.224998,113.338222998,16660.718780706,8.3303593903530,16.644074706,2025-08-04-0009,166850.7859464233055,34755.0420578043055,147
2025-08-04T09:30:00+00:00,DASH,BUY,2,251.470001,251.721471001,503.442942002,0.2517214710010,0.502940002,2025-08-04-0010,166866.6283050163045,34251.3473943313045,66
2025-08-04T09:30:00+00:00,NFLX,BUY,142,116.764999,116.881763999,16597.210487858,8.2986052439290,16.580629858,2025-08-04-0011,166858.3296997723755,17645.8383012293755,142
2025-08-04T09:30:00+00:00,NRG,BUY,1,169.490005,169.659495005,169.659495005,0.0848297475025,0.169490005,2025-08-04-0012,166874.6854005098730,17476.0939764768730,98
2025-08-04T09:30:00+00:00,RCL,BUY,52,317.989990,318.307979990,16552.014959480,8.2760074797400,16.535479480,2025-08-04-0013,166866.4093930301330,915.8030095171330,52
2025-09-03T09:30:00+00:00,AXON,SELL,1,737.260010,736.522749990,736.522749990,0.3682613749950,0.737260010,2025-09-03-0001,159963.8755569221380,1651.9574981321380,21
2025-09-03T09:30:00+00:00,CRWD,SELL,147,103.246246,103.142999754,15162.020963838,7.5810104819190,15.177198162,2025-09-03-0002,159941.1173482782190,16806.3974514882190,0
2025-09-03T09:30:00+00:00,DASH,SELL,1,244.044998,243.800953002,243.800953002,0.1219004765010,0.244044998,2025-09-03-0003,159924.8884779337180,17050.0765040137180,65
2025-09-03T09:30:00+00:00,NFLX,SELL,142,120.514000,120.393486000,17095.875012000,8.5479375060000,17.112988000,2025-09-03-0004,159899.2275524277180,34137.4035785077180,0
2025-09-03T09:30:00+00:00,PLTR,SELL,4,158.000000,157.842000000,631.368000000,0.3156840000000,0.632000000,2025-09-03-0005,159882.3218684277180,34768.4558945077180,101
2025-09-03T09:30:00+00:00,RCL,SELL,52,354.720001,354.365280999,18426.994611948,9.2134973059740,18.445440052,2025-09-03-0006,159854.6629310697440,53186.2370091497440,0
2025-09-03T09:30:00+00:00,GEV,BUY,2,586.284973,586.871257973,1173.742515946,0.5868712579730,1.172569946,2025-09-03-0007,159868.7331841367710,52011.9076219457710,27
2025-09-03T09:30:00+00:00,IBKR,BUY,249,63.950001,64.013951001,15939.473799249,7.9697368996245,15.923550249,2025-09-03-0008,159860.7634472371465,36064.4640857971465,249
2025-09-03T09:30:00+00:00,JBL,BUY,78,203.649994,203.853643994,15900.584231532,7.9502921157660,15.884699532,2025-09-03-0009,159852.8131551213805,20155.9295621493805,78
2025-09-03T09:30:00+00:00,NRG,BUY,12,144.889999,145.034888999,1740.418667988,0.8702093339940,1.738679988,2025-09-03-0010,159866.1421656893865,18414.6406848273865,110
2025-09-03T09:30:00+00:00,TPR,BUY,1,103.000000,103.103000000,103.103000000,0.0515515000000,0.103000000,2025-09-03-0011,159881.9526141893865,18311.4861333273865,155
2025-09-03T09:30:00+00:00,UAL,BUY,152,105.099998,105.205097998,15991.174895696,7.9955874478480,15.975199696,2025-09-03-0012,159873.9570267415385,2312.3156501835385,152
2025-09-03T09:30:00+00:00,VST,BUY,6,186.000000,186.186000000,1117.116000000,0.5585580000000,1.116000000,2025-09-03-0013,159888.0924687415385,1194.6410921835385,85
2025-10-02T09:30:00+00:00,DASH,SELL,65,268.899994,268.631094006,17461.021110390,8.7305105551950,17.478499610,2025-10-02-0001,170648.0009170183435,18646.9316920183435,0
2025-10-02T09:30:00+00:00,IBKR,SELL,4,69.480003,69.410522997,277.642091988,0.1388210459940,0.277920012,2025-10-02-0002,170630.5615752253495,18924.4349629603495,245
2025-10-02T09:30:00+00:00,JBL,SELL,78,217.130005,216.912874995,16919.204249610,8.4596021248050,16.936140390,2025-10-02-0003,170605.1658327105445,35835.1796104455445,0
2025-10-02T09:30:00+00:00,NRG,SELL,110,162.970001,162.807030999,17908.773409890,8.9543867049450,17.926700110,2025-10-02-0004,170578.2847458955995,53734.9986336305995,0
2025-10-02T09:30:00+00:00,PLTR,SELL,10,186.699997,186.513297003,1865.132970030,0.9325664850150,1.866999970,2025-10-02-0005,170558.4954797135845,55599.1990371755845,91
2025-10-02T09:30:00+00:00,TPR,SELL,7,114.750000,114.635250000,802.446750000,0.4012233750000,0.803250000,2025-10-02-0006,170540.3080063385845,56401.2445638005845,148
2025-10-02T09:30:00+00:00,VST,SELL,85,204.039993,203.835953007,17326.056005595,8.6630280027975,17.343399405,2025-10-02-0007,170514.3015789307870,73718.6375413927870,0
2025-10-02T09:30:00+00:00,APP,BUY,24,710.190002,710.900192002,17061.604608048,8.5308023040240,17.044560048,2025-10-02-0008,170505.7707766267630,56648.5021310407630,24
2025-10-02T09:30:00+00:00,AXON,BUY,2,719.909973,720.629882973,1441.259765946,0.7206298829730,1.439819946,2025-10-02-0009,170520.1682561767900,55206.5217352117900,23
2025-10-02T09:30:00+00:00,HOOD,BUY,119,142.779999,142.922778999,17007.810700881,8.5039053504405,16.990819881,2025-10-02-0010,170511.6643508263495,38190.2071289803495,119
2025-10-02T09:30:00+00:00,HWM,BUY,87,195.119995,195.315114995,16992.415004565,8.4962075022825,16.975439565,2025-10-02-0011,170503.1681433240670,21189.2959169130670,87
2025-10-02T09:30:00+00:00,RCL,BUY,53,315.750000,316.065750000,16751.484750000,8.3757423750000,16.734750000,2025-10-02-0012,170494.7924009490670,4429.4354245380670,53
2025-10-02T09:30:00+00:00,UAL,BUY,30,93.639999,93.733638999,2812.009169970,1.4060045849850,2.809199970,2025-10-02-0013,170507.6196762120820,1616.0202499830820,182
2025-11-04T09:30:00+00:00,AXON,SELL,23,715.460022,714.744561978,16439.124925494,8.2195624627470,16.455580506,2025-11-04-0001,164559.2969100143350,18046.9256130143350,0
2025-11-04T09:30:00+00:00,HOOD,SELL,2,139.869995,139.730125005,279.460250010,0.1397301250050,0.279739990,2025-11-04-0002,164542.5126504843300,18326.2461328993300,117
2025-11-04T09:30:00+00:00,HWM,SELL,87,203.070007,202.866936993,17649.423518391,8.8247117591955,17.667090609,2025-11-04-0003,164516.0208481161345,35966.8449395311345,0
2025-11-04T09:30:00+00:00,IBKR,SELL,245,70.910004,70.839093996,17355.578029020,8.6777890145100,17.372950980,2025-11-04-0004,164489.9701081216245,53313.7451795366245,0
2025-11-04T09:30:00+00:00,PLTR,SELL,6,192.070007,191.877936993,1151.267621958,0.5756338109790,1.152420042,2025-11-04-0005,164471.9161036736455,54464.4371676836455,85
2025-11-04T09:30:00+00:00,RCL,SELL,53,266.350006,266.083655994,14102.433767682,7.0512168838410,14.116550318,2025-11-04-0006,164450.7483364718045,68559.8197184818045,0
2025-11-04T09:30:00+00:00,UAL,SELL,182,94.239998,94.145758002,17134.527956364,8.5672639781820,17.151679636,2025-11-04-0007,164425.0293928576225,85685.7804108676225,0
2025-11-04T09:30:00+00:00,APP,BUY,2,630.174988,630.805162988,1261.610325976,0.6308051629880,1.260349976,2025-11-04-0008,164439.5227874066345,84423.5392797286345,26
2025-11-04T09:30:00+00:00,AVGO,BUY,45,358.519989,358.878508989,16149.532904505,8.0747664522525,16.133399505,2025-11-04-0009,164431.4480209543820,68265.9316087713820,45
2025-11-04T09:30:00+00:00,GEV,BUY,1,571.000000,571.571000000,571.571000000,0.2857855000000,0.571000000,2025-11-04-0010,164446.5792354543820,67694.0748232713820,28
2025-11-04T09:30:00+00:00,LRCX,BUY,105,155.630005,155.785635005,16357.491675525,8.1787458377625,16.341150525,2025-11-04-0011,164438.4004896166195,51328.4044019086195,105
2025-11-04T09:30:00+00:00,STX,BUY,64,255.059998,255.315057998,16340.163711872,8.1700818559360,16.323839872,2025-11-04-0012,164430.2304077606835,34980.0706081806835,64
2025-11-04T09:30:00+00:00,TPR,BUY,8,105.000000,105.105000000,840.840000000,0.4204200000000,0.840000000,2025-11-04-0013,164445.3499877606835,34138.8101881806835,156
2025-11-04T09:30:00+00:00,WBD,BUY,742,22.139999,22.162138999,16444.307137258,8.2221535686290,16.427879258,2025-11-04-0014,164437.1278341920545,17686.2808973540545,742
2025-11-04T09:30:00+00:00,WDC,BUY,108,151.339996,151.491335996,16361.064287568,8.1805321437840,16.344719568,2025-11-04-0015,164428.9473020482705,1317.0360776422705,108
2025-12-02T09:30:00+00:00,APP,SELL,26,632.530029,631.897498971,16429.334973246,8.2146674866230,16.445780754,2025-12-02-0001,168091.7760514016475,17738.1563834016475,0
2025-12-02T09:30:00+00:00,AVGO,SELL,2,388.309998,387.921688002,775.843376004,0.3879216880020,0.776619996,2025-12-02-0002,168073.9141798036455,18513.6118377176455,43
2025-12-02T09:30:00+00:00,GEV,SELL,28,586.169983,585.583813017,16396.346764476,8.1981733822380,16.412759524,2025-12-02-0003,168049.3032468974075,34901.7604288114075,0
2025-12-02T09:30:00+00:00,STX,SELL,3,272.910004,272.637093996,817.911281988,0.4089556409940,0.818730012,2025-12-02-0004,168031.4280510004135,35719.2627551584135,61
2025-12-02T09:30:00+00:00,TPR,SELL,156,112.419998,112.307578002,17519.982168312,8.7599910841560,17.537519688,2025-12-02-0005,168005.1305402282575,53230.4849323862575,0
2025-12-02T09:30:00+00:00,WBD,SELL,49,24.250000,24.225750000,1187.061750000,0.5935308750000,1.188250000,2025-12-02-0006,167986.5435093532575,54416.9531515112575,693
2025-12-02T09:30:00+00:00,WDC,SELL,8,167.000000,166.833000000,1334.664000000,0.6673320000000,1.336000000,2025-12-02-0007,167967.8401773532575,55750.9498195112575,100
2025-12-02T09:30:00+00:00,HOOD,BUY,17,125.250000,125.375250000,2131.379250000,1.0656896250000,2.129250000,2025-12-02-0008,167981.4287377282575,53618.5048798862575,134
2025-12-02T09:30:00+00:00,KLAC,BUY,143,117.050003,117.167053003,16754.888579429,8.3774442897145,16.738150429,2025-12-02-0009,167973.0512934385430,36855.2388561675430,143
2025-12-02T09:30:00+00:00,LRCX,BUY,2,155.850006,156.005856006,312.011712012,0.1560058560060,0.311700012,2025-12-02-0010,167989.2595382125370,36543.0711382995370,107
2025-12-02T09:30:00+00:00,MU,BUY,70,238.750000,238.988750000,16729.212500000,8.3646062500000,16.712500000,2025-12-02-0011,167980.8949319625370,19805.4940320495370,70
2025-12-02T09:30:00+00:00,NEM,BUY,183,91.489998,91.581487998,16759.412303634,8.3797061518170,16.742669634,2025-12-02-0012,167972.5152258107200,3037.7020222637200,183
2025-12-02T09:30:00+00:00,PLTR,BUY,14,169.589996,169.759585996,2376.634203944,1.1883171019720,2.374259944,2025-12-02-0013,167985.7420583687480,659.8795012177480,99
