symbol,timestamp,open,high,low,close,adjusted_close,volume
AAPL,2013-07-08T14:30:00+00:00,15.003929138183594,15.035714149475098,14.666070938110352,14.823213577270508,12.680607795715332,298138400
AAPL,2013-07-09T14:30:00+00:00,14.771429061889648,15.125,14.656429290771484,15.083929061889648,12.903639793395996,352584400
AAPL,2013-07-10T14:30:00+00:00,14.985713958740234,15.171428680419922,14.9375,15.026070594787598,12.854145050048828,281405600
AAPL,2013-07-11T14:30:00+00:00,15.10535717010498,15.29464340209961,15.041786193847656,15.260356903076172,13.054563522338867,326292400
AAPL,2013-07-12T14:30:00+00:00,15.273214340209961,15.349642753601074,15.121786117553711,15.232500076293945,13.030734062194824,279563200
AAPL,2013-07-15T14:30:00+00:00,15.178929328918457,15.409285545349121,15.171428680419922,15.265713691711426,13.059144973754883,241917200
AAPL,2013-07-16T14:30:00+00:00,15.232856750488281,15.382499694824219,15.14892864227295,15.364286422729492,13.143474578857422,216538000
AAPL,2013-07-17T14:30:00+00:00,15.346428871154785,15.436429023742676,15.293571472167969,15.368213653564453,13.146828651428223,198990400
AAPL,2013-07-18T14:30:00+00:00,15.477856636047363,15.531070709228516,15.378929138183594,15.420000076293945,13.191132545471191,218878800
AAPL,2013-07-19T14:30:00+00:00,15.467857360839844,15.499285697937012,15.155357360839844,15.176786422729492,12.983074188232422,268721600
AAPL,2013-07-22T14:30:00+00:00,15.337857246398926,15.348214149475098,15.195357322692871,15.225357055664062,13.024626731872559,207796400
AAPL,2013-07-23T14:30:00+00:00,15.214285850524902,15.248571395874023,14.95392894744873,14.963929176330566,12.800984382629395,369395600
AAPL,2013-07-24T14:30:00+00:00,15.676071166992188,15.878213882446289,15.545000076293945,15.732500076293945,13.458463668823242,591936800
AAPL,2013-07-25T14:30:00+00:00,15.739286422729492,15.764286041259766,15.564642906188965,15.660714149475098,13.397055625915527,229493600
AAPL,2013-07-26T14:30:00+00:00,15.546428680419922,15.751428604125977,15.5121431350708,15.749643325805664,13.473126411437988,200152400
AAPL,2013-07-29T14:30:00+00:00,15.742856979370117,16.07107162475586,15.721428871154785,15.992500305175781,13.68088150024414,248057600
AAPL,2013-07-30T14:30:00+00:00,16.06999969482422,16.326786041259766,16.043928146362305,16.190000534057617,13.849832534790039,309422400
AAPL,2013-07-31T14:30:00+00:00,16.249643325805664,16.33357048034668,16.051071166992188,16.161785125732422,13.825697898864746,322957600
AAPL,2013-08-01T14:30:00+00:00,16.27678680419922,16.314285278320312,16.187856674194336,16.309999465942383,13.952486991882324,206250800
AAPL,2013-08-02T14:30:00+00:00,16.357500076293945,16.530357360839844,16.30928611755371,16.519285202026367,14.1315279006958,274783600
AAPL,2013-08-05T14:30:00+00:00,16.596071243286133,16.809642791748047,16.50535774230957,16.766071319580078,14.342642784118652,318855600
AAPL,2013-08-06T14:30:00+00:00,16.71500015258789,16.853214263916016,16.506071090698242,16.616071701049805,14.214322090148926,334857600
AAPL,2013-08-07T14:30:00+00:00,16.564285278320312,16.678571701049805,16.491785049438477,16.606428146362305,14.206069946289062,298858000
AAPL,2013-08-08T14:30:00+00:00,16.566429138183594,16.575000762939453,16.355356216430664,16.464643478393555,14.177777290344238,255777200
AAPL,2013-08-09T14:30:00+00:00,16.3799991607666,16.44499969482422,16.201786041259766,16.230356216430664,13.976029396057129,266865200
AAPL,2013-08-12T14:30:00+00:00,16.316429138183594,16.737499237060547,16.30821418762207,16.691429138183594,14.373066902160645,364434000
AAPL,2013-08-13T14:30:00+00:00,16.819286346435547,17.66642951965332,16.7160701751709,17.484643936157227,15.05610179901123,881941200
AAPL,2013-08-14T14:30:00+00:00,17.781429290771484,18.008928298950195,17.621429443359375,17.803571701049805,15.330741882324219,756372400
AAPL,2013-08-15T14:30:00+00:00,17.729286193847656,17.94285774230957,17.46714210510254,17.782499313354492,15.312594413757324,490294000
AAPL,2013-08-16T14:30:00+00:00,17.862499237060547,17.962142944335938,17.816429138183594,17.940357208251953,15.448519706726074,362306000
AAPL,2013-08-19T14:30:00+00:00,18.012142181396484,18.347856521606445,18.0,18.13357162475586,15.614895820617676,510518400
AAPL,2013-08-20T14:30:00+00:00,18.203929901123047,18.234643936157227,17.886428833007812,17.895357131958008,15.409772872924805,358688400
AAPL,2013-08-21T14:30:00+00:00,17.9853572845459,18.112499237060547,17.899999618530273,17.941429138183594,15.449440002441406,335879600
AAPL,2013-08-22T14:30:00+00:00,18.03499984741211,18.056785583496094,17.792856216430664,17.96285629272461,15.467896461486816,244207600
AAPL,2013-08-23T14:30:00+00:00,17.973928451538086,17.97678565979004,17.83392906188965,17.893571853637695,15.408241271972656,222731600
AAPL,2013-08-26T14:30:00+00:00,17.883928298950195,18.2214298248291,17.875,17.963214874267578,15.468199729919434,330965600
AAPL,2013-08-27T14:30:00+00:00,17.78571319580078,17.946786880493164,17.367856979370117,17.449642181396484,15.025964736938477,424188800
AAPL,2013-08-28T14:30:00+00:00,17.35714340209961,17.707143783569336,17.35714340209961,17.532142639160156,15.097006797790527,307608000
AAPL,2013-08-29T14:30:00+00:00,17.558929443359375,17.73214340209961,17.54035758972168,17.560714721679688,15.121609687805176,239657600
AAPL,2013-08-30T14:30:00+00:00,17.571428298950195,17.605356216430664,17.375,17.400714874267578,14.98383617401123,272297200
AAPL,2013-09-03T14:30:00+00:00,17.610713958740234,17.878570556640625,17.405357360839844,17.44928550720215,15.02565860748291,331928800
AAPL,2013-09-04T14:30:00+00:00,17.841428756713867,17.937143325805664,17.724285125732422,17.81035614013672,15.336579322814941,345032800
AAPL,2013-09-05T14:30:00+00:00,17.866071701049805,17.88142967224121,17.6299991607666,17.688213348388672,15.231402397155762,236367600
AAPL,2013-09-06T14:30:00+00:00,17.801429748535156,17.834999084472656,17.498214721679688,17.79357147216797,15.322121620178223,359525600
AAPL,2013-09-09T14:30:00+00:00,18.03571319580078,18.139999389648438,17.981428146362305,18.077499389648438,15.566611289978027,340687200
AAPL,2013-09-10T14:30:00+00:00,18.078571319580078,18.123214721679688,17.48214340209961,17.665714263916016,15.212028503417969,743195600
AAPL,2013-09-11T14:30:00+00:00,16.67892837524414,16.917499542236328,16.600357055664062,16.703929901123047,14.383831024169922,898696400
AAPL,2013-09-12T14:30:00+00:00,16.73214340209961,16.97857093811035,16.643213272094727,16.881786346435547,14.536980628967285,404051200
AAPL,2013-09-13T14:30:00+00:00,16.762142181396484,16.851070404052734,16.5964298248291,16.60357093811035,14.297408103942871,298835600
AAPL,2013-09-16T14:30:00+00:00,16.46428680419922,16.48607063293457,15.972143173217773,16.075714111328125,13.842869758605957,543706800
AAPL,2013-09-17T14:30:00+00:00,15.998571395874023,16.418214797973633,15.98214340209961,16.261428833007812,14.002786636352539,399380800
AAPL,2013-09-18T14:30:00+00:00,16.542142868041992,16.655357360839844,16.4521427154541,16.595714569091797,14.290642738342285,456862000
AAPL,2013-09-19T14:30:00+00:00,16.810714721679688,16.993928909301758,16.758928298950195,16.867856979370117,14.524989128112793,404541200
AAPL,2013-09-20T14:30:00+00:00,17.071428298950195,17.0910701751709,16.64285659790039,16.693214416503906,14.374601364135742,699302800
AAPL,2013-09-23T14:30:00+00:00,17.717857360839844,17.74678611755371,17.235713958740234,17.522857666015625,15.089011192321777,762106800
AAPL,2013-09-24T14:30:00+00:00,17.674285888671875,17.695356369018555,17.422143936157227,17.467857360839844,15.04165267944336,364344400
AAPL,2013-09-25T14:30:00+00:00,17.4714298248291,17.48714256286621,17.19392967224121,17.197500228881836,14.808841705322266,316957200
AAPL,2013-09-26T14:30:00+00:00,17.35714340209961,17.448570251464844,17.282142639160156,17.364999771118164,14.953081130981445,237221600
AAPL,2013-09-27T14:30:00+00:00,17.277856826782227,17.309642791748047,17.16857147216797,17.241071701049805,14.846368789672852,228040400
AAPL,2013-09-30T14:30:00+00:00,17.04464340209961,17.2021427154541,16.943214416503906,17.02678680419922,14.661842346191406,260156400
AAPL,2013-10-01T14:30:00+00:00,17.087499618530273,17.46928596496582,17.084999084472656,17.427143096923828,15.006589889526367,353883600
AAPL,2013-10-02T14:30:00+00:00,17.343929290771484,17.564285278320312,17.27678680419922,17.484285354614258,15.05578899383545,289184000
AAPL,2013-10-03T14:30:00+00:00,17.518213272094727,17.58392906188965,17.169286727905273,17.2646427154541,14.86666202545166,322753200
AAPL,2013-10-04T14:30:00+00:00,17.28071403503418,17.30714225769043,17.092857360839844,17.25107192993164,14.854972839355469,258868400
AAPL,2013-10-07T14:30:00+00:00,17.37714385986328,17.594642639160156,17.33392906188965,17.41964340209961,15.000137329101562,312292400
AAPL,2013-10-08T14:30:00+00:00,17.49785614013672,17.522857666015625,17.16214370727539,17.176429748535156,14.79069709777832,290917200
AAPL,2013-10-09T14:30:00+00:00,17.308570861816406,17.421070098876953,17.08142852783203,17.37821388244629,14.964460372924805,301725200
AAPL,2013-10-10T14:30:00+00:00,17.547143936157227,17.584999084472656,17.394285202026367,17.48714256286621,15.05825424194336,278602800
AAPL,2013-10-11T14:30:00+00:00,17.392499923706055,17.637142181396484,17.3271427154541,17.600357055664062,15.15575122833252,267738800
AAPL,2013-10-14T14:30:00+00:00,17.493928909301758,17.770713806152344,17.47678565979004,17.715713500976562,15.255083084106445,261898000
AAPL,2013-10-15T14:30:00+00:00,17.768213272094727,17.928571701049805,17.6971435546875,17.809999465942383,15.336268424987793,320073600
AAPL,2013-10-16T14:30:00+00:00,17.885356903076172,17.947500228881836,17.82964324951172,17.896785736083984,15.41099739074707,251101200
AAPL,2013-10-17T14:30:00+00:00,17.856428146362305,18.027856826782227,17.845714569091797,18.01785659790039,15.515254020690918,253593200
AAPL,2013-10-18T14:30:00+00:00,18.07107162475586,18.187856674194336,18.061071395874023,18.17464256286621,15.650260925292969,290542000
AAPL,2013-10-21T14:30:00+00:00,18.27750015258789,18.725000381469727,18.268571853637695,18.6200008392334,16.033763885498047,398106800
AAPL,2013-10-22T14:30:00+00:00,18.800357818603516,18.873214721679688,18.14392852783203,18.56678581237793,15.987940788269043,534063600
AAPL,2013-10-23T14:30:00+00:00,18.53571319580078,18.773929595947266,18.53571319580078,18.748571395874023,16.144485473632812,313723200
AAPL,2013-10-24T14:30:00+00:00,18.75,19.016786575317383,18.6589298248291,18.99678611755371,16.358213424682617,384764800
AAPL,2013-10-25T14:30:00+00:00,18.9757137298584,19.043928146362305,18.753929138183594,18.784286499023438,16.175235748291016,337792000
AAPL,2013-10-28T14:30:00+00:00,18.894285202026367,18.96428680419922,18.686071395874023,18.924285888671875,16.29578971862793,550440800
AAPL,2013-10-29T14:30:00+00:00,19.15250015258789,19.258928298950195,18.376428604125977,18.452856063842773,15.889839172363281,635807200
AAPL,2013-10-30T14:30:00+00:00,18.5575008392334,18.84000015258789,18.46500015258789,18.746429443359375,16.142635345458984,354163600
AAPL,2013-10-31T14:30:00+00:00,18.75,18.83892822265625,18.616785049438477,18.667856216430664,16.074966430664062,275696400
AAPL,2013-11-01T14:30:00+00:00,18.71500015258789,18.742856979370117,18.4228572845459,18.572500228881836,15.992866516113281,274890000
AAPL,2013-11-04T14:30:00+00:00,18.610713958740234,18.815000534057617,18.528928756713867,18.8125,16.19952964782715,244627600
AAPL,2013-11-05T14:30:00+00:00,18.735000610351562,18.88892936706543,18.678571701049805,18.766071319580078,16.1595516204834,265213200
AAPL,2013-11-06T14:30:00+00:00,18.719642639160156,18.7450008392334,18.507143020629883,18.604286193847656,16.11376953125,223375600
AAPL,2013-11-07T14:30:00+00:00,18.556428909301758,18.68535614013672,18.299285888671875,18.303213119506836,15.85300350189209,262620400
AAPL,2013-11-08T14:30:00+00:00,18.377857208251953,18.611785888671875,18.306785583496094,18.591428756713867,16.102624893188477,279316800
AAPL,2013-11-11T14:30:00+00:00,18.57107162475586,18.631071090698242,18.37178611755371,18.537500381469727,16.055925369262695,227452400
AAPL,2013-11-12T14:30:00+00:00,18.48821449279785,18.711429595947266,18.46428680419922,18.571786880493164,16.085620880126953,204276800
AAPL,2013-11-13T14:30:00+00:00,18.5,18.65178680419922,18.46285629272461,18.593929290771484,16.10479736328125,197220800
AAPL,2013-11-14T14:30:00+00:00,18.671785354614258,18.902856826782227,18.638214111328125,18.862857818603516,16.33772850036621,282419200
AAPL,2013-11-15T14:30:00+00:00,18.806428909301758,18.89607048034668,18.731786727905273,18.749643325805664,16.23966407775879,317920400
AAPL,2013-11-18T14:30:00+00:00,18.749643325805664,18.828214645385742,18.507143020629883,18.522499084472656,16.042930603027344,244944000
AAPL,2013-11-19T14:30:00+00:00,18.536785125732422,18.692142486572266,18.49892807006836,18.555356979370117,16.071393966674805,208938800
AAPL,2013-11-20T14:30:00+00:00,18.543928146362305,18.586429595947266,18.368928909301758,18.39285659790039,15.930642127990723,193916800
AAPL,2013-11-21T14:30:00+00:00,18.485713958740234,18.614643096923828,18.34535789489746,18.61214256286621,16.12057113647461,262026800
AAPL,2013-11-22T14:30:00+00:00,18.554285049438477,18.648571014404297,18.51892852783203,18.564285278320312,16.07912826538086,223725600
AAPL,2013-11-25T14:30:00+00:00,18.60785675048828,18.781070709228516,18.60714340209961,18.704999923706055,16.201004028320312,229311600
AAPL,2013-11-26T14:30:00+00:00,18.718570709228516,19.147857666015625,18.71428680419922,19.049999237060547,16.499814987182617,401382800
AAPL,2013-11-27T14:30:00+00:00,19.153928756713867,19.5,19.049999237060547,19.498571395874023,16.888330459594727,363448400
AAPL,2013-11-29T14:30:00+00:00,19.624286651611328,19.940357208251953,19.56464385986328,19.859643936157227,17.20107650756836,318127600
AAPL,2013-12-02T14:30:00+00:00,19.928571701049805,20.15464210510254,19.672143936157227,19.686786651611328,17.051359176635742,472544800
AAPL,2013-12-03T14:30:00+00:00,19.939285278320312,20.22785758972168,19.917142868041992,20.2257137298584,17.518136978149414,450968000
AAPL,2013-12-04T14:30:00+00:00,20.196428298950195,20.328214645385742,20.029285430908203,20.178571701049805,17.47730827331543,377809600
AAPL,2013-12-05T14:30:00+00:00,20.451786041259766,20.540714263916016,20.22892951965332,20.282142639160156,17.567014694213867,447580000
AAPL,2013-12-06T14:30:00+00:00,20.206785202026367,20.241071701049805,19.984643936157227,20.000713348388672,17.32325553894043,344352400
AAPL,2013-12-09T14:30:00+00:00,20.032142639160156,20.34214210510254,20.032142639160156,20.229642868041992,17.52153968811035,320493600
AAPL,2013-12-10T14:30:00+00:00,20.127857208251953,20.281429290771484,20.042856216430664,20.198213577270508,17.494327545166016,278269600
AAPL,2013-12-11T14:30:00+00:00,20.25,20.391786575317383,19.988929748535156,20.04857063293457,17.36470603942871,359718800
AAPL,2013-12-12T14:30:00+00:00,20.07642936706543,20.19071388244629,20.00107192993164,20.019285202026367,17.339345932006836,262290000
AAPL,2013-12-13T14:30:00+00:00,20.10178565979004,20.10285758972168,19.773929595947266,19.801071166992188,17.150341033935547,332822000
AAPL,2013-12-16T14:30:00+00:00,19.8221435546875,20.09428596496582,19.821786880493164,19.91071319580078,17.245304107666016,282592800
AAPL,2013-12-17T14:30:00+00:00,19.850357055664062,19.979999542236328,19.76357078552246,19.82107162475586,17.16766357421875,229902400
AAPL,2013-12-18T14:30:00+00:00,19.632143020629883,19.694643020629883,19.242856979370117,19.67035675048828,17.03712272644043,565863200
AAPL,2013-12-19T14:30:00+00:00,19.625,19.64285659790039,19.418928146362305,19.44499969482422,16.841936111450195,320308800
AAPL,2013-12-20T14:30:00+00:00,19.479642868041992,19.70035743713379,19.457857131958008,19.60785675048828,16.98299217224121,436413600
AAPL,2013-12-23T14:30:00+00:00,20.28571319580078,20.382856369018555,20.09857177734375,20.3603572845459,17.634756088256836,501306400
AAPL,2013-12-24T14:30:00+00:00,20.353214263916016,20.424285888671875,20.215356826782227,20.273929595947266,17.559900283813477,167554800
AAPL,2013-12-26T14:30:00+00:00,20.28928565979004,20.33928680419922,20.12071418762207,20.139286041259766,17.443281173706055,204008000
AAPL,2013-12-27T14:30:00+00:00,20.136428833007812,20.157499313354492,19.98214340209961,20.00321388244629,17.325429916381836,225884400
AAPL,2013-12-30T14:30:00+00:00,19.909286499023438,20.00321388244629,19.7257137298584,19.804285049438477,17.153120040893555,253629600
AAPL,2013-12-31T14:30:00+00:00,19.791786193847656,20.045713424682617,19.78571319580078,20.036428451538086,17.354190826416016,223084400
AAPL,2014-01-02T14:30:00+00:00,19.845714569091797,19.89392852783203,19.71500015258789,19.754642486572266,17.110132217407227,234684800
AAPL,2014-01-03T14:30:00+00:00,19.7450008392334,19.774999618530273,19.301071166992188,19.320714950561523,16.734281539916992,392467600
AAPL,2014-01-06T14:30:00+00:00,19.194643020629883,19.5285701751709,19.05714225769043,19.426071166992188,16.825544357299805,412610800
AAPL,2014-01-07T14:30:00+00:00,19.440000534057617,19.498571395874023,19.211429595947266,19.28714370727539,16.705211639404297,317209200
AAPL,2014-01-08T14:30:00+00:00,19.243213653564453,19.484285354614258,19.238929748535156,19.409286499023438,16.81100082397461,258529600
AAPL,2014-01-09T14:30:00+00:00,19.5285701751709,19.53071403503418,19.11964225769043,19.161428451538086,16.596324920654297,279148800
AAPL,2014-01-10T14:30:00+00:00,19.27964210510254,19.314285278320312,18.96821403503418,19.033571243286133,16.48558807373047,304976000
AAPL,2014-01-13T14:30:00+00:00,18.925357818603516,19.375,18.924285888671875,19.133214950561523,16.57189178466797,378492800
AAPL,2014-01-14T14:30:00+00:00,19.222143173217773,19.526071548461914,19.2021427154541,19.51392936706543,16.90163803100586,332561600
AAPL,2014-01-15T14:30:00+00:00,19.768571853637695,20.007143020629883,19.7021427154541,19.90571403503418,17.2409725189209,391638800
AAPL,2014-01-16T14:30:00+00:00,19.81785774230957,19.887500762939453,19.702856063842773,19.79464340209961,17.144779205322266,229278000
AAPL,2014-01-17T14:30:00+00:00,19.695714950561523,19.716785430908203,19.282142639160156,19.309642791748047,16.724695205688477,426739600
AAPL,2014-01-21T14:30:00+00:00,19.32107162475586,19.645357131958008,19.30071449279785,19.609643936157227,16.98453140258789,328526800
AAPL,2014-01-22T14:30:00+00:00,19.675357818603516,19.903213500976562,19.56464385986328,19.696786880493164,17.060014724731445,379985200
AAPL,2014-01-23T14:30:00+00:00,19.640714645385742,19.875,19.457500457763672,19.863571166992188,17.204477310180664,403239200
AAPL,2014-01-24T14:30:00+00:00,19.78571319580078,19.843570709228516,19.45535659790039,19.502500534057617,16.891740798950195,429354800
AAPL,2014-01-27T14:30:00+00:00,19.645357131958008,19.814285278320312,19.491071701049805,19.66071319580078,17.028778076171875,554878800
AAPL,2014-01-28T14:30:00+00:00,18.170000076293945,18.39285659790039,17.93107032775879,18.08928680419922,15.667712211608887,1065523200
AAPL,2014-01-29T14:30:00+00:00,17.998214721679688,18.120357513427734,17.807857513427734,17.883928298950195,15.48984432220459,502810000
AAPL,2014-01-30T14:30:00+00:00,17.947856903076172,18.08928680419922,17.739286422729492,17.849285125732422,15.459840774536133,678501600
AAPL,2014-01-31T14:30:00+00:00,17.684999465942383,17.911785125732422,17.626785278320312,17.878570556640625,15.48520278930664,464797200
AAPL,2014-02-03T14:30:00+00:00,17.95035743713379,18.133214950561523,17.832143783569336,17.911785125732422,15.513967514038086,401464000
AAPL,2014-02-04T14:30:00+00:00,18.066070556640625,18.19499969482422,17.955713272094727,18.171070098876953,15.738546371459961,376681200
AAPL,2014-02-05T14:30:00+00:00,18.091428756713867,18.402856826782227,18.08035659790039,18.306785583496094,15.856090545654297,328344800
AAPL,2014-02-06T14:30:00+00:00,18.216428756713867,18.33928680419922,18.136070251464844,18.30392837524414,15.948511123657227,257765200
AAPL,2014-02-07T14:30:00+00:00,18.62071418762207,18.676071166992188,18.47785758972168,18.559999465942383,16.171632766723633,370280400
AAPL,2014-02-10T14:30:00+00:00,18.523571014404297,18.999643325805664,18.5,18.892499923706055,16.461353302001953,345559200
AAPL,2014-02-11T14:30:00+00:00,18.95035743713379,19.20535659790039,18.91071319580078,19.141429901123047,16.67824363708496,282256800
AAPL,2014-02-12T14:30:00+00:00,19.176786422729492,19.270000457763672,19.044286727905273,19.139999389648438,16.6769962310791,308100800
AAPL,2014-02-13T14:30:00+00:00,19.094999313354492,19.45892906188965,19.078571319580078,19.44392967224121,16.94181251525879,307398000
AAPL,2014-02-14T14:30:00+00:00,19.37392807006836,19.499286651611328,19.328929901123047,19.428213119506836,16.928125381469727,272924400
AAPL,2014-02-18T14:30:00+00:00,19.5,19.68535614013672,19.48607063293457,19.499643325805664,16.99036407470703,260251600
AAPL,2014-02-19T14:30:00+00:00,19.45535659790039,19.53178596496582,19.08392906188965,19.19178581237793,16.72212028503418,313768000
AAPL,2014-02-20T14:30:00+00:00,19.035356521606445,19.178571701049805,18.89285659790039,18.969642639160156,16.528564453125,305858000
AAPL,2014-02-21T14:30:00+00:00,19.028213500976562,19.091785430908203,18.735713958740234,18.758928298950195,16.344966888427734,278784800
AAPL,2014-02-24T14:30:00+00:00,18.683929443359375,18.92571449279785,18.65785789489746,18.8410701751709,16.416536331176758,288909600
AAPL,2014-02-25T14:30:00+00:00,18.906429290771484,18.9132137298584,18.60714340209961,18.645000457763672,16.245691299438477,231952000
AAPL,2014-02-26T14:30:00+00:00,18.70035743713379,18.75,18.41428565979004,18.47678565979004,16.099132537841797,276217200
AAPL,2014-02-27T14:30:00+00:00,18.46928596496582,18.885000228881836,18.430356979370117,18.84535789489746,16.420278549194336,301882000
AAPL,2014-02-28T14:30:00+00:00,18.895713806152344,19.02678680419922,18.64714241027832,18.794286727905273,16.375768661499023,371968800
AAPL,2014-03-03T14:30:00+00:00,18.693571090698242,18.951786041259766,18.671785354614258,18.84857177734375,16.423072814941406,238781200
AAPL,2014-03-04T14:30:00+00:00,18.96428680419922,19.022857666015625,18.848928451538086,18.972856521606445,16.531368255615234,259140000
AAPL,2014-03-05T14:30:00+00:00,18.961429595947266,19.09821319580078,18.897499084472656,19.01285743713379,16.56620979309082,200062800
AAPL,2014-03-06T14:30:00+00:00,19.028213500976562,19.087142944335938,18.860713958740234,18.95535659790039,16.516111373901367,185488800
AAPL,2014-03-07T14:30:00+00:00,18.967500686645508,18.999286651611328,18.787500381469727,18.944286346435547,16.50646209716797,220729600
AAPL,2014-03-10T14:30:00+00:00,18.8700008392334,19.047500610351562,18.869285583496094,18.961429595947266,16.521408081054688,178584000
AAPL,2014-03-11T14:30:00+00:00,19.123214721679688,19.240713119506836,19.02107048034668,19.14607048034668,16.682292938232422,279224400
AAPL,2014-03-12T14:30:00+00:00,19.089643478393555,19.191070556640625,19.0,19.164642333984375,16.69847297668457,199326400
AAPL,2014-03-13T14:30:00+00:00,19.194286346435547,19.273571014404297,18.898571014404297,18.951786041259766,16.513002395629883,257742800
AAPL,2014-03-14T14:30:00+00:00,18.885356903076172,18.960357666015625,18.678571701049805,18.738929748535156,16.327539443969727,237199200
AAPL,2014-03-17T14:30:00+00:00,18.8464298248291,18.927499771118164,18.780357360839844,18.812143325805664,16.391328811645508,199544800
AAPL,2014-03-18T14:30:00+00:00,18.782142639160156,18.99892807006836,18.757143020629883,18.97857093811035,16.536340713500977,209647200
AAPL,2014-03-19T14:30:00+00:00,19.009286880493164,19.15142822265625,18.89285659790039,18.97357177734375,16.531978607177734,224756000
AAPL,2014-03-20T14:30:00+00:00,18.92464256286621,19.023929595947266,18.83392906188965,18.882143020629883,16.45232582092285,208398400
AAPL,2014-03-21T14:30:00+00:00,18.997499465942383,19.0625,18.797500610351562,19.031070709228516,16.582088470458984,374046400
AAPL,2014-03-24T14:30:00+00:00,19.229286193847656,19.303571701049805,19.109285354614258,19.256786346435547,16.778762817382812,355700800
AAPL,2014-03-25T14:30:00+00:00,19.33928680419922,19.491071701049805,19.27107048034668,19.46392822265625,16.95924186706543,282293200
AAPL,2014-03-26T14:30:00+00:00,19.518571853637695,19.60714340209961,19.2450008392334,19.277856826782227,16.79711151123047,299768000
AAPL,2014-03-27T14:30:00+00:00,19.286428451538086,19.33928680419922,19.11142921447754,19.19499969482422,16.724925994873047,222031600
AAPL,2014-03-28T14:30:00+00:00,19.2257137298584,19.24785614013672,19.08035659790039,19.17357063293457,16.70625114440918,200564000
AAPL,2014-03-31T14:30:00+00:00,19.258214950561523,19.31464385986328,19.140356063842773,19.169286727905273,16.702512741088867,168669200
AAPL,2014-04-01T14:30:00+00:00,19.205713272094727,19.352500915527344,19.17035675048828,19.344642639160156,16.855308532714844,200760000
AAPL,2014-04-02T14:30:00+00:00,19.37071418762207,19.40999984741211,19.295000076293945,19.376785278320312,16.883316040039062,180420800
AAPL,2014-04-03T14:30:00+00:00,19.335357666015625,19.375,19.20142936706543,19.24250030517578,16.766315460205078,162344000
AAPL,2014-04-04T14:30:00+00:00,19.278928756713867,19.28571319580078,18.94928550720215,18.99357032775879,16.549415588378906,275251200
AAPL,2014-04-07T14:30:00+00:00,18.85785675048828,18.96071434020996,18.63892936706543,18.695356369018555,16.28957176208496,289850400
AAPL,2014-04-08T14:30:00+00:00,18.756786346435547,18.790000915527344,18.524999618530273,18.694286346435547,16.288639068603516,243888400
AAPL,2014-04-09T14:30:00+00:00,18.665714263916016,18.94607162475586,18.643571853637695,18.940000534057617,16.502735137939453,206169600
AAPL,2014-04-10T14:30:00+00:00,18.952856063842773,19.00857162475586,18.684642791748047,18.695714950561523,16.289886474609375,239652000
AAPL,2014-04-11T14:30:00+00:00,18.53571319580078,18.672500610351562,18.46928596496582,18.5575008392334,16.169458389282227,271717600
AAPL,2014-04-14T14:30:00+00:00,18.639286041259766,18.648571014404297,18.471786499023438,18.63142967224121,16.233875274658203,205674000
AAPL,2014-04-15T14:30:00+00:00,18.581071853637695,18.6299991607666,18.26178550720215,18.498571395874023,16.11811065673828,266490000
AAPL,2014-04-16T14:30:00+00:00,18.501785278320312,18.6103572845459,18.36214256286621,18.53607177734375,16.15078353881836,214765600
AAPL,2014-04-17T14:30:00+00:00,18.571428298950195,18.84857177734375,18.542856216430664,18.74785614013672,16.335317611694336,284334400
AAPL,2014-04-21T14:30:00+00:00,18.762142181396484,19.0049991607666,18.71285629272461,18.97035789489746,16.52918815612793,182548800
AAPL,2014-04-22T14:30:00+00:00,18.868213653564453,18.993928909301758,18.803571701049805,18.989286422729492,16.545682907104492,202563200
AAPL,2014-04-23T14:30:00+00:00,18.895000457763672,18.968929290771484,18.730356216430664,18.741071701049805,16.329404830932617,394940000
AAPL,2014-04-24T14:30:00+00:00,20.293214797973633,20.35714340209961,20.026071548461914,20.27750015258789,17.66811752319336,759911600
AAPL,2014-04-25T14:30:00+00:00,20.161785125732422,20.428213119506836,20.141429901123047,20.426429748535156,17.797887802124023,390275200
AAPL,2014-04-28T14:30:00+00:00,20.457143783569336,21.27678680419922,20.448213577270508,21.217500686645508,18.487157821655273,669485600
AAPL,2014-04-29T14:30:00+00:00,21.204999923706055,21.28499984741211,21.05392837524414,21.15464210510254,18.432388305664062,337377600
AAPL,2014-04-30T14:30:00+00:00,21.165714263916016,21.408214569091797,21.064285278320312,21.074642181396484,18.362682342529297,456640800
AAPL,2014-05-01T14:30:00+00:00,21.14285659790039,21.242856979370117,20.941429138183594,21.124286651611328,18.405946731567383,244048000
AAPL,2014-05-02T14:30:00+00:00,21.155000686645508,21.2214298248291,21.061071395874023,21.163570404052734,18.440168380737305,191514400
AAPL,2014-05-05T14:30:00+00:00,21.07642936706543,21.46428680419922,21.071428298950195,21.46285629272461,18.700944900512695,287067200
AAPL,2014-05-06T14:30:00+00:00,21.492856979370117,21.586071014404297,21.22892951965332,21.22892951965332,18.497114181518555,374564400
AAPL,2014-05-07T14:30:00+00:00,21.258928298950195,21.331785202026367,20.9903564453125,21.15464210510254,18.432388305664062,282864400
AAPL,2014-05-08T14:30:00+00:00,21.008928298950195,21.22892951965332,20.94285774230957,20.999643325805664,18.399539947509766,230297200
AAPL,2014-05-09T14:30:00+00:00,20.876428604125977,20.9375,20.726070404052734,20.91214370727539,18.32286834716797,291597600
AAPL,2014-05-12T14:30:00+00:00,20.981786727905273,21.2021427154541,20.97857093811035,21.172500610351562,18.550983428955078,213208800
AAPL,2014-05-13T14:30:00+00:00,21.14285659790039,21.233570098876953,21.0964298248291,21.205713272094727,18.58009147644043,159737200
AAPL,2014-05-14T14:30:00+00:00,21.158214569091797,21.33571434020996,21.13357162475586,21.20964241027832,18.58353042602539,166404000
AAPL,2014-05-15T14:30:00+00:00,21.239286422729492,21.30714225769043,21.001428604125977,21.029285430908203,18.425506591796875,230846000
AAPL,2014-05-16T14:30:00+00:00,21.022499084472656,21.340356826782227,20.907142639160156,21.339643478393555,18.69744110107422,276256400
AAPL,2014-05-19T14:30:00+00:00,21.35178565979004,21.690357208251953,21.333213806152344,21.592500686645508,18.918987274169922,317755200
AAPL,2014-05-20T14:30:00+00:00,21.589643478393555,21.657142639160156,21.45464324951172,21.596786499023438,18.922739028930664,234836000
AAPL,2014-05-21T14:30:00+00:00,21.565357208251953,21.667856216430664,21.50214385986328,21.653928756713867,18.97280502319336,196859600
AAPL,2014-05-22T14:30:00+00:00,21.66428565979004,21.780357360839844,21.575000762939453,21.688213348388672,19.002845764160156,200760000
AAPL,2014-05-23T14:30:00+00:00,21.6875,21.95464324951172,21.659643173217773,21.93321418762207,19.21750831604004,232209600
AAPL,2014-05-27T14:30:00+00:00,21.99571418762207,22.352142333984375,21.986785888671875,22.343929290771484,19.57737922668457,348866000
AAPL,2014-05-28T14:30:00+00:00,22.35785675048828,22.493928909301758,22.277856826782227,22.28607177734375,19.526681900024414,315481600
AAPL,2014-05-29T14:30:00+00:00,22.423213958740234,22.745357513427734,22.42035675048828,22.692142486572266,19.882474899291992,376474000
AAPL,2014-05-30T14:30:00+00:00,22.78499984741211,23.006071090698242,22.46071434020996,22.60714340209961,19.80800437927246,564020800
AAPL,2014-06-02T14:30:00+00:00,22.641429901123047,22.672500610351562,22.23214340209961,22.451786041259766,19.6718807220459,369350800
AAPL,2014-06-03T14:30:00+00:00,22.44499969482422,22.812143325805664,22.4375,22.769285202026367,19.950061798095703,292709200
AAPL,2014-06-04T14:30:00+00:00,22.765714645385742,23.13892936706543,22.71821403503418,23.029285430908203,20.177867889404297,335482000
AAPL,2014-06-05T14:30:00+00:00,23.078571319580078,23.19178581237793,22.95035743713379,23.11964225769043,20.257041931152344,303805600
AAPL,2014-06-06T14:30:00+00:00,23.21071434020996,23.259286880493164,23.016786575317383,23.05607032775879,20.201339721679688,349938400
AAPL,2014-06-09T14:30:00+00:00,23.174999237060547,23.469999313354492,22.9375,23.424999237060547,20.524587631225586,301660000
AAPL,2014-06-10T14:30:00+00:00,23.6825008392334,23.762500762939453,23.392499923706055,23.5625,20.645065307617188,251108000
AAPL,2014-06-11T14:30:00+00:00,23.532499313354492,23.690000534057617,23.36750030517578,23.46500015258789,20.559635162353516,182724000
AAPL,2014-06-12T14:30:00+00:00,23.510000228881836,23.530000686645508,22.975000381469727,23.072500228881836,20.215734481811523,218996000
AAPL,2014-06-13T14:30:00+00:00,23.049999237060547,23.110000610351562,22.719999313354492,22.81999969482422,19.99449920654297,218100000
AAPL,2014-06-16T14:30:00+00:00,22.877500534057617,23.1875,22.862499237060547,23.049999237060547,20.196016311645508,142244000
AAPL,2014-06-17T14:30:00+00:00,23.077499389648438,23.174999237060547,22.950000762939453,23.020000457763672,20.169740676879883,118904000
AAPL,2014-06-18T14:30:00+00:00,23.0674991607666,23.072500228881836,22.837499618530273,23.045000076293945,20.191638946533203,134056000
AAPL,2014-06-19T14:30:00+00:00,23.072500228881836,23.075000762939453,22.834999084472656,22.96500015258789,20.12154769897461,142112000
AAPL,2014-06-20T14:30:00+00:00,22.962499618530273,23.137500762939453,22.725000381469727,22.727500915527344,19.913455963134766,403592000
AAPL,2014-06-23T14:30:00+00:00,22.829999923706055,22.905000686645508,22.649999618530273,22.707500457763672,19.895931243896484,174776000
AAPL,2014-06-24T14:30:00+00:00,22.6875,22.934999465942383,22.547500610351562,22.56999969482422,19.775455474853516,156144000
AAPL,2014-06-25T14:30:00+00:00,22.552499771118164,22.674999237060547,22.412500381469727,22.59000015258789,19.792972564697266,147476000
AAPL,2014-06-26T14:30:00+00:00,22.592500686645508,22.762500762939453,22.450000762939453,22.725000381469727,19.9112548828125,130516000
AAPL,2014-06-27T14:30:00+00:00,22.704999923706055,23.0,22.6924991607666,22.9950008392334,20.147830963134766,256116000
AAPL,2014-06-30T14:30:00+00:00,23.024999618530273,23.4325008392334,23.022499084472656,23.232500076293945,20.355928421020508,197929200
AAPL,2014-07-01T14:30:00+00:00,23.3799991607666,23.517499923706055,23.282499313354492,23.3799991607666,20.485158920288086,152892000
AAPL,2014-07-02T14:30:00+00:00,23.467500686645508,23.514999389648438,23.272499084472656,23.3700008392334,20.476396560668945,113860000
AAPL,2014-07-03T14:30:00+00:00,23.417499542236328,23.524999618530273,23.299999237060547,23.50749969482422,20.59687614440918,91567200
AAPL,2014-07-07T14:30:00+00:00,23.53499984741211,23.997499465942383,23.524999618530273,23.99250030517578,21.021820068359375,225872000
AAPL,2014-07-08T14:30:00+00:00,24.0674991607666,24.200000762939453,23.479999542236328,23.837499618530273,20.886014938354492,260888000
AAPL,2014-07-09T14:30:00+00:00,23.860000610351562,23.987499237060547,23.690000534057617,23.84749984741211,20.894771575927734,145744000
AAPL,2014-07-10T14:30:00+00:00,23.440000534057617,23.887500762939453,23.3799991607666,23.760000228881836,20.818117141723633,158744000
AAPL,2014-07-11T14:30:00+00:00,23.84000015258789,23.97249984741211,23.71500015258789,23.80500030517578,20.8575382232666,136072000
AAPL,2014-07-14T14:30:00+00:00,23.96500015258789,24.22249984741211,23.912500381469727,24.112499237060547,21.12696075439453,171240000
AAPL,2014-07-15T14:30:00+00:00,24.200000762939453,24.212499618530273,23.75749969482422,23.829999923706055,20.87944793701172,181911600
AAPL,2014-07-16T14:30:00+00:00,24.24250030517578,24.274999618530273,23.684999465942383,23.69499969482422,20.76116180419922,213585200
AAPL,2014-07-17T14:30:00+00:00,23.75749969482422,23.81999969482422,23.142499923706055,23.272499084472656,20.39097023010254,229192000
AAPL,2014-07-18T14:30:00+00:00,23.405000686645508,23.684999465942383,23.2549991607666,23.607500076293945,20.684490203857422,199952000
AAPL,2014-07-21T14:30:00+00:00,23.747499465942383,23.75,23.43000030517578,23.485000610351562,20.577159881591797,156316000
AAPL,2014-07-22T14:30:00+00:00,23.670000076293945,23.72249984741211,23.530000686645508,23.68000030517578,20.74802017211914,220788000
AAPL,2014-07-23T14:30:00+00:00,23.854999542236328,24.469999313354492,23.792499542236328,24.297500610351562,21.2890567779541,371672000
AAPL,2014-07-24T14:30:00+00:00,24.260000228881836,24.329999923706055,24.104999542236328,24.25749969482422,21.254013061523438,182916000
AAPL,2014-07-25T14:30:00+00:00,24.212499618530273,24.459999084472656,24.15999984741211,24.417499542236328,21.39419174194336,173876000
AAPL,2014-07-28T14:30:00+00:00,24.454999923706055,24.809999465942383,24.387500762939453,24.7549991607666,21.68991470336914,221272000
AAPL,2014-07-29T14:30:00+00:00,24.832500457763672,24.860000610351562,24.5625,24.594999313354492,21.549720764160156,172572000
AAPL,2014-07-30T14:30:00+00:00,24.610000610351562,24.674999237060547,24.417499542236328,24.537500381469727,21.49934196472168,132040000
AAPL,2014-07-31T14:30:00+00:00,24.290000915527344,24.362499237060547,23.832500457763672,23.899999618530273,20.94077491760254,227372000
AAPL,2014-08-01T14:30:00+00:00,23.725000381469727,24.155000686645508,23.702499389648438,24.032499313354492,21.056869506835938,194044000
AAPL,2014-08-04T14:30:00+00:00,24.092500686645508,24.145000457763672,23.792499542236328,23.897499084472656,20.93859100341797,159832000
AAPL,2014-08-05T14:30:00+00:00,23.84000015258789,23.920000076293945,23.59000015258789,23.780000686645508,20.835634231567383,223732000
AAPL,2014-08-06T14:30:00+00:00,23.6875,23.8700008392334,23.677499771118164,23.739999771118164,20.80059051513672,154232000
AAPL,2014-08-07T14:30:00+00:00,23.732500076293945,23.987499237060547,23.524999618530273,23.6200008392334,20.79838752746582,186844000
AAPL,2014-08-08T14:30:00+00:00,23.565000534057617,23.704999923706055,23.31999969482422,23.684999465942383,20.855623245239258,167460000
AAPL,2014-08-11T14:30:00+00:00,23.8174991607666,24.020000457763672,23.709999084472656,23.997499465942383,21.130788803100586,146340000
AAPL,2014-08-12T14:30:00+00:00,24.010000228881836,24.219999313354492,23.90250015258789,23.99250030517578,21.126392364501953,135180000
AAPL,2014-08-13T14:30:00+00:00,24.037500381469727,24.309999465942383,24.010000228881836,24.309999465942383,21.40595817565918,127664000
AAPL,2014-08-14T14:30:00+00:00,24.332500457763672,24.392499923706055,24.200000762939453,24.375,21.463191986083984,112464000
AAPL,2014-08-15T14:30:00+00:00,24.475000381469727,24.547500610351562,24.21500015258789,24.4950008392334,21.568859100341797,195804000
AAPL,2014-08-18T14:30:00+00:00,24.622499465942383,24.842500686645508,24.4950008392334,24.790000915527344,21.828615188598633,190288000
AAPL,2014-08-19T14:30:00+00:00,24.852500915527344,25.170000076293945,24.829999923706055,25.13249969482422,22.130210876464844,277596000
AAPL,2014-08-20T14:30:00+00:00,25.110000610351562,25.272499084472656,24.987499237060547,25.142499923706055,22.13901138305664,210796000
AAPL,2014-08-21T14:30:00+00:00,25.142499923706055,25.235000610351562,25.02750015258789,25.145000457763672,22.141206741333008,133912000
AAPL,2014-08-22T14:30:00+00:00,25.072500228881836,25.36750030517578,25.047500610351562,25.329999923706055,22.30411148071289,176736000
AAPL,2014-08-25T14:30:00+00:00,25.447500228881836,25.542499542236328,25.31999969482422,25.385000228881836,22.352537155151367,161080000
AAPL,2014-08-26T14:30:00+00:00,25.354999542236328,25.375,25.21500015258789,25.22249984741211,22.209455490112305,132608000
AAPL,2014-08-27T14:30:00+00:00,25.2549991607666,25.642499923706055,25.174999237060547,25.532499313354492,22.482421875,209476000
AAPL,2014-08-28T14:30:00+00:00,25.397499084472656,25.69499969482422,25.389999389648438,25.5625,22.50882911682129,273840000
AAPL,2014-08-29T14:30:00+00:00,25.71500015258789,25.725000381469727,25.549999237060547,25.625,22.563873291015625,178380000
AAPL,2014-09-02T14:30:00+00:00,25.764999389648438,25.934999465942383,25.68000030517578,25.825000762939453,22.739978790283203,214256000
AAPL,2014-09-03T14:30:00+00:00,25.774999618530273,25.799999237060547,24.645000457763672,24.735000610351562,21.780189514160156,501684000
AAPL,2014-09-04T14:30:00+00:00,24.712499618530273,25.022499084472656,24.447500228881836,24.530000686645508,21.59967803955078,342872000
AAPL,2014-09-05T14:30:00+00:00,24.700000762939453,24.84749984741211,24.577499389648438,24.74250030517578,21.78679847717285,233828000
AAPL,2014-09-08T14:30:00+00:00,24.825000762939453,24.827499389648438,24.512500762939453,24.59000015258789,21.652511596679688,185426800
AAPL,2014-09-09T14:30:00+00:00,24.770000457763672,25.770000457763672,24.03499984741211,24.497499465942383,21.571056365966797,759385200
AAPL,2014-09-10T14:30:00+00:00,24.502500534057617,25.27750015258789,24.440000534057617,25.25,22.233661651611328,403478400
AAPL,2014-09-11T14:30:00+00:00,25.102500915527344,25.360000610351562,24.905000686645508,25.357500076293945,22.328325271606445,249412400
AAPL,2014-09-12T14:30:00+00:00,25.302499771118164,25.547500610351562,25.270000457763672,25.415000915527344,22.378955841064453,250504400
AAPL,2014-09-15T14:30:00+00:00,25.702499389648438,25.762500762939453,25.360000610351562,25.407499313354492,22.372344970703125,245266000
AAPL,2014-09-16T14:30:00+00:00,24.950000762939453,25.315000534057617,24.72249984741211,25.21500015258789,22.202848434448242,267632400
AAPL,2014-09-17T14:30:00+00:00,25.3174991607666,25.450000762939453,25.147499084472656,25.395000457763672,22.36135482788086,243706000
AAPL,2014-09-18T14:30:00+00:00,25.482500076293945,25.587499618530273,25.389999389648438,25.447500228881836,22.40757179260254,149197600
AAPL,2014-09-19T14:30:00+00:00,25.572500228881836,25.587499618530273,25.125,25.239999771118164,22.22486686706543,283609600
AAPL,2014-09-22T14:30:00+00:00,25.450000762939453,25.53499984741211,25.145000457763672,25.264999389648438,22.246877670288086,211153600
AAPL,2014-09-23T14:30:00+00:00,25.149999618530273,25.735000610351562,25.135000228881836,25.65999984741211,22.594690322875977,253608800
AAPL,2014-09-24T14:30:00+00:00,25.540000915527344,25.712499618530273,25.299999237060547,25.4375,22.398773193359375,240687200
AAPL,2014-09-25T14:30:00+00:00,25.127500534057617,25.177499771118164,24.43000030517578,24.467500686645508,21.54465103149414,400368000
AAPL,2014-09-26T14:30:00+00:00,24.63249969482422,25.1875,24.600000381469727,25.1875,22.178632736206055,249482000
AAPL,2014-09-29T14:30:00+00:00,24.662500381469727,25.110000610351562,24.657499313354492,25.02750015258789,22.037744522094727,199065200
AAPL,2014-09-30T14:30:00+00:00,25.202499389648438,25.385000228881836,25.13249969482422,25.1875,22.178632736206055,221056400
AAPL,2014-10-01T14:30:00+00:00,25.147499084472656,25.172500610351562,24.674999237060547,24.795000076293945,21.833023071289062,205965200
AAPL,2014-10-02T14:30:00+00:00,24.8174991607666,25.05500030517578,24.510000228881836,24.975000381469727,21.99152374267578,191031200
AAPL,2014-10-03T14:30:00+00:00,24.860000610351562,25.052499771118164,24.760000228881836,24.905000686645508,21.929887771606445,173878400
AAPL,2014-10-06T14:30:00+00:00,24.987499237060547,25.162500381469727,24.854999542236328,24.905000686645508,21.929887771606445,148204800
AAPL,2014-10-07T14:30:00+00:00,24.857500076293945,25.030000686645508,24.6825008392334,24.6875,21.738367080688477,168376800
AAPL,2014-10-08T14:30:00+00:00,24.690000534057617,25.27750015258789,24.577499389648438,25.200000762939453,22.189638137817383,229618800
AAPL,2014-10-09T14:30:00+00:00,25.385000228881836,25.594999313354492,25.15250015258789,25.2549991607666,22.238073348999023,309506000
AAPL,2014-10-10T14:30:00+00:00,25.172500610351562,25.50749969482422,25.075000762939453,25.1825008392334,22.17423439025879,265326400
AAPL,2014-10-13T14:30:00+00:00,25.332500457763672,25.44499969482422,24.952499389648438,24.952499389648438,21.971704483032227,214333600
AAPL,2014-10-14T14:30:00+00:00,25.09749984741211,25.1299991607666,24.642499923706055,24.6875,21.738367080688477,254754400
AAPL,2014-10-15T14:30:00+00:00,24.49250030517578,24.787500381469727,23.795000076293945,24.385000228881836,21.472002029418945,403734400
AAPL,2014-10-16T14:30:00+00:00,23.887500762939453,24.43000030517578,23.852500915527344,24.065000534057617,21.190227508544922,288618000
AAPL,2014-10-17T14:30:00+00:00,24.375,24.75,24.202499389648438,24.417499542236328,21.500614166259766,272718800
AAPL,2014-10-20T14:30:00+00:00,24.579999923706055,24.989999771118164,24.55500030517578,24.940000534057617,21.96070671081543,310069200
AAPL,2014-10-21T14:30:00+00:00,25.7549991607666,25.7549991607666,25.3174991607666,25.61750030517578,22.557268142700195,378495600
AAPL,2014-10-22T14:30:00+00:00,25.709999084472656,26.02750015258789,25.649999618530273,25.747499465942383,22.67173194885254,273052400
AAPL,2014-10-23T14:30:00+00:00,26.020000457763672,26.262500762939453,25.907499313354492,26.207500457763672,23.0767822265625,284298800
AAPL,2014-10-24T14:30:00+00:00,26.295000076293945,26.372499465942383,26.13249969482422,26.30500030517578,23.162647247314453,188215600
AAPL,2014-10-27T14:30:00+00:00,26.212499618530273,26.3700008392334,26.174999237060547,26.27750015258789,23.138425827026367,136750800
AAPL,2014-10-28T14:30:00+00:00,26.350000381469727,26.684999465942383,26.337499618530273,26.684999465942383,23.497241973876953,192243600
AAPL,2014-10-29T14:30:00+00:00,26.662500381469727,26.842500686645508,26.59000015258789,26.834999084472656,23.62932586669922,210751600
AAPL,2014-10-30T14:30:00+00:00,26.739999771118164,26.837499618530273,26.475000381469727,26.7450008392334,23.550071716308594,162619200
AAPL,2014-10-31T14:30:00+00:00,27.002500534057617,27.010000228881836,26.802499771118164,27.0,23.774620056152344,178557200
AAPL,2014-11-03T14:30:00+00:00,27.05500030517578,27.575000762939453,27.002500534057617,27.350000381469727,24.082807540893555,209130400
AAPL,2014-11-04T14:30:00+00:00,27.34000015258789,27.372499465942383,26.93000030517578,27.149999618530273,23.906696319580078,166297600
AAPL,2014-11-05T14:30:00+00:00,27.274999618530273,27.325000762939453,27.032499313354492,27.21500015258789,23.96392250061035,149743600
AAPL,2014-11-06T14:30:00+00:00,27.149999618530273,27.197500228881836,26.950000762939453,27.174999237060547,24.032470703125,139874000
AAPL,2014-11-07T14:30:00+00:00,27.1875,27.329999923706055,27.137500762939453,27.252500534057617,24.101011276245117,134766000
AAPL,2014-11-10T14:30:00+00:00,27.2549991607666,27.332500457763672,27.167499542236328,27.207500457763672,24.061214447021484,108782000
AAPL,2014-11-11T14:30:00+00:00,27.174999237060547,27.4375,27.100000381469727,27.424999237060547,24.253557205200195,109769200
AAPL,2014-11-12T14:30:00+00:00,27.344999313354492,27.857500076293945,27.342500686645508,27.8125,24.59625244140625,187769600
AAPL,2014-11-13T14:30:00+00:00,27.950000762939453,28.362499237060547,27.899999618530273,28.204999923706055,24.943359375,238091600
AAPL,2014-11-14T14:30:00+00:00,28.287500381469727,28.547500610351562,27.802499771118164,28.545000076293945,25.24403953552246,176254400
AAPL,2014-11-17T14:30:00+00:00,28.5674991607666,29.31999969482422,28.325000762939453,28.497499465942383,25.202035903930664,186986800
AAPL,2014-11-18T14:30:00+00:00,28.485000610351562,28.922500610351562,28.47249984741211,28.86750030517578,25.52924919128418,176896000
AAPL,2014-11-19T14:30:00+00:00,28.860000610351562,28.934999465942383,28.450000762939453,28.667499542236328,25.352378845214844,167476800
AAPL,2014-11-20T14:30:00+00:00,28.727500915527344,29.21500015258789,28.712499618530273,29.077499389648438,25.7149658203125,173582000
AAPL,2014-11-21T14:30:00+00:00,29.377500534057617,29.392499923706055,29.00749969482422,29.11750030517578,25.75033187866211,228717200
AAPL,2014-11-24T14:30:00+00:00,29.212499618530273,29.6924991607666,29.155000686645508,29.657499313354492,26.22789764404297,189803200
AAPL,2014-11-25T14:30:00+00:00,29.767499923706055,29.9375,29.362499237060547,29.399999618530273,26.00016975402832,275361600
AAPL,2014-11-26T14:30:00+00:00,29.485000610351562,29.774999618530273,29.457500457763672,29.75,26.30970001220703,163073200
AAPL,2014-11-28T14:30:00+00:00,29.8174991607666,29.850000381469727,29.512500762939453,29.732500076293945,26.294221878051758,99257600
AAPL,2014-12-01T14:30:00+00:00,29.702499389648438,29.8125,27.8174991607666,28.767499923706055,25.440818786621094,335256000
AAPL,2014-12-02T14:30:00+00:00,28.375,28.9375,28.1875,28.657499313354492,25.343530654907227,237395600
AAPL,2014-12-03T14:30:00+00:00,28.9375,29.087499618530273,28.77750015258789,28.982500076293945,25.630952835083008,172253600
AAPL,2014-12-04T14:30:00+00:00,28.9424991607666,29.299999237060547,28.822500228881836,28.872499465942383,25.53366470336914,168178000
AAPL,2014-12-05T14:30:00+00:00,28.997499465942383,29.020000457763672,28.65999984741211,28.75,25.425338745117188,153275600
AAPL,2014-12-08T14:30:00+00:00,28.524999618530273,28.662500381469727,27.905000686645508,28.100000381469727,24.850502014160156,230659600
AAPL,2014-12-09T14:30:00+00:00,27.547500610351562,28.575000762939453,27.337499618530273,28.530000686645508,25.23077964782715,240832000
AAPL,2014-12-10T14:30:00+00:00,28.602500915527344,28.712499618530273,27.885000228881836,27.987499237060547,24.751008987426758,178261200
AAPL,2014-12-11T14:30:00+00:00,28.065000534057617,28.450000762939453,27.834999084472656,27.905000686645508,24.678050994873047,165606800
AAPL,2014-12-12T14:30:00+00:00,27.614999771118164,27.967500686645508,27.395000457763672,27.4325008392334,24.26019287109375,224112400
AAPL,2014-12-15T14:30:00+00:00,27.674999237060547,27.899999618530273,26.587499618530273,27.0575008392334,23.928560256958008,268872400
AAPL,2014-12-16T14:30:00+00:00,26.592500686645508,27.540000915527344,26.565000534057617,26.6875,23.601343154907227,243162800
AAPL,2014-12-17T14:30:00+00:00,26.780000686645508,27.459999084472656,26.704999923706055,27.352500915527344,24.189441680908203,213647200
AAPL,2014-12-18T14:30:00+00:00,27.967500686645508,28.162500381469727,27.665000915527344,28.162500381469727,24.905776977539062,236024800
AAPL,2014-12-19T14:30:00+00:00,28.065000534057617,28.309999465942383,27.915000915527344,27.94499969482422,24.71341896057129,353719200
AAPL,2014-12-22T14:30:00+00:00,28.040000915527344,28.372499465942383,27.99250030517578,28.235000610351562,24.969884872436523,180670000
AAPL,2014-12-23T14:30:00+00:00,28.3075008392334,28.332500457763672,28.114999771118164,28.135000228881836,24.881458282470703,104113600
AAPL,2014-12-24T14:30:00+00:00,28.145000457763672,28.177499771118164,28.002500534057617,28.002500534057617,24.7642765045166,57918400
AAPL,2014-12-26T14:30:00+00:00,28.024999618530273,28.6299991607666,28.002500534057617,28.497499465942383,25.202035903930664,134884000
AAPL,2014-12-29T14:30:00+00:00,28.447500228881836,28.6924991607666,28.424999237060547,28.477500915527344,25.184349060058594,110395600
AAPL,2014-12-30T14:30:00+00:00,28.40999984741211,28.479999542236328,28.02750015258789,28.1299991607666,24.877033233642578,119526000
AAPL,2014-12-31T14:30:00+00:00,28.204999923706055,28.282499313354492,27.552499771118164,27.594999313354492,24.403900146484375,165613600
AAPL,2015-01-02T14:30:00+00:00,27.84749984741211,27.860000610351562,26.837499618530273,27.332500457763672,24.171762466430664,212818400
AAPL,2015-01-05T14:30:00+00:00,27.072500228881836,27.162500381469727,26.352500915527344,26.5625,23.490798950195312,257142000
AAPL,2015-01-06T14:30:00+00:00,26.635000228881836,26.857500076293945,26.157499313354492,26.565000534057617,23.49301528930664,263188400
AAPL,2015-01-07T14:30:00+00:00,26.799999237060547,27.049999237060547,26.674999237060547,26.9375,23.822429656982422,160423600
AAPL,2015-01-08T14:30:00+00:00,27.3075008392334,28.037500381469727,27.174999237060547,27.97249984741211,24.737743377685547,237458000
AAPL,2015-01-09T14:30:00+00:00,28.167499542236328,28.3125,27.552499771118164,28.002500534057617,24.7642765045166,214798000
AAPL,2015-01-12T14:30:00+00:00,28.149999618530273,28.157499313354492,27.200000762939453,27.3125,24.154077529907227,198603200
AAPL,2015-01-13T14:30:00+00:00,27.857500076293945,28.200000762939453,27.227500915527344,27.55500030517578,24.36852264404297,268367600
AAPL,2015-01-14T14:30:00+00:00,27.260000228881836,27.622499465942383,27.125,27.450000762939453,24.27566909790039,195826400
AAPL,2015-01-15T14:30:00+00:00,27.5,27.514999389648438,26.665000915527344,26.704999923706055,23.6168212890625,240056000
AAPL,2015-01-16T14:30:00+00:00,26.75749969482422,26.895000457763672,26.299999237060547,26.497499465942383,23.433317184448242,314053200
AAPL,2015-01-20T14:30:00+00:00,26.959999084472656,27.24250030517578,26.625,27.18000030517578,24.036895751953125,199599600
AAPL,2015-01-21T14:30:00+00:00,27.237499237060547,27.764999389648438,27.0674991607666,27.387500762939453,24.220399856567383,194303600
AAPL,2015-01-22T14:30:00+00:00,27.565000534057617,28.11750030517578,27.43000030517578,28.100000381469727,24.850502014160156,215185600
AAPL,2015-01-23T14:30:00+00:00,28.075000762939453,28.4375,27.88249969482422,28.2450008392334,24.97873878479004,185859200
AAPL,2015-01-26T14:30:00+00:00,28.434999465942383,28.59000015258789,28.200000762939453,28.274999618530273,25.005266189575195,222460000
AAPL,2015-01-27T14:30:00+00:00,28.104999542236328,28.1200008392334,27.25749969482422,27.28499984741211,24.129745483398438,382274800
AAPL,2015-01-28T14:30:00+00:00,29.407499313354492,29.530000686645508,28.827499389648438,28.827499389648438,25.493877410888672,585908400
AAPL,2015-01-29T14:30:00+00:00,29.079999923706055,29.797500610351562,28.889999389648438,29.725000381469727,26.28759002685547,337745600
AAPL,2015-01-30T14:30:00+00:00,29.600000381469727,30.0,29.212499618530273,29.290000915527344,25.902902603149414,334982000
AAPL,2015-02-02T14:30:00+00:00,29.512500762939453,29.792499542236328,29.020000457763672,29.657499313354492,26.22789764404297,250956400
AAPL,2015-02-03T14:30:00+00:00,29.625,29.772499084472656,29.40250015258789,29.662500381469727,26.232315063476562,207662800
AAPL,2015-02-04T14:30:00+00:00,29.625,30.127500534057617,29.577499389648438,29.889999389648438,26.433509826660156,280598800
AAPL,2015-02-05T14:30:00+00:00,30.0049991607666,30.0575008392334,29.8125,29.985000610351562,26.622175216674805,168984800
AAPL,2015-02-06T14:30:00+00:00,30.0049991607666,30.0625,29.612499237060547,29.732500076293945,26.397994995117188,174826400
AAPL,2015-02-09T14:30:00+00:00,29.637500762939453,29.959999084472656,29.607500076293945,29.93000030517578,26.573345184326172,155559200
AAPL,2015-02-10T14:30:00+00:00,30.042499542236328,30.537500381469727,30.040000915527344,30.5049991607666,27.0838565826416,248034000
AAPL,2015-02-11T14:30:00+00:00,30.6924991607666,31.229999542236328,30.625,31.219999313354492,27.718669891357422,294247200
AAPL,2015-02-12T14:30:00+00:00,31.514999389648438,31.8700008392334,31.392499923706055,31.614999771118164,28.06937599182129,297898000
AAPL,2015-02-13T14:30:00+00:00,31.81999969482422,31.81999969482422,31.412500381469727,31.770000457763672,28.20699119567871,217088800
AAPL,2015-02-17T14:30:00+00:00,31.872499465942383,32.220001220703125,31.729999542236328,31.957500457763672,28.373456954956055,252609600
AAPL,2015-02-18T14:30:00+00:00,31.907499313354492,32.19499969482422,31.862499237060547,32.18000030517578,28.571002960205078,179566800
AAPL,2015-02-19T14:30:00+00:00,32.119998931884766,32.25749969482422,32.08250045776367,32.11249923706055,28.511072158813477,149449600
AAPL,2015-02-20T14:30:00+00:00,32.154998779296875,32.375,32.01250076293945,32.375,28.744136810302734,195793600
AAPL,2015-02-23T14:30:00+00:00,32.505001068115234,33.25,32.415000915527344,33.25,29.52100944519043,283896400
AAPL,2015-02-24T14:30:00+00:00,33.23500061035156,33.400001525878906,32.79249954223633,33.04249954223633,29.33678436279297,276912400
AAPL,2015-02-25T14:30:00+00:00,32.88999938964844,32.900001525878906,32.037498474121094,32.1974983215332,28.586544036865234,298846800
AAPL,2015-02-26T14:30:00+00:00,32.1974983215332,32.717498779296875,31.65250015258789,32.60499954223633,28.94833755493164,365150000
AAPL,2015-02-27T14:30:00+00:00,32.5,32.64250183105469,32.060001373291016,32.1150016784668,28.513290405273438,248059200
AAPL,2015-03-02T14:30:00+00:00,32.3125,32.56999969482422,32.07500076293945,32.272499084472656,28.653135299682617,192386800
AAPL,2015-03-03T14:30:00+00:00,32.2400016784668,32.380001068115234,32.022499084472656,32.34000015258789,28.713056564331055,151265200
AAPL,2015-03-04T14:30:00+00:00,32.275001525878906,32.38999938964844,32.08000183105469,32.1349983215332,28.531049728393555,126665200
AAPL,2015-03-05T14:30:00+00:00,32.14500045776367,32.1875,31.440000534057617,31.602500915527344,28.058273315429688,226068400
AAPL,2015-03-06T14:30:00+00:00,32.099998474121094,32.342498779296875,31.565000534057617,31.649999618530273,28.10044288635254,291368400
AAPL,2015-03-09T14:30:00+00:00,31.989999771118164,32.39250183105469,31.264999389648438,31.78499984741211,28.220306396484375,354114000
AAPL,2015-03-10T14:30:00+00:00,31.602500915527344,31.80500030517578,30.950000762939453,31.127500534057617,27.63654327392578,275426400
AAPL,2015-03-11T14:30:00+00:00,31.1875,31.1924991607666,30.52750015258789,30.559999465942383,27.132686614990234,275756000
AAPL,2015-03-12T14:30:00+00:00,30.577499389648438,31.225000381469727,30.407499313354492,31.112499237060547,27.623228073120117,193450800
AAPL,2015-03-13T14:30:00+00:00,31.100000381469727,31.350000381469727,30.645000457763672,30.897499084472656,27.432336807250977,207309200
AAPL,2015-03-16T14:30:00+00:00,30.969999313354492,31.237499237060547,30.717500686645508,31.237499237060547,27.734201431274414,143497200
AAPL,2015-03-17T14:30:00+00:00,31.475000381469727,31.829999923706055,31.412500381469727,31.760000228881836,28.19810676574707,204092400
AAPL,2015-03-18T14:30:00+00:00,31.75,32.290000915527344,31.592500686645508,32.11750030517578,28.515514373779297,261083600
AAPL,2015-03-19T14:30:00+00:00,32.1875,32.3125,31.850000381469727,31.875,28.300207138061523,183238000
AAPL,2015-03-20T14:30:00+00:00,32.0625,32.099998474121094,31.290000915527344,31.475000381469727,27.945070266723633,274780400
AAPL,2015-03-23T14:30:00+00:00,31.780000686645508,31.962499618530273,31.6299991607666,31.802499771118164,28.235843658447266,150838800
AAPL,2015-03-24T14:30:00+00:00,31.8075008392334,32.0099983215332,31.639999389648438,31.672500610351562,28.12042808532715,131369200
AAPL,2015-03-25T14:30:00+00:00,31.635000228881836,31.704999923706055,30.844999313354492,30.844999313354492,27.385723114013672,206620800
AAPL,2015-03-26T14:30:00+00:00,30.690000534057617,31.219999313354492,30.649999618530273,31.059999465942383,27.576614379882812,190291600
AAPL,2015-03-27T14:30:00+00:00,31.142499923706055,31.174999237060547,30.727500915527344,30.8125,27.35686492919922,158184800
AAPL,2015-03-30T14:30:00+00:00,31.012500762939453,31.600000381469727,31.0,31.592500686645508,28.049396514892578,188398800
AAPL,2015-03-31T14:30:00+00:00,31.522499084472656,31.622499465942383,31.09000015258789,31.107500076293945,27.61878204345703,168362400
AAPL,2015-04-01T14:30:00+00:00,31.204999923706055,31.280000686645508,30.774999618530273,31.0625,27.578826904296875,162485600
AAPL,2015-04-02T14:30:00+00:00,31.25749969482422,31.389999389648438,31.047500610351562,31.329999923706055,27.816333770751953,128880400
AAPL,2015-04-06T14:30:00+00:00,31.11750030517578,31.877500534057617,31.082500457763672,31.837499618530273,28.26691436767578,148776000
AAPL,2015-04-07T14:30:00+00:00,31.90999984741211,32.029998779296875,31.4950008392334,31.502500534057617,27.969493865966797,140049200
AAPL,2015-04-08T14:30:00+00:00,31.462499618530273,31.600000381469727,31.24250030517578,31.399999618530273,27.87847900390625,149316800
AAPL,2015-04-09T14:30:00+00:00,31.462499618530273,31.645000457763672,31.165000915527344,31.639999389648438,28.091567993164062,129936000
AAPL,2015-04-10T14:30:00+00:00,31.487499237060547,31.802499771118164,31.315000534057617,31.774999618530273,28.211423873901367,160752000
AAPL,2015-04-13T14:30:00+00:00,32.092498779296875,32.14250183105469,31.65250015258789,31.712499618530273,28.155929565429688,145460400
AAPL,2015-04-14T14:30:00+00:00,31.75,31.822500228881836,31.477500915527344,31.575000762939453,28.03384780883789,102098400
AAPL,2015-04-15T14:30:00+00:00,31.602500915527344,31.782499313354492,31.502500534057617,31.69499969482422,28.140396118164062,115881600
AAPL,2015-04-16T14:30:00+00:00,31.56999969482422,31.774999618530273,31.52750015258789,31.542499542236328,28.005002975463867,113476000
AAPL,2015-04-17T14:30:00+00:00,31.387500762939453,31.53499984741211,31.114999771118164,31.1875,27.6898136138916,207828000
AAPL,2015-04-20T14:30:00+00:00,31.392499923706055,32.029998779296875,31.292499542236328,31.899999618530273,28.32240104675293,188217200
AAPL,2015-04-21T14:30:00+00:00,32.025001525878906,32.04999923706055,31.667499542236328,31.727500915527344,28.16925621032715,129740400
AAPL,2015-04-22T14:30:00+00:00,31.747499465942383,32.217498779296875,31.579999923706055,32.154998779296875,28.54880714416504,150618000
AAPL,2015-04-23T14:30:00+00:00,32.07500076293945,32.60499954223633,32.03499984741211,32.41749954223633,28.781864166259766,183083600
AAPL,2015-04-24T14:30:00+00:00,32.622501373291016,32.657501220703125,32.307498931884766,32.56999969482422,28.917266845703125,178103600
AAPL,2015-04-27T14:30:00+00:00,33.07749938964844,33.282501220703125,32.787498474121094,33.162498474121094,29.443328857421875,387816800
AAPL,2015-04-28T14:30:00+00:00,33.6150016784668,33.6349983215332,32.39250183105469,32.63999938964844,28.97941780090332,475696000
AAPL,2015-04-29T14:30:00+00:00,32.540000915527344,32.897499084472656,32.07500076293945,32.15999984741211,28.553251266479492,253544400
AAPL,2015-04-30T14:30:00+00:00,32.15999984741211,32.15999984741211,31.145000457763672,31.287500381469727,27.778596878051758,332781600
AAPL,2015-05-01T14:30:00+00:00,31.524999618530273,32.532501220703125,31.325000762939453,32.23749923706055,28.62205696105957,234050400
AAPL,2015-05-04T14:30:00+00:00,32.375,32.64250183105469,32.064998626708984,32.17499923706055,28.56656265258789,203953200
AAPL,2015-05-05T14:30:00+00:00,32.037498474121094,32.11249923706055,31.44499969482422,31.450000762939453,27.92287826538086,197085600
AAPL,2015-05-06T14:30:00+00:00,31.639999389648438,31.6875,30.84000015258789,31.252500534057617,27.747520446777344,288564000
AAPL,2015-05-07T14:30:00+00:00,31.1924991607666,31.520000457763672,31.0049991607666,31.315000534057617,27.919157028198242,175763600
AAPL,2015-05-08T14:30:00+00:00,31.670000076293945,31.905000686645508,31.52750015258789,31.905000686645508,28.445180892944336,222201600
AAPL,2015-05-11T14:30:00+00:00,31.84749984741211,31.889999389648438,31.407499313354492,31.579999923706055,28.155406951904297,168143200
AAPL,2015-05-12T14:30:00+00:00,31.399999618530273,31.719999313354492,31.204999923706055,31.467500686645508,28.055116653442383,192640000
AAPL,2015-05-13T14:30:00+00:00,31.537500381469727,31.797500610351562,31.467500686645508,31.502500534057617,28.086326599121094,138776800
AAPL,2015-05-14T14:30:00+00:00,31.852500915527344,32.23749923706055,31.790000915527344,32.23749923706055,28.741613388061523,180814000
AAPL,2015-05-15T14:30:00+00:00,32.26750183105469,32.372501373291016,32.0525016784668,32.192501068115234,28.701496124267578,152832000
AAPL,2015-05-18T14:30:00+00:00,32.095001220703125,32.68000030517578,32.09000015258789,32.54750061035156,29.017990112304688,203531600
AAPL,2015-05-19T14:30:00+00:00,32.67250061035156,32.720001220703125,32.40999984741211,32.51750183105469,28.99125099182129,178532800
AAPL,2015-05-20T14:30:00+00:00,32.5,32.744998931884766,32.334999084472656,32.51499938964844,28.989023208618164,145819600
AAPL,2015-05-21T14:30:00+00:00,32.51750183105469,32.907501220703125,32.45750045776367,32.84749984741211,29.285457611083984,158921600
AAPL,2015-05-22T14:30:00+00:00,32.900001525878906,33.24250030517578,32.849998474121094,33.1349983215332,29.541786193847656,182384000
AAPL,2015-05-26T14:30:00+00:00,33.150001525878906,33.227500915527344,32.279998779296875,32.404998779296875,28.890947341918945,282790400
AAPL,2015-05-27T14:30:00+00:00,32.584999084472656,33.064998626708984,32.51250076293945,33.0099983215332,29.430335998535156,183332800
AAPL,2015-05-28T14:30:00+00:00,32.96500015258789,32.98749923706055,32.775001525878906,32.94499969482422,29.372390747070312,122933200
AAPL,2015-05-29T14:30:00+00:00,32.807498931884766,32.86249923706055,32.474998474121094,32.56999969482422,29.038055419921875,203538000
AAPL,2015-06-01T14:30:00+00:00,32.56999969482422,32.84749984741211,32.51250076293945,32.6349983215332,29.096004486083984,128451200
AAPL,2015-06-02T14:30:00+00:00,32.46500015258789,32.665000915527344,32.33000183105469,32.4900016784668,28.966733932495117,134670400
AAPL,2015-06-03T14:30:00+00:00,32.665000915527344,32.73500061035156,32.474998474121094,32.529998779296875,29.002389907836914,123934000
AAPL,2015-06-04T14:30:00+00:00,32.39500045776367,32.64500045776367,32.227500915527344,32.34000015258789,28.83299446105957,153800400
AAPL,2015-06-05T14:30:00+00:00,32.375,32.42250061035156,32.09000015258789,32.162498474121094,28.674747467041016,142507200
AAPL,2015-06-08T14:30:00+00:00,32.224998474121094,32.3025016784668,31.707500457763672,31.950000762939453,28.48529624938965,210699200
AAPL,2015-06-09T14:30:00+00:00,31.674999237060547,32.02000045776367,31.405000686645508,31.854999542236328,28.400598526000977,224301600
AAPL,2015-06-10T14:30:00+00:00,31.979999542236328,32.334999084472656,31.962499618530273,32.220001220703125,28.72601318359375,156349200
AAPL,2015-06-11T14:30:00+00:00,32.29499816894531,32.54499816894531,32.119998931884766,32.147499084472656,28.661373138427734,141563600
AAPL,2015-06-12T14:30:00+00:00,32.04750061035156,32.08250045776367,31.77750015258789,31.792499542236328,28.344873428344727,147544800
AAPL,2015-06-15T14:30:00+00:00,31.524999618530273,31.809999465942383,31.427499771118164,31.729999542236328,28.289146423339844,175955600
AAPL,2015-06-16T14:30:00+00:00,31.75749969482422,31.962499618530273,31.592500686645508,31.899999618530273,28.44070816040039,125976400
AAPL,2015-06-17T14:30:00+00:00,31.93000030517578,31.969999313354492,31.684999465942383,31.825000762939453,28.373838424682617,131672400
AAPL,2015-06-18T14:30:00+00:00,31.8075008392334,32.07749938964844,31.80500030517578,31.969999313354492,28.503122329711914,141628800
AAPL,2015-06-19T14:30:00+00:00,31.927499771118164,31.954999923706055,31.600000381469727,31.649999618530273,28.217819213867188,218867600
AAPL,2015-06-22T14:30:00+00:00,31.872499465942383,32.01499938964844,31.770000457763672,31.90250015258789,28.442941665649414,136157200
AAPL,2015-06-23T14:30:00+00:00,31.8700008392334,31.90250015258789,31.719999313354492,31.75749969482422,28.31366539001465,121075600
AAPL,2015-06-24T14:30:00+00:00,31.802499771118164,32.45000076293945,31.780000686645508,32.02750015258789,28.554386138916016,221123600
AAPL,2015-06-25T14:30:00+00:00,32.21500015258789,32.29999923706055,31.875,31.875,28.418418884277344,127752400
AAPL,2015-06-26T14:30:00+00:00,31.917499542236328,31.997499465942383,31.627500534057617,31.6875,28.25125503540039,176267200
AAPL,2015-06-29T14:30:00+00:00,31.364999771118164,31.61750030517578,31.1200008392334,31.13249969482422,27.75643539428711,196645600
AAPL,2015-06-30T14:30:00+00:00,31.392499923706055,31.530000686645508,31.21500015258789,31.357500076293945,27.957040786743164,177482800
AAPL,2015-07-01T14:30:00+00:00,31.725000381469727,31.735000610351562,31.497499465942383,31.649999618530273,28.217819213867188,120955200
AAPL,2015-07-02T14:30:00+00:00,31.607500076293945,31.672500610351562,31.4424991607666,31.610000610351562,28.182159423828125,108844000
AAPL,2015-07-06T14:30:00+00:00,31.235000610351562,31.5575008392334,31.212499618530273,31.5,28.08408546447754,112241600
AAPL,2015-07-07T14:30:00+00:00,31.47249984741211,31.537500381469727,30.9424991607666,31.422500610351562,28.01500129699707,187787200
AAPL,2015-07-08T14:30:00+00:00,31.1200008392334,31.15999984741211,30.635000228881836,30.642499923706055,27.319580078125,243046400
AAPL,2015-07-09T14:30:00+00:00,30.962499618530273,31.014999389648438,29.80500030517578,30.017499923706055,26.76235008239746,314380000
AAPL,2015-07-10T14:30:00+00:00,30.485000610351562,30.962499618530273,30.302499771118164,30.81999969482422,27.47783088684082,245418000
AAPL,2015-07-13T14:30:00+00:00,31.25749969482422,31.440000534057617,31.079999923706055,31.415000915527344,28.008310317993164,165762000
AAPL,2015-07-14T14:30:00+00:00,31.510000228881836,31.592500686645508,31.260000228881836,31.40250015258789,27.997156143188477,127072400
AAPL,2015-07-15T14:30:00+00:00,31.43000030517578,31.787500381469727,31.395000457763672,31.704999923706055,28.26685905456543,134596800
AAPL,2015-07-16T14:30:00+00:00,31.934999465942383,32.14250183105469,31.837499618530273,32.127498626708984,28.64354133605957,144889600
AAPL,2015-07-17T14:30:00+00:00,32.27000045776367,32.404998779296875,32.07749938964844,32.404998779296875,28.890947341918945,184658800
AAPL,2015-07-20T14:30:00+00:00,32.74250030517578,33.24250030517578,32.67499923706055,33.01750183105469,29.437030792236328,235600800
AAPL,2015-07-21T14:30:00+00:00,33.212501525878906,33.22999954223633,32.58000183105469,32.6875,29.1428165435791,307025600
AAPL,2015-07-22T14:30:00+00:00,30.497499465942383,31.375,30.497499465942383,31.30500030517578,27.910234451293945,461802400
AAPL,2015-07-23T14:30:00+00:00,31.549999237060547,31.772499084472656,31.264999389648438,31.290000915527344,27.89685821533203,203998000
AAPL,2015-07-24T14:30:00+00:00,31.329999923706055,31.434999465942383,30.975000381469727,31.125,27.7497501373291,168649200
AAPL,2015-07-27T14:30:00+00:00,30.772499084472656,30.90250015258789,30.530000686645508,30.6924991607666,27.364152908325195,177822000
AAPL,2015-07-28T14:30:00+00:00,30.844999313354492,30.977500915527344,30.637500762939453,30.844999313354492,27.5001163482666,134472400
AAPL,2015-07-29T14:30:00+00:00,30.787500381469727,30.875,30.5674991607666,30.747499465942383,27.413190841674805,148046800
AAPL,2015-07-30T14:30:00+00:00,30.579999923706055,30.642499923706055,30.427499771118164,30.592500686645508,27.27499771118164,134513200
AAPL,2015-07-31T14:30:00+00:00,30.649999618530273,30.65999984741211,30.227500915527344,30.325000762939453,27.036502838134766,171540000
AAPL,2015-08-03T14:30:00+00:00,30.375,30.642499923706055,29.3799991607666,29.610000610351562,26.399045944213867,279904000
AAPL,2015-08-04T14:30:00+00:00,29.354999542236328,29.424999237060547,28.3125,28.65999984741211,25.55206871032715,496554400
AAPL,2015-08-05T14:30:00+00:00,28.237499237060547,29.360000610351562,28.024999618530273,28.850000381469727,25.72145652770996,397250400
AAPL,2015-08-06T14:30:00+00:00,28.99250030517578,29.125,28.530000686645508,28.782499313354492,25.777429580688477,211612000
AAPL,2015-08-07T14:30:00+00:00,28.645000457763672,29.0625,28.625,28.8799991607666,25.86474609375,154681600
AAPL,2015-08-10T14:30:00+00:00,29.13249969482422,29.997499465942383,29.13249969482422,29.93000030517578,26.805130004882812,219806400
AAPL,2015-08-11T14:30:00+00:00,29.452499389648438,29.545000076293945,28.332500457763672,28.372499465942383,25.410242080688477,388331200
AAPL,2015-08-12T14:30:00+00:00,28.13249969482422,28.854999542236328,27.407499313354492,28.809999465942383,25.80205726623535,404870000
AAPL,2015-08-13T14:30:00+00:00,29.010000228881836,29.100000381469727,28.635000228881836,28.787500381469727,25.78190803527832,194143200
AAPL,2015-08-14T14:30:00+00:00,28.579999923706055,29.077499389648438,28.502500534057617,28.989999771118164,25.963272094726562,171718000
AAPL,2015-08-17T14:30:00+00:00,29.010000228881836,29.412500381469727,28.875,29.290000915527344,26.23195457458496,163538800
AAPL,2015-08-18T14:30:00+00:00,29.107500076293945,29.360000610351562,29.002500534057617,29.125,26.08417320251465,138242800
AAPL,2015-08-19T14:30:00+00:00,29.024999618530273,29.1299991607666,28.670000076293945,28.752500534057617,25.750566482543945,193146000
AAPL,2015-08-20T14:30:00+00:00,28.520000457763672,28.587499618530273,27.907499313354492,28.162500381469727,25.222164154052734,274006400
AAPL,2015-08-21T14:30:00+00:00,27.607500076293945,27.975000381469727,26.412500381469727,26.440000534057617,23.679502487182617,513102000
AAPL,2015-08-24T14:30:00+00:00,23.717500686645508,27.200000762939453,23.0,25.780000686645508,23.08841323852539,648825200
AAPL,2015-08-25T14:30:00+00:00,27.77750015258789,27.77750015258789,25.875,25.934999465942383,23.22722625732422,414406400
AAPL,2015-08-26T14:30:00+00:00,26.772499084472656,27.47249984741211,26.262500762939453,27.422500610351562,24.559432983398438,387098400
AAPL,2015-08-27T14:30:00+00:00,28.0575008392334,28.309999465942383,27.5049991607666,28.229999542236328,25.282623291015625,338464400
AAPL,2015-08-28T14:30:00+00:00,28.042499542236328,28.327499389648438,27.885000228881836,28.322500228881836,25.36546516418457,212657600
AAPL,2015-08-31T14:30:00+00:00,28.00749969482422,28.63249969482422,28.0,28.190000534057617,25.246788024902344,224917200
AAPL,2015-09-01T14:30:00+00:00,27.537500381469727,27.969999313354492,26.84000015258789,26.93000030517578,24.118349075317383,307383600
AAPL,2015-09-02T14:30:00+00:00,27.5575008392334,28.084999084472656,27.282499313354492,28.084999084472656,25.15275001525879,247555200
AAPL,2015-09-03T14:30:00+00:00,28.122499465942383,28.19499969482422,27.510000228881836,27.592500686645508,24.711673736572266,212935600
AAPL,2015-09-04T14:30:00+00:00,27.24250030517578,27.612499237060547,27.127500534057617,27.3174991607666,24.465391159057617,199985200
AAPL,2015-09-08T14:30:00+00:00,27.9375,28.139999389648438,27.579999923706055,28.077499389648438,25.146041870117188,219374400
AAPL,2015-09-09T14:30:00+00:00,28.440000534057617,28.5049991607666,27.4424991607666,27.537500381469727,24.66241455078125,340043200
AAPL,2015-09-10T14:30:00+00:00,27.5674991607666,28.31999969482422,27.475000381469727,28.142499923706055,25.204254150390625,251571200
AAPL,2015-09-11T14:30:00+00:00,27.947500228881836,28.552499771118164,27.940000534057617,28.552499771118164,25.571447372436523,199662000
AAPL,2015-09-14T14:30:00+00:00,29.145000457763672,29.22249984741211,28.71500015258789,28.827499389648438,25.81773567199707,233453600
AAPL,2015-09-15T14:30:00+00:00,28.982500076293945,29.13249969482422,28.604999542236328,29.06999969482422,26.034912109375,173364800
AAPL,2015-09-16T14:30:00+00:00,29.0625,29.135000228881836,28.860000610351562,29.102500915527344,26.064022064208984,148694000
AAPL,2015-09-17T14:30:00+00:00,28.915000915527344,29.122499465942383,28.43000030517578,28.479999542236328,25.506519317626953,256450400
AAPL,2015-09-18T14:30:00+00:00,28.052499771118164,28.575000762939453,27.967500686645508,28.362499237060547,25.401288986206055,297141200
AAPL,2015-09-21T14:30:00+00:00,28.417499542236328,28.842500686645508,28.415000915527344,28.802499771118164,25.79534339904785,200888000
AAPL,2015-09-22T14:30:00+00:00,28.344999313354492,28.545000076293945,28.1299991607666,28.350000381469727,25.390087127685547,201384800
AAPL,2015-09-23T14:30:00+00:00,28.407499313354492,28.68000030517578,28.325000762939453,28.579999923706055,25.5960750579834,143026800
AAPL,2015-09-24T14:30:00+00:00,28.3125,28.875,28.092500686645508,28.75,25.748329162597656,200878000
AAPL,2015-09-25T14:30:00+00:00,29.110000610351562,29.172500610351562,28.5049991607666,28.677499771118164,25.683395385742188,224607600
AAPL,2015-09-28T14:30:00+00:00,28.462499618530273,28.642499923706055,28.110000610351562,28.110000610351562,25.175146102905273,208436000
AAPL,2015-09-29T14:30:00+00:00,28.207500457763672,28.377500534057617,26.96500015258789,27.264999389648438,24.418363571166992,293461600
AAPL,2015-09-30T14:30:00+00:00,27.542499542236328,27.885000228881836,27.1825008392334,27.575000762939453,24.696006774902344,265892000
AAPL,2015-10-01T14:30:00+00:00,27.267499923706055,27.405000686645508,26.827499389648438,27.395000457763672,24.53479766845703,255716400
AAPL,2015-10-02T14:30:00+00:00,27.002500534057617,27.752500534057617,26.887500762939453,27.594999313354492,24.713911056518555,232079200
AAPL,2015-10-05T14:30:00+00:00,27.469999313354492,27.842500686645508,27.267499923706055,27.69499969482422,24.8034725189209,208258800
AAPL,2015-10-06T14:30:00+00:00,27.657499313354492,27.934999465942383,27.4424991607666,27.827499389648438,24.922142028808594,192787200
AAPL,2015-10-07T14:30:00+00:00,27.934999465942383,27.9424991607666,27.352500915527344,27.69499969482422,24.8034725189209,187062400
AAPL,2015-10-08T14:30:00+00:00,27.547500610351562,27.547500610351562,27.052499771118164,27.375,24.51688575744629,247918400
AAPL,2015-10-09T14:30:00+00:00,27.5,28.06999969482422,27.372499465942383,28.030000686645508,25.103498458862305,211064400
AAPL,2015-10-12T14:30:00+00:00,28.1825008392334,28.1875,27.860000610351562,27.899999618530273,24.98707389831543,121868800
AAPL,2015-10-13T14:30:00+00:00,27.704999923706055,28.112499237060547,27.670000076293945,27.947500228881836,25.02960968017578,132197200
AAPL,2015-10-14T14:30:00+00:00,27.822500228881836,27.8799991607666,27.389999389648438,27.552499771118164,24.67585563659668,177849600
AAPL,2015-10-15T14:30:00+00:00,27.732500076293945,28.024999618530273,27.622499465942383,27.96500015258789,25.045286178588867,150694000
AAPL,2015-10-16T14:30:00+00:00,27.94499969482422,28.0,27.63249969482422,27.760000228881836,24.861690521240234,156930400
AAPL,2015-10-19T14:30:00+00:00,27.700000762939453,27.9375,27.52750015258789,27.9325008392334,25.016178131103516,119036800
AAPL,2015-10-20T14:30:00+00:00,27.834999084472656,28.542499542236328,27.704999923706055,28.4424991607666,25.47292709350586,195871200
AAPL,2015-10-21T14:30:00+00:00,28.5,28.895000457763672,28.424999237060547,28.440000534057617,25.47069549560547,167180800
AAPL,2015-10-22T14:30:00+00:00,28.582500457763672,28.875,28.524999618530273,28.875,25.86026954650879,166616400
AAPL,2015-10-23T14:30:00+00:00,29.174999237060547,29.8075008392334,29.082500457763672,29.770000457763672,26.66183090209961,237467600
AAPL,2015-10-26T14:30:00+00:00,29.520000457763672,29.532499313354492,28.729999542236328,28.81999969482422,25.811016082763672,265335200
AAPL,2015-10-27T14:30:00+00:00,28.850000381469727,29.135000228881836,28.497499465942383,28.637500762939453,25.64756965637207,279537600
AAPL,2015-10-28T14:30:00+00:00,29.232500076293945,29.825000762939453,29.014999389648438,29.8174991607666,26.70436668395996,342205600
AAPL,2015-10-29T14:30:00+00:00,29.674999237060547,30.172500610351562,29.5674991607666,30.13249969482422,26.98648452758789,204909200
AAPL,2015-10-30T14:30:00+00:00,30.247499465942383,30.30500030517578,29.862499237060547,29.875,26.755870819091797,197461200
AAPL,2015-11-02T14:30:00+00:00,30.200000762939453,30.34000015258789,29.90250015258789,30.295000076293945,27.132020950317383,128813200
AAPL,2015-11-03T14:30:00+00:00,30.197500228881836,30.872499465942383,30.174999237060547,30.642499923706055,27.4432373046875,182076000
AAPL,2015-11-04T14:30:00+00:00,30.782499313354492,30.954999923706055,30.405000686645508,30.5,27.31562042236328,179544400
AAPL,2015-11-05T14:30:00+00:00,30.462499618530273,30.672500610351562,30.045000076293945,30.229999542236328,27.189695358276367,158210800
AAPL,2015-11-06T14:30:00+00:00,30.27750015258789,30.452499389648438,30.155000686645508,30.264999389648438,27.221172332763672,132169200
AAPL,2015-11-09T14:30:00+00:00,30.239999771118164,30.452499389648438,30.012500762939453,30.142499923706055,27.110992431640625,135485600
AAPL,2015-11-10T14:30:00+00:00,29.225000381469727,29.517499923706055,29.014999389648438,29.1924991607666,26.256532669067383,236511600
AAPL,2015-11-11T14:30:00+00:00,29.092500686645508,29.354999542236328,28.802499771118164,29.02750015258789,26.108131408691406,180872000
AAPL,2015-11-12T14:30:00+00:00,29.065000534057617,29.204999923706055,28.912500381469727,28.93000030517578,26.020435333251953,130102400
AAPL,2015-11-13T14:30:00+00:00,28.799999237060547,28.892499923706055,28.0674991607666,28.084999084472656,25.260419845581055,183249600
AAPL,2015-11-16T14:30:00+00:00,27.844999313354492,28.559999465942383,27.75,28.545000076293945,25.674158096313477,152426800
AAPL,2015-11-17T14:30:00+00:00,28.729999542236328,28.762500762939453,28.329999923706055,28.422500610351562,25.563982009887695,110467600
AAPL,2015-11-18T14:30:00+00:00,28.940000534057617,29.372499465942383,28.875,29.322500228881836,26.37346839904785,186698800
AAPL,2015-11-19T14:30:00+00:00,29.40999984741211,29.9375,29.190000534057617,29.69499969482422,26.70849609375,173183200
AAPL,2015-11-20T14:30:00+00:00,29.799999237060547,29.979999542236328,29.712499618530273,29.825000762939453,26.82542610168457,137148400
AAPL,2015-11-23T14:30:00+00:00,29.8174991607666,29.9325008392334,29.334999084472656,29.4375,26.476896286010742,129930000
AAPL,2015-11-24T14:30:00+00:00,29.332500457763672,29.837499618530273,29.280000686645508,29.719999313354492,26.730985641479492,171212800
AAPL,2015-11-25T14:30:00+00:00,29.802499771118164,29.8075008392334,29.479999542236328,29.50749969482422,26.539867401123047,85553200
AAPL,2015-11-27T14:30:00+00:00,29.572500228881836,29.602500915527344,29.399999618530273,29.452499389648438,26.49039077758789,52185600
AAPL,2015-11-30T14:30:00+00:00,29.497499465942383,29.852500915527344,29.4375,29.575000762939453,26.600570678710938,156721200
AAPL,2015-12-01T14:30:00+00:00,29.6875,29.702499389648438,29.21500015258789,29.334999084472656,26.384708404541016,139409600
AAPL,2015-12-02T14:30:00+00:00,29.334999084472656,29.52750015258789,29.020000457763672,29.06999969482422,26.1463565826416,133546400
AAPL,2015-12-03T14:30:00+00:00,29.137500762939453,29.197500228881836,28.55500030517578,28.799999237060547,25.90351104736328,166278000
AAPL,2015-12-04T14:30:00+00:00,28.822500228881836,29.8125,28.77750015258789,29.75749969482422,26.764711380004883,231108000
AAPL,2015-12-07T14:30:00+00:00,29.7450008392334,29.96500015258789,29.452499389648438,29.56999969482422,26.596073150634766,128336800
AAPL,2015-12-08T14:30:00+00:00,29.3799991607666,29.649999618530273,29.21500015258789,29.5575008392334,26.584827423095703,137238000
AAPL,2015-12-09T14:30:00+00:00,29.40999984741211,29.422500610351562,28.770000457763672,28.905000686645508,25.99795913696289,185445600
AAPL,2015-12-10T14:30:00+00:00,29.010000228881836,29.235000610351562,28.877500534057617,29.042499542236328,26.121627807617188,116850800
AAPL,2015-12-11T14:30:00+00:00,28.797500610351562,28.84749984741211,28.212499618530273,28.295000076293945,25.449298858642578,187544800
AAPL,2015-12-14T14:30:00+00:00,28.045000076293945,28.170000076293945,27.447500228881836,28.1200008392334,25.291908264160156,257274800
AAPL,2015-12-15T14:30:00+00:00,27.985000610351562,28.200000762939453,27.587499618530273,27.622499465942383,24.84443473815918,213292400
AAPL,2015-12-16T14:30:00+00:00,27.767499923706055,27.997499465942383,27.200000762939453,27.834999084472656,25.035566329956055,224954000
AAPL,2015-12-17T14:30:00+00:00,28.0049991607666,28.0625,27.2450008392334,27.2450008392334,24.504907608032227,179091200
AAPL,2015-12-18T14:30:00+00:00,27.227500915527344,27.3799991607666,26.452499389648438,26.50749969482422,23.841571807861328,385813200
AAPL,2015-12-21T14:30:00+00:00,26.81999969482422,26.842500686645508,26.392499923706055,26.832500457763672,24.13389015197754,190362400
AAPL,2015-12-22T14:30:00+00:00,26.850000381469727,26.93000030517578,26.612499237060547,26.8075008392334,24.111404418945312,131157600
AAPL,2015-12-23T14:30:00+00:00,26.8174991607666,27.212499618530273,26.799999237060547,27.15250015258789,24.421710968017578,130629600
AAPL,2015-12-24T14:30:00+00:00,27.25,27.25,26.987499237060547,27.00749969482422,24.29128646850586,54281600
AAPL,2015-12-28T14:30:00+00:00,26.897499084472656,26.922500610351562,26.545000076293945,26.704999923706055,24.019214630126953,106816800
AAPL,2015-12-29T14:30:00+00:00,26.739999771118164,27.357500076293945,26.71500015258789,27.184999465942383,24.45093536376953,123724800
AAPL,2015-12-30T14:30:00+00:00,27.145000457763672,27.174999237060547,26.795000076293945,26.829999923706055,24.13164520263672,100855200
AAPL,2015-12-31T14:30:00+00:00,26.752500534057617,26.75749969482422,26.204999923706055,26.315000534057617,23.66843605041504,163649200
AAPL,2016-01-04T14:30:00+00:00,25.65250015258789,26.342500686645508,25.5,26.337499618530273,23.68867301940918,270597600
AAPL,2016-01-05T14:30:00+00:00,26.4375,26.462499618530273,25.602500915527344,25.677499771118164,23.095048904418945,223164000
AAPL,2016-01-06T14:30:00+00:00,25.139999389648438,25.592500686645508,24.967500686645508,25.174999237060547,22.643083572387695,273829600
AAPL,2016-01-07T14:30:00+00:00,24.670000076293945,25.032499313354492,24.107500076293945,24.112499237060547,21.68744468688965,324377600
AAPL,2016-01-08T14:30:00+00:00,24.637500762939453,24.77750015258789,24.190000534057617,24.239999771118164,21.802122116088867,283192000
AAPL,2016-01-11T14:30:00+00:00,24.74250030517578,24.764999389648438,24.334999084472656,24.63249969482422,22.155147552490234,198957600
AAPL,2016-01-12T14:30:00+00:00,25.137500762939453,25.172500610351562,24.709999084472656,24.989999771118164,22.476694107055664,196616800
AAPL,2016-01-13T14:30:00+00:00,25.079999923706055,25.297500610351562,24.325000762939453,24.34749984741211,21.898813247680664,249758400
AAPL,2016-01-14T14:30:00+00:00,24.489999771118164,25.1200008392334,23.934999465942383,24.8799991607666,22.377758026123047,252680400
AAPL,2016-01-15T14:30:00+00:00,24.049999237060547,24.427499771118164,23.84000015258789,24.282499313354492,21.840343475341797,319335600
AAPL,2016-01-19T14:30:00+00:00,24.602500915527344,24.662500381469727,23.875,24.165000915527344,21.734670639038086,212350800
AAPL,2016-01-20T14:30:00+00:00,23.774999618530273,24.547500610351562,23.354999542236328,24.197500228881836,21.76390266418457,289337600
AAPL,2016-01-21T14:30:00+00:00,24.264999389648438,24.469999313354492,23.735000610351562,24.075000762939453,21.653717041015625,208646000
AAPL,2016-01-22T14:30:00+00:00,24.657499313354492,25.364999771118164,24.592500686645508,25.354999542236328,22.80498504638672,263202000
AAPL,2016-01-25T14:30:00+00:00,25.3799991607666,25.38249969482422,24.802499771118164,24.860000610351562,22.359766006469727,207178000
AAPL,2016-01-26T14:30:00+00:00,24.982500076293945,25.219999313354492,24.517499923706055,24.997499465942383,22.483444213867188,300308000
AAPL,2016-01-27T14:30:00+00:00,24.010000228881836,24.157499313354492,23.334999084472656,23.354999542236328,21.006135940551758,533478800
AAPL,2016-01-28T14:30:00+00:00,23.447500228881836,23.6299991607666,23.09749984741211,23.522499084472656,21.156776428222656,222715200
AAPL,2016-01-29T14:30:00+00:00,23.697500228881836,24.334999084472656,23.587499618530273,24.334999084472656,21.8875732421875,257666000
AAPL,2016-02-01T14:30:00+00:00,24.11750030517578,24.177499771118164,23.850000381469727,24.107500076293945,21.682945251464844,163774000
AAPL,2016-02-02T14:30:00+00:00,23.854999542236328,24.010000228881836,23.56999969482422,23.6200008392334,21.244478225708008,149428800
AAPL,2016-02-03T14:30:00+00:00,23.75,24.209999084472656,23.520000457763672,24.087499618530273,21.66495704650879,183857200
AAPL,2016-02-04T14:30:00+00:00,23.96500015258789,24.332500457763672,23.797500610351562,24.149999618530273,21.839040756225586,185886800
AAPL,2016-02-05T14:30:00+00:00,24.1299991607666,24.229999542236328,23.422500610351562,23.5049991607666,21.255760192871094,185672400
AAPL,2016-02-08T14:30:00+00:00,23.282499313354492,23.924999237060547,23.260000228881836,23.752500534057617,21.479578018188477,216085600
AAPL,2016-02-09T14:30:00+00:00,23.572500228881836,23.985000610351562,23.482500076293945,23.747499465942383,21.475051879882812,177324800
AAPL,2016-02-10T14:30:00+00:00,23.979999542236328,24.087499618530273,23.524999618530273,23.5674991607666,21.312278747558594,169374400
AAPL,2016-02-11T14:30:00+00:00,23.447500228881836,23.68000030517578,23.147499084472656,23.424999237060547,21.18341827392578,200298800
AAPL,2016-02-12T14:30:00+00:00,23.547500610351562,23.625,23.252500534057617,23.497499465942383,21.248973846435547,161405600
AAPL,2016-02-16T14:30:00+00:00,23.7549991607666,24.212499618530273,23.65250015258789,24.15999984741211,21.84807586669922,196231600
AAPL,2016-02-17T14:30:00+00:00,24.167499542236328,24.552499771118164,24.037500381469727,24.530000686645508,22.182680130004883,179452800
AAPL,2016-02-18T14:30:00+00:00,24.709999084472656,24.72249984741211,24.022499084472656,24.065000534057617,21.762170791625977,156084000
AAPL,2016-02-19T14:30:00+00:00,24.0,24.190000534057617,23.950000762939453,24.010000228881836,21.712440490722656,141496800
AAPL,2016-02-22T14:30:00+00:00,24.077499389648438,24.225000381469727,23.979999542236328,24.219999313354492,21.9023380279541,137123200
AAPL,2016-02-23T14:30:00+00:00,24.100000381469727,24.125,23.637500762939453,23.672500610351562,21.407230377197266,127770400
AAPL,2016-02-24T14:30:00+00:00,23.4950008392334,24.094999313354492,23.329999923706055,24.024999618530273,21.726003646850586,145022800
AAPL,2016-02-25T14:30:00+00:00,24.012500762939453,24.190000534057617,23.8125,24.190000534057617,21.87520980834961,110330800
AAPL,2016-02-26T14:30:00+00:00,24.299999237060547,24.5049991607666,24.145000457763672,24.227500915527344,21.90912437438965,115964400
AAPL,2016-02-29T14:30:00+00:00,24.21500015258789,24.5575008392334,24.162500381469727,24.172500610351562,21.859386444091797,140865200
AAPL,2016-03-01T14:30:00+00:00,24.412500381469727,25.1924991607666,24.354999542236328,25.13249969482422,22.727523803710938,201628400
AAPL,2016-03-02T14:30:00+00:00,25.127500534057617,25.22249984741211,24.90999984741211,25.1875,22.777252197265625,132678400
AAPL,2016-03-03T14:30:00+00:00,25.145000457763672,25.427499771118164,25.112499237060547,25.375,22.94681739807129,147822800
AAPL,2016-03-04T14:30:00+00:00,25.592500686645508,25.9375,25.342500686645508,25.752500534057617,23.288188934326172,184220400
AAPL,2016-03-07T14:30:00+00:00,25.59749984741211,25.707500457763672,25.239999771118164,25.467500686645508,23.03046226501465,143315600
AAPL,2016-03-08T14:30:00+00:00,25.19499969482422,25.440000534057617,25.100000381469727,25.25749969482422,22.840557098388672,126247600
AAPL,2016-03-09T14:30:00+00:00,25.327499389648438,25.395000457763672,25.0674991607666,25.280000686645508,22.86090850830078,108806800
AAPL,2016-03-10T14:30:00+00:00,25.352500915527344,25.559999465942383,25.037500381469727,25.292499542236328,22.872209548950195,134054400
AAPL,2016-03-11T14:30:00+00:00,25.559999465942383,25.56999969482422,25.375,25.565000534057617,23.118635177612305,109632800
AAPL,2016-03-14T14:30:00+00:00,25.477500915527344,25.727500915527344,25.44499969482422,25.6299991607666,23.177412033081055,100304400
AAPL,2016-03-15T14:30:00+00:00,25.989999771118164,26.295000076293945,25.962499618530273,26.145000457763672,23.64313316345215,160270800
AAPL,2016-03-16T14:30:00+00:00,26.15250015258789,26.577499389648438,26.147499084472656,26.49250030517578,23.957382202148438,153214000
AAPL,2016-03-17T14:30:00+00:00,26.3799991607666,26.61750030517578,26.239999771118164,26.450000762939453,23.918949127197266,137682800
AAPL,2016-03-18T14:30:00+00:00,26.584999084472656,26.625,26.297500610351562,26.479999542236328,23.94607925415039,176820800
AAPL,2016-03-21T14:30:00+00:00,26.482500076293945,26.912500381469727,26.28499984741211,26.477500915527344,23.94382095336914,142010800
AAPL,2016-03-22T14:30:00+00:00,26.3125,26.822500228881836,26.302499771118164,26.68000030517578,24.12693977355957,129777600
AAPL,2016-03-23T14:30:00+00:00,26.6200008392334,26.767499923706055,26.475000381469727,26.532499313354492,23.993549346923828,102814000
AAPL,2016-03-24T14:30:00+00:00,26.36750030517578,26.5625,26.22249984741211,26.417499542236328,23.889558792114258,104532000
AAPL,2016-03-28T14:30:00+00:00,26.5,26.547500610351562,26.264999389648438,26.297500610351562,23.781042098999023,77645600
AAPL,2016-03-29T14:30:00+00:00,26.22249984741211,26.947500228881836,26.219999313354492,26.920000076293945,24.343971252441406,124760400
AAPL,2016-03-30T14:30:00+00:00,27.162500381469727,27.604999542236328,27.149999618530273,27.389999389648438,24.768999099731445,182404400
AAPL,2016-03-31T14:30:00+00:00,27.43000030517578,27.475000381469727,27.219999313354492,27.247499465942383,24.640127182006836,103553600
AAPL,2016-04-01T14:30:00+00:00,27.19499969482422,27.5,27.049999237060547,27.497499465942383,24.866209030151367,103496000
AAPL,2016-04-04T14:30:00+00:00,27.604999542236328,28.047500610351562,27.5674991607666,27.780000686645508,25.121675491333008,149424800
AAPL,2016-04-05T14:30:00+00:00,27.377500534057617,27.6825008392334,27.354999542236328,27.452499389648438,24.825525283813477,106314800
AAPL,2016-04-06T14:30:00+00:00,27.5575008392334,27.7450008392334,27.299999237060547,27.739999771118164,25.08551025390625,105616400
AAPL,2016-04-07T14:30:00+00:00,27.487499237060547,27.604999542236328,27.030000686645508,27.135000228881836,24.53839683532715,127207600
AAPL,2016-04-08T14:30:00+00:00,27.227500915527344,27.4424991607666,27.042499542236328,27.165000915527344,24.56553077697754,94326800
AAPL,2016-04-11T14:30:00+00:00,27.24250030517578,27.65250015258789,27.207500457763672,27.2549991607666,24.64691162109375,117630000
AAPL,2016-04-12T14:30:00+00:00,27.334999084472656,27.625,27.165000915527344,27.610000610351562,24.967945098876953,108929200
AAPL,2016-04-13T14:30:00+00:00,27.700000762939453,28.084999084472656,27.700000762939453,28.010000228881836,25.329666137695312,133029200
AAPL,2016-04-14T14:30:00+00:00,27.905000686645508,28.09749984741211,27.832500457763672,28.024999618530273,25.343236923217773,101895600
AAPL,2016-04-15T14:30:00+00:00,28.02750015258789,28.075000762939453,27.4325008392334,27.462499618530273,24.83455467224121,187756000
AAPL,2016-04-18T14:30:00+00:00,27.22249984741211,27.237499237060547,26.735000610351562,26.8700008392334,24.29875946044922,243286000
AAPL,2016-04-19T14:30:00+00:00,26.969999313354492,27.0,26.5575008392334,26.727500915527344,24.16989517211914,129539600
AAPL,2016-04-20T14:30:00+00:00,26.65999984741211,27.022499084472656,26.514999389648438,26.782499313354492,24.21963119506836,122444000
AAPL,2016-04-21T14:30:00+00:00,26.732500076293945,26.732500076293945,26.3799991607666,26.49250030517578,23.957382202148438,126210000
AAPL,2016-04-22T14:30:00+00:00,26.252500534057617,26.6200008392334,26.155000686645508,26.420000076293945,23.891820907592773,134732400
AAPL,2016-04-25T14:30:00+00:00,26.25,26.412500381469727,26.127500534057617,26.270000457763672,23.75617218017578,112126400
AAPL,2016-04-26T14:30:00+00:00,25.977500915527344,26.325000762939453,25.977500915527344,26.087499618530273,23.59113311767578,224064800
AAPL,2016-04-27T14:30:00+00:00,24.0,24.677499771118164,23.920000076293945,24.454999923706055,22.114856719970703,458408400
AAPL,2016-04-28T14:30:00+00:00,24.40250015258789,24.469999313354492,23.5625,23.707500457763672,21.438888549804688,328970800
AAPL,2016-04-29T14:30:00+00:00,23.497499465942383,23.68000030517578,23.127500534057617,23.434999465942383,21.19245719909668,274126000
AAPL,2016-05-02T14:30:00+00:00,23.49250030517578,23.520000457763672,23.100000381469727,23.40999984741211,21.16985321044922,192640400
AAPL,2016-05-03T14:30:00+00:00,23.549999237060547,23.934999465942383,23.420000076293945,23.795000076293945,21.51801109313965,227325200
AAPL,2016-05-04T14:30:00+00:00,23.799999237060547,23.975000381469727,23.454999923706055,23.547500610351562,21.294191360473633,164102000
AAPL,2016-05-05T14:30:00+00:00,23.5,23.517499923706055,23.170000076293945,23.309999465942383,21.207763671875,143562000
AAPL,2016-05-06T14:30:00+00:00,23.342500686645508,23.362499237060547,22.962499618530273,23.18000030517578,21.0894832611084,174799600
AAPL,2016-05-09T14:30:00+00:00,23.25,23.4424991607666,23.147499084472656,23.197500228881836,21.105405807495117,131745600
AAPL,2016-05-10T14:30:00+00:00,23.332500457763672,23.392499923706055,23.02750015258789,23.354999542236328,21.24871253967285,134747200
AAPL,2016-05-11T14:30:00+00:00,23.3700008392334,23.392499923706055,23.114999771118164,23.127500534057617,21.041723251342773,114876400
AAPL,2016-05-12T14:30:00+00:00,23.18000030517578,23.19499969482422,22.36750030517578,22.584999084472656,20.54814910888672,305258800
AAPL,2016-05-13T14:30:00+00:00,22.5,22.917499542236328,22.5,22.6299991607666,20.589088439941406,177571200
AAPL,2016-05-16T14:30:00+00:00,23.09749984741211,23.59749984741211,22.912500381469727,23.469999313354492,21.35333251953125,245039200
AAPL,2016-05-17T14:30:00+00:00,23.637500762939453,23.674999237060547,23.252500534057617,23.372499465942383,21.264623641967773,187667600
AAPL,2016-05-18T14:30:00+00:00,23.540000915527344,23.802499771118164,23.47249984741211,23.639999389648438,21.507999420166016,168249600
AAPL,2016-05-19T14:30:00+00:00,23.65999984741211,23.65999984741211,23.392499923706055,23.549999237060547,21.42612075805664,121768400
AAPL,2016-05-20T14:30:00+00:00,23.65999984741211,23.857500076293945,23.6299991607666,23.80500030517578,21.658119201660156,128104000
AAPL,2016-05-23T14:30:00+00:00,23.967500686645508,24.297500610351562,23.917499542236328,24.107500076293945,21.93334197998047,152074400
AAPL,2016-05-24T14:30:00+00:00,24.30500030517578,24.522499084472656,24.209999084472656,24.475000381469727,22.267688751220703,140560800
AAPL,2016-05-25T14:30:00+00:00,24.667499542236328,24.934999465942383,24.52750015258789,24.905000686645508,22.658912658691406,152675200
AAPL,2016-05-26T14:30:00+00:00,24.920000076293945,25.1825008392334,24.65999984741211,25.102500915527344,22.838605880737305,225324800
AAPL,2016-05-27T14:30:00+00:00,24.860000610351562,25.11750030517578,24.8125,25.087499618530273,22.82495880126953,145364800
AAPL,2016-05-31T14:30:00+00:00,24.899999618530273,25.100000381469727,24.704999923706055,24.96500015258789,22.713504791259766,169228800
AAPL,2016-06-01T14:30:00+00:00,24.7549991607666,24.885000228881836,24.582500457763672,24.614999771118164,22.39507484436035,116693200
AAPL,2016-06-02T14:30:00+00:00,24.399999618530273,24.459999084472656,24.157499313354492,24.43000030517578,22.22675132751465,160766400
AAPL,2016-06-03T14:30:00+00:00,24.447500228881836,24.5674991607666,24.362499237060547,24.479999542236328,22.272241592407227,114019600
AAPL,2016-06-06T14:30:00+00:00,24.497499465942383,25.47249984741211,24.387500762939453,24.657499313354492,22.433732986450195,93170000
AAPL,2016-06-07T14:30:00+00:00,24.8125,24.967500686645508,24.739999771118164,24.75749969482422,22.52471923828125,89638000
AAPL,2016-06-08T14:30:00+00:00,24.7549991607666,24.889999389648438,24.670000076293945,24.735000610351562,22.50424575805664,83392400
AAPL,2016-06-09T14:30:00+00:00,24.625,24.997499465942383,24.614999771118164,24.912500381469727,22.66573715209961,106405600
AAPL,2016-06-10T14:30:00+00:00,24.63249969482422,24.837499618530273,24.6200008392334,24.707500457763672,22.479225158691406,126851600
AAPL,2016-06-13T14:30:00+00:00,24.672500610351562,24.780000686645508,24.274999618530273,24.334999084472656,22.140317916870117,152082000
AAPL,2016-06-14T14:30:00+00:00,24.329999923706055,24.6200008392334,24.1875,24.364999771118164,22.167613983154297,127727600
AAPL,2016-06-15T14:30:00+00:00,24.454999923706055,24.602500915527344,24.25749969482422,24.28499984741211,22.094833374023438,117780800
AAPL,2016-06-16T14:30:00+00:00,24.112499237060547,24.4375,24.017499923706055,24.387500762939453,22.188085556030273,125307200
AAPL,2016-06-17T14:30:00+00:00,24.155000686645508,24.162500381469727,23.825000762939453,23.832500457763672,21.68313980102539,244032800
AAPL,2016-06-20T14:30:00+00:00,24.0,24.142499923706055,23.75749969482422,23.774999618530273,21.630821228027344,137647600
AAPL,2016-06-21T14:30:00+00:00,23.735000610351562,24.087499618530273,23.670000076293945,23.977500915527344,21.815059661865234,142185600
AAPL,2016-06-22T14:30:00+00:00,24.0625,24.22249984741211,23.837499618530273,23.887500762939453,21.733182907104492,116876400
AAPL,2016-06-23T14:30:00+00:00,23.985000610351562,24.072500228881836,23.8125,24.024999618530273,21.858280181884766,128960800
AAPL,2016-06-24T14:30:00+00:00,23.227500915527344,23.665000915527344,23.162500381469727,23.350000381469727,21.244152069091797,301245600
AAPL,2016-06-27T14:30:00+00:00,23.25,23.262500762939453,22.875,23.010000228881836,20.934818267822266,181958400
AAPL,2016-06-28T14:30:00+00:00,23.225000381469727,23.415000915527344,23.03499984741211,23.397499084472656,21.287370681762695,161779600
AAPL,2016-06-29T14:30:00+00:00,23.49250030517578,23.637500762939453,23.407499313354492,23.600000381469727,21.47161102294922,146124000
AAPL,2016-06-30T14:30:00+00:00,23.610000610351562,23.9424991607666,23.575000762939453,23.899999618530273,21.744548797607422,143345600
AAPL,2016-07-01T14:30:00+00:00,23.872499465942383,24.11750030517578,23.832500457763672,23.97249984741211,21.810510635375977,104106000
AAPL,2016-07-05T14:30:00+00:00,23.84749984741211,23.850000381469727,23.614999771118164,23.747499465942383,21.605804443359375,110820800
AAPL,2016-07-06T14:30:00+00:00,23.649999618530273,23.915000915527344,23.592500686645508,23.88249969482422,21.728635787963867,123796400
AAPL,2016-07-07T14:30:00+00:00,23.924999237060547,24.125,23.905000686645508,23.985000610351562,21.82188606262207,100558400
AAPL,2016-07-08T14:30:00+00:00,24.122499465942383,24.22249984741211,24.012500762939453,24.170000076293945,21.99020004272461,115648400
AAPL,2016-07-11T14:30:00+00:00,24.1875,24.412500381469727,24.1825008392334,24.2450008392334,22.058441162109375,95179600
AAPL,2016-07-12T14:30:00+00:00,24.292499542236328,24.424999237060547,24.280000686645508,24.354999542236328,22.15851402282715,96670000
AAPL,2016-07-13T14:30:00+00:00,24.352500915527344,24.417499542236328,24.209999084472656,24.217500686645508,22.033424377441406,103568800
AAPL,2016-07-14T14:30:00+00:00,24.34749984741211,24.747499465942383,24.329999923706055,24.697500228881836,22.470129013061523,155676000
AAPL,2016-07-15T14:30:00+00:00,24.729999542236328,24.825000762939453,24.625,24.69499969482422,22.467857360839844,120548000
AAPL,2016-07-18T14:30:00+00:00,24.674999237060547,25.032499313354492,24.649999618530273,24.957500457763672,22.706684112548828,145975600
AAPL,2016-07-19T14:30:00+00:00,24.889999389648438,25.0,24.834999084472656,24.967500686645508,22.715782165527344,95119600
AAPL,2016-07-20T14:30:00+00:00,25.0,25.114999771118164,24.934999465942383,24.989999771118164,22.736248016357422,105104000
AAPL,2016-07-21T14:30:00+00:00,24.957500457763672,25.25,24.782499313354492,24.857500076293945,22.615697860717773,130808000
AAPL,2016-07-22T14:30:00+00:00,24.815000534057617,24.825000762939453,24.577499389648438,24.665000915527344,22.440561294555664,113254800
AAPL,2016-07-25T14:30:00+00:00,24.5625,24.709999084472656,24.229999542236328,24.334999084472656,22.140317916870117,161531600
AAPL,2016-07-26T14:30:00+00:00,24.204999923706055,24.49250030517578,24.104999542236328,24.167499542236328,21.98792839050293,224959200
AAPL,2016-07-27T14:30:00+00:00,26.0674991607666,26.087499618530273,25.6875,25.737499237060547,23.41633415222168,369379200
AAPL,2016-07-28T14:30:00+00:00,25.707500457763672,26.112499237060547,25.704999923706055,26.084999084472656,23.73249626159668,159479200
AAPL,2016-07-29T14:30:00+00:00,26.047500610351562,26.137500762939453,25.920000076293945,26.052499771118164,23.702924728393555,110934800
AAPL,2016-08-01T14:30:00+00:00,26.102500915527344,26.537500381469727,26.102500915527344,26.512500762939453,24.121444702148438,152671600
AAPL,2016-08-02T14:30:00+00:00,26.512500762939453,26.517499923706055,26.0,26.1200008392334,23.764345169067383,135266400
AAPL,2016-08-03T14:30:00+00:00,26.202499389648438,26.459999084472656,26.1924991607666,26.447500228881836,24.062299728393555,120810400
AAPL,2016-08-04T14:30:00+00:00,26.395000457763672,26.5,26.31999969482422,26.467500686645508,24.21094512939453,109634800
AAPL,2016-08-05T14:30:00+00:00,26.5674991607666,26.912500381469727,26.545000076293945,26.8700008392334,24.579137802124023,162213600
AAPL,2016-08-08T14:30:00+00:00,26.8799991607666,27.092500686645508,26.790000915527344,27.092500686645508,24.782663345336914,112148800
AAPL,2016-08-09T14:30:00+00:00,27.0575008392334,27.235000610351562,27.002500534057617,27.202499389648438,24.883281707763672,105260800
AAPL,2016-08-10T14:30:00+00:00,27.177499771118164,27.225000381469727,26.940000534057617,27.0,24.698047637939453,96034000
AAPL,2016-08-11T14:30:00+00:00,27.1299991607666,27.232500076293945,26.962499618530273,26.982500076293945,24.682037353515625,109938000
AAPL,2016-08-12T14:30:00+00:00,26.94499969482422,27.110000610351562,26.94499969482422,27.045000076293945,24.739215850830078,74641600
AAPL,2016-08-15T14:30:00+00:00,27.03499984741211,27.385000228881836,27.020000457763672,27.3700008392334,25.03650665283203,103472800
AAPL,2016-08-16T14:30:00+00:00,27.407499313354492,27.5575008392334,27.302499771118164,27.344999313354492,25.013633728027344,135177600
AAPL,2016-08-17T14:30:00+00:00,27.274999618530273,27.342500686645508,27.084999084472656,27.30500030517578,24.977039337158203,101424000
AAPL,2016-08-18T14:30:00+00:00,27.3075008392334,27.399999618530273,27.2549991607666,27.270000457763672,24.945030212402344,87938800
AAPL,2016-08-19T14:30:00+00:00,27.1924991607666,27.422500610351562,27.09000015258789,27.34000015258789,25.009065628051758,101472400
AAPL,2016-08-22T14:30:00+00:00,27.21500015258789,27.274999618530273,26.962499618530273,27.127500534057617,24.81467628479004,103280800
AAPL,2016-08-23T14:30:00+00:00,27.147499084472656,27.329999923706055,27.13249969482422,27.212499618530273,24.89243507385254,85030800
AAPL,2016-08-24T14:30:00+00:00,27.142499923706055,27.1875,26.920000076293945,27.00749969482422,24.704906463623047,94700400
AAPL,2016-08-25T14:30:00+00:00,26.84749984741211,26.969999313354492,26.670000076293945,26.892499923706055,24.599714279174805,100344800
AAPL,2016-08-26T14:30:00+00:00,26.852500915527344,26.987499237060547,26.577499389648438,26.735000610351562,24.455646514892578,111065200
AAPL,2016-08-29T14:30:00+00:00,26.655000686645508,26.860000610351562,26.572500228881836,26.704999923706055,24.428199768066406,99881200
AAPL,2016-08-30T14:30:00+00:00,26.450000762939453,26.625,26.375,26.5,24.240676879882812,99455600
AAPL,2016-08-31T14:30:00+00:00,26.415000915527344,26.642499923706055,26.40999984741211,26.524999618530273,24.2635498046875,118649600
AAPL,2016-09-01T14:30:00+00:00,26.53499984741211,26.700000762939453,26.405000686645508,26.6825008392334,24.407625198364258,106806000
AAPL,2016-09-02T14:30:00+00:00,26.924999237060547,27.0,26.704999923706055,26.9325008392334,24.636306762695312,107210000
AAPL,2016-09-06T14:30:00+00:00,26.975000381469727,27.075000762939453,26.877500534057617,26.924999237060547,24.629438400268555,107521600
AAPL,2016-09-07T14:30:00+00:00,26.957500457763672,27.190000534057617,26.767499923706055,27.09000015258789,24.78037452697754,169457200
AAPL,2016-09-08T14:30:00+00:00,26.8125,26.8174991607666,26.309999465942383,26.3799991607666,24.130910873413086,212008000
AAPL,2016-09-09T14:30:00+00:00,26.15999984741211,26.43000030517578,25.782499313354492,25.782499313354492,23.58434295654297,186228000
AAPL,2016-09-12T14:30:00+00:00,25.662500381469727,26.43000030517578,25.63249969482422,26.360000610351562,24.112613677978516,181171200
AAPL,2016-09-13T14:30:00+00:00,26.877500534057617,27.197500228881836,26.809999465942383,26.987499237060547,24.686613082885742,248704800
AAPL,2016-09-14T14:30:00+00:00,27.1825008392334,28.25749969482422,27.149999618530273,27.9424991607666,25.560195922851562,443554800
AAPL,2016-09-15T14:30:00+00:00,28.46500015258789,28.9325008392334,28.372499465942383,28.892499923706055,26.429197311401367,359934400
AAPL,2016-09-16T14:30:00+00:00,28.780000686645508,29.032499313354492,28.510000228881836,28.729999542236328,26.28055191040039,319547600
AAPL,2016-09-19T14:30:00+00:00,28.797500610351562,29.045000076293945,28.3125,28.395000457763672,25.974111557006836,188092000
AAPL,2016-09-20T14:30:00+00:00,28.262500762939453,28.530000686645508,28.127500534057617,28.392499923706055,25.97182846069336,138057200
AAPL,2016-09-21T14:30:00+00:00,28.462499618530273,28.497499465942383,28.110000610351562,28.387500762939453,25.967256546020508,144012800
AAPL,2016-09-22T14:30:00+00:00,28.587499618530273,28.735000610351562,28.5,28.655000686645508,26.211936950683594,124296000
AAPL,2016-09-23T14:30:00+00:00,28.604999542236328,28.697500228881836,27.887500762939453,28.177499771118164,25.775161743164062,209924800
AAPL,2016-09-26T14:30:00+00:00,27.90999984741211,28.34749984741211,27.887500762939453,28.219999313354492,25.814035415649414,119477600
AAPL,2016-09-27T14:30:00+00:00,28.25,28.295000076293945,28.084999084472656,28.272499084472656,25.862060546875,98429600
AAPL,2016-09-28T14:30:00+00:00,28.422500610351562,28.65999984741211,28.357500076293945,28.487499237060547,26.05872344970703,118564400
AAPL,2016-09-29T14:30:00+00:00,28.290000915527344,28.450000762939453,27.950000762939453,28.045000076293945,25.653947830200195,143548000
AAPL,2016-09-30T14:30:00+00:00,28.114999771118164,28.342500686645508,27.950000762939453,28.262500762939453,25.852909088134766,145516400
AAPL,2016-10-03T14:30:00+00:00,28.177499771118164,28.262500762939453,28.06999969482422,28.1299991607666,25.731708526611328,86807200
AAPL,2016-10-04T14:30:00+00:00,28.264999389648438,28.577499389648438,28.157499313354492,28.25,25.841480255126953,118947200
AAPL,2016-10-05T14:30:00+00:00,28.350000381469727,28.415000915527344,28.172500610351562,28.262500762939453,25.852909088134766,85812400
AAPL,2016-10-06T14:30:00+00:00,28.424999237060547,28.584999084472656,28.282499313354492,28.47249984741211,26.045011520385742,115117200
AAPL,2016-10-07T14:30:00+00:00,28.577499389648438,28.639999389648438,28.377500534057617,28.514999389648438,26.083881378173828,97433600
AAPL,2016-10-10T14:30:00+00:00,28.7549991607666,29.1875,28.68000030517578,29.012500762939453,26.53896713256836,144944000
AAPL,2016-10-11T14:30:00+00:00,29.424999237060547,29.672500610351562,29.049999237060547,29.075000762939453,26.596139907836914,256164000
AAPL,2016-10-12T14:30:00+00:00,29.337499618530273,29.4950008392334,29.1875,29.334999084472656,26.8339786529541,150347200
AAPL,2016-10-13T14:30:00+00:00,29.197500228881836,29.360000610351562,28.93000030517578,29.2450008392334,26.75165367126465,140769600
AAPL,2016-10-14T14:30:00+00:00,29.469999313354492,29.542499542236328,29.282499313354492,29.407499313354492,26.900293350219727,142608800
AAPL,2016-10-17T14:30:00+00:00,29.332500457763672,29.459999084472656,29.19499969482422,29.387500762939453,26.882001876831055,94499600
AAPL,2016-10-18T14:30:00+00:00,29.545000076293945,29.552499771118164,29.362499237060547,29.36750030517578,26.863704681396484,98214000
AAPL,2016-10-19T14:30:00+00:00,29.3125,29.440000534057617,28.450000762939453,29.280000686645508,26.783666610717773,80138400
AAPL,2016-10-20T14:30:00+00:00,29.21500015258789,29.344999313354492,29.082500457763672,29.264999389648438,26.76994514465332,96503200
AAPL,2016-10-21T14:30:00+00:00,29.202499389648438,29.227500915527344,29.06999969482422,29.149999618530273,26.664743423461914,92770800
AAPL,2016-10-24T14:30:00+00:00,29.274999618530273,29.434999465942383,29.25,29.412500381469727,26.904861450195312,94154800
AAPL,2016-10-25T14:30:00+00:00,29.487499237060547,29.59000015258789,29.327499389648438,29.5625,27.04207420349121,192516000
AAPL,2016-10-26T14:30:00+00:00,28.577499389648438,28.924999237060547,28.327499389648438,28.897499084472656,26.43376922607422,264536800
AAPL,2016-10-27T14:30:00+00:00,28.84749984741211,28.96500015258789,28.524999618530273,28.6200008392334,26.179933547973633,138248000
AAPL,2016-10-28T14:30:00+00:00,28.467500686645508,28.802499771118164,28.362499237060547,28.43000030517578,26.006134033203125,151446800
AAPL,2016-10-31T14:30:00+00:00,28.412500381469727,28.5575008392334,28.299999237060547,28.385000228881836,25.9649658203125,105677600
AAPL,2016-11-01T14:30:00+00:00,28.364999771118164,28.4424991607666,27.63249969482422,27.872499465942383,25.496158599853516,175303200
AAPL,2016-11-02T14:30:00+00:00,27.850000381469727,28.087499618530273,27.8075008392334,27.897499084472656,25.519033432006836,113326800
AAPL,2016-11-03T14:30:00+00:00,27.7450008392334,27.864999771118164,27.387500762939453,27.457500457763672,25.24549674987793,107730400
AAPL,2016-11-04T14:30:00+00:00,27.13249969482422,27.5625,27.02750015258789,27.209999084472656,25.017934799194336,123348000
AAPL,2016-11-07T14:30:00+00:00,27.520000457763672,27.627500534057617,27.364999771118164,27.602500915527344,25.37881851196289,130240000
AAPL,2016-11-08T14:30:00+00:00,27.577499389648438,27.93000030517578,27.424999237060547,27.764999389648438,25.52822494506836,97016800
AAPL,2016-11-09T14:30:00+00:00,27.469999313354492,27.829999923706055,27.012500762939453,27.719999313354492,25.486852645874023,236705600
AAPL,2016-11-10T14:30:00+00:00,27.772499084472656,27.772499084472656,26.457500457763672,26.947500228881836,24.776582717895508,228538000
AAPL,2016-11-11T14:30:00+00:00,26.780000686645508,27.217500686645508,26.637500762939453,27.107500076293945,24.923694610595703,136575600
AAPL,2016-11-14T14:30:00+00:00,26.927499771118164,26.952499389648438,26.020000457763672,26.427499771118164,24.29846954345703,204702000
AAPL,2016-11-15T14:30:00+00:00,26.642499923706055,26.920000076293945,26.540000915527344,26.77750015258789,24.620283126831055,129058000
AAPL,2016-11-16T14:30:00+00:00,26.674999237060547,27.5575008392334,26.649999618530273,27.497499465942383,25.282276153564453,235362000
AAPL,2016-11-17T14:30:00+00:00,27.452499389648438,27.587499618530273,27.207500457763672,27.487499237060547,25.273080825805664,110528000
AAPL,2016-11-18T14:30:00+00:00,27.43000030517578,27.635000228881836,27.415000915527344,27.514999389648438,25.29836654663086,113715600
AAPL,2016-11-21T14:30:00+00:00,27.530000686645508,27.997499465942383,27.502500534057617,27.9325008392334,25.682233810424805,117058400
AAPL,2016-11-22T14:30:00+00:00,27.987499237060547,28.104999542236328,27.850000381469727,27.950000762939453,25.698326110839844,103862000
AAPL,2016-11-23T14:30:00+00:00,27.84000015258789,27.877500534057617,27.582500457763672,27.8075008392334,25.56730079650879,109705600
AAPL,2016-11-25T14:30:00+00:00,27.782499313354492,27.967500686645508,27.737499237060547,27.947500228881836,25.696020126342773,45903600
AAPL,2016-11-28T14:30:00+00:00,27.857500076293945,28.11750030517578,27.84749984741211,27.892499923706055,25.64546012878418,108776000
AAPL,2016-11-29T14:30:00+00:00,27.69499969482422,28.00749969482422,27.517499923706055,27.864999771118164,25.62017059326172,114115200
AAPL,2016-11-30T14:30:00+00:00,27.899999618530273,28.049999237060547,27.5674991607666,27.6299991607666,25.404098510742188,144649200
AAPL,2016-12-01T14:30:00+00:00,27.592500686645508,27.735000610351562,27.25749969482422,27.372499465942383,25.16734504699707,148347600
AAPL,2016-12-02T14:30:00+00:00,27.292499542236328,27.522499084472656,27.212499618530273,27.475000381469727,25.2615909576416,106112000
AAPL,2016-12-05T14:30:00+00:00,27.5,27.50749969482422,27.0625,27.27750015258789,25.079998016357422,137298000
AAPL,2016-12-06T14:30:00+00:00,27.375,27.59000015258789,27.297500610351562,27.487499237060547,25.273080825805664,104782000
AAPL,2016-12-07T14:30:00+00:00,27.315000534057617,27.797500610351562,27.290000915527344,27.75749969482422,25.521329879760742,119994800
AAPL,2016-12-08T14:30:00+00:00,27.71500015258789,28.107500076293945,27.649999618530273,28.030000686645508,25.771875381469727,108273200
AAPL,2016-12-09T14:30:00+00:00,28.077499389648438,28.674999237060547,28.077499389648438,28.487499237060547,26.19251823425293,137610400
AAPL,2016-12-12T14:30:00+00:00,28.322500228881836,28.75,28.122499465942383,28.325000762939453,26.043109893798828,105497600
AAPL,2016-12-13T14:30:00+00:00,28.459999084472656,28.979999542236328,28.4375,28.797500610351562,26.477548599243164,174935200
AAPL,2016-12-14T14:30:00+00:00,28.760000228881836,29.049999237060547,28.7450008392334,28.797500610351562,26.477548599243164,136127200
AAPL,2016-12-15T14:30:00+00:00,28.844999313354492,29.1825008392334,28.8075008392334,28.954999923706055,26.622358322143555,186098000
AAPL,2016-12-16T14:30:00+00:00,29.11750030517578,29.125,28.912500381469727,28.99250030517578,26.656837463378906,177404400
AAPL,2016-12-19T14:30:00+00:00,28.950000762939453,29.344999313354492,28.9375,29.15999984741211,26.810840606689453,111117600
AAPL,2016-12-20T14:30:00+00:00,29.184999465942383,29.375,29.170000076293945,29.237499237060547,26.882099151611328,85700000
AAPL,2016-12-21T14:30:00+00:00,29.200000762939453,29.350000381469727,29.19499969482422,29.264999389648438,26.907384872436523,95132800
AAPL,2016-12-22T14:30:00+00:00,29.087499618530273,29.127500534057617,28.90999984741211,29.072500228881836,26.730390548706055,104343600
AAPL,2016-12-23T14:30:00+00:00,28.897499084472656,29.1299991607666,28.897499084472656,29.1299991607666,26.783254623413086,56998000
AAPL,2016-12-27T14:30:00+00:00,29.1299991607666,29.450000762939453,29.122499465942383,29.315000534057617,26.95336151123047,73187600
AAPL,2016-12-28T14:30:00+00:00,29.3799991607666,29.5049991607666,29.049999237060547,29.190000534057617,26.83842658996582,83623600
AAPL,2016-12-29T14:30:00+00:00,29.112499237060547,29.27750015258789,29.100000381469727,29.1825008392334,26.83152961730957,60158000
AAPL,2016-12-30T14:30:00+00:00,29.162500381469727,29.299999237060547,28.857500076293945,28.954999923706055,26.622358322143555,122345200
AAPL,2017-01-03T14:30:00+00:00,28.950000762939453,29.082500457763672,28.690000534057617,29.037500381469727,26.698211669921875,115127600
AAPL,2017-01-04T14:30:00+00:00,28.962499618530273,29.127500534057617,28.9375,29.0049991607666,26.668331146240234,84472400
AAPL,2017-01-05T14:30:00+00:00,28.979999542236328,29.21500015258789,28.952499389648438,29.15250015258789,26.803945541381836,88774400
AAPL,2017-01-06T14:30:00+00:00,29.19499969482422,29.540000915527344,29.11750030517578,29.477500915527344,27.10276222229004,127007600
AAPL,2017-01-09T14:30:00+00:00,29.487499237060547,29.857500076293945,29.485000610351562,29.747499465942383,27.351015090942383,134247600
AAPL,2017-01-10T14:30:00+00:00,29.6924991607666,29.844999313354492,29.575000762939453,29.77750015258789,27.378599166870117,97848400
AAPL,2017-01-11T14:30:00+00:00,29.684999465942383,29.982500076293945,29.649999618530273,29.9375,27.52570343017578,110354400
AAPL,2017-01-12T14:30:00+00:00,29.725000381469727,29.825000762939453,29.552499771118164,29.8125,27.410776138305664,108344800
AAPL,2017-01-13T14:30:00+00:00,29.77750015258789,29.905000686645508,29.702499389648438,29.760000228881836,27.362503051757812,104447600
AAPL,2017-01-17T14:30:00+00:00,29.584999084472656,30.059999465942383,29.55500030517578,30.0,27.583173751831055,137759200
AAPL,2017-01-18T14:30:00+00:00,30.0,30.125,29.927499771118164,29.997499465942383,27.58087730407715,94852000
AAPL,2017-01-19T14:30:00+00:00,29.850000381469727,30.022499084472656,29.842500686645508,29.94499969482422,27.532608032226562,102389200
AAPL,2017-01-20T14:30:00+00:00,30.112499237060547,30.112499237060547,29.9325008392334,30.0,27.583173751831055,130391600
AAPL,2017-01-23T14:30:00+00:00,30.0,30.202499389648438,29.9424991607666,30.020000457763672,27.601560592651367,88200800
AAPL,2017-01-24T14:30:00+00:00,29.887500762939453,30.024999618530273,29.875,29.99250030517578,27.576269149780273,92844000
AAPL,2017-01-25T14:30:00+00:00,30.104999542236328,30.524999618530273,30.06999969482422,30.469999313354492,28.015310287475586,129510400
AAPL,2017-01-26T14:30:00+00:00,30.417499542236328,30.610000610351562,30.399999618530273,30.485000610351562,28.029102325439453,105350400
AAPL,2017-01-27T14:30:00+00:00,30.53499984741211,30.587499618530273,30.399999618530273,30.487499237060547,28.031394958496094,82251600
AAPL,2017-01-30T14:30:00+00:00,30.232500076293945,30.407499313354492,30.165000915527344,30.407499313354492,27.957841873168945,121510000
AAPL,2017-01-31T14:30:00+00:00,30.287500381469727,30.34749984741211,30.155000686645508,30.337499618530273,27.893478393554688,196804000
AAPL,2017-02-01T14:30:00+00:00,31.75749969482422,32.622501373291016,31.752500534057617,32.1875,29.594446182250977,447940000
AAPL,2017-02-02T14:30:00+00:00,31.9950008392334,32.34749984741211,31.94499969482422,32.13249969482422,29.54387855529785,134841600
AAPL,2017-02-03T14:30:00+00:00,32.07749938964844,32.29750061035156,32.040000915527344,32.27000045776367,29.670299530029297,98029200
AAPL,2017-02-06T14:30:00+00:00,32.282501220703125,32.625,32.224998474121094,32.5724983215332,29.948429107666016,107383600
AAPL,2017-02-07T14:30:00+00:00,32.6349983215332,33.022499084472656,32.61249923706055,32.88249969482422,30.23344612121582,152735200
AAPL,2017-02-08T14:30:00+00:00,32.837501525878906,33.05500030517578,32.80500030517578,33.0099983215332,30.350679397583008,92016400
AAPL,2017-02-09T14:30:00+00:00,32.912498474121094,33.11249923706055,32.779998779296875,33.10499954223633,30.570005416870117,113399600
AAPL,2017-02-10T14:30:00+00:00,33.1150016784668,33.23500061035156,33.01250076293945,33.029998779296875,30.500734329223633,80262000
AAPL,2017-02-13T14:30:00+00:00,33.27000045776367,33.45500183105469,33.1875,33.3224983215332,30.770849227905273,92141600
AAPL,2017-02-14T14:30:00+00:00,33.36750030517578,33.772499084472656,33.3125,33.755001068115234,31.170217514038086,132904800
AAPL,2017-02-15T14:30:00+00:00,33.880001068115234,34.067501068115234,33.654998779296875,33.877498626708984,31.283344268798828,142492400
AAPL,2017-02-16T14:30:00+00:00,33.91749954223633,33.974998474121094,33.709999084472656,33.837501525878906,31.246402740478516,90338400
AAPL,2017-02-17T14:30:00+00:00,33.775001525878906,33.95750045776367,33.775001525878906,33.93000030517578,31.331815719604492,88792800
AAPL,2017-02-21T14:30:00+00:00,34.057498931884766,34.1875,33.994998931884766,34.17499923706055,31.558067321777344,98028800
AAPL,2017-02-22T14:30:00+00:00,34.10749816894531,34.279998779296875,34.02750015258789,34.27750015258789,31.65271759033203,83347600
AAPL,2017-02-23T14:30:00+00:00,34.345001220703125,34.369998931884766,34.07500076293945,34.13249969482422,31.51881980895996,83152800
AAPL,2017-02-24T14:30:00+00:00,33.977500915527344,34.165000915527344,33.81999969482422,34.165000915527344,31.54882049560547,87106400
AAPL,2017-02-27T14:30:00+00:00,34.28499984741211,34.36000061035156,34.06999969482422,34.23249816894531,31.61115837097168,81029600
AAPL,2017-02-28T14:30:00+00:00,34.27000045776367,34.36000061035156,34.17499923706055,34.247501373291016,31.62501335144043,93931600
AAPL,2017-03-01T14:30:00+00:00,34.47249984741211,35.037498474121094,34.400001525878906,34.9474983215332,32.271400451660156,145658400
AAPL,2017-03-02T14:30:00+00:00,35.0,35.06999969482422,34.689998626708984,34.7400016784668,32.079803466796875,104844000
AAPL,2017-03-03T14:30:00+00:00,34.69499969482422,34.95750045776367,34.647499084472656,34.94499969482422,32.269100189208984,84432400
AAPL,2017-03-06T14:30:00+00:00,34.842498779296875,34.942501068115234,34.650001525878906,34.834999084472656,32.167518615722656,87000000
AAPL,2017-03-07T14:30:00+00:00,34.76499938964844,34.994998931884766,34.6974983215332,34.880001068115234,32.209075927734375,69785200
AAPL,2017-03-08T14:30:00+00:00,34.73749923706055,34.95000076293945,34.70500183105469,34.75,32.08903121948242,74828800
AAPL,2017-03-09T14:30:00+00:00,34.685001373291016,34.6974983215332,34.26250076293945,34.66999816894531,32.01515579223633,88623600
AAPL,2017-03-10T14:30:00+00:00,34.8125,34.84000015258789,34.65999984741211,34.78499984741211,32.1213493347168,78451200
AAPL,2017-03-13T14:30:00+00:00,34.712501525878906,34.85749816894531,34.70500183105469,34.79999923706055,32.135215759277344,69686800
AAPL,2017-03-14T14:30:00+00:00,34.82500076293945,34.912498474121094,34.709999084472656,34.747501373291016,32.08671569824219,61236400
AAPL,2017-03-15T14:30:00+00:00,34.852500915527344,35.1875,34.75749969482422,35.1150016784668,32.426082611083984,102767200
AAPL,2017-03-16T14:30:00+00:00,35.18000030517578,35.255001068115234,35.064998626708984,35.17250061035156,32.47917938232422,76928000
AAPL,2017-03-17T14:30:00+00:00,35.25,35.25,34.97249984741211,34.997501373291016,32.31757736206055,175540000
AAPL,2017-03-20T14:30:00+00:00,35.099998474121094,35.375,35.057498931884766,35.3650016784668,32.65694046020508,86168000
AAPL,2017-03-21T14:30:00+00:00,35.52750015258789,35.70000076293945,34.932498931884766,34.959999084472656,32.282962799072266,158119600
AAPL,2017-03-22T14:30:00+00:00,34.962501525878906,35.400001525878906,34.939998626708984,35.35499954223633,32.64771270751953,103440800
AAPL,2017-03-23T14:30:00+00:00,35.314998626708984,35.39500045776367,35.15250015258789,35.22999954223633,32.532283782958984,81385200
AAPL,2017-03-24T14:30:00+00:00,35.375,35.435001373291016,35.087501525878906,35.15999984741211,32.46764373779297,89582400
AAPL,2017-03-27T14:30:00+00:00,34.84749984741211,35.30500030517578,34.654998779296875,35.220001220703125,32.523048400878906,94300400
AAPL,2017-03-28T14:30:00+00:00,35.227500915527344,36.0099983215332,35.154998779296875,35.95000076293945,33.197147369384766,133499200
AAPL,2017-03-29T14:30:00+00:00,35.91999816894531,36.122501373291016,35.79750061035156,36.029998779296875,33.27101516723633,116760000
AAPL,2017-03-30T14:30:00+00:00,36.04750061035156,36.125,35.875,35.98249816894531,33.22714614868164,84829200
AAPL,2017-03-31T14:30:00+00:00,35.93000030517578,36.067501068115234,35.752498626708984,35.915000915527344,33.16481018066406,78646800
AAPL,2017-04-03T14:30:00+00:00,35.9275016784668,36.029998779296875,35.76250076293945,35.92499923706055,33.17405319213867,79942800
AAPL,2017-04-04T14:30:00+00:00,35.8125,36.22249984741211,35.79249954223633,36.192501068115234,33.421077728271484,79565600
AAPL,2017-04-05T14:30:00+00:00,36.05500030517578,36.3650016784668,35.95249938964844,36.005001068115234,33.24793243408203,110871600
AAPL,2017-04-06T14:30:00+00:00,36.0724983215332,36.130001068115234,35.86249923706055,35.915000915527344,33.16481018066406,84596000
AAPL,2017-04-07T14:30:00+00:00,35.932498931884766,36.04499816894531,35.817501068115234,35.834999084472656,33.09096145629883,66688800
AAPL,2017-04-10T14:30:00+00:00,35.900001525878906,35.970001220703125,35.724998474121094,35.79249954223633,33.05170440673828,75733600
AAPL,2017-04-11T14:30:00+00:00,35.73500061035156,35.837501525878906,35.01499938964844,35.407501220703125,32.69618606567383,121517600
AAPL,2017-04-12T14:30:00+00:00,35.400001525878906,35.537498474121094,35.252498626708984,35.45000076293945,32.73541259765625,81400000
AAPL,2017-04-13T14:30:00+00:00,35.477500915527344,35.595001220703125,35.26250076293945,35.26250076293945,32.562278747558594,71291600
AAPL,2017-04-17T14:30:00+00:00,35.369998931884766,35.470001220703125,35.217498779296875,35.45750045776367,32.74235916137695,66328400
AAPL,2017-04-18T14:30:00+00:00,35.352500915527344,35.5099983215332,35.27750015258789,35.29999923706055,32.5969123840332,58790000
AAPL,2017-04-19T14:30:00+00:00,35.470001220703125,35.5,35.11249923706055,35.16999816894531,32.476871490478516,69313600
AAPL,2017-04-20T14:30:00+00:00,35.30500030517578,35.72999954223633,35.290000915527344,35.61000061035156,32.883182525634766,93278400
AAPL,2017-04-21T14:30:00+00:00,35.61000061035156,35.66999816894531,35.462501525878906,35.567501068115234,32.843929290771484,69283600
AAPL,2017-04-24T14:30:00+00:00,35.875,35.98749923706055,35.79499816894531,35.90999984741211,33.16020202636719,68537200
AAPL,2017-04-25T14:30:00+00:00,35.977500915527344,36.224998474121094,35.967498779296875,36.13249969482422,33.365665435791016,75486000
AAPL,2017-04-26T14:30:00+00:00,36.11750030517578,36.150001525878906,35.845001220703125,35.91999816894531,33.169437408447266,80164800
AAPL,2017-04-27T14:30:00+00:00,35.97999954223633,36.040000915527344,35.82749938964844,35.9474983215332,33.1948356628418,56985200
AAPL,2017-04-28T14:30:00+00:00,36.022499084472656,36.07500076293945,35.817501068115234,35.912498474121094,33.162513732910156,83441600
AAPL,2017-05-01T14:30:00+00:00,36.275001525878906,36.79999923706055,36.2400016784668,36.64500045776367,33.83891296386719,134411600
AAPL,2017-05-02T14:30:00+00:00,36.8849983215332,37.022499084472656,36.709999084472656,36.877498626708984,34.053611755371094,181408800
AAPL,2017-05-03T14:30:00+00:00,36.397499084472656,36.872501373291016,36.067501068115234,36.76499938964844,33.9497184753418,182788000
AAPL,2017-05-04T14:30:00+00:00,36.630001068115234,36.78499984741211,36.45249938964844,36.63249969482422,33.82738494873047,93487600
AAPL,2017-05-05T14:30:00+00:00,36.689998626708984,37.244998931884766,36.689998626708984,37.2400016784668,34.38836669921875,109310800
AAPL,2017-05-08T14:30:00+00:00,37.25749969482422,38.42499923706055,37.25749969482422,38.252498626708984,35.32331848144531,195009600
AAPL,2017-05-09T14:30:00+00:00,38.467498779296875,38.720001220703125,38.36249923706055,38.497501373291016,35.54955291748047,156521600
AAPL,2017-05-10T14:30:00+00:00,38.407501220703125,38.48500061035156,38.02750015258789,38.314998626708984,35.381038665771484,103222800
AAPL,2017-05-11T14:30:00+00:00,38.11249923706055,38.51750183105469,38.07749938964844,38.48749923706055,35.68703079223633,109020400
AAPL,2017-05-12T14:30:00+00:00,38.67499923706055,39.10499954223633,38.66749954223633,39.025001525878906,36.1854248046875,130108000
AAPL,2017-05-15T14:30:00+00:00,39.002498626708984,39.162498474121094,38.76250076293945,38.92499923706055,36.09270477294922,104038800
AAPL,2017-05-16T14:30:00+00:00,38.98500061035156,39.01499938964844,38.68000030517578,38.86750030517578,36.03938293457031,80194000
AAPL,2017-05-17T14:30:00+00:00,38.400001525878906,38.64250183105469,37.4275016784668,37.5625,34.82932662963867,203070800
AAPL,2017-05-18T14:30:00+00:00,37.817501068115234,38.334999084472656,37.782501220703125,38.1349983215332,35.36017608642578,134272800
AAPL,2017-05-19T14:30:00+00:00,38.345001220703125,38.494998931884766,38.157501220703125,38.26499938964844,35.480716705322266,107843200
AAPL,2017-05-22T14:30:00+00:00,38.5,38.64500045776367,38.227500915527344,38.497501373291016,35.696292877197266,91865600
AAPL,2017-05-23T14:30:00+00:00,38.724998474121094,38.724998474121094,38.32749938964844,38.45000076293945,35.652252197265625,79675600
AAPL,2017-05-24T14:30:00+00:00,38.459999084472656,38.54249954223633,38.16749954223633,38.334999084472656,35.545616149902344,76712000
AAPL,2017-05-25T14:30:00+00:00,38.432498931884766,38.587501525878906,38.25749969482422,38.467498779296875,35.668487548828125,76942400
AAPL,2017-05-26T14:30:00+00:00,38.5,38.560001373291016,38.32749938964844,38.40250015258789,35.60821533203125,87710400
AAPL,2017-05-30T14:30:00+00:00,38.35499954223633,38.60749816894531,38.33250045776367,38.41749954223633,35.62211608886719,80507600
AAPL,2017-05-31T14:30:00+00:00,38.49250030517578,38.54249954223633,38.095001220703125,38.189998626708984,35.41117858886719,97804800
AAPL,2017-06-01T14:30:00+00:00,38.29249954223633,38.33250045776367,38.05500030517578,38.29499816894531,35.50853729248047,65616400
AAPL,2017-06-02T14:30:00+00:00,38.39500045776367,38.86249923706055,38.22249984741211,38.86249923706055,36.03474426269531,111082800
AAPL,2017-06-05T14:30:00+00:00,38.584999084472656,38.61249923706055,38.3650016784668,38.48249816894531,35.68238067626953,101326800
AAPL,2017-06-06T14:30:00+00:00,38.474998474121094,38.95249938964844,38.44499969482422,38.61249923706055,35.80293273925781,106499600
AAPL,2017-06-07T14:30:00+00:00,38.755001068115234,38.994998931884766,38.619998931884766,38.842498779296875,36.01619338989258,84278400
AAPL,2017-06-08T14:30:00+00:00,38.8125,38.8849983215332,38.599998474121094,38.747501373291016,35.92810821533203,85003200
AAPL,2017-06-09T14:30:00+00:00,38.79750061035156,38.79750061035156,36.505001068115234,37.244998931884766,34.53493881225586,259530800
AAPL,2017-06-12T14:30:00+00:00,36.435001373291016,36.522499084472656,35.627498626708984,36.35499954223633,33.70970916748047,289229200
AAPL,2017-06-13T14:30:00+00:00,36.790000915527344,36.86249923706055,36.287498474121094,36.647499084472656,33.98091506958008,136661600
AAPL,2017-06-14T14:30:00+00:00,36.875,36.875,35.959999084472656,36.290000915527344,33.6494255065918,126124800
AAPL,2017-06-15T14:30:00+00:00,35.83000183105469,36.119998931884766,35.5525016784668,36.0724983215332,33.44775390625,128661600
AAPL,2017-06-16T14:30:00+00:00,35.94499969482422,36.125,35.54999923706055,35.567501068115234,32.979496002197266,201444400
AAPL,2017-06-19T14:30:00+00:00,35.915000915527344,36.685001373291016,35.915000915527344,36.584999084472656,33.922950744628906,130165600
AAPL,2017-06-20T14:30:00+00:00,36.717498779296875,36.717498779296875,36.23500061035156,36.252498626708984,33.61465835571289,99600400
AAPL,2017-06-21T14:30:00+00:00,36.380001068115234,36.51750183105469,36.15250015258789,36.467498779296875,33.81401824951172,85063200
AAPL,2017-06-22T14:30:00+00:00,36.442501068115234,36.67499923706055,36.279998779296875,36.407501220703125,33.75838088989258,76425200
AAPL,2017-06-23T14:30:00+00:00,36.282501220703125,36.790000915527344,36.27750015258789,36.56999969482422,33.909061431884766,141757600
AAPL,2017-06-26T14:30:00+00:00,36.79249954223633,37.06999969482422,36.345001220703125,36.45500183105469,33.80242919921875,102769600
AAPL,2017-06-27T14:30:00+00:00,36.252498626708984,36.540000915527344,35.904998779296875,35.932498931884766,33.317935943603516,99047600
AAPL,2017-06-28T14:30:00+00:00,36.122501373291016,36.52750015258789,35.790000915527344,36.45750045776367,33.80473327636719,88329600
AAPL,2017-06-29T14:30:00+00:00,36.1775016784668,36.282501220703125,35.56999969482422,35.91999816894531,33.30634689331055,125997600
AAPL,2017-06-30T14:30:00+00:00,36.11249923706055,36.2400016784668,35.94499969482422,36.005001068115234,33.385169982910156,92096400
AAPL,2017-07-03T14:30:00+00:00,36.220001220703125,36.32500076293945,35.775001525878906,35.875,33.264610290527344,57111200
AAPL,2017-07-05T14:30:00+00:00,35.92250061035156,36.1974983215332,35.68000030517578,36.022499084472656,33.40138626098633,86278400
AAPL,2017-07-06T14:30:00+00:00,35.755001068115234,35.875,35.602500915527344,35.682498931884766,33.08612823486328,96515200
AAPL,2017-07-07T14:30:00+00:00,35.724998474121094,36.1875,35.724998474121094,36.04499816894531,33.422237396240234,76806800
AAPL,2017-07-10T14:30:00+00:00,36.02750015258789,36.48749923706055,35.842498779296875,36.26499938964844,33.62623977661133,84362400
AAPL,2017-07-11T14:30:00+00:00,36.182498931884766,36.462501525878906,36.095001220703125,36.38249969482422,33.73518753051758,79127200
AAPL,2017-07-12T14:30:00+00:00,36.467498779296875,36.54499816894531,36.20500183105469,36.435001373291016,33.78387451171875,99538000
AAPL,2017-07-13T14:30:00+00:00,36.375,37.122501373291016,36.36000061035156,36.942501068115234,34.25444793701172,100797600
AAPL,2017-07-14T14:30:00+00:00,36.99250030517578,37.33250045776367,36.83250045776367,37.2599983215332,34.54886245727539,80528400
AAPL,2017-07-17T14:30:00+00:00,37.20500183105469,37.724998474121094,37.14250183105469,37.38999938964844,34.66938781738281,95174000
AAPL,2017-07-18T14:30:00+00:00,37.29999923706055,37.532501220703125,37.16749954223633,37.52000045776367,34.78992462158203,71475200
AAPL,2017-07-19T14:30:00+00:00,37.619998931884766,37.85499954223633,37.48749923706055,37.755001068115234,35.00783157348633,83692000
AAPL,2017-07-20T14:30:00+00:00,37.875,37.935001373291016,37.54750061035156,37.584999084472656,34.85019302368164,68974800
AAPL,2017-07-21T14:30:00+00:00,37.497501373291016,37.61000061035156,37.220001220703125,37.567501068115234,34.83396911621094,105010400
AAPL,2017-07-24T14:30:00+00:00,37.64500045776367,38.11000061035156,37.474998474121094,38.022499084472656,35.255863189697266,85972800
AAPL,2017-07-25T14:30:00+00:00,37.95000076293945,38.459999084472656,37.95000076293945,38.185001373291016,35.40653991699219,75415600
AAPL,2017-07-26T14:30:00+00:00,38.337501525878906,38.48249816894531,38.26499938964844,38.3650016784668,35.57344436645508,63124000
AAPL,2017-07-27T14:30:00+00:00,38.4375,38.497501373291016,36.82500076293945,37.63999938964844,34.90119552612305,129905200
AAPL,2017-07-28T14:30:00+00:00,37.47249984741211,37.557498931884766,37.29750061035156,37.375,34.655479431152344,68854800
AAPL,2017-07-31T14:30:00+00:00,37.474998474121094,37.58250045776367,37.032501220703125,37.182498931884766,34.47697448730469,79383600
AAPL,2017-08-01T14:30:00+00:00,37.275001525878906,37.55500030517578,37.102500915527344,37.51250076293945,34.78297424316406,141474400
AAPL,2017-08-02T14:30:00+00:00,39.81999969482422,39.9375,39.040000915527344,39.28499984741211,36.42649841308594,279747200
AAPL,2017-08-03T14:30:00+00:00,39.26250076293945,39.3025016784668,38.755001068115234,38.89250183105469,36.06255340576172,108389200
AAPL,2017-08-04T14:30:00+00:00,39.01750183105469,39.349998474121094,38.92250061035156,39.09749984741211,36.252655029296875,82239600
AAPL,2017-08-07T14:30:00+00:00,39.26499938964844,39.72999954223633,39.16749954223633,39.70249938964844,36.813621520996094,87481200
AAPL,2017-08-08T14:30:00+00:00,39.650001525878906,40.45750045776367,39.567501068115234,40.02000045776367,37.1080207824707,144823600
AAPL,2017-08-09T14:30:00+00:00,39.814998626708984,40.317501068115234,39.77750015258789,40.26499938964844,37.335201263427734,104526000
AAPL,2017-08-10T14:30:00+00:00,39.974998474121094,40.0,38.657501220703125,38.83000183105469,36.145992279052734,163217200
AAPL,2017-08-11T14:30:00+00:00,39.150001525878906,39.64250183105469,39.01750183105469,39.369998931884766,36.648681640625,105028400
AAPL,2017-08-14T14:30:00+00:00,39.83000183105469,40.0525016784668,39.6875,39.962501525878906,37.200233459472656,88490800
AAPL,2017-08-15T14:30:00+00:00,40.165000915527344,40.54999923706055,40.03499984741211,40.400001525878906,37.60748291015625,117862000
AAPL,2017-08-16T14:30:00+00:00,40.48500061035156,40.627498626708984,40.037498474121094,40.23749923706055,37.45621109008789,110686400
AAPL,2017-08-17T14:30:00+00:00,40.130001068115234,40.1775016784668,39.459999084472656,39.46500015258789,36.73710632324219,111762400
AAPL,2017-08-18T14:30:00+00:00,39.46500015258789,39.875,39.18000030517578,39.375,36.653316497802734,109712400
AAPL,2017-08-21T14:30:00+00:00,39.375,39.47249984741211,38.77750015258789,39.3025016784668,36.585838317871094,105474000
AAPL,2017-08-22T14:30:00+00:00,39.557498931884766,40.0,39.505001068115234,39.94499969482422,37.183921813964844,86418400
AAPL,2017-08-23T14:30:00+00:00,39.76750183105469,40.11750030517578,39.720001220703125,39.994998931884766,37.230464935302734,77596400
AAPL,2017-08-24T14:30:00+00:00,40.10749816894531,40.185001373291016,39.63750076293945,39.817501068115234,37.06524658203125,79275600
AAPL,2017-08-25T14:30:00+00:00,39.912498474121094,40.13999938964844,39.817501068115234,39.96500015258789,37.202545166015625,101920400
AAPL,2017-08-28T14:30:00+00:00,40.03499984741211,40.5,39.98249816894531,40.36750030517578,37.57722091674805,103864000
AAPL,2017-08-29T14:30:00+00:00,40.025001525878906,40.779998779296875,40.0,40.727500915527344,37.91233444213867,118067600
AAPL,2017-08-30T14:30:00+00:00,40.95000076293945,40.97249984741211,40.65250015258789,40.837501525878906,38.01473617553711,109078400
AAPL,2017-08-31T14:30:00+00:00,40.90999984741211,41.130001068115234,40.869998931884766,41.0,38.166011810302734,107140400
AAPL,2017-09-01T14:30:00+00:00,41.20000076293945,41.23500061035156,40.907501220703125,41.01250076293945,38.17762756347656,66364400
AAPL,2017-09-05T14:30:00+00:00,40.9375,41.0625,40.13999938964844,40.52000045776367,37.71917724609375,117874000
AAPL,2017-09-06T14:30:00+00:00,40.6775016784668,40.747501373291016,40.130001068115234,40.477500915527344,37.67961883544922,86606800
AAPL,2017-09-07T14:30:00+00:00,40.522499084472656,40.560001373291016,40.09000015258789,40.314998626708984,37.528358459472656,87714000
AAPL,2017-09-08T14:30:00+00:00,40.21500015258789,40.287498474121094,39.63249969482422,39.657501220703125,36.91630554199219,114446000
AAPL,2017-09-11T14:30:00+00:00,40.125,40.51250076293945,39.97249984741211,40.375,37.584205627441406,126323200
AAPL,2017-09-12T14:30:00+00:00,40.65250015258789,40.9900016784668,39.692501068115234,40.21500015258789,37.43526077270508,286856000
AAPL,2017-09-13T14:30:00+00:00,39.967498779296875,39.9900016784668,39.477500915527344,39.912498474121094,37.1536750793457,179629600
AAPL,2017-09-14T14:30:00+00:00,39.747501373291016,39.849998474121094,39.522499084472656,39.56999969482422,36.83485412597656,95042800
AAPL,2017-09-15T14:30:00+00:00,39.61750030517578,40.24250030517578,39.5,39.970001220703125,37.20719528198242,196458400
AAPL,2017-09-18T14:30:00+00:00,40.02750015258789,40.125,39.5,39.66749954223633,36.92560577392578,113077600
AAPL,2017-09-19T14:30:00+00:00,39.877498626708984,39.942501068115234,39.61000061035156,39.682498931884766,36.93955612182617,83242400
AAPL,2017-09-20T14:30:00+00:00,39.474998474121094,39.564998626708984,38.45750045776367,39.01750183105469,36.320533752441406,211805600
AAPL,2017-09-21T14:30:00+00:00,38.95000076293945,38.95000076293945,38.1875,38.34749984741211,35.69684982299805,150046800
AAPL,2017-09-22T14:30:00+00:00,37.8849983215332,38.067501068115234,37.63999938964844,37.97249984741211,35.347774505615234,186581600
AAPL,2017-09-25T14:30:00+00:00,37.497501373291016,37.95750045776367,37.290000915527344,37.63750076293945,35.035919189453125,177549200
AAPL,2017-09-26T14:30:00+00:00,37.94499969482422,38.47999954223633,37.92250061035156,38.28499984741211,35.638675689697266,146640000
AAPL,2017-09-27T14:30:00+00:00,38.45000076293945,38.68000030517578,38.3849983215332,38.557498931884766,35.892333984375,102016800
AAPL,2017-09-28T14:30:00+00:00,38.47249984741211,38.56999969482422,38.17499923706055,38.31999969482422,35.6712532043457,88022000
AAPL,2017-09-29T14:30:00+00:00,38.3025016784668,38.532501220703125,38.0,38.529998779296875,35.86673355102539,105199200
AAPL,2017-10-02T14:30:00+00:00,38.564998626708984,38.61249923706055,38.18000030517578,38.45249938964844,35.794593811035156,74795200
AAPL,2017-10-03T14:30:00+00:00,38.502498626708984,38.772499084472656,38.477500915527344,38.619998931884766,35.95051193237305,64921200
AAPL,2017-10-04T14:30:00+00:00,38.407501220703125,38.46500015258789,38.1150016784668,38.369998931884766,35.717777252197266,80655200
AAPL,2017-10-05T14:30:00+00:00,38.54499816894531,38.86000061035156,38.51250076293945,38.84749984741211,36.162288665771484,85135200
AAPL,2017-10-06T14:30:00+00:00,38.74250030517578,38.872501373291016,38.63999938964844,38.82500076293945,36.14134216308594,69630400
AAPL,2017-10-09T14:30:00+00:00,38.95249938964844,39.182498931884766,38.872501373291016,38.959999084472656,36.267005920410156,65051600
AAPL,2017-10-10T14:30:00+00:00,39.01499938964844,39.5,38.775001525878906,38.974998474121094,36.28096008300781,62468000
AAPL,2017-10-11T14:30:00+00:00,38.99250030517578,39.244998931884766,38.9375,39.13750076293945,36.43223571777344,67622400
AAPL,2017-10-12T14:30:00+00:00,39.087501525878906,39.342498779296875,38.932498931884766,39.0,36.30424118041992,64500400
AAPL,2017-10-13T14:30:00+00:00,39.182498931884766,39.31999969482422,39.102500915527344,39.247501373291016,36.53463363647461,65576800
AAPL,2017-10-16T14:30:00+00:00,39.474998474121094,40.0,39.412498474121094,39.970001220703125,37.20719528198242,96486000
AAPL,2017-10-17T14:30:00+00:00,39.94499969482422,40.217498779296875,39.807498931884766,40.11750030517578,37.34450149536133,75989200
AAPL,2017-10-18T14:30:00+00:00,40.10499954223633,40.1775016784668,39.900001525878906,39.939998626708984,37.17927551269531,65496800
AAPL,2017-10-19T14:30:00+00:00,39.1875,39.27000045776367,38.755001068115234,38.994998931884766,36.29958724975586,170336800
AAPL,2017-10-20T14:30:00+00:00,39.15250015258789,39.4375,38.9900016784668,39.0625,36.3624267578125,95896400
AAPL,2017-10-23T14:30:00+00:00,39.22249984741211,39.42250061035156,38.875,39.04249954223633,36.34380340576172,87937200
AAPL,2017-10-24T14:30:00+00:00,39.0724983215332,39.35499954223633,39.04999923706055,39.275001525878906,36.56023025512695,71028800
AAPL,2017-10-25T14:30:00+00:00,39.227500915527344,39.38750076293945,38.817501068115234,39.102500915527344,36.399662017822266,84828400
AAPL,2017-10-26T14:30:00+00:00,39.307498931884766,39.45750045776367,39.19499969482422,39.352500915527344,36.632389068603516,68002000
AAPL,2017-10-27T14:30:00+00:00,39.8224983215332,40.900001525878906,39.67499923706055,40.76250076293945,37.944915771484375,177816800
AAPL,2017-10-30T14:30:00+00:00,40.97249984741211,42.01750183105469,40.93000030517578,41.68000030517578,38.79899597167969,178803200
AAPL,2017-10-31T14:30:00+00:00,41.974998474121094,42.412498474121094,41.73500061035156,42.2599983215332,39.338924407958984,144187200
AAPL,2017-11-01T14:30:00+00:00,42.467498779296875,42.48500061035156,41.40250015258789,41.72249984741211,38.838565826416016,134551200
AAPL,2017-11-02T14:30:00+00:00,41.650001525878906,42.125,41.31999969482422,42.02750015258789,39.12248992919922,165573600
AAPL,2017-11-03T14:30:00+00:00,43.5,43.564998626708984,42.779998779296875,43.125,40.144107818603516,237594400
AAPL,2017-11-06T14:30:00+00:00,43.092498779296875,43.747501373291016,42.93000030517578,43.5625,40.55138397216797,140105200
AAPL,2017-11-07T14:30:00+00:00,43.477500915527344,43.8125,43.400001525878906,43.70249938964844,40.68168640136719,97446000
AAPL,2017-11-08T14:30:00+00:00,43.665000915527344,44.060001373291016,43.58250045776367,44.060001373291016,41.014495849609375,97638000
AAPL,2017-11-09T14:30:00+00:00,43.77750015258789,44.025001525878906,43.28499984741211,43.970001220703125,40.93070983886719,117930400
AAPL,2017-11-10T14:30:00+00:00,43.77750015258789,43.845001220703125,43.567501068115234,43.66749954223633,40.795249938964844,100582000
AAPL,2017-11-13T14:30:00+00:00,43.375,43.625,43.349998474121094,43.49250030517578,40.63176345825195,67928400
AAPL,2017-11-14T14:30:00+00:00,43.2599983215332,43.369998931884766,42.79499816894531,42.834999084472656,40.017513275146484,99130000
AAPL,2017-11-15T14:30:00+00:00,42.49250030517578,42.58000183105469,42.095001220703125,42.27000045776367,39.48967361450195,116632400
AAPL,2017-11-16T14:30:00+00:00,42.79499816894531,42.967498779296875,42.57500076293945,42.775001525878906,39.96146011352539,94550000
AAPL,2017-11-17T14:30:00+00:00,42.7599983215332,42.84749984741211,42.40999984741211,42.537498474121094,39.73958206176758,87598000
AAPL,2017-11-20T14:30:00+00:00,42.5724983215332,42.63999938964844,42.38999938964844,42.494998931884766,39.69987869262695,65049600
AAPL,2017-11-21T14:30:00+00:00,42.69499969482422,43.42499923706055,42.69499969482422,43.28499984741211,40.43790054321289,100525200
AAPL,2017-11-22T14:30:00+00:00,43.34000015258789,43.75,43.26250076293945,43.7400016784668,40.86298370361328,102355600
AAPL,2017-11-24T14:30:00+00:00,43.775001525878906,43.875,43.662498474121094,43.74250030517578,40.86531066894531,56106800
AAPL,2017-11-27T14:30:00+00:00,43.76250076293945,43.77000045776367,43.334999084472656,43.522499084472656,40.659786224365234,82867200
AAPL,2017-11-28T14:30:00+00:00,43.57500076293945,43.717498779296875,42.96500015258789,43.26750183105469,40.421566009521484,105715200
AAPL,2017-11-29T14:30:00+00:00,43.157501220703125,43.22999954223633,41.790000915527344,42.369998931884766,39.58308792114258,166665600
AAPL,2017-11-30T14:30:00+00:00,42.60749816894531,43.03499984741211,42.11000061035156,42.962501525878906,40.136619567871094,166108800
AAPL,2017-12-01T14:30:00+00:00,42.48749923706055,42.91749954223633,42.125,42.76250076293945,39.94978332519531,159037200
AAPL,2017-12-04T14:30:00+00:00,43.119998931884766,43.154998779296875,42.407501220703125,42.45000076293945,39.657814025878906,130169600
AAPL,2017-12-05T14:30:00+00:00,42.26499938964844,42.880001068115234,42.099998474121094,42.40999984741211,39.62044906616211,109400800
AAPL,2017-12-06T14:30:00+00:00,41.875,42.54999923706055,41.6150016784668,42.252498626708984,39.473323822021484,114240000
AAPL,2017-12-07T14:30:00+00:00,42.25749969482422,42.61000061035156,42.227500915527344,42.33000183105469,39.54572296142578,102693200
AAPL,2017-12-08T14:30:00+00:00,42.622501373291016,42.75,42.20500183105469,42.342498779296875,39.557395935058594,93420800
AAPL,2017-12-11T14:30:00+00:00,42.29999923706055,43.22249984741211,42.1974983215332,43.16749954223633,40.32814025878906,141095200
AAPL,2017-12-12T14:30:00+00:00,43.037498474121094,43.09749984741211,42.8650016784668,42.92499923706055,40.101593017578125,77636800
AAPL,2017-12-13T14:30:00+00:00,43.125,43.3849983215332,43.0,43.067501068115234,40.23471450805664,95273600
AAPL,2017-12-14T14:30:00+00:00,43.099998474121094,43.282501220703125,42.912498474121094,43.05500030517578,40.2230339050293,81906000
AAPL,2017-12-15T14:30:00+00:00,43.407501220703125,43.54249954223633,43.1150016784668,43.49250030517578,40.63176345825195,160677200
AAPL,2017-12-18T14:30:00+00:00,43.720001220703125,44.29999923706055,43.71500015258789,44.10499954223633,41.20396423339844,117684400
AAPL,2017-12-19T14:30:00+00:00,43.75749969482422,43.84749984741211,43.522499084472656,43.6349983215332,40.7648811340332,109745600
AAPL,2017-12-20T14:30:00+00:00,43.717498779296875,43.85499954223633,43.3125,43.587501525878906,40.72050094604492,93902400
AAPL,2017-12-21T14:30:00+00:00,43.54249954223633,44.005001068115234,43.525001525878906,43.752498626708984,40.874656677246094,83799600
AAPL,2017-12-22T14:30:00+00:00,43.66999816894531,43.85499954223633,43.625,43.752498626708984,40.874656677246094,65397600
AAPL,2017-12-26T14:30:00+00:00,42.70000076293945,42.86750030517578,42.41999816894531,42.64250183105469,39.837677001953125,132742000
AAPL,2017-12-27T14:30:00+00:00,42.525001525878906,42.69499969482422,42.4275016784668,42.650001525878906,39.844669342041016,85992800
AAPL,2017-12-28T14:30:00+00:00,42.75,42.962501525878906,42.619998931884766,42.77000045776367,39.956790924072266,65920800
AAPL,2017-12-29T14:30:00+00:00,42.630001068115234,42.647499084472656,42.30500030517578,42.307498931884766,39.524688720703125,103999600
AAPL,2018-01-02T14:30:00+00:00,42.540000915527344,43.07500076293945,42.314998626708984,43.064998626708984,40.23237609863281,102223600
AAPL,2018-01-03T14:30:00+00:00,43.13249969482422,43.63750076293945,42.9900016784668,43.057498931884766,40.22536849975586,118071600
AAPL,2018-01-04T14:30:00+00:00,43.1349983215332,43.36750030517578,43.02000045776367,43.25749969482422,40.41222381591797,89738400
AAPL,2018-01-05T14:30:00+00:00,43.36000061035156,43.842498779296875,43.26250076293945,43.75,40.87232208251953,94640000
AAPL,2018-01-08T14:30:00+00:00,43.587501525878906,43.90250015258789,43.48249816894531,43.587501525878906,40.72050094604492,82271200
AAPL,2018-01-09T14:30:00+00:00,43.63750076293945,43.76499938964844,43.352500915527344,43.58250045776367,40.71584701538086,86336000
AAPL,2018-01-10T14:30:00+00:00,43.290000915527344,43.57500076293945,43.25,43.5724983215332,40.70648193359375,95839600
AAPL,2018-01-11T14:30:00+00:00,43.647499084472656,43.872501373291016,43.622501373291016,43.81999969482422,40.937721252441406,74670800
AAPL,2018-01-12T14:30:00+00:00,44.04499816894531,44.34000015258789,43.912498474121094,44.272499084472656,41.3604621887207,101672400
AAPL,2018-01-16T14:30:00+00:00,44.474998474121094,44.84749984741211,44.03499984741211,44.04750061035156,41.150264739990234,118263600
AAPL,2018-01-17T14:30:00+00:00,44.037498474121094,44.8125,43.76750183105469,44.775001525878906,41.82990646362305,137547200
AAPL,2018-01-18T14:30:00+00:00,44.842498779296875,45.025001525878906,44.5625,44.814998626708984,41.867271423339844,124773600
AAPL,2018-01-19T14:30:00+00:00,44.65250015258789,44.89500045776367,44.352500915527344,44.6150016784668,41.6804313659668,129700400
AAPL,2018-01-22T14:30:00+00:00,44.32500076293945,44.44499969482422,44.150001525878906,44.25,41.339439392089844,108434400
AAPL,2018-01-23T14:30:00+00:00,44.32500076293945,44.86000061035156,44.20500183105469,44.2599983215332,41.34877395629883,130756400
AAPL,2018-01-24T14:30:00+00:00,44.3125,44.32500076293945,43.29999923706055,43.55500030517578,40.690147399902344,204420400
AAPL,2018-01-25T14:30:00+00:00,43.627498626708984,43.73749923706055,42.63249969482422,42.77750015258789,39.96379089355469,166116000
AAPL,2018-01-26T14:30:00+00:00,43.0,43.0,42.51499938964844,42.877498626708984,40.05720901489258,156572000
AAPL,2018-01-29T14:30:00+00:00,42.540000915527344,42.540000915527344,41.76750183105469,41.9900016784668,39.228092193603516,202561600
AAPL,2018-01-30T14:30:00+00:00,41.38249969482422,41.842498779296875,41.17499923706055,41.74250030517578,38.996864318847656,184192800
AAPL,2018-01-31T14:30:00+00:00,41.717498779296875,42.11000061035156,41.625,41.85749816894531,39.10429763793945,129915600
AAPL,2018-02-01T14:30:00+00:00,41.79249954223633,42.154998779296875,41.689998626708984,41.94499969482422,39.18605041503906,188923200
AAPL,2018-02-02T14:30:00+00:00,41.5,41.70000076293945,40.025001525878906,40.125,37.48576354980469,346375200
AAPL,2018-02-05T14:30:00+00:00,39.775001525878906,40.970001220703125,39.0,39.122501373291016,36.549198150634766,290954000
AAPL,2018-02-06T14:30:00+00:00,38.70750045776367,40.93000030517578,38.5,40.75749969482422,38.07664489746094,272975200
AAPL,2018-02-07T14:30:00+00:00,40.772499084472656,40.849998474121094,39.76750183105469,39.8849983215332,37.26153564453125,206434400
AAPL,2018-02-08T14:30:00+00:00,40.0724983215332,40.25,38.75749969482422,38.787498474121094,36.23622131347656,217562000
AAPL,2018-02-09T14:30:00+00:00,39.26750183105469,39.47249984741211,37.560001373291016,39.102500915527344,36.67945098876953,282690400
AAPL,2018-02-12T14:30:00+00:00,39.625,40.97249984741211,39.377498626708984,40.6775016784668,38.1568603515625,243278000
AAPL,2018-02-13T14:30:00+00:00,40.48749923706055,41.1875,40.412498474121094,41.084999084472656,38.53910827636719,130196800
AAPL,2018-02-14T14:30:00+00:00,40.7599983215332,41.8849983215332,40.720001220703125,41.842498779296875,39.249664306640625,162579600
AAPL,2018-02-15T14:30:00+00:00,42.4474983215332,43.272499084472656,42.25,43.247501373291016,40.56760787963867,204588800
AAPL,2018-02-16T14:30:00+00:00,43.09000015258789,43.70500183105469,42.942501068115234,43.10749816894531,40.436275482177734,160704400
AAPL,2018-02-20T14:30:00+00:00,43.01250076293945,43.564998626708984,42.85499954223633,42.962501525878906,40.30026626586914,135722000
AAPL,2018-02-21T14:30:00+00:00,43.20750045776367,43.529998779296875,42.752498626708984,42.76750183105469,40.11735534667969,149886400
AAPL,2018-02-22T14:30:00+00:00,42.95000076293945,43.48749923706055,42.9275016784668,43.125,40.45269012451172,123967600
AAPL,2018-02-23T14:30:00+00:00,43.41749954223633,43.912498474121094,43.3849983215332,43.875,41.15622329711914,135249600
AAPL,2018-02-26T14:30:00+00:00,44.087501525878906,44.84749984741211,44.0525016784668,44.74250030517578,41.969970703125,152648800
AAPL,2018-02-27T14:30:00+00:00,44.775001525878906,45.119998931884766,44.540000915527344,44.59749984741211,41.83393859863281,155712400
AAPL,2018-02-28T14:30:00+00:00,44.814998626708984,45.154998779296875,44.51250076293945,44.529998779296875,41.7706298828125,151128400
AAPL,2018-03-01T14:30:00+00:00,44.6349983215332,44.94499969482422,43.165000915527344,43.75,41.03896713256836,195208000
AAPL,2018-03-02T14:30:00+00:00,43.20000076293945,44.07500076293945,43.11249923706055,44.0525016784668,41.322723388671875,153816000
AAPL,2018-03-05T14:30:00+00:00,43.8025016784668,44.435001373291016,43.630001068115234,44.20500183105469,41.46576690673828,113605600
AAPL,2018-03-06T14:30:00+00:00,44.477500915527344,44.5625,44.032501220703125,44.16749954223633,41.43059539794922,95154000
AAPL,2018-03-07T14:30:00+00:00,43.73500061035156,43.962501525878906,43.567501068115234,43.75749969482422,41.045997619628906,126814000
AAPL,2018-03-08T14:30:00+00:00,43.869998931884766,44.279998779296875,43.76750183105469,44.23500061035156,41.49392318725586,95096400
AAPL,2018-03-09T14:30:00+00:00,44.4900016784668,45.0,44.34749984741211,44.994998931884766,42.206825256347656,128740800
AAPL,2018-03-12T14:30:00+00:00,45.0724983215332,45.59749984741211,45.0525016784668,45.43000030517578,42.6148681640625,128828400
AAPL,2018-03-13T14:30:00+00:00,45.647499084472656,45.875,44.810001373291016,44.99250030517578,42.2044677734375,126774000
AAPL,2018-03-14T14:30:00+00:00,45.08000183105469,45.130001068115234,44.45249938964844,44.61000061035156,41.84566879272461,117473600
AAPL,2018-03-15T14:30:00+00:00,44.625,45.060001373291016,44.51750183105469,44.662498474121094,41.894927978515625,90975200
AAPL,2018-03-16T14:30:00+00:00,44.662498474121094,44.779998779296875,44.404998779296875,44.505001068115234,41.747169494628906,157618800
AAPL,2018-03-19T14:30:00+00:00,44.33000183105469,44.36750030517578,43.415000915527344,43.82500076293945,41.10930633544922,133787200
AAPL,2018-03-20T14:30:00+00:00,43.810001373291016,44.20000076293945,43.73500061035156,43.810001373291016,41.095252990722656,78597600
AAPL,2018-03-21T14:30:00+00:00,43.7599983215332,43.772499084472656,42.814998626708984,42.817501068115234,40.164241790771484,148219600
AAPL,2018-03-22T14:30:00+00:00,42.5,43.16999816894531,42.150001525878906,42.212501525878906,39.59672927856445,165963200
AAPL,2018-03-23T14:30:00+00:00,42.09749984741211,42.47999954223633,41.23500061035156,41.23500061035156,38.679813385009766,164115200
AAPL,2018-03-26T14:30:00+00:00,42.01750183105469,43.275001525878906,41.61000061035156,43.192501068115234,40.51600646972656,150164800
AAPL,2018-03-27T14:30:00+00:00,43.41999816894531,43.787498474121094,41.72999954223633,42.084999084472656,39.477149963378906,163690400
AAPL,2018-03-28T14:30:00+00:00,41.8125,42.505001068115234,41.29750061035156,41.619998931884766,39.04093933105469,166674000
AAPL,2018-03-29T14:30:00+00:00,41.95249938964844,42.9375,41.724998474121094,41.94499969482422,39.3458137512207,153594000
AAPL,2018-04-02T14:30:00+00:00,41.65999984741211,42.23500061035156,41.11750030517578,41.66999816894531,39.08785629272461,150347200
AAPL,2018-04-03T14:30:00+00:00,41.90999984741211,42.1875,41.220001220703125,42.09749984741211,39.48887634277344,121112000
AAPL,2018-04-04T14:30:00+00:00,41.220001220703125,43.002498626708984,41.192501068115234,42.90250015258789,40.24397659301758,138422000
AAPL,2018-04-05T14:30:00+00:00,43.14500045776367,43.557498931884766,43.02000045776367,43.20000076293945,40.52304458618164,107732800
AAPL,2018-04-06T14:30:00+00:00,42.74250030517578,43.119998931884766,42.04999923706055,42.095001220703125,39.48651885986328,140021200
AAPL,2018-04-09T14:30:00+00:00,42.470001220703125,43.272499084472656,42.462501525878906,42.51250076293945,39.87815856933594,116070800
AAPL,2018-04-10T14:30:00+00:00,43.25,43.5,42.88249969482422,43.3125,40.62857437133789,113634400
AAPL,2018-04-11T14:30:00+00:00,43.057498931884766,43.47999954223633,42.92499923706055,43.11000061035156,40.438621520996094,89726400
AAPL,2018-04-12T14:30:00+00:00,43.352500915527344,43.75,43.2599983215332,43.53499984741211,40.8372917175293,91557200
AAPL,2018-04-13T14:30:00+00:00,43.69499969482422,43.959999084472656,43.462501525878906,43.682498931884766,40.97565460205078,100497200
AAPL,2018-04-16T14:30:00+00:00,43.75749969482422,44.04750061035156,43.70750045776367,43.95500183105469,41.23126220703125,86313600
AAPL,2018-04-17T14:30:00+00:00,44.122501373291016,44.73500061035156,44.102500915527344,44.560001373291016,41.798770904541016,106421600
AAPL,2018-04-18T14:30:00+00:00,44.45249938964844,44.70500183105469,44.220001220703125,44.459999084472656,41.70496368408203,83018000
AAPL,2018-04-19T14:30:00+00:00,43.439998626708984,43.84749984741211,43.165000915527344,43.20000076293945,40.52304458618164,139235200
AAPL,2018-04-20T14:30:00+00:00,42.650001525878906,42.80500030517578,41.35749816894531,41.43000030517578,38.862728118896484,261964400
AAPL,2018-04-23T14:30:00+00:00,41.70750045776367,41.72999954223633,41.022499084472656,41.310001373291016,38.75016403198242,146062000
AAPL,2018-04-24T14:30:00+00:00,41.41749954223633,41.58250045776367,40.30500030517578,40.73500061035156,38.21080017089844,134768000
AAPL,2018-04-25T14:30:00+00:00,40.654998779296875,41.35499954223633,40.602500915527344,40.912498474121094,38.37729263305664,113528400
AAPL,2018-04-26T14:30:00+00:00,41.029998779296875,41.432498931884766,40.842498779296875,41.05500030517578,38.51095199584961,111852000
AAPL,2018-04-27T14:30:00+00:00,41.0,41.08250045776367,40.157501220703125,40.58000183105469,38.06540298461914,142623200
AAPL,2018-04-30T14:30:00+00:00,40.532501220703125,41.814998626708984,40.459999084472656,41.314998626708984,38.75484085083008,169709600
AAPL,2018-05-01T14:30:00+00:00,41.602500915527344,42.29999923706055,41.317501068115234,42.275001525878906,39.65536880493164,214277600
AAPL,2018-05-02T14:30:00+00:00,43.807498931884766,44.4375,43.45000076293945,44.14250183105469,41.407142639160156,266157600
AAPL,2018-05-03T14:30:00+00:00,43.970001220703125,44.375,43.61000061035156,44.22249984741211,41.482177734375,136272800
AAPL,2018-05-04T14:30:00+00:00,44.5625,46.0625,44.54249954223633,45.95750045776367,43.10968017578125,224805200
AAPL,2018-05-07T14:30:00+00:00,46.29499816894531,46.91749954223633,46.1875,46.290000915527344,43.42156219482422,169805600
AAPL,2018-05-08T14:30:00+00:00,46.247501373291016,46.55500030517578,45.91749954223633,46.51250076293945,43.630287170410156,113611200
AAPL,2018-05-09T14:30:00+00:00,46.63750076293945,46.849998474121094,46.30500030517578,46.84000015258789,43.93748474121094,92844800
AAPL,2018-05-10T14:30:00+00:00,46.935001373291016,47.592498779296875,46.912498474121094,47.5099983215332,44.56596374511719,111957200
AAPL,2018-05-11T14:30:00+00:00,47.372501373291016,47.51499938964844,46.86249923706055,47.147499084472656,44.39647674560547,104848800
AAPL,2018-05-14T14:30:00+00:00,47.252498626708984,47.38249969482422,46.96500015258789,47.037498474121094,44.29289245605469,83115200
AAPL,2018-05-15T14:30:00+00:00,46.69499969482422,46.76750183105469,46.275001525878906,46.61000061035156,43.89033508300781,94780800
AAPL,2018-05-16T14:30:00+00:00,46.51750183105469,47.1150016784668,46.5,47.04499816894531,44.299949645996094,76732400
AAPL,2018-05-17T14:30:00+00:00,47.0,47.227500915527344,46.59000015258789,46.747501373291016,44.019805908203125,69176000
AAPL,2018-05-18T14:30:00+00:00,46.79750061035156,46.95249938964844,46.532501220703125,46.57749938964844,43.859737396240234,73190800
AAPL,2018-05-21T14:30:00+00:00,47.0,47.317501068115234,46.727500915527344,46.907501220703125,44.17048263549805,73603200
AAPL,2018-05-22T14:30:00+00:00,47.095001220703125,47.220001220703125,46.69499969482422,46.790000915527344,44.05982971191406,60962800
AAPL,2018-05-23T14:30:00+00:00,46.587501525878906,47.125,46.439998626708984,47.09000015258789,44.342323303222656,80233600
AAPL,2018-05-24T14:30:00+00:00,47.192501068115234,47.209999084472656,46.5525016784668,47.037498474121094,44.29289245605469,92936000
AAPL,2018-05-25T14:30:00+00:00,47.057498931884766,47.412498474121094,46.912498474121094,47.14500045776367,44.39412307739258,69844000
AAPL,2018-05-29T14:30:00+00:00,46.900001525878906,47.1875,46.717498779296875,46.974998474121094,44.234039306640625,90056400
AAPL,2018-05-30T14:30:00+00:00,46.93000030517578,47.0,46.69499969482422,46.875,44.13986587524414,74762000
AAPL,2018-05-31T14:30:00+00:00,46.80500030517578,47.057498931884766,46.53499984741211,46.717498779296875,43.99155807495117,109931200
AAPL,2018-06-01T14:30:00+00:00,46.997501373291016,47.564998626708984,46.9375,47.560001373291016,44.784908294677734,93770000
AAPL,2018-06-04T14:30:00+00:00,47.90999984741211,48.35499954223633,47.837501525878906,47.95750045776367,45.15919876098633,105064800
AAPL,2018-06-05T14:30:00+00:00,48.26750183105469,48.48500061035156,48.09000015258789,48.32749938964844,45.50761795043945,86264000
AAPL,2018-06-06T14:30:00+00:00,48.407501220703125,48.52000045776367,47.97999954223633,48.494998931884766,45.665348052978516,83734400
AAPL,2018-06-07T14:30:00+00:00,48.53499984741211,48.54999923706055,48.084999084472656,48.3650016784668,45.542930603027344,85388800
AAPL,2018-06-08T14:30:00+00:00,47.79249954223633,48.0,47.442501068115234,47.92499923706055,45.128597259521484,106627200
AAPL,2018-06-11T14:30:00+00:00,47.837501525878906,47.99250030517578,47.5525016784668,47.807498931884766,45.01795959472656,73234000
AAPL,2018-06-12T14:30:00+00:00,47.84749984741211,48.15250015258789,47.787498474121094,48.06999969482422,45.265140533447266,67644400
AAPL,2018-06-13T14:30:00+00:00,48.10499954223633,48.220001220703125,47.61000061035156,47.67499923706055,44.893192291259766,86553600
AAPL,2018-06-14T14:30:00+00:00,47.88750076293945,47.89250183105469,47.55500030517578,47.70000076293945,44.91672134399414,86440400
AAPL,2018-06-15T14:30:00+00:00,47.50749969482422,47.540000915527344,47.064998626708984,47.209999084472656,44.4553337097168,246876800
AAPL,2018-06-18T14:30:00+00:00,46.970001220703125,47.30500030517578,46.79999923706055,47.185001373291016,44.43178176879883,73939600
AAPL,2018-06-19T14:30:00+00:00,46.28499984741211,46.58250045776367,45.86249923706055,46.42250061035156,43.713775634765625,134314000
AAPL,2018-06-20T14:30:00+00:00,46.587501525878906,46.79999923706055,46.432498931884766,46.625,43.90446853637695,82514800
AAPL,2018-06-21T14:30:00+00:00,46.8125,47.087501525878906,46.23500061035156,46.3650016784668,43.659629821777344,102847600
AAPL,2018-06-22T14:30:00+00:00,46.529998779296875,46.537498474121094,46.17499923706055,46.22999954223633,43.532508850097656,108801600
AAPL,2018-06-25T14:30:00+00:00,45.849998474121094,46.22999954223633,45.182498931884766,45.54249954223633,42.8851203918457,126652400
AAPL,2018-06-26T14:30:00+00:00,45.747501373291016,46.63249969482422,45.6349983215332,46.10749816894531,43.41714859008789,98276800
AAPL,2018-06-27T14:30:00+00:00,46.307498931884766,46.81999969482422,46.00749969482422,46.040000915527344,43.35360336303711,101141200
AAPL,2018-06-28T14:30:00+00:00,46.025001525878906,46.5525016784668,45.95000076293945,46.375,43.669044494628906,69460800
AAPL,2018-06-29T14:30:00+00:00,46.5724983215332,46.79750061035156,45.727500915527344,46.27750015258789,43.577232360839844,90950800
AAPL,2018-07-02T14:30:00+00:00,45.95500183105469,46.82500076293945,45.85499954223633,46.79499816894531,44.06454086303711,70925200
AAPL,2018-07-03T14:30:00+00:00,46.9474983215332,46.98749923706055,45.8849983215332,45.97999954223633,43.29709243774414,55819200
AAPL,2018-07-05T14:30:00+00:00,46.314998626708984,46.602500915527344,46.06999969482422,46.349998474121094,43.645511627197266,66416800
AAPL,2018-07-06T14:30:00+00:00,46.35499954223633,47.10749816894531,46.29999923706055,46.99250030517578,44.250511169433594,69940800
AAPL,2018-07-09T14:30:00+00:00,47.375,47.66999816894531,47.32500076293945,47.64500045776367,44.864933013916016,79026400
AAPL,2018-07-10T14:30:00+00:00,47.6775016784668,47.81999969482422,47.54499816894531,47.587501525878906,44.81079864501953,63756400
AAPL,2018-07-11T14:30:00+00:00,47.125,47.44499969482422,46.90250015258789,46.970001220703125,44.229339599609375,75326000
AAPL,2018-07-12T14:30:00+00:00,47.38249969482422,47.852500915527344,47.32749938964844,47.75749969482422,44.97088623046875,72164400
AAPL,2018-07-13T14:30:00+00:00,47.77000045776367,47.959999084472656,47.724998474121094,47.83250045776367,45.04151153564453,50055600
AAPL,2018-07-16T14:30:00+00:00,47.880001068115234,48.162498474121094,47.60499954223633,47.727500915527344,44.942626953125,60172400
AAPL,2018-07-17T14:30:00+00:00,47.4375,47.967498779296875,47.29999923706055,47.86249923706055,45.069740295410156,62138000
AAPL,2018-07-18T14:30:00+00:00,47.94499969482422,47.95000076293945,47.48249816894531,47.599998474121094,44.822566986083984,65573600
AAPL,2018-07-19T14:30:00+00:00,47.42250061035156,48.13750076293945,47.42250061035156,47.970001220703125,45.17097854614258,81147200
AAPL,2018-07-20T14:30:00+00:00,47.94499969482422,48.10749816894531,47.54249954223633,47.86000061035156,45.06740188598633,82704800
AAPL,2018-07-23T14:30:00+00:00,47.66999816894531,47.9900016784668,47.38999938964844,47.90250015258789,45.10740661621094,63957600
AAPL,2018-07-24T14:30:00+00:00,48.11249923706055,48.415000915527344,48.01250076293945,48.25,45.43463897705078,74791600
AAPL,2018-07-25T14:30:00+00:00,48.26499938964844,48.712501525878906,48.10749816894531,48.70500183105469,45.86309051513672,66839600
AAPL,2018-07-26T14:30:00+00:00,48.65250015258789,48.9900016784668,48.40250015258789,48.5525016784668,45.71949005126953,76304000
AAPL,2018-07-27T14:30:00+00:00,48.747501373291016,48.79750061035156,47.525001525878906,47.744998931884766,44.959110260009766,96096000
AAPL,2018-07-30T14:30:00+00:00,47.974998474121094,48.04999923706055,47.26750183105469,47.477500915527344,44.70722579956055,84118000
AAPL,2018-07-31T14:30:00+00:00,47.57500076293945,48.03499984741211,47.334999084472656,47.5724983215332,44.79667282104492,157492000
AAPL,2018-08-01T14:30:00+00:00,49.782501220703125,50.439998626708984,49.32749938964844,50.375,47.435638427734375,271742800
AAPL,2018-08-02T14:30:00+00:00,50.14500045776367,52.095001220703125,50.087501525878906,51.84749984741211,48.82223129272461,249616000
AAPL,2018-08-03T14:30:00+00:00,51.75749969482422,52.185001373291016,51.369998931884766,51.997501373291016,48.963478088378906,133789600
AAPL,2018-08-06T14:30:00+00:00,52.0,52.3125,51.76750183105469,52.26750183105469,49.21771240234375,101701600
AAPL,2018-08-07T14:30:00+00:00,52.33000183105469,52.375,51.689998626708984,51.77750015258789,48.756309509277344,102349600
AAPL,2018-08-08T14:30:00+00:00,51.51250076293945,51.95249938964844,51.130001068115234,51.8125,48.78926467895508,90102000
AAPL,2018-08-09T14:30:00+00:00,52.38249969482422,52.44499969482422,51.79999923706055,52.220001220703125,49.17299270629883,93970400
AAPL,2018-08-10T14:30:00+00:00,51.84000015258789,52.275001525878906,51.66749954223633,51.88249969482422,49.026527404785156,98444800
AAPL,2018-08-13T14:30:00+00:00,52.32749938964844,52.73749923706055,51.92499923706055,52.217498779296875,49.34309005737305,103563600
AAPL,2018-08-14T14:30:00+00:00,52.540000915527344,52.63999938964844,52.064998626708984,52.4375,49.55098342895508,82992000
AAPL,2018-08-15T14:30:00+00:00,52.30500030517578,52.685001373291016,52.08250045776367,52.560001373291016,49.66672897338867,115230400
AAPL,2018-08-16T14:30:00+00:00,52.9375,53.45249938964844,52.86750030517578,53.33000183105469,50.394351959228516,114001600
AAPL,2018-08-17T14:30:00+00:00,53.36000061035156,54.48749923706055,53.290000915527344,54.39500045776367,51.40071105957031,141708000
AAPL,2018-08-20T14:30:00+00:00,54.525001525878906,54.79499816894531,53.77750015258789,53.8650016784668,50.89990234375,121150800
AAPL,2018-08-21T14:30:00+00:00,54.20000076293945,54.29750061035156,53.50749969482422,53.7599983215332,50.80067443847656,104639200
AAPL,2018-08-22T14:30:00+00:00,53.525001525878906,54.09000015258789,53.459999084472656,53.76250076293945,50.80305480957031,76072400
AAPL,2018-08-23T14:30:00+00:00,53.662498474121094,54.26250076293945,53.650001525878906,53.872501373291016,50.90699768066406,75532800
AAPL,2018-08-24T14:30:00+00:00,54.150001525878906,54.224998474121094,53.77750015258789,54.040000915527344,51.065277099609375,73905600
AAPL,2018-08-27T14:30:00+00:00,54.287498474121094,54.685001373291016,54.08250045776367,54.48500061035156,51.48576736450195,82100400
AAPL,2018-08-28T14:30:00+00:00,54.752498626708984,55.1349983215332,54.72999954223633,54.92499923706055,51.90155029296875,91107200
AAPL,2018-08-29T14:30:00+00:00,55.037498474121094,55.872501373291016,54.852500915527344,55.744998931884766,52.67640686035156,109019200
AAPL,2018-08-30T14:30:00+00:00,55.8125,57.064998626708984,55.599998474121094,56.25749969482422,53.16069793701172,195175200
AAPL,2018-08-31T14:30:00+00:00,56.627498626708984,57.217498779296875,56.5,56.907501220703125,53.77491760253906,173360400
AAPL,2018-09-04T14:30:00+00:00,57.102500915527344,57.29499816894531,56.657501220703125,57.09000015258789,53.947364807128906,109560400
AAPL,2018-09-05T14:30:00+00:00,57.247501373291016,57.41749954223633,56.275001525878906,56.717498779296875,53.59538269042969,133332000
AAPL,2018-09-06T14:30:00+00:00,56.557498931884766,56.837501525878906,55.32500076293945,55.775001525878906,52.70476150512695,137160000
AAPL,2018-09-07T14:30:00+00:00,55.462501525878906,56.342498779296875,55.1775016784668,55.32500076293945,52.279537200927734,150479200
AAPL,2018-09-10T14:30:00+00:00,55.23749923706055,55.462501525878906,54.11750030517578,54.58250045776367,51.57789993286133,158066000
AAPL,2018-09-11T14:30:00+00:00,54.502498626708984,56.07500076293945,54.13999938964844,55.962501525878906,52.881935119628906,142996000
AAPL,2018-09-12T14:30:00+00:00,56.23500061035156,56.25,54.959999084472656,55.26750183105469,52.225196838378906,197114800
AAPL,2018-09-13T14:30:00+00:00,55.880001068115234,57.087501525878906,55.64250183105469,56.602500915527344,53.48670959472656,166825600
AAPL,2018-09-14T14:30:00+00:00,56.4375,56.709999084472656,55.630001068115234,55.959999084472656,52.879581451416016,127997200
AAPL,2018-09-17T14:30:00+00:00,55.537498474121094,55.73749923706055,54.317501068115234,54.470001220703125,51.471595764160156,148780400
AAPL,2018-09-18T14:30:00+00:00,54.4474983215332,55.462501525878906,54.279998779296875,54.560001373291016,51.55664825439453,126286800
AAPL,2018-09-19T14:30:00+00:00,54.625,54.904998779296875,53.82500076293945,54.592498779296875,51.587345123291016,108495200
AAPL,2018-09-20T14:30:00+00:00,55.060001373291016,55.56999969482422,54.787498474121094,55.00749969482422,51.979515075683594,106435200
AAPL,2018-09-21T14:30:00+00:00,55.19499969482422,55.34000015258789,54.3224983215332,54.415000915527344,51.419620513916016,384986800
AAPL,2018-09-24T14:30:00+00:00,54.20500183105469,55.314998626708984,54.157501220703125,55.1974983215332,52.15903854370117,110773600
AAPL,2018-09-25T14:30:00+00:00,54.9375,55.70500183105469,54.92499923706055,55.54750061035156,52.48979949951172,98217600
AAPL,2018-09-26T14:30:00+00:00,55.25,55.9375,54.939998626708984,55.10499954223633,52.07164001464844,95938800
AAPL,2018-09-27T14:30:00+00:00,55.95500183105469,56.61000061035156,55.8849983215332,56.23749923706055,53.14179992675781,120724800
AAPL,2018-09-28T14:30:00+00:00,56.1974983215332,56.459999084472656,56.005001068115234,56.435001373291016,53.328433990478516,91717600
AAPL,2018-10-01T14:30:00+00:00,56.98749923706055,57.35499954223633,56.587501525878906,56.814998626708984,53.6875114440918,94403200
AAPL,2018-10-02T14:30:00+00:00,56.8125,57.5,56.657501220703125,57.31999969482422,54.164710998535156,99152800
AAPL,2018-10-03T14:30:00+00:00,57.51250076293945,58.36750030517578,57.44499969482422,58.01750183105469,54.82381820678711,114619200
AAPL,2018-10-04T14:30:00+00:00,57.69499969482422,58.087501525878906,56.682498931884766,56.997501373291016,53.85997772216797,128168000
AAPL,2018-10-05T14:30:00+00:00,56.9900016784668,57.102500915527344,55.14500045776367,56.0724983215332,52.98588180541992,134322000
AAPL,2018-10-08T14:30:00+00:00,55.5525016784668,56.20000076293945,55.04999923706055,55.942501068115234,52.86304473876953,118655600
AAPL,2018-10-09T14:30:00+00:00,55.90999984741211,56.817501068115234,55.5625,56.717498779296875,53.59538269042969,107564000
AAPL,2018-10-10T14:30:00+00:00,56.3650016784668,56.587501525878906,54.01250076293945,54.09000015258789,51.112518310546875,167962400
AAPL,2018-10-11T14:30:00+00:00,53.630001068115234,54.875,53.08000183105469,53.61249923706055,50.66130828857422,212497600
AAPL,2018-10-12T14:30:00+00:00,55.10499954223633,55.720001220703125,54.209999084472656,55.52750015258789,52.47088623046875,161351600
AAPL,2018-10-15T14:30:00+00:00,55.290000915527344,55.45750045776367,54.317501068115234,54.34000015258789,51.3487548828125,123164000
AAPL,2018-10-16T14:30:00+00:00,54.73249816894531,55.747501373291016,54.189998626708984,55.537498474121094,52.48032760620117,116736000
AAPL,2018-10-17T14:30:00+00:00,55.57500076293945,55.65999984741211,54.834999084472656,55.29750061035156,52.253536224365234,91541600
AAPL,2018-10-18T14:30:00+00:00,54.46500015258789,54.935001373291016,53.25,54.005001068115234,51.03219223022461,130325200
AAPL,2018-10-19T14:30:00+00:00,54.51499938964844,55.314998626708984,54.35749816894531,54.82749938964844,51.809410095214844,132314800
AAPL,2018-10-22T14:30:00+00:00,54.9474983215332,55.84000015258789,54.73500061035156,55.162498474121094,52.125972747802734,115168400
AAPL,2018-10-23T14:30:00+00:00,53.95750045776367,55.8125,53.67499923706055,55.682498931884766,52.617347717285156,155071200
AAPL,2018-10-24T14:30:00+00:00,55.650001525878906,56.057498931884766,53.6349983215332,53.772499084472656,50.81248474121094,163702000
AAPL,2018-10-25T14:30:00+00:00,54.4275016784668,55.345001220703125,54.1875,54.95000076293945,51.9251708984375,119423200
AAPL,2018-10-26T14:30:00+00:00,53.974998474121094,55.04750061035156,53.16749954223633,54.07500076293945,51.09834289550781,189033600
AAPL,2018-10-29T14:30:00+00:00,54.79750061035156,54.92250061035156,51.522499084472656,53.060001373291016,50.139217376708984,183742000
AAPL,2018-10-30T14:30:00+00:00,52.787498474121094,53.79499816894531,52.317501068115234,53.32500076293945,50.38962173461914,146640000
AAPL,2018-10-31T14:30:00+00:00,54.220001220703125,55.11249923706055,54.154998779296875,54.71500015258789,51.70309829711914,153435600
AAPL,2018-11-01T14:30:00+00:00,54.76250076293945,55.59000015258789,54.20249938964844,55.55500030517578,52.49686813354492,233292800
AAPL,2018-11-02T14:30:00+00:00,52.38750076293945,53.412498474121094,51.35749816894531,51.869998931884766,49.014713287353516,365314800
AAPL,2018-11-05T14:30:00+00:00,51.07500076293945,51.09749984741211,49.54249954223633,50.397499084472656,47.62327194213867,264654800
AAPL,2018-11-06T14:30:00+00:00,50.47999954223633,51.18000030517578,50.42250061035156,50.942501068115234,48.138282775878906,127531600
AAPL,2018-11-07T14:30:00+00:00,51.49250030517578,52.51499938964844,51.032501220703125,52.48749923706055,49.59823226928711,133697600
AAPL,2018-11-08T14:30:00+00:00,52.494998931884766,52.529998779296875,51.6875,52.122501373291016,49.425167083740234,101450400
AAPL,2018-11-09T14:30:00+00:00,51.38750076293945,51.502498626708984,50.5625,51.11750030517578,48.472171783447266,137463200
AAPL,2018-11-12T14:30:00+00:00,49.75,49.962501525878906,48.4474983215332,48.54249954223633,46.030433654785156,204542000
AAPL,2018-11-13T14:30:00+00:00,47.907501220703125,49.29499816894531,47.86249923706055,48.057498931884766,45.5705451965332,187531600
AAPL,2018-11-14T14:30:00+00:00,48.474998474121094,48.619998931884766,46.48249816894531,46.70000076293945,44.28328323364258,243204000
AAPL,2018-11-15T14:30:00+00:00,47.09749984741211,47.99250030517578,46.724998474121094,47.852500915527344,45.37615203857422,185915200
AAPL,2018-11-16T14:30:00+00:00,47.625,48.74250030517578,47.3650016784668,48.38249969482422,45.87870788574219,147713200
AAPL,2018-11-19T14:30:00+00:00,47.5,47.67499923706055,46.247501373291016,46.46500015258789,44.06044006347656,167701200
AAPL,2018-11-20T14:30:00+00:00,44.592498779296875,45.36750030517578,43.877498626708984,44.244998931884766,41.95532989501953,271300800
AAPL,2018-11-21T14:30:00+00:00,44.932498931884766,45.067501068115234,44.13750076293945,44.19499969482422,41.90792465209961,124496800
AAPL,2018-11-23T14:30:00+00:00,43.73500061035156,44.150001525878906,43.025001525878906,43.0724983215332,40.843509674072266,94496000
AAPL,2018-11-26T14:30:00+00:00,43.560001373291016,43.73749923706055,42.564998626708984,43.654998779296875,41.3958625793457,179994000
AAPL,2018-11-27T14:30:00+00:00,42.877498626708984,43.692501068115234,42.720001220703125,43.560001373291016,41.30577850341797,165549600
AAPL,2018-11-28T14:30:00+00:00,44.182498931884766,45.3224983215332,43.73249816894531,45.23500061035156,42.89410400390625,184250000
AAPL,2018-11-29T14:30:00+00:00,45.665000915527344,45.70000076293945,44.42499923706055,44.88750076293945,42.56458282470703,167080000
AAPL,2018-11-30T14:30:00+00:00,45.0724983215332,45.08250045776367,44.25749969482422,44.64500045776367,42.33463668823242,158126000
AAPL,2018-12-03T14:30:00+00:00,46.1150016784668,46.23500061035156,45.3025016784668,46.20500183105469,43.81390380859375,163210000
AAPL,2018-12-04T14:30:00+00:00,45.23749923706055,45.59749984741211,44.067501068115234,44.17250061035156,41.88658142089844,165377200
AAPL,2018-12-06T14:30:00+00:00,42.939998626708984,43.69499969482422,42.60499954223633,43.68000030517578,41.41957092285156,172393600
AAPL,2018-12-07T14:30:00+00:00,43.372501373291016,43.622501373291016,42.07500076293945,42.122501373291016,39.94266891479492,169126400
AAPL,2018-12-10T14:30:00+00:00,41.25,42.522499084472656,40.83250045776367,42.400001525878906,40.205810546875,248104000
AAPL,2018-12-11T14:30:00+00:00,42.915000915527344,42.9474983215332,41.75,42.157501220703125,39.97586441040039,189126800
AAPL,2018-12-12T14:30:00+00:00,42.599998474121094,42.97999954223633,42.255001068115234,42.275001525878906,40.087284088134766,142510800
AAPL,2018-12-13T14:30:00+00:00,42.622501373291016,43.14250183105469,42.38750076293945,42.73749923706055,40.525840759277344,127594400
AAPL,2018-12-14T14:30:00+00:00,42.25,42.27000045776367,41.31999969482422,41.369998931884766,39.22911071777344,162814800
AAPL,2018-12-17T14:30:00+00:00,41.36249923706055,42.087501525878906,40.682498931884766,40.98500061035156,38.86403274536133,177151600
AAPL,2018-12-18T14:30:00+00:00,41.345001220703125,41.88249969482422,41.09749984741211,41.51750183105469,39.368980407714844,135366000
AAPL,2018-12-19T14:30:00+00:00,41.5,41.86249923706055,39.772499084472656,40.22249984741211,38.14099884033203,196189200
AAPL,2018-12-20T14:30:00+00:00,40.099998474121094,40.52750015258789,38.82500076293945,39.20750045776367,37.178531646728516,259092000
AAPL,2018-12-21T14:30:00+00:00,39.21500015258789,39.540000915527344,37.407501220703125,37.682498931884766,35.732425689697266,382978400
AAPL,2018-12-24T14:30:00+00:00,37.037498474121094,37.88750076293945,36.647499084472656,36.70750045776367,34.807891845703125,148676800
AAPL,2018-12-26T14:30:00+00:00,37.07500076293945,39.307498931884766,36.68000030517578,39.29249954223633,37.259132385253906,234330000
AAPL,2018-12-27T14:30:00+00:00,38.959999084472656,39.192501068115234,37.51750183105469,39.037498474121094,37.017330169677734,212468400
AAPL,2018-12-28T14:30:00+00:00,39.375,39.630001068115234,38.63750076293945,39.057498931884766,37.03627395629883,169165600
AAPL,2018-12-31T14:30:00+00:00,39.63249969482422,39.84000015258789,39.119998931884766,39.435001373291016,37.394256591796875,140014000
AAPL,2019-01-02T14:30:00+00:00,38.72249984741211,39.712501525878906,38.557498931884766,39.47999954223633,37.436912536621094,148158800
AAPL,2019-01-03T14:30:00+00:00,35.994998931884766,36.43000030517578,35.5,35.54750061035156,33.70793151855469,365248800
AAPL,2019-01-04T14:30:00+00:00,36.13249969482422,37.13750076293945,35.95000076293945,37.064998626708984,35.14688491821289,234428400
AAPL,2019-01-07T14:30:00+00:00,37.17499923706055,37.20750045776367,36.474998474121094,36.98249816894531,35.06865692138672,219111200
AAPL,2019-01-08T14:30:00+00:00,37.38999938964844,37.95500183105469,37.130001068115234,37.6875,35.73716735839844,164101200
AAPL,2019-01-09T14:30:00+00:00,37.8224983215332,38.63249969482422,37.407501220703125,38.32749938964844,36.344058990478516,180396400
AAPL,2019-01-10T14:30:00+00:00,38.125,38.49250030517578,37.71500015258789,38.45000076293945,36.46022415161133,143122800
AAPL,2019-01-11T14:30:00+00:00,38.220001220703125,38.42499923706055,37.877498626708984,38.0724983215332,36.10225296020508,108092800
AAPL,2019-01-14T14:30:00+00:00,37.712501525878906,37.817501068115234,37.30500030517578,37.5,35.55938720703125,129756800
AAPL,2019-01-15T14:30:00+00:00,37.567501068115234,38.34749984741211,37.51250076293945,38.26750183105469,36.287174224853516,114843600
AAPL,2019-01-16T14:30:00+00:00,38.27000045776367,38.970001220703125,38.25,38.73500061035156,36.730464935302734,122278800
AAPL,2019-01-17T14:30:00+00:00,38.54999923706055,39.415000915527344,38.314998626708984,38.96500015258789,36.948577880859375,119284800
AAPL,2019-01-18T14:30:00+00:00,39.375,39.470001220703125,38.994998931884766,39.20500183105469,37.176151275634766,135004000
AAPL,2019-01-22T14:30:00+00:00,39.102500915527344,39.182498931884766,38.154998779296875,38.32500076293945,36.34169387817383,121576000
AAPL,2019-01-23T14:30:00+00:00,38.537498474121094,38.78499984741211,37.92499923706055,38.47999954223633,36.48865509033203,92522400
AAPL,2019-01-24T14:30:00+00:00,38.52750015258789,38.619998931884766,37.935001373291016,38.17499923706055,36.1994514465332,101766000
AAPL,2019-01-25T14:30:00+00:00,38.869998931884766,39.532501220703125,38.58000183105469,39.439998626708984,37.39897918701172,134142000
AAPL,2019-01-28T14:30:00+00:00,38.9474983215332,39.08250045776367,38.415000915527344,39.07500076293945,37.0528678894043,104768400
AAPL,2019-01-29T14:30:00+00:00,39.0625,39.532501220703125,38.52750015258789,38.66999816894531,36.6688346862793,166348800
AAPL,2019-01-30T14:30:00+00:00,40.8125,41.537498474121094,40.057498931884766,41.3125,39.17458724975586,244439200
AAPL,2019-01-31T14:30:00+00:00,41.52750015258789,42.25,41.13999938964844,41.61000061035156,39.456687927246094,162958400
AAPL,2019-02-01T14:30:00+00:00,41.7400016784668,42.244998931884766,41.48249816894531,41.630001068115234,39.47565841674805,130672400
AAPL,2019-02-04T14:30:00+00:00,41.852500915527344,42.915000915527344,41.81999969482422,42.8125,40.596954345703125,125982000
AAPL,2019-02-05T14:30:00+00:00,43.21500015258789,43.77000045776367,43.087501525878906,43.54499816894531,41.291561126708984,144406400
AAPL,2019-02-06T14:30:00+00:00,43.662498474121094,43.89250183105469,43.212501525878906,43.560001373291016,41.30577850341797,112958400
AAPL,2019-02-07T14:30:00+00:00,43.099998474121094,43.48500061035156,42.584999084472656,42.73500061035156,40.52347946166992,126966800
AAPL,2019-02-08T14:30:00+00:00,42.247501373291016,42.665000915527344,42.10499954223633,42.602500915527344,40.571083068847656,95280000
AAPL,2019-02-11T14:30:00+00:00,42.76250076293945,42.8025016784668,42.3125,42.35749816894531,40.33777618408203,83973600
AAPL,2019-02-12T14:30:00+00:00,42.525001525878906,42.75,42.42499923706055,42.72249984741211,40.685367584228516,89134000
AAPL,2019-02-13T14:30:00+00:00,42.84749984741211,43.119998931884766,42.47999954223633,42.54499816894531,40.51631546020508,89960800
AAPL,2019-02-14T14:30:00+00:00,42.4275016784668,42.814998626708984,42.345001220703125,42.70000076293945,40.66393280029297,87342800
AAPL,2019-02-15T14:30:00+00:00,42.8125,42.92499923706055,42.4375,42.60499954223633,40.5734748840332,98507200
AAPL,2019-02-19T14:30:00+00:00,42.4275016784668,42.86000061035156,42.372501373291016,42.73249816894531,40.694889068603516,75891200
AAPL,2019-02-20T14:30:00+00:00,42.79750061035156,43.33000183105469,42.747501373291016,43.00749969482422,40.956783294677734,104457600
AAPL,2019-02-21T14:30:00+00:00,42.95000076293945,43.092498779296875,42.57500076293945,42.76499938964844,40.72584533691406,68998800
AAPL,2019-02-22T14:30:00+00:00,42.89500045776367,43.25,42.845001220703125,43.24250030517578,41.18056869506836,75652800
AAPL,2019-02-25T14:30:00+00:00,43.540000915527344,43.967498779296875,43.48749923706055,43.557498931884766,41.48054504394531,87493600
AAPL,2019-02-26T14:30:00+00:00,43.4275016784668,43.82500076293945,43.29249954223633,43.58250045776367,41.50436782836914,68280800
AAPL,2019-02-27T14:30:00+00:00,43.3025016784668,43.75,43.182498931884766,43.717498779296875,41.6329231262207,111341600
AAPL,2019-02-28T14:30:00+00:00,43.58000183105469,43.727500915527344,43.22999954223633,43.287498474121094,41.22341537475586,112861600
AAPL,2019-03-01T14:30:00+00:00,43.56999969482422,43.787498474121094,43.22249984741211,43.74250030517578,41.65673065185547,103544800
AAPL,2019-03-04T14:30:00+00:00,43.92250061035156,44.4375,43.49250030517578,43.962501525878906,41.86623764038086,109744800
AAPL,2019-03-05T14:30:00+00:00,43.98500061035156,44.0,43.6349983215332,43.88249969482422,41.79005432128906,78949600
AAPL,2019-03-06T14:30:00+00:00,43.66749954223633,43.872501373291016,43.48500061035156,43.630001068115234,41.54960250854492,83241600
AAPL,2019-03-07T14:30:00+00:00,43.467498779296875,43.61000061035156,43.005001068115234,43.125,41.06867218017578,99185600
AAPL,2019-03-08T14:30:00+00:00,42.58000183105469,43.26750183105469,42.375,43.227500915527344,41.1662712097168,95997600
AAPL,2019-03-11T14:30:00+00:00,43.872501373291016,44.779998779296875,43.837501525878906,44.724998474121094,42.59238052368164,128044000
AAPL,2019-03-12T14:30:00+00:00,45.0,45.66749954223633,44.842498779296875,45.227500915527344,43.070926666259766,129870400
AAPL,2019-03-13T14:30:00+00:00,45.5625,45.82500076293945,45.22999954223633,45.4275016784668,43.26139831542969,124130000
AAPL,2019-03-14T14:30:00+00:00,45.974998474121094,46.025001525878906,45.63999938964844,45.932498931884766,43.7423095703125,94318000
AAPL,2019-03-15T14:30:00+00:00,46.212501525878906,46.83250045776367,45.935001373291016,46.529998779296875,44.31131362915039,156171600
AAPL,2019-03-18T14:30:00+00:00,46.45000076293945,47.09749984741211,46.4474983215332,47.005001068115234,44.7636604309082,104879200
AAPL,2019-03-19T14:30:00+00:00,47.087501525878906,47.247501373291016,46.47999954223633,46.63249969482422,44.40892028808594,126585600
AAPL,2019-03-20T14:30:00+00:00,46.557498931884766,47.372501373291016,46.182498931884766,47.040000915527344,44.7969856262207,124140800
AAPL,2019-03-21T14:30:00+00:00,47.505001068115234,49.08250045776367,47.45249938964844,48.772499084472656,46.44688415527344,204136800
AAPL,2019-03-22T14:30:00+00:00,48.834999084472656,49.42250061035156,47.69499969482422,47.76250076293945,45.48504638671875,169630800
AAPL,2019-03-25T14:30:00+00:00,47.877498626708984,47.994998931884766,46.650001525878906,47.185001373291016,44.935081481933594,175381200
AAPL,2019-03-26T14:30:00+00:00,47.915000915527344,48.220001220703125,46.14500045776367,46.6974983215332,44.4708251953125,199202000
AAPL,2019-03-27T14:30:00+00:00,47.1875,47.439998626708984,46.63750076293945,47.11750030517578,44.87080001831055,119393600
AAPL,2019-03-28T14:30:00+00:00,47.23749923706055,47.38999938964844,46.88249969482422,47.18000030517578,44.930320739746094,83121600
AAPL,2019-03-29T14:30:00+00:00,47.45750045776367,47.52000045776367,47.1349983215332,47.48749923706055,45.22314453125,94256000
AAPL,2019-04-01T14:30:00+00:00,47.90999984741211,47.91999816894531,47.095001220703125,47.810001373291016,45.530277252197266,111448000
AAPL,2019-04-02T14:30:00+00:00,47.772499084472656,48.6150016784668,47.76250076293945,48.505001068115234,46.19214630126953,91062800
AAPL,2019-04-03T14:30:00+00:00,48.3125,49.125,48.287498474121094,48.837501525878906,46.5087890625,93087200
AAPL,2019-04-04T14:30:00+00:00,48.6974983215332,49.092498779296875,48.28499984741211,48.92250061035156,46.5897216796875,76457200
AAPL,2019-04-05T14:30:00+00:00,49.11249923706055,49.275001525878906,48.98249816894531,49.25,46.901611328125,74106400
AAPL,2019-04-08T14:30:00+00:00,49.10499954223633,50.057498931884766,49.084999084472656,50.025001525878906,47.63966369628906,103526800
AAPL,2019-04-09T14:30:00+00:00,50.08000183105469,50.712501525878906,49.807498931884766,49.875,47.4968147277832,143072800
AAPL,2019-04-10T14:30:00+00:00,49.66999816894531,50.185001373291016,49.54499816894531,50.154998779296875,47.76345443725586,86781200
AAPL,2019-04-11T14:30:00+00:00,50.212501525878906,50.25,49.61000061035156,49.73749923706055,47.365867614746094,83603200
AAPL,2019-04-12T14:30:00+00:00,49.79999923706055,50.03499984741211,49.0525016784668,49.717498779296875,47.346824645996094,111042800
AAPL,2019-04-15T14:30:00+00:00,49.64500045776367,49.962501525878906,49.502498626708984,49.807498931884766,47.43253707885742,70146400
AAPL,2019-04-16T14:30:00+00:00,49.8650016784668,50.342498779296875,49.63999938964844,49.8125,47.43730163574219,102785600
AAPL,2019-04-17T14:30:00+00:00,49.8849983215332,50.845001220703125,49.65250015258789,50.782501220703125,48.361045837402344,115627200
AAPL,2019-04-18T14:30:00+00:00,50.779998779296875,51.037498474121094,50.630001068115234,50.96500015258789,48.53484344482422,96783200
AAPL,2019-04-22T14:30:00+00:00,50.70750045776367,51.23500061035156,50.584999084472656,51.13249969482422,48.69434356689453,77758000
AAPL,2019-04-23T14:30:00+00:00,51.10749816894531,51.9375,50.974998474121094,51.869998931884766,49.39667510986328,93292000
AAPL,2019-04-24T14:30:00+00:00,51.84000015258789,52.119998931884766,51.76250076293945,51.790000915527344,49.320491790771484,70162400
AAPL,2019-04-25T14:30:00+00:00,51.70750045776367,51.939998626708984,51.279998779296875,51.31999969482422,48.8729133605957,74172800
AAPL,2019-04-26T14:30:00+00:00,51.224998474121094,51.25,50.529998779296875,51.07500076293945,48.63959503173828,74596400
AAPL,2019-04-29T14:30:00+00:00,51.099998474121094,51.49250030517578,50.96500015258789,51.15250015258789,48.71339797973633,88818800
AAPL,2019-04-30T14:30:00+00:00,50.76499938964844,50.849998474121094,49.77750015258789,50.16749954223633,47.77537536621094,186139600
AAPL,2019-05-01T14:30:00+00:00,52.470001220703125,53.82749938964844,52.307498931884766,52.630001068115234,50.12044906616211,259309200
AAPL,2019-05-02T14:30:00+00:00,52.459999084472656,53.162498474121094,52.032501220703125,52.287498474121094,49.794273376464844,127985200
AAPL,2019-05-03T14:30:00+00:00,52.72249984741211,52.959999084472656,52.557498931884766,52.9375,50.41328430175781,83569600
AAPL,2019-05-06T14:30:00+00:00,51.0724983215332,52.209999084472656,50.875,52.119998931884766,49.634761810302734,129772400
AAPL,2019-05-07T14:30:00+00:00,51.470001220703125,51.85499954223633,50.20750045776367,50.71500015258789,48.2967529296875,155054800
AAPL,2019-05-08T14:30:00+00:00,50.474998474121094,51.334999084472656,50.4375,50.724998474121094,48.30628204345703,105358000
AAPL,2019-05-09T14:30:00+00:00,50.099998474121094,50.41999816894531,49.165000915527344,50.18000030517578,47.78727340698242,139634400
AAPL,2019-05-10T14:30:00+00:00,49.35499954223633,49.712501525878906,48.192501068115234,49.29499816894531,47.1252555847168,164834800
AAPL,2019-05-13T14:30:00+00:00,46.9275016784668,47.369998931884766,45.712501525878906,46.43000030517578,44.38636016845703,229722400
AAPL,2019-05-14T14:30:00+00:00,46.602500915527344,47.42499923706055,46.352500915527344,47.165000915527344,45.08899688720703,146118800
AAPL,2019-05-15T14:30:00+00:00,46.567501068115234,47.9375,46.505001068115234,47.72999954223633,45.6291389465332,106178800
AAPL,2019-05-16T14:30:00+00:00,47.477500915527344,48.11750030517578,47.209999084472656,47.52000045776367,45.428382873535156,132125600
AAPL,2019-05-17T14:30:00+00:00,46.73249816894531,47.724998474121094,46.689998626708984,47.25,45.17026138305664,131516400
AAPL,2019-05-20T14:30:00+00:00,45.880001068115234,46.087501525878906,45.06999969482422,45.772499084472656,43.757789611816406,154449200
AAPL,2019-05-21T14:30:00+00:00,46.30500030517578,47.0,46.17499923706055,46.650001525878906,44.5966796875,113459200
AAPL,2019-05-22T14:30:00+00:00,46.165000915527344,46.4275016784668,45.63750076293945,45.69499969482422,43.683712005615234,118994400
AAPL,2019-05-23T14:30:00+00:00,44.95000076293945,45.1349983215332,44.45249938964844,44.915000915527344,42.93804931640625,146118800
AAPL,2019-05-24T14:30:00+00:00,45.04999923706055,45.53499984741211,44.654998779296875,44.74250030517578,42.77313232421875,94858800
AAPL,2019-05-28T14:30:00+00:00,44.72999954223633,45.147499084472656,44.477500915527344,44.557498931884766,42.59627151489258,111792800
AAPL,2019-05-29T14:30:00+00:00,44.10499954223633,44.837501525878906,44.0,44.345001220703125,42.393123626708984,113924800
AAPL,2019-05-30T14:30:00+00:00,44.48749923706055,44.807498931884766,44.16749954223633,44.57500076293945,42.612998962402344,84873600
AAPL,2019-05-31T14:30:00+00:00,44.057498931884766,44.497501373291016,43.747501373291016,43.76750183105469,41.8410530090332,108174400
AAPL,2019-06-03T14:30:00+00:00,43.900001525878906,44.47999954223633,42.567501068115234,43.32500076293945,41.41802215576172,161584400
AAPL,2019-06-04T14:30:00+00:00,43.86000061035156,44.95750045776367,43.630001068115234,44.90999984741211,42.933265686035156,123872000
AAPL,2019-06-05T14:30:00+00:00,46.06999969482422,46.247501373291016,45.28499984741211,45.6349983215332,43.62635803222656,119093600
AAPL,2019-06-06T14:30:00+00:00,45.77000045776367,46.36750030517578,45.537498474121094,46.30500030517578,44.266845703125,90105200
AAPL,2019-06-07T14:30:00+00:00,46.627498626708984,47.97999954223633,46.442501068115234,47.537498474121094,45.44510269165039,122737600
AAPL,2019-06-10T14:30:00+00:00,47.95249938964844,48.842498779296875,47.904998779296875,48.14500045776367,46.02587890625,104883600
AAPL,2019-06-11T14:30:00+00:00,48.71500015258789,49.0,48.400001525878906,48.70249938964844,46.558834075927734,107731600
AAPL,2019-06-12T14:30:00+00:00,48.48749923706055,48.99250030517578,48.34749984741211,48.54750061035156,46.41064453125,73012800
AAPL,2019-06-13T14:30:00+00:00,48.67499923706055,49.1974983215332,48.400001525878906,48.537498474121094,46.40109634399414,86698400
AAPL,2019-06-14T14:30:00+00:00,47.88750076293945,48.397499084472656,47.57500076293945,48.185001373291016,46.064117431640625,75046000
AAPL,2019-06-17T14:30:00+00:00,48.224998474121094,48.7400016784668,48.04249954223633,48.47249984741211,46.33895492553711,58676400
AAPL,2019-06-18T14:30:00+00:00,49.01250076293945,50.0724983215332,48.8025016784668,49.61249923706055,47.42878341674805,106204000
AAPL,2019-06-19T14:30:00+00:00,49.91999816894531,49.970001220703125,49.32749938964844,49.467498779296875,47.2901611328125,84496800
AAPL,2019-06-20T14:30:00+00:00,50.092498779296875,50.15250015258789,49.50749969482422,49.8650016784668,47.670162200927734,86056000
AAPL,2019-06-21T14:30:00+00:00,49.70000076293945,50.212501525878906,49.537498474121094,49.69499969482422,47.50764465332031,191202400
AAPL,2019-06-24T14:30:00+00:00,49.6349983215332,50.040000915527344,49.54249954223633,49.64500045776367,47.459842681884766,72881600
AAPL,2019-06-25T14:30:00+00:00,49.60749816894531,49.814998626708984,48.8224983215332,48.89250183105469,46.7404670715332,84281200
AAPL,2019-06-26T14:30:00+00:00,49.442501068115234,50.247501373291016,49.337501525878906,49.95000076293945,47.75142288208008,104270000
AAPL,2019-06-27T14:30:00+00:00,50.0724983215332,50.39250183105469,49.89250183105469,49.935001373291016,47.73708724975586,83598800
AAPL,2019-06-28T14:30:00+00:00,49.66999816894531,49.875,49.26250076293945,49.47999954223633,47.3021125793457,124442400
AAPL,2019-07-01T14:30:00+00:00,50.79249954223633,51.122501373291016,50.162498474121094,50.38750076293945,48.16966247558594,109012000
AAPL,2019-07-02T14:30:00+00:00,50.352500915527344,50.782501220703125,50.34000015258789,50.682498931884766,48.45167541503906,67740800
AAPL,2019-07-03T14:30:00+00:00,50.81999969482422,51.11000061035156,50.67250061035156,51.102500915527344,48.85319137573242,45448000
AAPL,2019-07-05T14:30:00+00:00,50.837501525878906,51.27000045776367,50.724998474121094,51.057498931884766,48.810176849365234,69062000
AAPL,2019-07-08T14:30:00+00:00,50.20249938964844,50.349998474121094,49.602500915527344,50.005001068115234,47.80400466918945,101354400
AAPL,2019-07-09T14:30:00+00:00,49.79999923706055,50.377498626708984,49.70249938964844,50.310001373291016,48.0955810546875,82312000
AAPL,2019-07-10T14:30:00+00:00,50.462501525878906,50.932498931884766,50.38999938964844,50.807498931884766,48.57118606567383,71588400
AAPL,2019-07-11T14:30:00+00:00,50.82749938964844,51.09749984741211,50.4275016784668,50.4375,48.21745681762695,80767200
AAPL,2019-07-12T14:30:00+00:00,50.61249923706055,51.0,50.54999923706055,50.82500076293945,48.587913513183594,70380800
AAPL,2019-07-15T14:30:00+00:00,51.022499084472656,51.467498779296875,51.0,51.3025016784668,49.04439926147461,67789600
AAPL,2019-07-16T14:30:00+00:00,51.147499084472656,51.52750015258789,50.875,51.125,48.87469482421875,67467200
AAPL,2019-07-17T14:30:00+00:00,51.01250076293945,51.272499084472656,50.817501068115234,50.837501525878906,48.599853515625,56430000
AAPL,2019-07-18T14:30:00+00:00,51.0,51.470001220703125,50.92499923706055,51.415000915527344,49.15194320678711,74162400
AAPL,2019-07-19T14:30:00+00:00,51.4474983215332,51.625,50.59000015258789,50.647499084472656,48.418212890625,83717200
AAPL,2019-07-22T14:30:00+00:00,50.912498474121094,51.807498931884766,50.90250015258789,51.80500030517578,49.5247802734375,89111600
AAPL,2019-07-23T14:30:00+00:00,52.1150016784668,52.227500915527344,51.8224983215332,52.209999084472656,49.91193389892578,73420800
AAPL,2019-07-24T14:30:00+00:00,51.91749954223633,52.287498474121094,51.79249954223633,52.16749954223633,49.87131118774414,59966400
AAPL,2019-07-25T14:30:00+00:00,52.22249984741211,52.310001373291016,51.682498931884766,51.755001068115234,49.47697067260742,55638400
AAPL,2019-07-26T14:30:00+00:00,51.869998931884766,52.432498931884766,51.78499984741211,51.935001373291016,49.649044036865234,70475600
AAPL,2019-07-29T14:30:00+00:00,52.1150016784668,52.65999984741211,52.11000061035156,52.41999816894531,50.112701416015625,86693600
AAPL,2019-07-30T14:30:00+00:00,52.189998626708984,52.540000915527344,51.82749938964844,52.19499969482422,49.89760208129883,135742800
AAPL,2019-07-31T14:30:00+00:00,54.10499954223633,55.342498779296875,52.82500076293945,53.2599983215332,50.915733337402344,277125600
AAPL,2019-08-01T14:30:00+00:00,53.474998474121094,54.50749969482422,51.685001373291016,52.10749816894531,49.81394577026367,216071600
AAPL,2019-08-02T14:30:00+00:00,51.38249969482422,51.60749816894531,50.407501220703125,51.005001068115234,48.759979248046875,163448400
AAPL,2019-08-05T14:30:00+00:00,49.497501373291016,49.662498474121094,48.14500045776367,48.334999084472656,46.20750045776367,209572000
AAPL,2019-08-06T14:30:00+00:00,49.07749938964844,49.51750183105469,48.5099983215332,49.25,47.08222579956055,143299200
AAPL,2019-08-07T14:30:00+00:00,48.852500915527344,49.88999938964844,48.45500183105469,49.7599983215332,47.569786071777344,133457600
AAPL,2019-08-08T14:30:00+00:00,50.04999923706055,50.88249969482422,49.84749984741211,50.85749816894531,48.61896514892578,108038000
AAPL,2019-08-09T14:30:00+00:00,50.32500076293945,50.689998626708984,49.8224983215332,50.247501373291016,48.21834182739258,98478800
AAPL,2019-08-12T14:30:00+00:00,49.904998779296875,50.51250076293945,49.787498474121094,50.119998931884766,48.095985412597656,89927600
AAPL,2019-08-13T14:30:00+00:00,50.255001068115234,53.03499984741211,50.119998931884766,52.24250030517578,50.132774353027344,188874000
AAPL,2019-08-14T14:30:00+00:00,50.790000915527344,51.61000061035156,50.647499084472656,50.6875,48.64057922363281,146189600
AAPL,2019-08-15T14:30:00+00:00,50.8650016784668,51.28499984741211,49.91749954223633,50.435001373291016,48.39826965332031,108909600
AAPL,2019-08-16T14:30:00+00:00,51.06999969482422,51.790000915527344,50.959999084472656,51.625,49.54020309448242,110481600
AAPL,2019-08-19T14:30:00+00:00,52.654998779296875,53.182498931884766,52.50749969482422,52.587501525878906,50.4638557434082,97654400
AAPL,2019-08-20T14:30:00+00:00,52.720001220703125,53.337501525878906,52.58000183105469,52.59000015258789,50.466251373291016,107537200
AAPL,2019-08-21T14:30:00+00:00,53.247501373291016,53.412498474121094,52.900001525878906,53.15999984741211,51.013221740722656,86141600
AAPL,2019-08-22T14:30:00+00:00,53.29750061035156,53.61000061035156,52.6875,53.1150016784668,50.97003173828125,89014800
AAPL,2019-08-23T14:30:00+00:00,52.35749816894531,53.01250076293945,50.25,50.65999984741211,48.61418151855469,187272000
AAPL,2019-08-26T14:30:00+00:00,51.46500015258789,51.79750061035156,51.26499938964844,51.622501373291016,49.537803649902344,104174400
AAPL,2019-08-27T14:30:00+00:00,51.96500015258789,52.13750076293945,50.88249969482422,51.040000915527344,48.97883987426758,103493200
AAPL,2019-08-28T14:30:00+00:00,51.025001525878906,51.43000030517578,50.83000183105469,51.38249969482422,49.30751037597656,63755200
AAPL,2019-08-29T14:30:00+00:00,52.125,52.33000183105469,51.665000915527344,52.252498626708984,50.14236068725586,83962000
AAPL,2019-08-30T14:30:00+00:00,52.540000915527344,52.61249923706055,51.79999923706055,52.185001373291016,50.077598571777344,84573600
AAPL,2019-09-03T14:30:00+00:00,51.60749816894531,51.744998931884766,51.05500030517578,51.42499923706055,49.34828186035156,80092000
AAPL,2019-09-04T14:30:00+00:00,52.09749984741211,52.369998931884766,51.83000183105469,52.29750061035156,50.185550689697266,76752400
AAPL,2019-09-05T14:30:00+00:00,53.0,53.49250030517578,52.877498626708984,53.31999969482422,51.16675567626953,95654800
AAPL,2019-09-06T14:30:00+00:00,53.51250076293945,53.60499954223633,53.127498626708984,53.314998626708984,51.161949157714844,77449200
AAPL,2019-09-09T14:30:00+00:00,53.709999084472656,54.11000061035156,52.76750183105469,53.54249954223633,51.380271911621094,109237600
AAPL,2019-09-10T14:30:00+00:00,53.46500015258789,54.19499969482422,52.9275016784668,54.17499923706055,51.98722839355469,127111600
AAPL,2019-09-11T14:30:00+00:00,54.51750183105469,55.9275016784668,54.432498931884766,55.897499084472656,53.64018249511719,177158400
AAPL,2019-09-12T14:30:00+00:00,56.20000076293945,56.60499954223633,55.71500015258789,55.772499084472656,53.52021789550781,128906800
AAPL,2019-09-13T14:30:00+00:00,55.0,55.1974983215332,54.255001068115234,54.6875,52.479034423828125,159053200
AAPL,2019-09-16T14:30:00+00:00,54.432498931884766,55.032501220703125,54.38999938964844,54.974998474121094,52.754920959472656,84632400
AAPL,2019-09-17T14:30:00+00:00,54.9900016784668,55.20500183105469,54.779998779296875,55.17499923706055,52.94684600830078,73274800
AAPL,2019-09-18T14:30:00+00:00,55.26499938964844,55.712501525878906,54.86000061035156,55.692501068115234,53.44344711303711,101360000
AAPL,2019-09-19T14:30:00+00:00,55.502498626708984,55.939998626708984,55.092498779296875,55.2400016784668,53.00922393798828,88242400
AAPL,2019-09-20T14:30:00+00:00,55.345001220703125,55.63999938964844,54.36750030517578,54.432498931884766,52.23432922363281,221652400
AAPL,2019-09-23T14:30:00+00:00,54.73749923706055,54.959999084472656,54.412498474121094,54.68000030517578,52.47183609008789,76662000
AAPL,2019-09-24T14:30:00+00:00,55.25749969482422,55.622501373291016,54.29750061035156,54.41999816894531,52.22233581542969,124763200
AAPL,2019-09-25T14:30:00+00:00,54.63750076293945,55.375,54.28499984741211,55.25749969482422,53.02601623535156,87613600
AAPL,2019-09-26T14:30:00+00:00,55.0,55.23500061035156,54.70750045776367,54.97249984741211,52.75251770019531,75334000
AAPL,2019-09-27T14:30:00+00:00,55.1349983215332,55.2400016784668,54.31999969482422,54.70500183105469,52.49582290649414,101408000
AAPL,2019-09-30T14:30:00+00:00,55.224998474121094,56.14500045776367,55.1974983215332,55.99250030517578,53.7313346862793,103909600
AAPL,2019-10-01T14:30:00+00:00,56.26750183105469,57.05500030517578,56.04999923706055,56.147499084472656,53.880069732666016,139223200
AAPL,2019-10-02T14:30:00+00:00,55.76499938964844,55.89500045776367,54.48249816894531,54.7400016784668,52.529415130615234,138449200
AAPL,2019-10-03T14:30:00+00:00,54.60749816894531,55.2400016784668,53.782501220703125,55.20500183105469,52.97563552856445,114426000
AAPL,2019-10-04T14:30:00+00:00,56.40999984741211,56.872501373291016,55.97249984741211,56.752498626708984,54.460636138916016,138478800
AAPL,2019-10-07T14:30:00+00:00,56.567501068115234,57.48249816894531,56.459999084472656,56.76499938964844,54.47262954711914,122306000
AAPL,2019-10-08T14:30:00+00:00,56.45500183105469,57.01499938964844,56.08250045776367,56.099998474121094,53.834495544433594,111820000
AAPL,2019-10-09T14:30:00+00:00,56.75749969482422,56.9474983215332,56.40999984741211,56.75749969482422,54.4654426574707,74770400
AAPL,2019-10-10T14:30:00+00:00,56.98249816894531,57.61000061035156,56.82500076293945,57.522499084472656,55.19954299926758,113013600
AAPL,2019-10-11T14:30:00+00:00,58.23749923706055,59.40999984741211,58.07749938964844,59.0525016784668,56.667755126953125,166795600
AAPL,2019-10-14T14:30:00+00:00,58.724998474121094,59.532501220703125,58.66749954223633,58.967498779296875,56.5861930847168,96427600
AAPL,2019-10-15T14:30:00+00:00,59.09749984741211,59.412498474121094,58.720001220703125,58.83000183105469,56.45425033569336,87360000
AAPL,2019-10-16T14:30:00+00:00,58.342498779296875,58.810001373291016,58.29999923706055,58.592498779296875,56.22633743286133,73903200
AAPL,2019-10-17T14:30:00+00:00,58.772499084472656,59.037498474121094,58.380001068115234,58.81999969482422,56.44465255737305,67585200
AAPL,2019-10-18T14:30:00+00:00,58.647499084472656,59.39500045776367,58.5724983215332,59.102500915527344,56.71574783325195,97433600
AAPL,2019-10-21T14:30:00+00:00,59.380001068115234,60.247501373291016,59.33000183105469,60.127498626708984,57.6993522644043,87247200
AAPL,2019-10-22T14:30:00+00:00,60.290000915527344,60.54999923706055,59.904998779296875,59.9900016784668,57.567405700683594,82293600
AAPL,2019-10-23T14:30:00+00:00,60.525001525878906,60.810001373291016,60.30500030517578,60.79499816894531,58.33988952636719,75828800
AAPL,2019-10-24T14:30:00+00:00,61.127498626708984,61.20000076293945,60.45249938964844,60.89500045776367,58.43585968017578,69275200
AAPL,2019-10-25T14:30:00+00:00,60.790000915527344,61.682498931884766,60.720001220703125,61.64500045776367,59.155574798583984,73477200
AAPL,2019-10-28T14:30:00+00:00,61.85499954223633,62.3125,61.68000030517578,62.26250076293945,59.748138427734375,96572800
AAPL,2019-10-29T14:30:00+00:00,62.24250030517578,62.4375,60.64250183105469,60.8224983215332,58.366275787353516,142839600
AAPL,2019-10-30T14:30:00+00:00,61.189998626708984,61.32500076293945,60.3025016784668,60.814998626708984,58.35908126831055,124522000
AAPL,2019-10-31T14:30:00+00:00,61.810001373291016,62.29249954223633,59.314998626708984,62.189998626708984,59.67854690551758,139162000
AAPL,2019-11-01T14:30:00+00:00,62.3849983215332,63.98249816894531,62.290000915527344,63.95500183105469,61.37228012084961,151125200
AAPL,2019-11-04T14:30:00+00:00,64.3324966430664,64.4625015258789,63.845001220703125,64.375,61.77532958984375,103272000
AAPL,2019-11-05T14:30:00+00:00,64.26249694824219,64.54750061035156,64.08000183105469,64.28250122070312,61.686546325683594,79897600
AAPL,2019-11-06T14:30:00+00:00,64.19249725341797,64.37249755859375,63.842498779296875,64.30999755859375,61.71293640136719,75864400
AAPL,2019-11-07T14:30:00+00:00,64.68499755859375,65.0875015258789,64.52749633789062,64.85749816894531,62.42518615722656,94940400
AAPL,2019-11-08T14:30:00+00:00,64.67250061035156,65.11000061035156,64.2125015258789,65.03500366210938,62.59604263305664,69986400
AAPL,2019-11-11T14:30:00+00:00,64.57499694824219,65.61750030517578,64.56999969482422,65.55000305175781,63.091739654541016,81821200
AAPL,2019-11-12T14:30:00+00:00,65.38749694824219,65.69750213623047,65.2300033569336,65.48999786376953,63.03396987915039,87388800
AAPL,2019-11-13T14:30:00+00:00,65.28250122070312,66.19499969482422,65.26750183105469,66.11750030517578,63.637939453125,102734400
AAPL,2019-11-14T14:30:00+00:00,65.9375,66.22000122070312,65.5250015258789,65.66000366210938,63.197593688964844,89182800
AAPL,2019-11-15T14:30:00+00:00,65.91999816894531,66.44499969482422,65.75250244140625,66.44000244140625,63.948341369628906,100206400
AAPL,2019-11-18T14:30:00+00:00,66.44999694824219,66.85749816894531,66.05750274658203,66.7750015258789,64.27080535888672,86703200
AAPL,2019-11-19T14:30:00+00:00,66.9749984741211,67.0,66.34750366210938,66.57250213623047,64.07587432861328,76167200
AAPL,2019-11-20T14:30:00+00:00,66.38500213623047,66.5199966430664,65.0999984741211,65.79750061035156,63.329933166503906,106234400
AAPL,2019-11-21T14:30:00+00:00,65.92250061035156,66.00250244140625,65.29499816894531,65.50250244140625,63.04600143432617,121395200
AAPL,2019-11-22T14:30:00+00:00,65.64749908447266,65.79499816894531,65.20999908447266,65.44499969482422,62.990657806396484,65325200
AAPL,2019-11-25T14:30:00+00:00,65.67749786376953,66.61000061035156,65.62999725341797,66.59249877929688,64.09513854980469,84020400
AAPL,2019-11-26T14:30:00+00:00,66.73500061035156,66.79000091552734,65.625,66.07250213623047,63.5946159362793,105207600
AAPL,2019-11-27T14:30:00+00:00,66.3949966430664,66.99500274658203,66.32749938964844,66.95999908447266,64.4488525390625,65235600
AAPL,2019-11-29T14:30:00+00:00,66.6500015258789,67.0,66.4749984741211,66.8125,64.3068618774414,46617600
AAPL,2019-12-02T14:30:00+00:00,66.81749725341797,67.0625,65.86250305175781,66.04000091552734,63.56334686279297,94487200
AAPL,2019-12-03T14:30:00+00:00,64.57749938964844,64.88249969482422,64.07250213623047,64.86250305175781,62.43001174926758,114430400
AAPL,2019-12-04T14:30:00+00:00,65.26750183105469,65.82749938964844,65.16999816894531,65.43499755859375,62.981040954589844,67181600
AAPL,2019-12-05T14:30:00+00:00,65.94750213623047,66.47250366210938,65.68250274658203,66.3949966430664,63.905006408691406,74424400
AAPL,2019-12-06T14:30:00+00:00,66.87000274658203,67.75,66.82499694824219,67.67749786376953,65.13944244384766,106075600
AAPL,2019-12-09T14:30:00+00:00,67.5,67.69999694824219,66.22750091552734,66.7300033569336,64.22747802734375,128042400
AAPL,2019-12-10T14:30:00+00:00,67.1500015258789,67.51750183105469,66.46499633789062,67.12000274658203,64.60285186767578,90420400
AAPL,2019-12-11T14:30:00+00:00,67.20249938964844,67.7750015258789,67.125,67.69249725341797,65.15385437011719,78756800
AAPL,2019-12-12T14:30:00+00:00,66.94499969482422,68.13999938964844,66.83000183105469,67.86499786376953,65.31991577148438,137310400
AAPL,2019-12-13T14:30:00+00:00,67.86499786376953,68.82499694824219,67.73249816894531,68.7874984741211,66.20780181884766,133587600
AAPL,2019-12-16T14:30:00+00:00,69.25,70.19750213623047,69.24500274658203,69.96499633789062,67.34114837646484,128186000
AAPL,2019-12-17T14:30:00+00:00,69.89250183105469,70.44249725341797,69.69999694824219,70.10250091552734,67.4734878540039,114158400
AAPL,2019-12-18T14:30:00+00:00,69.94999694824219,70.4749984741211,69.77999877929688,69.93499755859375,67.3122787475586,116028400
AAPL,2019-12-19T14:30:00+00:00,69.875,70.29499816894531,69.73750305175781,70.00499725341797,67.37964630126953,98369200
AAPL,2019-12-20T14:30:00+00:00,70.55750274658203,70.6624984741211,69.63999938964844,69.86000061035156,67.2400894165039,275978000
AAPL,2019-12-23T14:30:00+00:00,70.13249969482422,71.0625,70.09249877929688,71.0,68.33732604980469,98572000
AAPL,2019-12-24T14:30:00+00:00,71.17250061035156,71.22250366210938,70.7300033569336,71.06749725341797,68.40229034423828,48478800
AAPL,2019-12-26T14:30:00+00:00,71.20500183105469,72.49500274658203,71.17500305175781,72.47750091552734,69.7594223022461,93121200
AAPL,2019-12-27T14:30:00+00:00,72.77999877929688,73.49250030517578,72.02999877929688,72.44999694824219,69.7329330444336,146266000
AAPL,2019-12-30T14:30:00+00:00,72.36499786376953,73.17250061035156,71.30500030517578,72.87999725341797,70.14683532714844,144114400
AAPL,2019-12-31T14:30:00+00:00,72.48249816894531,73.41999816894531,72.37999725341797,73.4124984741211,70.65934753417969,100805600
AAPL,2020-01-02T14:30:00+00:00,74.05999755859375,75.1500015258789,73.79750061035156,75.0875015258789,72.27153778076172,135480400
AAPL,2020-01-03T14:30:00+00:00,74.2874984741211,75.1449966430664,74.125,74.35749816894531,71.56890869140625,146322800
AAPL,2020-01-06T14:30:00+00:00,73.44750213623047,74.98999786376953,73.1875,74.94999694824219,72.13920593261719,118387200
AAPL,2020-01-07T14:30:00+00:00,74.95999908447266,75.2249984741211,74.37000274658203,74.59750366210938,71.7999267578125,108872000
AAPL,2020-01-08T14:30:00+00:00,74.29000091552734,76.11000061035156,74.29000091552734,75.79750061035156,72.95492553710938,132079200
AAPL,2020-01-09T14:30:00+00:00,76.80999755859375,77.60749816894531,76.55000305175781,77.40750122070312,74.50455474853516,170108400
AAPL,2020-01-10T14:30:00+00:00,77.6500015258789,78.1675033569336,77.0625,77.5824966430664,74.67295837402344,140644800
AAPL,2020-01-13T14:30:00+00:00,77.91000366210938,79.26750183105469,77.7874984741211,79.23999786376953,76.26831817626953,121532000
AAPL,2020-01-14T14:30:00+00:00,79.17500305175781,79.39250183105469,78.0425033569336,78.16999816894531,75.23845672607422,161954400
AAPL,2020-01-15T14:30:00+00:00,77.9625015258789,78.875,77.38749694824219,77.83499908447266,74.916015625,121923600
AAPL,2020-01-16T14:30:00+00:00,78.39749908447266,78.92500305175781,78.02249908447266,78.80999755859375,75.85444641113281,108829200
AAPL,2020-01-17T14:30:00+00:00,79.06749725341797,79.68499755859375,78.75,79.68250274658203,76.69422912597656,137816400
AAPL,2020-01-21T14:30:00+00:00,79.29750061035156,79.75499725341797,79.0,79.14250183105469,76.1744613647461,110843200
AAPL,2020-01-22T14:30:00+00:00,79.6449966430664,79.99749755859375,79.32749938964844,79.42500305175781,76.44638061523438,101832400
AAPL,2020-01-23T14:30:00+00:00,79.4800033569336,79.88999938964844,78.9124984741211,79.80750274658203,76.81453704833984,104472000
AAPL,2020-01-24T14:30:00+00:00,80.0625,80.8324966430664,79.37999725341797,79.57749938964844,76.59314727783203,146537600
AAPL,2020-01-27T14:30:00+00:00,77.51499938964844,77.94249725341797,76.22000122070312,77.23750305175781,74.34091186523438,161940000
AAPL,2020-01-28T14:30:00+00:00,78.1500015258789,79.5999984741211,78.04750061035156,79.42250061035156,76.44393920898438,162234000
AAPL,2020-01-29T14:30:00+00:00,81.11250305175781,81.9625015258789,80.34500122070312,81.08499908447266,78.04414367675781,216229200
AAPL,2020-01-30T14:30:00+00:00,80.13500213623047,81.02249908447266,79.6875,80.96749877929688,77.93101501464844,126743200
AAPL,2020-01-31T14:30:00+00:00,80.23249816894531,80.66999816894531,77.07250213623047,77.37750244140625,74.47567749023438,199588400
AAPL,2020-02-03T14:30:00+00:00,76.07499694824219,78.37249755859375,75.55500030517578,77.16500091552734,74.2711410522461,173788400
AAPL,2020-02-04T14:30:00+00:00,78.82749938964844,79.91000366210938,78.40750122070312,79.7125015258789,76.72307586669922,136616400
AAPL,2020-02-05T14:30:00+00:00,80.87999725341797,81.19000244140625,79.73750305175781,80.36250305175781,77.3487319946289,118826800
AAPL,2020-02-06T14:30:00+00:00,80.64250183105469,81.30500030517578,80.06500244140625,81.30249786376953,78.25346374511719,105425600
AAPL,2020-02-07T14:30:00+00:00,80.59249877929688,80.8499984741211,79.5,80.00749969482422,77.18978881835938,117684000
AAPL,2020-02-10T14:30:00+00:00,78.54499816894531,80.38749694824219,78.4625015258789,80.38749694824219,77.55641174316406,109348800
AAPL,2020-02-11T14:30:00+00:00,80.9000015258789,80.9749984741211,79.67749786376953,79.90249633789062,77.08848571777344,94323200
AAPL,2020-02-12T14:30:00+00:00,80.36750030517578,81.80500030517578,80.36750030517578,81.80000305175781,78.91919708251953,113730400
AAPL,2020-02-13T14:30:00+00:00,81.04750061035156,81.55500030517578,80.8375015258789,81.21749877929688,78.35719299316406,94747600
AAPL,2020-02-14T14:30:00+00:00,81.18499755859375,81.49500274658203,80.7125015258789,81.23750305175781,78.37644958496094,80113600
AAPL,2020-02-18T14:30:00+00:00,78.83999633789062,79.9375,78.65249633789062,79.75,76.94136810302734,152531200
AAPL,2020-02-19T14:30:00+00:00,80.0,81.14250183105469,80.0,80.90499877929688,78.05567169189453,93984000
AAPL,2020-02-20T14:30:00+00:00,80.65750122070312,81.1624984741211,79.55249786376953,80.07499694824219,77.25493621826172,100566000
AAPL,2020-02-21T14:30:00+00:00,79.65499877929688,80.11250305175781,77.625,78.26249694824219,75.50624084472656,129554000
AAPL,2020-02-24T14:30:00+00:00,74.31500244140625,76.04499816894531,72.30750274658203,74.54499816894531,71.91967010498047,222195200
AAPL,2020-02-25T14:30:00+00:00,75.23750305175781,75.63249969482422,71.53250122070312,72.0199966430664,69.48358917236328,230673600
AAPL,2020-02-26T14:30:00+00:00,71.63249969482422,74.47000122070312,71.625,73.1624984741211,70.58586120605469,198054800
AAPL,2020-02-27T14:30:00+00:00,70.2750015258789,71.5,68.23999786376953,68.37999725341797,65.97178649902344,320605600
AAPL,2020-02-28T14:30:00+00:00,64.31500244140625,69.60250091552734,64.09249877929688,68.33999633789062,65.93321228027344,426510000
AAPL,2020-03-02T14:30:00+00:00,70.56999969482422,75.36000061035156,69.43000030517578,74.70249938964844,72.07160949707031,341397200
AAPL,2020-03-03T14:30:00+00:00,75.9175033569336,76.0,71.44999694824219,72.33000183105469,69.78266143798828,319475600
AAPL,2020-03-04T14:30:00+00:00,74.11000061035156,75.8499984741211,73.28250122070312,75.68499755859375,73.01951599121094,219178400
AAPL,2020-03-05T14:30:00+00:00,73.87999725341797,74.88749694824219,72.85250091552734,73.2300033569336,70.65098571777344,187572800
AAPL,2020-03-06T14:30:00+00:00,70.5,72.70500183105469,70.30750274658203,72.25749969482422,69.71272277832031,226176800
AAPL,2020-03-09T14:30:00+00:00,65.9375,69.52249908447266,65.75,66.5425033569336,64.19898986816406,286744800
AAPL,2020-03-10T14:30:00+00:00,69.28500366210938,71.61000061035156,67.34249877929688,71.33499908447266,68.8227310180664,285290000
AAPL,2020-03-11T14:30:00+00:00,69.34750366210938,70.30500030517578,67.96499633789062,68.85749816894531,66.43245697021484,255598800
AAPL,2020-03-12T14:30:00+00:00,63.98500061035156,67.5,62.0,62.057498931884766,59.8719596862793,418474000
AAPL,2020-03-13T14:30:00+00:00,66.22250366210938,69.9800033569336,63.23749923706055,69.49250030517578,67.04508209228516,370732000
AAPL,2020-03-16T14:30:00+00:00,60.48749923706055,64.7699966430664,60.0,60.5525016784668,58.41996765136719,322423600
AAPL,2020-03-17T14:30:00+00:00,61.877498626708984,64.40249633789062,59.599998474121094,63.21500015258789,60.98868942260742,324056000
AAPL,2020-03-18T14:30:00+00:00,59.942501068115234,62.5,59.279998779296875,61.66749954223633,59.49568557739258,300233600
AAPL,2020-03-19T14:30:00+00:00,61.84749984741211,63.209999084472656,60.65250015258789,61.19499969482422,59.03982925415039,271857200
AAPL,2020-03-20T14:30:00+00:00,61.79499816894531,62.95750045776367,57.0,57.310001373291016,55.291656494140625,401693200
AAPL,2020-03-23T14:30:00+00:00,57.02000045776367,57.125,53.15250015258789,56.092498779296875,54.117034912109375,336752800
AAPL,2020-03-24T14:30:00+00:00,59.09000015258789,61.92250061035156,58.57500076293945,61.720001220703125,59.546348571777344,287531200
AAPL,2020-03-25T14:30:00+00:00,62.6875,64.5625,61.07500076293945,61.380001068115234,59.21831130981445,303602000
AAPL,2020-03-26T14:30:00+00:00,61.630001068115234,64.66999816894531,61.59000015258789,64.61000061035156,62.33456802368164,252087200
AAPL,2020-03-27T14:30:00+00:00,63.1875,63.967498779296875,61.76250076293945,61.935001373291016,59.75376892089844,204216800
AAPL,2020-03-30T14:30:00+00:00,62.685001373291016,63.880001068115234,62.349998474121094,63.70249938964844,61.45902633666992,167976400
AAPL,2020-03-31T14:30:00+00:00,63.900001525878906,65.62249755859375,63.0,63.5724983215332,61.333595275878906,197002000
AAPL,2020-04-01T14:30:00+00:00,61.625,62.18000030517578,59.782501220703125,60.227500915527344,58.106414794921875,176218400
AAPL,2020-04-02T14:30:00+00:00,60.084999084472656,61.287498474121094,59.224998474121094,61.23249816894531,59.076011657714844,165934000
AAPL,2020-04-03T14:30:00+00:00,60.70000076293945,61.42499923706055,59.74250030517578,60.352500915527344,58.22700881958008,129880000
AAPL,2020-04-06T14:30:00+00:00,62.724998474121094,65.77749633789062,62.345001220703125,65.61750030517578,63.306583404541016,201820400
AAPL,2020-04-07T14:30:00+00:00,67.69999694824219,67.92500305175781,64.75,64.85749816894531,62.573333740234375,202887200
AAPL,2020-04-08T14:30:00+00:00,65.68499755859375,66.84249877929688,65.30750274658203,66.51750183105469,64.17488098144531,168895200
AAPL,2020-04-09T14:30:00+00:00,67.17500305175781,67.51750183105469,66.17500305175781,66.99749755859375,64.63797760009766,161834800
AAPL,2020-04-13T14:30:00+00:00,67.07749938964844,68.42500305175781,66.4574966430664,68.3125,65.90666198730469,131022800
AAPL,2020-04-14T14:30:00+00:00,70.0,72.0625,69.51249694824219,71.76249694824219,69.23516845703125,194994800
AAPL,2020-04-15T14:30:00+00:00,70.5999984741211,71.5824966430664,70.15750122070312,71.10749816894531,68.60323333740234,131154400
AAPL,2020-04-16T14:30:00+00:00,71.84500122070312,72.05000305175781,70.5875015258789,71.67250061035156,69.1483383178711,157125200
AAPL,2020-04-17T14:30:00+00:00,71.17250061035156,71.73750305175781,69.21499633789062,70.69999694824219,68.21007537841797,215250000
AAPL,2020-04-20T14:30:00+00:00,69.48750305175781,70.41999816894531,69.2125015258789,69.23249816894531,66.79425811767578,130015200
AAPL,2020-04-21T14:30:00+00:00,69.06999969482422,69.3125,66.35749816894531,67.09249877929688,64.72962951660156,180991600
AAPL,2020-04-22T14:30:00+00:00,68.40249633789062,69.4749984741211,68.05000305175781,69.0250015258789,66.59407806396484,116862400
AAPL,2020-04-23T14:30:00+00:00,68.96749877929688,70.4375,68.71749877929688,68.75749969482422,66.33599853515625,124814400
AAPL,2020-04-24T14:30:00+00:00,69.30000305175781,70.75250244140625,69.25,70.74250030517578,68.25108337402344,126161200
AAPL,2020-04-27T14:30:00+00:00,70.44999694824219,71.13500213623047,69.98750305175781,70.7925033569336,68.29935455322266,117087600
AAPL,2020-04-28T14:30:00+00:00,71.2699966430664,71.4574966430664,69.55000305175781,69.6449966430664,67.1922378540039,112004800
AAPL,2020-04-29T14:30:00+00:00,71.18250274658203,72.4175033569336,70.97250366210938,71.93250274658203,69.39918518066406,137280800
AAPL,2020-04-30T14:30:00+00:00,72.48999786376953,73.63249969482422,72.0875015258789,73.44999694824219,70.86322021484375,183064000
AAPL,2020-05-01T14:30:00+00:00,71.5625,74.75,71.4625015258789,72.26750183105469,69.72237396240234,240616800
AAPL,2020-05-04T14:30:00+00:00,72.2925033569336,73.42250061035156,71.58000183105469,73.29000091552734,70.70886993408203,133568000
AAPL,2020-05-05T14:30:00+00:00,73.76499938964844,75.25,73.61499786376953,74.38999938964844,71.77011108398438,147751200
AAPL,2020-05-06T14:30:00+00:00,75.11499786376953,75.80999755859375,74.71749877929688,75.15750122070312,72.51058959960938,142333600
AAPL,2020-05-07T14:30:00+00:00,75.80500030517578,76.2925033569336,75.49250030517578,75.93499755859375,73.26071166992188,115215200
AAPL,2020-05-08T14:30:00+00:00,76.41000366210938,77.5875015258789,76.07250213623047,77.53250122070312,75.00444030761719,133838400
AAPL,2020-05-11T14:30:00+00:00,77.0250015258789,79.26249694824219,76.80999755859375,78.75250244140625,76.18466186523438,145946400
AAPL,2020-05-12T14:30:00+00:00,79.4574966430664,79.92250061035156,77.72750091552734,77.85250091552734,75.31400299072266,162301200
AAPL,2020-05-13T14:30:00+00:00,78.0374984741211,78.98750305175781,75.80249786376953,76.9124984741211,74.40467834472656,200622400
AAPL,2020-05-14T14:30:00+00:00,76.12750244140625,77.44750213623047,75.38249969482422,77.38500213623047,74.86174011230469,158929200
AAPL,2020-05-15T14:30:00+00:00,75.0875015258789,76.9749984741211,75.05249786376953,76.92749786376953,74.41915893554688,166348400
AAPL,2020-05-18T14:30:00+00:00,78.2925033569336,79.125,77.58000183105469,78.73999786376953,76.17256927490234,135178400
AAPL,2020-05-19T14:30:00+00:00,78.75749969482422,79.62999725341797,78.25250244140625,78.28500366210938,75.732421875,101729600
AAPL,2020-05-20T14:30:00+00:00,79.16999816894531,79.87999725341797,79.12999725341797,79.80750274658203,77.20526885986328,111504800
AAPL,2020-05-21T14:30:00+00:00,79.66500091552734,80.22250366210938,78.96749877929688,79.2125015258789,76.62967681884766,102688800
AAPL,2020-05-22T14:30:00+00:00,78.94249725341797,79.80750274658203,78.8375015258789,79.72250366210938,77.12305450439453,81803200
AAPL,2020-05-26T14:30:00+00:00,80.875,81.05999755859375,79.125,79.18250274658203,76.60064697265625,125522000
AAPL,2020-05-27T14:30:00+00:00,79.03500366210938,79.67749786376953,78.27249908447266,79.52749633789062,76.93439483642578,112945200
AAPL,2020-05-28T14:30:00+00:00,79.19249725341797,80.86000061035156,78.90750122070312,79.5625,76.96826171875,133560800
AAPL,2020-05-29T14:30:00+00:00,79.8125,80.2874984741211,79.11750030517578,79.48500061035156,76.89328002929688,153532400
AAPL,2020-06-01T14:30:00+00:00,79.4375,80.5875015258789,79.30249786376953,80.4625015258789,77.83889770507812,80791200
AAPL,2020-06-02T14:30:00+00:00,80.1875,80.86000061035156,79.73249816894531,80.83499908447266,78.19926452636719,87642800
AAPL,2020-06-03T14:30:00+00:00,81.16500091552734,81.55000305175781,80.57499694824219,81.27999877929688,78.62974548339844,104491200
AAPL,2020-06-04T14:30:00+00:00,81.09750366210938,81.40499877929688,80.19499969482422,80.58000183105469,77.95257568359375,87560400
AAPL,2020-06-05T14:30:00+00:00,80.8375015258789,82.9375,80.80750274658203,82.875,80.1727294921875,137250400
AAPL,2020-06-08T14:30:00+00:00,82.5625,83.4000015258789,81.83000183105469,83.36499786376953,80.64675903320312,95654400
AAPL,2020-06-09T14:30:00+00:00,83.03500366210938,86.40249633789062,83.00250244140625,85.99749755859375,83.19342041015625,147712400
AAPL,2020-06-10T14:30:00+00:00,86.9749984741211,88.69249725341797,86.52249908447266,88.20999908447266,85.33378601074219,166651600
AAPL,2020-06-11T14:30:00+00:00,87.32749938964844,87.76499938964844,83.87000274658203,83.9749984741211,81.23689270019531,201662400
AAPL,2020-06-12T14:30:00+00:00,86.18000030517578,86.94999694824219,83.55500030517578,84.69999694824219,81.93822479248047,200146000
AAPL,2020-06-15T14:30:00+00:00,83.3125,86.41999816894531,83.1449966430664,85.74749755859375,82.95156860351562,138808800
AAPL,2020-06-16T14:30:00+00:00,87.86499786376953,88.30000305175781,86.18000030517578,88.0199966430664,85.14998626708984,165428800
AAPL,2020-06-17T14:30:00+00:00,88.7874984741211,88.8499984741211,87.77249908447266,87.89749908447266,85.03147888183594,114406400
AAPL,2020-06-18T14:30:00+00:00,87.85250091552734,88.36250305175781,87.30500030517578,87.93250274658203,85.0653305053711,96820400
AAPL,2020-06-19T14:30:00+00:00,88.66000366210938,89.13999938964844,86.2874984741211,87.43000030517578,84.5792236328125,264476000
AAPL,2020-06-22T14:30:00+00:00,87.83499908447266,89.86499786376953,87.7874984741211,89.71749877929688,86.79212188720703,135445200
AAPL,2020-06-23T14:30:00+00:00,91.0,93.09500122070312,90.56749725341797,91.63249969482422,88.64469146728516,212155600
AAPL,2020-06-24T14:30:00+00:00,91.25,92.19750213623047,89.62999725341797,90.01499938964844,87.0799331665039,192623200
AAPL,2020-06-25T14:30:00+00:00,90.17500305175781,91.25,89.39250183105469,91.20999908447266,88.23594665527344,137522400
AAPL,2020-06-26T14:30:00+00:00,91.10250091552734,91.33000183105469,88.25499725341797,88.40750122070312,85.52487182617188,205256800
AAPL,2020-06-29T14:30:00+00:00,88.3125,90.5425033569336,87.81999969482422,90.44499969482422,87.49591827392578,130646000
AAPL,2020-06-30T14:30:00+00:00,90.0199966430664,91.49500274658203,90.0,91.19999694824219,88.2262954711914,140223200
AAPL,2020-07-01T14:30:00+00:00,91.27999877929688,91.83999633789062,90.97750091552734,91.02749633789062,88.05941772460938,110737200
AAPL,2020-07-02T14:30:00+00:00,91.9625015258789,92.61750030517578,90.91000366210938,91.02749633789062,88.05941772460938,114041600
AAPL,2020-07-06T14:30:00+00:00,92.5,93.94499969482422,92.46749877929688,93.4625015258789,90.41502380371094,118655600
AAPL,2020-07-07T14:30:00+00:00,93.85250091552734,94.65499877929688,93.05750274658203,93.17250061035156,90.13447570800781,112424400
AAPL,2020-07-08T14:30:00+00:00,94.18000030517578,95.375,94.08999633789062,95.34249877929688,92.23372650146484,117092000
AAPL,2020-07-09T14:30:00+00:00,96.26249694824219,96.31749725341797,94.67250061035156,95.75250244140625,92.63037109375,125642800
AAPL,2020-07-10T14:30:00+00:00,95.33499908447266,95.9800033569336,94.70500183105469,95.91999816894531,92.7923812866211,90257200
AAPL,2020-07-13T14:30:00+00:00,97.26499938964844,99.95500183105469,95.25749969482422,95.47750091552734,92.36429595947266,191649200
AAPL,2020-07-14T14:30:00+00:00,94.83999633789062,97.25499725341797,93.87750244140625,97.05750274658203,93.8927993774414,170989200
AAPL,2020-07-15T14:30:00+00:00,98.98999786376953,99.24749755859375,96.48999786376953,97.7249984741211,94.53852844238281,153198000
AAPL,2020-07-16T14:30:00+00:00,96.5625,97.40499877929688,95.90499877929688,96.52249908447266,93.37525177001953,110577600
AAPL,2020-07-17T14:30:00+00:00,96.98750305175781,97.14749908447266,95.83999633789062,96.32749938964844,93.18659973144531,92186800
AAPL,2020-07-20T14:30:00+00:00,96.4175033569336,98.5,96.0625,98.35749816894531,95.15042114257812,90318000
AAPL,2020-07-21T14:30:00+00:00,99.17250061035156,99.25,96.74250030517578,97.0,93.83718872070312,103433200
AAPL,2020-07-22T14:30:00+00:00,96.69249725341797,97.9749984741211,96.60250091552734,97.27249908447266,94.10079956054688,89001600
AAPL,2020-07-23T14:30:00+00:00,96.99749755859375,97.07749938964844,92.01000213623047,92.84500122070312,89.8176498413086,197004400
AAPL,2020-07-24T14:30:00+00:00,90.98750305175781,92.97000122070312,89.1449966430664,92.61499786376953,89.59516906738281,185438800
AAPL,2020-07-27T14:30:00+00:00,93.70999908447266,94.90499877929688,93.4800033569336,94.80999755859375,91.71859741210938,121214000
AAPL,2020-07-28T14:30:00+00:00,94.36750030517578,94.55000305175781,93.24749755859375,93.25250244140625,90.21188354492188,103625600
AAPL,2020-07-29T14:30:00+00:00,93.75,95.2300033569336,93.7125015258789,95.04000091552734,91.94110107421875,90329200
AAPL,2020-07-30T14:30:00+00:00,94.1875,96.29750061035156,93.76750183105469,96.19000244140625,93.05360412597656,158130000
AAPL,2020-07-31T14:30:00+00:00,102.88500213623047,106.41500091552734,100.82499694824219,106.26000213623047,102.79524993896484,374336800
AAPL,2020-08-03T14:30:00+00:00,108.19999694824219,111.63749694824219,107.89250183105469,108.9375,105.38544464111328,308151200
AAPL,2020-08-04T14:30:00+00:00,109.13249969482422,110.79000091552734,108.38749694824219,109.66500091552734,106.08922576904297,173071600
AAPL,2020-08-05T14:30:00+00:00,109.37750244140625,110.39250183105469,108.89749908447266,110.0625,106.47374725341797,121776800
AAPL,2020-08-06T14:30:00+00:00,110.40499877929688,114.4124984741211,109.79750061035156,113.90249633789062,110.18854522705078,202428800
AAPL,2020-08-07T14:30:00+00:00,113.20500183105469,113.67500305175781,110.2925033569336,111.11250305175781,107.6833267211914,198045600
AAPL,2020-08-10T14:30:00+00:00,112.5999984741211,113.7750015258789,110.0,112.72750091552734,109.24848937988281,212403600
AAPL,2020-08-11T14:30:00+00:00,111.97000122070312,112.48249816894531,109.10749816894531,109.375,105.99944305419922,187902400
AAPL,2020-08-12T14:30:00+00:00,110.49749755859375,113.2750015258789,110.29750061035156,113.01000213623047,109.52226257324219,165598000
AAPL,2020-08-13T14:30:00+00:00,114.43000030517578,116.0425033569336,113.92749786376953,115.01000213623047,111.46052551269531,210082000
AAPL,2020-08-14T14:30:00+00:00,114.83000183105469,115.0,113.04499816894531,114.90750122070312,111.3611831665039,165565200
AAPL,2020-08-17T14:30:00+00:00,116.0625,116.0875015258789,113.9625015258789,114.60749816894531,111.07044982910156,119561600
AAPL,2020-08-18T14:30:00+00:00,114.35250091552734,116.0,114.00749969482422,115.5625,111.99600219726562,105633600
AAPL,2020-08-19T14:30:00+00:00,115.98249816894531,117.1624984741211,115.61000061035156,115.7074966430664,112.13650512695312,145538000
AAPL,2020-08-20T14:30:00+00:00,115.75,118.39250183105469,115.73249816894531,118.2750015258789,114.62477111816406,126907200
AAPL,2020-08-21T14:30:00+00:00,119.26249694824219,124.86750030517578,119.25,124.37000274658203,120.53167724609375,338054800
AAPL,2020-08-24T14:30:00+00:00,128.69749450683594,128.78500366210938,123.9375,125.85749816894531,121.97325897216797,345937600
AAPL,2020-08-25T14:30:00+00:00,124.69750213623047,125.18000030517578,123.05249786376953,124.82499694824219,120.97261810302734,211495600
AAPL,2020-08-26T14:30:00+00:00,126.18000030517578,126.99250030517578,125.0824966430664,126.52249908447266,122.61774444580078,163022400
AAPL,2020-08-27T14:30:00+00:00,127.14250183105469,127.48500061035156,123.8324966430664,125.01000213623047,121.15190887451172,155552400
AAPL,2020-08-28T14:30:00+00:00,126.01249694824219,126.44249725341797,124.57749938964844,124.80750274658203,120.9556655883789,187630000
AAPL,2020-08-31T14:30:00+00:00,127.58000183105469,131.0,126.0,129.0399932861328,125.05754852294922,225702700
AAPL,2020-09-01T14:30:00+00:00,132.75999450683594,134.8000030517578,130.52999877929688,134.17999267578125,130.0388946533203,151948100
AAPL,2020-09-02T14:30:00+00:00,137.58999633789062,137.97999572753906,127.0,131.39999389648438,127.34466552734375,200119000
AAPL,2020-09-03T14:30:00+00:00,126.91000366210938,128.83999633789062,120.5,120.87999725341797,117.14936065673828,257599600
AAPL,2020-09-04T14:30:00+00:00,120.06999969482422,123.69999694824219,110.88999938964844,120.95999908447266,117.22689819335938,332607200
AAPL,2020-09-08T14:30:00+00:00,113.94999694824219,118.98999786376953,112.68000030517578,112.81999969482422,109.33811950683594,231366600
AAPL,2020-09-09T14:30:00+00:00,117.26000213623047,119.13999938964844,115.26000213623047,117.31999969482422,113.6992416381836,176940500
AAPL,2020-09-10T14:30:00+00:00,120.36000061035156,120.5,112.5,113.48999786376953,109.98743438720703,182274400
AAPL,2020-09-11T14:30:00+00:00,114.56999969482422,115.2300033569336,110.0,112.0,108.54344177246094,180860300
AAPL,2020-09-14T14:30:00+00:00,114.72000122070312,115.93000030517578,112.80000305175781,115.36000061035156,111.79973602294922,140150100
AAPL,2020-09-15T14:30:00+00:00,118.33000183105469,118.83000183105469,113.61000061035156,115.54000091552734,111.97419738769531,184642000
AAPL,2020-09-16T14:30:00+00:00,115.2300033569336,116.0,112.04000091552734,112.12999725341797,108.66941833496094,154679000
AAPL,2020-09-17T14:30:00+00:00,109.72000122070312,112.19999694824219,108.70999908447266,110.33999633789062,106.93465423583984,178011000
AAPL,2020-09-18T14:30:00+00:00,110.4000015258789,110.87999725341797,106.08999633789062,106.83999633789062,103.54267883300781,287104900
AAPL,2020-09-21T14:30:00+00:00,104.54000091552734,110.19000244140625,103.0999984741211,110.08000183105469,106.68269348144531,195713800
AAPL,2020-09-22T14:30:00+00:00,112.68000030517578,112.86000061035156,109.16000366210938,111.80999755859375,108.35930633544922,183055400
AAPL,2020-09-23T14:30:00+00:00,111.62000274658203,112.11000061035156,106.7699966430664,107.12000274658203,103.81405639648438,150718700
AAPL,2020-09-24T14:30:00+00:00,105.16999816894531,110.25,105.0,108.22000122070312,104.88009643554688,167743300
AAPL,2020-09-25T14:30:00+00:00,108.43000030517578,112.44000244140625,107.66999816894531,112.27999877929688,108.81480407714844,149981400
AAPL,2020-09-28T14:30:00+00:00,115.01000213623047,115.31999969482422,112.77999877929688,114.95999908447266,111.41209411621094,137672400
AAPL,2020-09-29T14:30:00+00:00,114.55000305175781,115.30999755859375,113.56999969482422,114.08999633789062,110.56893157958984,99382200
AAPL,2020-09-30T14:30:00+00:00,113.79000091552734,117.26000213623047,113.62000274658203,115.80999755859375,112.23585510253906,142675200
AAPL,2020-10-01T14:30:00+00:00,117.63999938964844,117.72000122070312,115.83000183105469,116.79000091552734,113.18561553955078,116120400
AAPL,2020-10-02T14:30:00+00:00,112.88999938964844,115.37000274658203,112.22000122070312,113.0199966430664,109.53195190429688,144712000
AAPL,2020-10-05T14:30:00+00:00,113.91000366210938,116.6500015258789,113.55000305175781,116.5,112.90455627441406,106243800
AAPL,2020-10-06T14:30:00+00:00,115.69999694824219,116.12000274658203,112.25,113.16000366210938,109.66761779785156,161498200
AAPL,2020-10-07T14:30:00+00:00,114.62000274658203,115.55000305175781,114.12999725341797,115.08000183105469,111.52838897705078,96849000
AAPL,2020-10-08T14:30:00+00:00,116.25,116.4000015258789,114.58999633789062,114.97000122070312,111.42178344726562,83477200
AAPL,2020-10-09T14:30:00+00:00,115.27999877929688,117.0,114.91999816894531,116.97000122070312,113.36003875732422,100506900
AAPL,2020-10-12T14:30:00+00:00,120.05999755859375,125.18000030517578,119.27999877929688,124.4000015258789,120.56074523925781,240226800
AAPL,2020-10-13T14:30:00+00:00,125.2699966430664,125.38999938964844,119.6500015258789,121.0999984741211,117.36257934570312,262330500
AAPL,2020-10-14T14:30:00+00:00,121.0,123.02999877929688,119.62000274658203,121.19000244140625,117.44979858398438,150712000
AAPL,2020-10-15T14:30:00+00:00,118.72000122070312,121.19999694824219,118.1500015258789,120.70999908447266,116.98463439941406,112559200
AAPL,2020-10-16T14:30:00+00:00,121.27999877929688,121.55000305175781,118.80999755859375,119.0199966430664,115.34677124023438,115393800
AAPL,2020-10-19T14:30:00+00:00,119.95999908447266,120.41999816894531,115.66000366210938,115.9800033569336,112.40064239501953,120639300
AAPL,2020-10-20T14:30:00+00:00,116.19999694824219,118.9800033569336,115.62999725341797,117.51000213623047,113.88337707519531,124423700
AAPL,2020-10-21T14:30:00+00:00,116.66999816894531,118.70999908447266,116.44999694824219,116.87000274658203,113.26312255859375,89946000
AAPL,2020-10-22T14:30:00+00:00,117.44999694824219,118.04000091552734,114.58999633789062,115.75,112.17770385742188,101988000
AAPL,2020-10-23T14:30:00+00:00,116.38999938964844,116.55000305175781,114.27999877929688,115.04000091552734,111.4896240234375,82572600
AAPL,2020-10-26T14:30:00+00:00,114.01000213623047,116.55000305175781,112.87999725341797,115.05000305175781,111.49930572509766,111850700
AAPL,2020-10-27T14:30:00+00:00,115.48999786376953,117.27999877929688,114.54000091552734,116.5999984741211,113.00147247314453,92276800
AAPL,2020-10-28T14:30:00+00:00,115.05000305175781,115.43000030517578,111.0999984741211,111.19999694824219,107.76811981201172,143937800
AAPL,2020-10-29T14:30:00+00:00,112.37000274658203,116.93000030517578,112.19999694824219,115.31999969482422,111.76097869873047,146129200
AAPL,2020-10-30T14:30:00+00:00,111.05999755859375,111.98999786376953,107.72000122070312,108.86000061035156,105.50033569335938,190272600
AAPL,2020-11-02T14:30:00+00:00,109.11000061035156,110.68000030517578,107.31999969482422,108.7699966430664,105.41312408447266,122866900
AAPL,2020-11-03T14:30:00+00:00,109.66000366210938,111.48999786376953,108.7300033569336,110.44000244140625,107.03158569335938,107624400
AAPL,2020-11-04T14:30:00+00:00,114.13999938964844,115.58999633789062,112.3499984741211,114.94999694824219,111.40238189697266,138235500
AAPL,2020-11-05T14:30:00+00:00,117.94999694824219,119.62000274658203,116.87000274658203,119.02999877929688,115.35647583007812,126387100
AAPL,2020-11-06T14:30:00+00:00,118.31999969482422,119.19999694824219,116.12999725341797,118.69000244140625,115.22542572021484,114457900
AAPL,2020-11-09T14:30:00+00:00,120.5,121.98999786376953,116.05000305175781,116.31999969482422,112.92459106445312,154515300
AAPL,2020-11-10T14:30:00+00:00,115.55000305175781,117.58999633789062,114.12999725341797,115.97000122070312,112.58483123779297,138023400
AAPL,2020-11-11T14:30:00+00:00,117.19000244140625,119.62999725341797,116.44000244140625,119.48999786376953,116.00204467773438,112295000
AAPL,2020-11-12T14:30:00+00:00,119.62000274658203,120.52999877929688,118.56999969482422,119.20999908447266,115.73023223876953,103162300
AAPL,2020-11-13T14:30:00+00:00,119.44000244140625,119.66999816894531,117.87000274658203,119.26000213623047,115.77879333496094,81581900
AAPL,2020-11-16T14:30:00+00:00,118.91999816894531,120.98999786376953,118.1500015258789,120.30000305175781,116.78842163085938,91183000
AAPL,2020-11-17T14:30:00+00:00,119.55000305175781,120.66999816894531,118.95999908447266,119.38999938964844,115.90498352050781,74271000
AAPL,2020-11-18T14:30:00+00:00,118.61000061035156,119.81999969482422,118.0,118.02999877929688,114.58468627929688,76322100
AAPL,2020-11-19T14:30:00+00:00,117.58999633789062,119.05999755859375,116.80999755859375,118.63999938964844,115.17687225341797,74113000
AAPL,2020-11-20T14:30:00+00:00,118.63999938964844,118.7699966430664,117.29000091552734,117.33999633789062,113.9148178100586,73604300
AAPL,2020-11-23T14:30:00+00:00,117.18000030517578,117.62000274658203,113.75,113.8499984741211,110.52669525146484,127959300
AAPL,2020-11-24T14:30:00+00:00,113.91000366210938,115.8499984741211,112.58999633789062,115.16999816894531,111.80815887451172,113874200
AAPL,2020-11-25T14:30:00+00:00,115.55000305175781,116.75,115.16999816894531,116.02999877929688,112.64306640625,76499200
AAPL,2020-11-27T14:30:00+00:00,116.56999969482422,117.48999786376953,116.22000122070312,116.58999633789062,113.18672180175781,46691300
AAPL,2020-11-30T14:30:00+00:00,116.97000122070312,120.97000122070312,116.80999755859375,119.05000305175781,115.57490539550781,169410200
AAPL,2020-12-01T14:30:00+00:00,121.01000213623047,123.47000122070312,120.01000213623047,122.72000122070312,119.13777160644531,127728200
AAPL,2020-12-02T14:30:00+00:00,122.0199966430664,123.37000274658203,120.88999938964844,123.08000183105469,119.4872817993164,89004200
AAPL,2020-12-03T14:30:00+00:00,123.5199966430664,123.77999877929688,122.20999908447266,122.94000244140625,119.35135650634766,78967600
AAPL,2020-12-04T14:30:00+00:00,122.5999984741211,122.86000061035156,121.5199966430664,122.25,118.68150329589844,78260400
AAPL,2020-12-07T14:30:00+00:00,122.30999755859375,124.56999969482422,122.25,123.75,120.13771057128906,86712000
AAPL,2020-12-08T14:30:00+00:00,124.37000274658203,124.9800033569336,123.08999633789062,124.37999725341797,120.74931335449219,82225500
AAPL,2020-12-09T14:30:00+00:00,124.52999877929688,125.94999694824219,121.0,121.77999877929688,118.22522735595703,115089200
AAPL,2020-12-10T14:30:00+00:00,120.5,123.87000274658203,120.1500015258789,123.23999786376953,119.64259338378906,81312200
AAPL,2020-12-11T14:30:00+00:00,122.43000030517578,122.76000213623047,120.55000305175781,122.41000366210938,118.83684539794922,86939800
AAPL,2020-12-14T14:30:00+00:00,122.5999984741211,123.3499984741211,121.54000091552734,121.77999877929688,118.22522735595703,79184500
AAPL,2020-12-15T14:30:00+00:00,124.33999633789062,127.9000015258789,124.12999725341797,127.87999725341797,124.14714813232422,157243700
AAPL,2020-12-16T14:30:00+00:00,127.41000366210938,128.3699951171875,126.55999755859375,127.80999755859375,124.07920837402344,98208600
AAPL,2020-12-17T14:30:00+00:00,128.89999389648438,129.5800018310547,128.0399932861328,128.6999969482422,124.94320678710938,94359800
AAPL,2020-12-18T14:30:00+00:00,128.9600067138672,129.10000610351562,126.12000274658203,126.66000366210938,122.9627685546875,192541500
AAPL,2020-12-21T14:30:00+00:00,125.0199966430664,128.30999755859375,123.44999694824219,128.22999572753906,124.48694610595703,121251600
AAPL,2020-12-22T14:30:00+00:00,131.61000061035156,134.41000366210938,129.64999389648438,131.8800048828125,128.03041076660156,168904800
AAPL,2020-12-23T14:30:00+00:00,132.16000366210938,132.42999267578125,130.77999877929688,130.9600067138672,127.13726043701172,88223700
AAPL,2020-12-24T14:30:00+00:00,131.32000732421875,133.4600067138672,131.10000610351562,131.97000122070312,128.11776733398438,54930100
AAPL,2020-12-28T14:30:00+00:00,133.99000549316406,137.33999633789062,133.50999450683594,136.69000244140625,132.6999969482422,124486200
AAPL,2020-12-29T14:30:00+00:00,138.0500030517578,138.7899932861328,134.33999633789062,134.8699951171875,130.93312072753906,121047300
AAPL,2020-12-30T14:30:00+00:00,135.5800018310547,135.99000549316406,133.39999389648438,133.72000122070312,129.8166961669922,96452100
AAPL,2020-12-31T14:30:00+00:00,134.0800018310547,134.74000549316406,131.72000122070312,132.69000244140625,128.81674194335938,99116600
AAPL,2021-01-04T14:30:00+00:00,133.52000427246094,133.61000061035156,126.76000213623047,129.41000366210938,125.63249969482422,143301900
AAPL,2021-01-05T14:30:00+00:00,128.88999938964844,131.74000549316406,128.42999267578125,131.00999450683594,127.18576049804688,97664900
AAPL,2021-01-06T14:30:00+00:00,127.72000122070312,131.0500030517578,126.37999725341797,126.5999984741211,122.90450286865234,155088000
AAPL,2021-01-07T14:30:00+00:00,128.36000061035156,131.6300048828125,127.86000061035156,130.9199981689453,127.09843444824219,109578200
AAPL,2021-01-08T14:30:00+00:00,132.42999267578125,132.6300048828125,130.22999572753906,132.0500030517578,128.19544982910156,105158200
AAPL,2021-01-11T14:30:00+00:00,129.19000244140625,130.1699981689453,128.5,128.97999572753906,125.21503448486328,100384500
AAPL,2021-01-12T14:30:00+00:00,128.5,129.69000244140625,126.86000061035156,128.8000030517578,125.0403060913086,91951100
AAPL,2021-01-13T14:30:00+00:00,128.75999450683594,131.4499969482422,128.49000549316406,130.88999938964844,127.06928253173828,88636800
AAPL,2021-01-14T14:30:00+00:00,130.8000030517578,131.0,128.75999450683594,128.91000366210938,125.14708709716797,90221800
AAPL,2021-01-15T14:30:00+00:00,128.77999877929688,130.22000122070312,127.0,127.13999938964844,123.42875671386719,111598500
AAPL,2021-01-19T14:30:00+00:00,127.77999877929688,128.7100067138672,126.94000244140625,127.83000183105469,124.0986099243164,90757300
AAPL,2021-01-20T14:30:00+00:00,128.66000366210938,132.49000549316406,128.5500030517578,132.02999877929688,128.17601013183594,104319500
AAPL,2021-01-21T14:30:00+00:00,133.8000030517578,139.6699981689453,133.58999633789062,136.8699951171875,132.8747100830078,120150900
AAPL,2021-01-22T14:30:00+00:00,136.27999877929688,139.85000610351562,135.02000427246094,139.07000732421875,135.010498046875,114459400
AAPL,2021-01-25T14:30:00+00:00,143.07000732421875,145.08999633789062,136.5399932861328,142.9199981689453,138.7480926513672,157611700
AAPL,2021-01-26T14:30:00+00:00,143.60000610351562,144.3000030517578,141.3699951171875,143.16000366210938,138.9811553955078,98390600
AAPL,2021-01-27T14:30:00+00:00,143.42999267578125,144.3000030517578,140.41000366210938,142.05999755859375,137.9132080078125,140843800
AAPL,2021-01-28T14:30:00+00:00,139.52000427246094,141.99000549316406,136.6999969482422,137.08999633789062,133.08831787109375,142621100
AAPL,2021-01-29T14:30:00+00:00,135.8300018310547,136.74000549316406,130.2100067138672,131.9600067138672,128.1080780029297,177523800
AAPL,2021-02-01T14:30:00+00:00,133.75,135.3800048828125,130.92999267578125,134.13999938964844,130.22439575195312,106239800
AAPL,2021-02-02T14:30:00+00:00,135.72999572753906,136.30999755859375,134.61000061035156,134.99000549316406,131.04962158203125,83305400
AAPL,2021-02-03T14:30:00+00:00,135.75999450683594,135.77000427246094,133.61000061035156,133.94000244140625,130.03025817871094,89880900
AAPL,2021-02-04T14:30:00+00:00,136.3000030517578,137.39999389648438,134.58999633789062,137.38999938964844,133.37953186035156,84183100
AAPL,2021-02-05T14:30:00+00:00,137.35000610351562,137.4199981689453,135.86000061035156,136.75999450683594,132.96636962890625,75693800
AAPL,2021-02-08T14:30:00+00:00,136.02999877929688,136.9600067138672,134.9199981689453,136.91000366210938,133.11219787597656,71297200
AAPL,2021-02-09T14:30:00+00:00,136.6199951171875,137.8800048828125,135.85000610351562,136.00999450683594,132.23719787597656,76774200
AAPL,2021-02-10T14:30:00+00:00,136.47999572753906,136.99000549316406,134.39999389648438,135.38999938964844,131.6343536376953,73046600
AAPL,2021-02-11T14:30:00+00:00,135.89999389648438,136.38999938964844,133.77000427246094,135.1300048828125,131.38156127929688,64280000
AAPL,2021-02-12T14:30:00+00:00,134.35000610351562,135.52999877929688,133.69000244140625,135.3699951171875,131.61489868164062,60145100
AAPL,2021-02-16T14:30:00+00:00,135.49000549316406,136.00999450683594,132.7899932861328,133.19000244140625,129.495361328125,80576300
AAPL,2021-02-17T14:30:00+00:00,131.25,132.22000122070312,129.47000122070312,130.83999633789062,127.21056365966797,97918500
AAPL,2021-02-18T14:30:00+00:00,129.1999969482422,130.0,127.41000366210938,129.7100067138672,126.11194610595703,96856700
AAPL,2021-02-19T14:30:00+00:00,130.24000549316406,130.7100067138672,128.8000030517578,129.8699951171875,126.26746368408203,87668800
AAPL,2021-02-22T14:30:00+00:00,128.00999450683594,129.72000122070312,125.5999984741211,126.0,122.50483703613281,103916400
AAPL,2021-02-23T14:30:00+00:00,123.76000213623047,126.70999908447266,118.38999938964844,125.86000061035156,122.36871337890625,158273000
AAPL,2021-02-24T14:30:00+00:00,124.94000244140625,125.55999755859375,122.2300033569336,125.3499984741211,121.87285614013672,111039900
AAPL,2021-02-25T14:30:00+00:00,124.68000030517578,126.45999908447266,120.54000091552734,120.98999786376953,117.63380432128906,148199500
AAPL,2021-02-26T14:30:00+00:00,122.58999633789062,124.8499984741211,121.19999694824219,121.26000213623047,117.89630889892578,164560400
AAPL,2021-03-01T14:30:00+00:00,123.75,127.93000030517578,122.79000091552734,127.79000091552734,124.24518585205078,116307900
AAPL,2021-03-02T14:30:00+00:00,128.41000366210938,128.72000122070312,125.01000213623047,125.12000274658203,121.64924621582031,102260900
AAPL,2021-03-03T14:30:00+00:00,124.80999755859375,125.70999908447266,121.83999633789062,122.05999755859375,118.67411804199219,112966300
AAPL,2021-03-04T14:30:00+00:00,121.75,123.5999984741211,118.62000274658203,120.12999725341797,116.79765319824219,178155000
AAPL,2021-03-05T14:30:00+00:00,120.9800033569336,121.94000244140625,117.56999969482422,121.41999816894531,118.05187225341797,153766600
AAPL,2021-03-08T14:30:00+00:00,120.93000030517578,121.0,116.20999908447266,116.36000061035156,113.13224029541016,154376600
AAPL,2021-03-09T14:30:00+00:00,119.02999877929688,122.05999755859375,118.79000091552734,121.08999633789062,117.73101806640625,129525800
AAPL,2021-03-10T14:30:00+00:00,121.69000244140625,122.16999816894531,119.44999694824219,119.9800033569336,116.65180206298828,111943300
AAPL,2021-03-11T14:30:00+00:00,122.54000091552734,123.20999908447266,121.26000213623047,121.95999908447266,118.5768814086914,103026500
AAPL,2021-03-12T14:30:00+00:00,120.4000015258789,121.16999816894531,119.16000366210938,121.02999877929688,117.67268371582031,88105100
AAPL,2021-03-15T14:30:00+00:00,121.41000366210938,124.0,120.41999816894531,123.98999786376953,120.55057525634766,92403800
AAPL,2021-03-16T14:30:00+00:00,125.69999694824219,127.22000122070312,124.72000122070312,125.56999969482422,122.08674621582031,115227900
AAPL,2021-03-17T14:30:00+00:00,124.05000305175781,125.86000061035156,122.33999633789062,124.76000213623047,121.29924011230469,111932600
AAPL,2021-03-18T14:30:00+00:00,122.87999725341797,123.18000030517578,120.31999969482422,120.52999877929688,117.18655395507812,121229700
AAPL,2021-03-19T14:30:00+00:00,119.9000015258789,121.43000030517578,119.68000030517578,119.98999786376953,116.66153717041016,185549500
AAPL,2021-03-22T14:30:00+00:00,120.33000183105469,123.87000274658203,120.26000213623047,123.38999938964844,119.96721649169922,111912300
AAPL,2021-03-23T14:30:00+00:00,123.33000183105469,124.23999786376953,122.13999938964844,122.54000091552734,119.14081573486328,95467100
AAPL,2021-03-24T14:30:00+00:00,122.81999969482422,122.9000015258789,120.06999969482422,120.08999633789062,116.75875854492188,88530500
AAPL,2021-03-25T14:30:00+00:00,119.54000091552734,121.66000366210938,119.0,120.58999633789062,117.2448959350586,98844700
AAPL,2021-03-26T14:30:00+00:00,120.3499984741211,121.4800033569336,118.91999816894531,121.20999908447266,117.84768676757812,94071200
AAPL,2021-03-29T14:30:00+00:00,121.6500015258789,122.58000183105469,120.7300033569336,121.38999938964844,118.02269744873047,80819200
AAPL,2021-03-30T14:30:00+00:00,120.11000061035156,120.4000015258789,118.86000061035156,119.9000015258789,116.57405090332031,85671900
AAPL,2021-03-31T14:30:00+00:00,121.6500015258789,123.5199966430664,121.1500015258789,122.1500015258789,118.76162719726562,118323800
AAPL,2021-04-01T14:30:00+00:00,123.66000366210938,124.18000030517578,122.48999786376953,123.0,119.5880355834961,75089100
AAPL,2021-04-05T14:30:00+00:00,123.87000274658203,126.16000366210938,123.06999969482422,125.9000015258789,122.40760040283203,88651200
AAPL,2021-04-06T14:30:00+00:00,126.5,127.12999725341797,125.6500015258789,126.20999908447266,122.70899963378906,80171300
AAPL,2021-04-07T14:30:00+00:00,125.83000183105469,127.91999816894531,125.13999938964844,127.9000015258789,124.35211944580078,83466700
AAPL,2021-04-08T14:30:00+00:00,128.9499969482422,130.38999938964844,128.52000427246094,130.36000061035156,126.7438735961914,88844600
AAPL,2021-04-09T14:30:00+00:00,129.8000030517578,133.0399932861328,129.47000122070312,133.0,129.31068420410156,106686700
AAPL,2021-04-12T14:30:00+00:00,132.52000427246094,132.85000610351562,130.6300048828125,131.24000549316406,127.59950256347656,91420000
AAPL,2021-04-13T14:30:00+00:00,132.44000244140625,134.66000366210938,131.92999267578125,134.42999267578125,130.7010040283203,91266500
AAPL,2021-04-14T14:30:00+00:00,134.94000244140625,135.0,131.66000366210938,132.02999877929688,128.36753845214844,87222800
AAPL,2021-04-15T14:30:00+00:00,133.82000732421875,135.0,133.63999938964844,134.5,130.76905822753906,89347100
AAPL,2021-04-16T14:30:00+00:00,134.3000030517578,134.6699981689453,133.27999877929688,134.16000366210938,130.43850708007812,84922400
AAPL,2021-04-19T14:30:00+00:00,133.50999450683594,135.47000122070312,133.33999633789062,134.83999633789062,131.09963989257812,94264200
AAPL,2021-04-20T14:30:00+00:00,135.02000427246094,135.52999877929688,131.80999755859375,133.11000061035156,129.41758728027344,94812300
AAPL,2021-04-21T14:30:00+00:00,132.36000061035156,133.75,131.3000030517578,133.5,129.79672241210938,68847100
AAPL,2021-04-22T14:30:00+00:00,133.0399932861328,134.14999389648438,131.41000366210938,131.94000244140625,128.28004455566406,84566500
AAPL,2021-04-23T14:30:00+00:00,132.16000366210938,135.1199951171875,132.16000366210938,134.32000732421875,130.5940704345703,78657500
AAPL,2021-04-26T14:30:00+00:00,134.8300018310547,135.05999755859375,133.55999755859375,134.72000122070312,130.98291015625,66905100
AAPL,2021-04-27T14:30:00+00:00,135.00999450683594,135.41000366210938,134.11000061035156,134.38999938964844,130.66209411621094,66015800
AAPL,2021-04-28T14:30:00+00:00,134.30999755859375,135.02000427246094,133.0800018310547,133.5800018310547,129.87454223632812,107760100
AAPL,2021-04-29T14:30:00+00:00,136.47000122070312,137.07000732421875,132.4499969482422,133.47999572753906,129.77737426757812,151101000
AAPL,2021-04-30T14:30:00+00:00,131.77999877929688,133.55999755859375,131.07000732421875,131.4600067138672,127.81336975097656,109839500
AAPL,2021-05-03T14:30:00+00:00,132.0399932861328,134.07000732421875,131.8300018310547,132.5399932861328,128.86341857910156,75135100
AAPL,2021-05-04T14:30:00+00:00,131.19000244140625,131.49000549316406,126.69999694824219,127.8499984741211,124.30350494384766,137564700
AAPL,2021-05-05T14:30:00+00:00,129.1999969482422,130.4499969482422,127.97000122070312,128.10000610351562,124.54657745361328,84000900
AAPL,2021-05-06T14:30:00+00:00,127.88999938964844,129.75,127.12999725341797,129.74000549316406,126.14107513427734,78128300
AAPL,2021-05-07T14:30:00+00:00,130.85000610351562,131.25999450683594,129.47999572753906,130.2100067138672,126.81305694580078,78973300
AAPL,2021-05-10T14:30:00+00:00,129.41000366210938,129.5399932861328,126.80999755859375,126.8499984741211,123.54071807861328,88071200
AAPL,2021-05-11T14:30:00+00:00,123.5,126.2699966430664,122.7699966430664,125.91000366210938,122.62525939941406,126142800
AAPL,2021-05-12T14:30:00+00:00,123.4000015258789,124.63999938964844,122.25,122.7699966430664,119.5671615600586,112172300
AAPL,2021-05-13T14:30:00+00:00,124.58000183105469,126.1500015258789,124.26000213623047,124.97000122070312,121.70979309082031,105861300
AAPL,2021-05-14T14:30:00+00:00,126.25,127.88999938964844,125.8499984741211,127.44999694824219,124.12507629394531,81918000
AAPL,2021-05-17T14:30:00+00:00,126.81999969482422,126.93000030517578,125.16999816894531,126.2699966430664,122.97586822509766,74244600
AAPL,2021-05-18T14:30:00+00:00,126.55999755859375,126.98999786376953,124.77999877929688,124.8499984741211,121.59290313720703,63342900
AAPL,2021-05-19T14:30:00+00:00,123.16000366210938,124.91999816894531,122.86000061035156,124.69000244140625,121.43708801269531,92612000
AAPL,2021-05-20T14:30:00+00:00,125.2300033569336,127.72000122070312,125.0999984741211,127.30999755859375,123.98873138427734,76857100
AAPL,2021-05-21T14:30:00+00:00,127.81999969482422,128.0,125.20999908447266,125.43000030517578,122.15776062011719,79295400
AAPL,2021-05-24T14:30:00+00:00,126.01000213623047,127.94000244140625,125.94000244140625,127.0999984741211,123.78421020507812,63092900
AAPL,2021-05-25T14:30:00+00:00,127.81999969482422,128.32000732421875,126.31999969482422,126.9000015258789,123.58942413330078,72009500
AAPL,2021-05-26T14:30:00+00:00,126.95999908447266,127.38999938964844,126.41999816894531,126.8499984741211,123.54071807861328,56575900
AAPL,2021-05-27T14:30:00+00:00,126.44000244140625,127.63999938964844,125.08000183105469,125.27999877929688,122.01167297363281,94625600
AAPL,2021-05-28T14:30:00+00:00,125.56999969482422,125.80000305175781,124.55000305175781,124.61000061035156,121.35918426513672,71311100
AAPL,2021-06-01T14:30:00+00:00,125.08000183105469,125.3499984741211,123.94000244140625,124.27999877929688,121.03776550292969,67637100
AAPL,2021-06-02T14:30:00+00:00,124.27999877929688,125.23999786376953,124.05000305175781,125.05999755859375,121.79742431640625,59278900
AAPL,2021-06-03T14:30:00+00:00,124.68000030517578,124.8499984741211,123.12999725341797,123.54000091552734,120.31708526611328,76229200
AAPL,2021-06-04T14:30:00+00:00,124.06999969482422,126.16000366210938,123.8499984741211,125.88999938964844,122.60578155517578,75169300
AAPL,2021-06-07T14:30:00+00:00,126.16999816894531,126.31999969482422,124.83000183105469,125.9000015258789,122.61551666259766,71057600
AAPL,2021-06-08T14:30:00+00:00,126.5999984741211,128.4600067138672,126.20999908447266,126.73999786376953,123.43359375,74403800
AAPL,2021-06-09T14:30:00+00:00,127.20999908447266,127.75,126.5199966430664,127.12999725341797,123.81342315673828,56877900
AAPL,2021-06-10T14:30:00+00:00,127.0199966430664,128.19000244140625,125.94000244140625,126.11000061035156,122.82005310058594,71186400
AAPL,2021-06-11T14:30:00+00:00,126.52999877929688,127.44000244140625,126.0999984741211,127.3499984741211,124.02767181396484,53522400
AAPL,2021-06-14T14:30:00+00:00,127.81999969482422,130.5399932861328,127.06999969482422,130.47999572753906,127.0760269165039,96906500
AAPL,2021-06-15T14:30:00+00:00,129.94000244140625,130.60000610351562,129.38999938964844,129.63999938964844,126.25794982910156,62746300
AAPL,2021-06-16T14:30:00+00:00,130.3699951171875,130.88999938964844,128.4600067138672,130.14999389648438,126.7546157836914,91815000
AAPL,2021-06-17T14:30:00+00:00,129.8000030517578,132.5500030517578,129.64999389648438,131.7899932861328,128.35186767578125,96721700
AAPL,2021-06-18T14:30:00+00:00,130.7100067138672,131.50999450683594,130.24000549316406,130.4600067138672,127.05655670166016,108953300
AAPL,2021-06-21T14:30:00+00:00,130.3000030517578,132.41000366210938,129.2100067138672,132.3000030517578,128.84854125976562,79663300
AAPL,2021-06-22T14:30:00+00:00,132.1300048828125,134.0800018310547,131.6199951171875,133.97999572753906,130.48472595214844,74783600
AAPL,2021-06-23T14:30:00+00:00,133.77000427246094,134.32000732421875,133.22999572753906,133.6999969482422,130.21202087402344,60214200
AAPL,2021-06-24T14:30:00+00:00,134.4499969482422,134.63999938964844,132.92999267578125,133.41000366210938,129.9296112060547,68711000
AAPL,2021-06-25T14:30:00+00:00,133.4600067138672,133.88999938964844,132.80999755859375,133.11000061035156,129.63743591308594,70783700
AAPL,2021-06-28T14:30:00+00:00,133.41000366210938,135.25,133.35000610351562,134.77999877929688,131.2638702392578,62111300
AAPL,2021-06-29T14:30:00+00:00,134.8000030517578,136.49000549316406,134.35000610351562,136.3300018310547,132.77342224121094,64556100
AAPL,2021-06-30T14:30:00+00:00,136.1699981689453,137.41000366210938,135.8699951171875,136.9600067138672,133.38697814941406,63261400
AAPL,2021-07-01T14:30:00+00:00,136.60000610351562,137.3300018310547,135.75999450683594,137.27000427246094,133.68890380859375,52485800
AAPL,2021-07-02T14:30:00+00:00,137.89999389648438,140.0,137.75,139.9600067138672,136.3087158203125,78852600
AAPL,2021-07-06T14:30:00+00:00,140.07000732421875,143.14999389648438,140.07000732421875,142.02000427246094,138.31500244140625,108181800
AAPL,2021-07-07T14:30:00+00:00,143.5399932861328,144.88999938964844,142.66000366210938,144.57000732421875,140.79847717285156,104911600
AAPL,2021-07-08T14:30:00+00:00,141.5800018310547,144.05999755859375,140.6699981689453,143.24000549316406,139.503173828125,105575500
AAPL,2021-07-09T14:30:00+00:00,142.75,145.64999389648438,142.64999389648438,145.11000061035156,141.32435607910156,99890800
AAPL,2021-07-12T14:30:00+00:00,146.2100067138672,146.32000732421875,144.0,144.5,140.7303009033203,76299700
AAPL,2021-07-13T14:30:00+00:00,144.02999877929688,147.4600067138672,143.6300048828125,145.63999938964844,141.8405303955078,100827100
AAPL,2021-07-14T14:30:00+00:00,148.10000610351562,149.57000732421875,147.67999267578125,149.14999389648438,145.25897216796875,127050800
AAPL,2021-07-15T14:30:00+00:00,149.24000549316406,150.0,147.08999633789062,148.47999572753906,144.60643005371094,106820300
AAPL,2021-07-16T14:30:00+00:00,148.4600067138672,149.75999450683594,145.8800048828125,146.38999938964844,142.57098388671875,93251400
AAPL,2021-07-19T14:30:00+00:00,143.75,144.07000732421875,141.6699981689453,142.4499969482422,138.73377990722656,121434600
AAPL,2021-07-20T14:30:00+00:00,143.4600067138672,147.10000610351562,142.9600067138672,146.14999389648438,142.33721923828125,96350000
AAPL,2021-07-21T14:30:00+00:00,145.52999877929688,146.1300048828125,144.6300048828125,145.39999389648438,141.60679626464844,74993500
AAPL,2021-07-22T14:30:00+00:00,145.94000244140625,148.1999969482422,145.80999755859375,146.8000030517578,142.9702911376953,77338200
AAPL,2021-07-23T14:30:00+00:00,147.5500030517578,148.72000122070312,146.9199981689453,148.55999755859375,144.68434143066406,71447400
AAPL,2021-07-26T14:30:00+00:00,148.27000427246094,149.8300018310547,147.6999969482422,148.99000549316406,145.10316467285156,72434100
AAPL,2021-07-27T14:30:00+00:00,149.1199951171875,149.2100067138672,145.5500030517578,146.77000427246094,142.94107055664062,104818600
AAPL,2021-07-28T14:30:00+00:00,144.80999755859375,146.97000122070312,142.5399932861328,144.97999572753906,141.19775390625,118931200
AAPL,2021-07-29T14:30:00+00:00,144.69000244140625,146.5500030517578,144.5800018310547,145.63999938964844,141.8405303955078,56699500
AAPL,2021-07-30T14:30:00+00:00,144.3800048828125,146.3300018310547,144.11000061035156,145.86000061035156,142.05479431152344,70440600
AAPL,2021-08-02T14:30:00+00:00,146.36000061035156,146.9499969482422,145.25,145.52000427246094,141.7236785888672,62880000
AAPL,2021-08-03T14:30:00+00:00,145.80999755859375,148.0399932861328,145.17999267578125,147.36000061035156,143.5156707763672,64786600
AAPL,2021-08-04T14:30:00+00:00,147.27000427246094,147.7899932861328,146.27999877929688,146.9499969482422,143.1163787841797,56368300
AAPL,2021-08-05T14:30:00+00:00,146.97999572753906,147.83999633789062,146.1699981689453,147.05999755859375,143.22348022460938,46397700
AAPL,2021-08-06T14:30:00+00:00,146.35000610351562,147.11000061035156,145.6300048828125,146.13999938964844,142.5407257080078,54126800
AAPL,2021-08-09T14:30:00+00:00,146.1999969482422,146.6999969482422,145.52000427246094,146.08999633789062,142.49197387695312,48908700
AAPL,2021-08-10T14:30:00+00:00,146.44000244140625,147.7100067138672,145.3000030517578,145.60000610351562,142.0140380859375,69023100
AAPL,2021-08-11T14:30:00+00:00,146.0500030517578,146.72000122070312,145.52999877929688,145.86000061035156,142.26763916015625,48493500
AAPL,2021-08-12T14:30:00+00:00,146.19000244140625,149.0500030517578,145.83999633789062,148.88999938964844,145.22300720214844,72282600
AAPL,2021-08-13T14:30:00+00:00,148.97000122070312,149.44000244140625,148.27000427246094,149.10000610351562,145.4278564453125,59375000
AAPL,2021-08-16T14:30:00+00:00,148.5399932861328,151.19000244140625,146.47000122070312,151.1199951171875,147.3980712890625,103296000
AAPL,2021-08-17T14:30:00+00:00,150.22999572753906,151.67999267578125,149.08999633789062,150.19000244140625,146.49099731445312,92229700
AAPL,2021-08-18T14:30:00+00:00,149.8000030517578,150.72000122070312,146.14999389648438,146.36000061035156,142.75531005859375,86326000
AAPL,2021-08-19T14:30:00+00:00,145.02999877929688,148.0,144.5,146.6999969482422,143.0869598388672,86960300
AAPL,2021-08-20T14:30:00+00:00,147.44000244140625,148.5,146.77999877929688,148.19000244140625,144.5402374267578,60549600
AAPL,2021-08-23T14:30:00+00:00,148.30999755859375,150.19000244140625,147.88999938964844,149.7100067138672,146.02284240722656,60131800
AAPL,2021-08-24T14:30:00+00:00,149.4499969482422,150.86000061035156,149.14999389648438,149.6199951171875,145.93504333496094,48606400
AAPL,2021-08-25T14:30:00+00:00,149.80999755859375,150.32000732421875,147.8000030517578,148.36000061035156,144.70606994628906,58991300
AAPL,2021-08-26T14:30:00+00:00,148.35000610351562,149.1199951171875,147.50999450683594,147.5399932861328,143.90623474121094,48597200
AAPL,2021-08-27T14:30:00+00:00,147.47999572753906,148.75,146.8300018310547,148.60000610351562,144.94017028808594,55802400
AAPL,2021-08-30T14:30:00+00:00,149.0,153.49000549316406,148.61000061035156,153.1199951171875,149.3488311767578,90956700
AAPL,2021-08-31T14:30:00+00:00,152.66000366210938,152.8000030517578,151.2899932861328,151.8300018310547,148.09060668945312,86453100
AAPL,2021-09-01T14:30:00+00:00,152.8300018310547,154.97999572753906,152.33999633789062,152.50999450683594,148.75384521484375,80313700
AAPL,2021-09-02T14:30:00+00:00,153.8699951171875,154.72000122070312,152.39999389648438,153.64999389648438,149.8657684326172,71115500
AAPL,2021-09-03T14:30:00+00:00,153.75999450683594,154.6300048828125,153.08999633789062,154.3000030517578,150.49978637695312,57808700
AAPL,2021-09-07T14:30:00+00:00,154.97000122070312,157.25999450683594,154.38999938964844,156.69000244140625,152.83094787597656,82278300
AAPL,2021-09-08T14:30:00+00:00,156.97999572753906,157.0399932861328,153.97999572753906,155.11000061035156,151.289794921875,74420200
AAPL,2021-09-09T14:30:00+00:00,155.49000549316406,156.11000061035156,153.9499969482422,154.07000732421875,150.2754364013672,57305700
AAPL,2021-09-10T14:30:00+00:00,155.0,155.47999572753906,148.6999969482422,148.97000122070312,145.30105590820312,140893200
AAPL,2021-09-13T14:30:00+00:00,150.6300048828125,151.4199981689453,148.75,149.5500030517578,145.86679077148438,102404300
AAPL,2021-09-14T14:30:00+00:00,150.35000610351562,151.07000732421875,146.91000366210938,148.1199951171875,144.47198486328125,109296300
AAPL,2021-09-15T14:30:00+00:00,148.55999755859375,149.44000244140625,146.3699951171875,149.02999877929688,145.35955810546875,83281300
AAPL,2021-09-16T14:30:00+00:00,148.44000244140625,148.97000122070312,147.22000122070312,148.7899932861328,145.1254425048828,68034100
AAPL,2021-09-17T14:30:00+00:00,148.82000732421875,148.82000732421875,145.75999450683594,146.05999755859375,142.46267700195312,129868800
AAPL,2021-09-20T14:30:00+00:00,143.8000030517578,144.83999633789062,141.27000427246094,142.94000244140625,139.4195556640625,123478900
AAPL,2021-09-21T14:30:00+00:00,143.92999267578125,144.60000610351562,142.77999877929688,143.42999267578125,139.89749145507812,75834000
AAPL,2021-09-22T14:30:00+00:00,144.4499969482422,146.42999267578125,143.6999969482422,145.85000610351562,142.25787353515625,76404300
AAPL,2021-09-23T14:30:00+00:00,146.64999389648438,147.0800018310547,145.63999938964844,146.8300018310547,143.2137908935547,64838200
AAPL,2021-09-24T14:30:00+00:00,145.66000366210938,147.47000122070312,145.55999755859375,146.9199981689453,143.301513671875,53477900
AAPL,2021-09-27T14:30:00+00:00,145.47000122070312,145.9600067138672,143.82000732421875,145.3699951171875,141.78970336914062,74150700
AAPL,2021-09-28T14:30:00+00:00,143.25,144.75,141.69000244140625,141.91000366210938,138.41493225097656,108972300
AAPL,2021-09-29T14:30:00+00:00,142.47000122070312,144.4499969482422,142.02999877929688,142.8300018310547,139.31224060058594,74602000
AAPL,2021-09-30T14:30:00+00:00,143.66000366210938,144.3800048828125,141.27999877929688,141.5,138.0150146484375,89056700
AAPL,2021-10-01T14:30:00+00:00,141.89999389648438,142.9199981689453,139.11000061035156,142.64999389648438,139.13665771484375,94639600
AAPL,2021-10-04T14:30:00+00:00,141.75999450683594,142.2100067138672,138.27000427246094,139.13999938964844,135.71315002441406,98322000
AAPL,2021-10-05T14:30:00+00:00,139.49000549316406,142.24000549316406,139.36000061035156,141.11000061035156,137.6346435546875,80861100
AAPL,2021-10-06T14:30:00+00:00,139.47000122070312,142.14999389648438,138.3699951171875,142.0,138.50267028808594,83221100
AAPL,2021-10-07T14:30:00+00:00,143.05999755859375,144.22000122070312,142.72000122070312,143.2899932861328,139.76089477539062,61732700
AAPL,2021-10-08T14:30:00+00:00,144.02999877929688,144.17999267578125,142.55999755859375,142.89999389648438,139.38055419921875,58773200
AAPL,2021-10-11T14:30:00+00:00,142.27000427246094,144.80999755859375,141.80999755859375,142.80999755859375,139.29273986816406,64452200
AAPL,2021-10-12T14:30:00+00:00,143.22999572753906,143.25,141.0399932861328,141.50999450683594,138.02474975585938,73035900
AAPL,2021-10-13T14:30:00+00:00,141.24000549316406,141.39999389648438,139.1999969482422,140.91000366210938,137.43954467773438,78762700
AAPL,2021-10-14T14:30:00+00:00,142.11000061035156,143.8800048828125,141.50999450683594,143.75999450683594,140.21934509277344,69907100
AAPL,2021-10-15T14:30:00+00:00,143.77000427246094,144.89999389648438,143.50999450683594,144.83999633789062,141.27272033691406,67940300
AAPL,2021-10-18T14:30:00+00:00,143.4499969482422,146.83999633789062,143.16000366210938,146.5500030517578,142.94065856933594,85589200
AAPL,2021-10-19T14:30:00+00:00,147.00999450683594,149.1699981689453,146.5500030517578,148.75999450683594,145.09619140625,76378900
AAPL,2021-10-20T14:30:00+00:00,148.6999969482422,149.75,148.1199951171875,149.25999450683594,145.5838623046875,58418800
AAPL,2021-10-21T14:30:00+00:00,148.80999755859375,149.63999938964844,147.8699951171875,149.47999572753906,145.7984619140625,61421000
AAPL,2021-10-22T14:30:00+00:00,149.69000244140625,150.17999267578125,148.63999938964844,148.69000244140625,145.0279541015625,58883400
AAPL,2021-10-25T14:30:00+00:00,148.67999267578125,149.3699951171875,147.6199951171875,148.63999938964844,144.97914123535156,50720600
AAPL,2021-10-26T14:30:00+00:00,149.3300018310547,150.83999633789062,149.00999450683594,149.32000732421875,145.64242553710938,60893400
AAPL,2021-10-27T14:30:00+00:00,149.36000061035156,149.72999572753906,148.49000549316406,148.85000610351562,145.18399047851562,56094900
AAPL,2021-10-28T14:30:00+00:00,149.82000732421875,153.1699981689453,149.72000122070312,152.57000732421875,148.8123779296875,100077900
AAPL,2021-10-29T14:30:00+00:00,147.22000122070312,149.94000244140625,146.41000366210938,149.8000030517578,146.11061096191406,124953200
AAPL,2021-11-01T14:30:00+00:00,148.99000549316406,149.6999969482422,147.8000030517578,148.9600067138672,145.29129028320312,74588300
AAPL,2021-11-02T14:30:00+00:00,148.66000366210938,151.57000732421875,148.64999389648438,150.02000427246094,146.32516479492188,69122000
AAPL,2021-11-03T14:30:00+00:00,150.38999938964844,151.97000122070312,149.82000732421875,151.49000549316406,147.7589569091797,54511500
AAPL,2021-11-04T14:30:00+00:00,151.5800018310547,152.42999267578125,150.63999938964844,150.9600067138672,147.24200439453125,60394600
AAPL,2021-11-05T14:30:00+00:00,151.88999938964844,152.1999969482422,150.05999755859375,151.27999877929688,147.76950073242188,65463900
AAPL,2021-11-08T14:30:00+00:00,151.41000366210938,151.57000732421875,150.16000366210938,150.44000244140625,146.94900512695312,55020900
AAPL,2021-11-09T14:30:00+00:00,150.1999969482422,151.42999267578125,150.05999755859375,150.80999755859375,147.31040954589844,56787900
AAPL,2021-11-10T14:30:00+00:00,150.02000427246094,150.1300048828125,147.85000610351562,147.9199981689453,144.48745727539062,65187100
AAPL,2021-11-11T14:30:00+00:00,148.9600067138672,149.42999267578125,147.67999267578125,147.8699951171875,144.4385986328125,41000000
AAPL,2021-11-12T14:30:00+00:00,148.42999267578125,150.39999389648438,147.47999572753906,149.99000549316406,146.50942993164062,63804000
AAPL,2021-11-15T14:30:00+00:00,150.3699951171875,151.8800048828125,149.42999267578125,150.0,146.5192108154297,59222800
AAPL,2021-11-16T14:30:00+00:00,149.94000244140625,151.49000549316406,149.33999633789062,151.0,147.49598693847656,59256200
AAPL,2021-11-17T14:30:00+00:00,151.0,155.0,150.99000549316406,153.49000549316406,149.92819213867188,88807000
AAPL,2021-11-18T14:30:00+00:00,153.7100067138672,158.6699981689453,153.0500030517578,157.8699951171875,154.20655822753906,137827700
AAPL,2021-11-19T14:30:00+00:00,157.64999389648438,161.02000427246094,156.52999877929688,160.5500030517578,156.82435607910156,117305600
AAPL,2021-11-22T14:30:00+00:00,161.67999267578125,165.6999969482422,161.0,161.02000427246094,157.28347778320312,117467900
AAPL,2021-11-23T14:30:00+00:00,161.1199951171875,161.8000030517578,159.05999755859375,161.41000366210938,157.6644287109375,96041900
AAPL,2021-11-24T14:30:00+00:00,160.75,162.13999938964844,159.63999938964844,161.94000244140625,158.18211364746094,69463600
AAPL,2021-11-26T14:30:00+00:00,159.57000732421875,160.4499969482422,156.36000061035156,156.80999755859375,153.17117309570312,76959800
AAPL,2021-11-29T14:30:00+00:00,159.3699951171875,161.19000244140625,158.7899932861328,160.24000549316406,156.52157592773438,88748200
AAPL,2021-11-30T14:30:00+00:00,159.99000549316406,165.52000427246094,159.9199981689453,165.3000030517578,161.4641876220703,174048100
AAPL,2021-12-01T14:30:00+00:00,167.47999572753906,170.3000030517578,164.52999877929688,164.77000427246094,160.9464874267578,152052500
AAPL,2021-12-02T14:30:00+00:00,158.74000549316406,164.1999969482422,157.8000030517578,163.75999450683594,159.9598846435547,136739200
AAPL,2021-12-03T14:30:00+00:00,164.02000427246094,164.9600067138672,159.72000122070312,161.83999633789062,158.08444213867188,118023100
AAPL,2021-12-06T14:30:00+00:00,164.2899932861328,167.8800048828125,164.27999877929688,165.32000732421875,161.48370361328125,107497000
AAPL,2021-12-07T14:30:00+00:00,169.0800018310547,171.5800018310547,168.33999633789062,171.17999267578125,167.2077178955078,120405400
AAPL,2021-12-08T14:30:00+00:00,172.1300048828125,175.9600067138672,170.6999969482422,175.0800018310547,171.01718139648438,116998900
AAPL,2021-12-09T14:30:00+00:00,174.91000366210938,176.75,173.9199981689453,174.55999755859375,170.50926208496094,108923700
AAPL,2021-12-10T14:30:00+00:00,175.2100067138672,179.6300048828125,174.69000244140625,179.4499969482422,175.28578186035156,115402700
AAPL,2021-12-13T14:30:00+00:00,181.1199951171875,182.1300048828125,175.52999877929688,175.74000549316406,171.66189575195312,153237000
AAPL,2021-12-14T14:30:00+00:00,175.25,177.74000549316406,172.2100067138672,174.3300018310547,170.2846221923828,139380400
AAPL,2021-12-15T14:30:00+00:00,175.11000061035156,179.5,172.30999755859375,179.3000030517578,175.13926696777344,131063300
AAPL,2021-12-16T14:30:00+00:00,179.27999877929688,181.13999938964844,170.75,172.25999450683594,168.26266479492188,150185800
AAPL,2021-12-17T14:30:00+00:00,169.92999267578125,173.47000122070312,169.69000244140625,171.13999938964844,167.1686248779297,195432700
AAPL,2021-12-20T14:30:00+00:00,168.27999877929688,170.5800018310547,167.4600067138672,169.75,165.81092834472656,107499100
AAPL,2021-12-21T14:30:00+00:00,171.55999755859375,173.1999969482422,169.1199951171875,172.99000549316406,168.9757080078125,91185900
AAPL,2021-12-22T14:30:00+00:00,173.0399932861328,175.86000061035156,172.14999389648438,175.63999938964844,171.56422424316406,92135300
AAPL,2021-12-23T14:30:00+00:00,175.85000610351562,176.85000610351562,175.27000427246094,176.27999877929688,172.18934631347656,68356600
AAPL,2021-12-27T14:30:00+00:00,177.08999633789062,180.4199981689453,177.07000732421875,180.3300018310547,176.14540100097656,74919600
AAPL,2021-12-28T14:30:00+00:00,180.16000366210938,181.3300018310547,178.52999877929688,179.2899932861328,175.12953186035156,79144300
AAPL,2021-12-29T14:30:00+00:00,179.3300018310547,180.6300048828125,178.13999938964844,179.3800048828125,175.2174530029297,62348900
AAPL,2021-12-30T14:30:00+00:00,179.47000122070312,180.57000732421875,178.08999633789062,178.1999969482422,174.06475830078125,59773000
AAPL,2021-12-31T14:30:00+00:00,178.08999633789062,179.22999572753906,177.25999450683594,177.57000732421875,173.44944763183594,64062300
AAPL,2022-01-03T14:30:00+00:00,177.8300018310547,182.8800048828125,177.7100067138672,182.00999450683594,177.78639221191406,104487900
AAPL,2022-01-04T14:30:00+00:00,182.6300048828125,182.94000244140625,179.1199951171875,179.6999969482422,175.5299835205078,99310400
AAPL,2022-01-05T14:30:00+00:00,179.61000061035156,180.1699981689453,174.63999938964844,174.9199981689453,170.86090087890625,94537600
AAPL,2022-01-06T14:30:00+00:00,172.6999969482422,175.3000030517578,171.63999938964844,172.0,168.00865173339844,96904000
AAPL,2022-01-07T14:30:00+00:00,172.88999938964844,174.13999938964844,171.02999877929688,172.1699981689453,168.1747283935547,86709100
AAPL,2022-01-10T14:30:00+00:00,169.0800018310547,172.5,168.1699981689453,172.19000244140625,168.1942901611328,106765600
AAPL,2022-01-11T14:30:00+00:00,172.32000732421875,175.17999267578125,170.82000732421875,175.0800018310547,171.01718139648438,76138300
AAPL,2022-01-12T14:30:00+00:00,176.1199951171875,177.17999267578125,174.82000732421875,175.52999877929688,171.456787109375,74805200
AAPL,2022-01-13T14:30:00+00:00,175.77999877929688,176.6199951171875,171.7899932861328,172.19000244140625,168.1942901611328,84505800
AAPL,2022-01-14T14:30:00+00:00,171.33999633789062,173.77999877929688,171.08999633789062,173.07000732421875,169.0539093017578,80440800
AAPL,2022-01-18T14:30:00+00:00,171.50999450683594,172.5399932861328,169.41000366210938,169.8000030517578,165.85972595214844,90956700
AAPL,2022-01-19T14:30:00+00:00,170.0,171.0800018310547,165.94000244140625,166.22999572753906,162.37257385253906,94815000
AAPL,2022-01-20T14:30:00+00:00,166.97999572753906,169.67999267578125,164.17999267578125,164.50999450683594,160.6924591064453,91420500
AAPL,2022-01-21T14:30:00+00:00,164.4199981689453,166.3300018310547,162.3000030517578,162.41000366210938,158.64122009277344,122848900
AAPL,2022-01-24T14:30:00+00:00,160.02000427246094,162.3000030517578,154.6999969482422,161.6199951171875,157.8695526123047,162294600
AAPL,2022-01-25T14:30:00+00:00,158.97999572753906,162.75999450683594,157.02000427246094,159.77999877929688,156.07223510742188,115798400
AAPL,2022-01-26T14:30:00+00:00,163.5,164.38999938964844,157.82000732421875,159.69000244140625,155.98431396484375,108275300
AAPL,2022-01-27T14:30:00+00:00,162.4499969482422,163.83999633789062,158.27999877929688,159.22000122070312,155.5252227783203,121954600
AAPL,2022-01-28T14:30:00+00:00,165.7100067138672,170.35000610351562,162.8000030517578,170.3300018310547,166.37744140625,179935700
AAPL,2022-01-31T14:30:00+00:00,170.16000366210938,175.0,169.50999450683594,174.77999877929688,170.7241668701172,115541600
AAPL,2022-02-01T14:30:00+00:00,174.00999450683594,174.83999633789062,172.30999755859375,174.61000061035156,170.55809020996094,86213900
AAPL,2022-02-02T14:30:00+00:00,174.75,175.8800048828125,173.3300018310547,175.83999633789062,171.75958251953125,84914300
AAPL,2022-02-03T14:30:00+00:00,174.47999572753906,176.24000549316406,172.1199951171875,172.89999389648438,168.8878173828125,89418100
AAPL,2022-02-04T14:30:00+00:00,171.67999267578125,174.10000610351562,170.67999267578125,172.38999938964844,168.6041717529297,82465400
AAPL,2022-02-07T14:30:00+00:00,172.86000061035156,173.9499969482422,170.9499969482422,171.66000366210938,167.89019775390625,77251200
AAPL,2022-02-08T14:30:00+00:00,171.72999572753906,175.35000610351562,171.42999267578125,174.8300018310547,170.99057006835938,74829200
AAPL,2022-02-09T14:30:00+00:00,176.0500030517578,176.64999389648438,174.89999389648438,176.27999877929688,172.40872192382812,71285000
AAPL,2022-02-10T14:30:00+00:00,174.13999938964844,175.47999572753906,171.5500030517578,172.1199951171875,168.34010314941406,90865900
AAPL,2022-02-11T14:30:00+00:00,172.3300018310547,173.0800018310547,168.0399932861328,168.63999938964844,164.9365234375,98670700
AAPL,2022-02-14T14:30:00+00:00,167.3699951171875,169.5800018310547,166.55999755859375,168.8800048828125,165.17127990722656,86185500
AAPL,2022-02-15T14:30:00+00:00,170.97000122070312,172.9499969482422,170.25,172.7899932861328,168.99537658691406,62527400
AAPL,2022-02-16T14:30:00+00:00,171.85000610351562,173.33999633789062,170.0500030517578,172.5500030517578,168.76065063476562,61177400
AAPL,2022-02-17T14:30:00+00:00,171.02999877929688,171.91000366210938,168.47000122070312,168.8800048828125,165.17127990722656,69589300
AAPL,2022-02-18T14:30:00+00:00,169.82000732421875,170.5399932861328,166.19000244140625,167.3000030517578,163.62596130371094,82772700
AAPL,2022-02-22T14:30:00+00:00,164.97999572753906,166.69000244140625,162.14999389648438,164.32000732421875,160.7113800048828,91162800
AAPL,2022-02-23T14:30:00+00:00,165.5399932861328,166.14999389648438,159.75,160.07000732421875,156.5546875,90009200
AAPL,2022-02-24T14:30:00+00:00,152.5800018310547,162.85000610351562,152.0,162.74000549316406,159.16610717773438,141147500
AAPL,2022-02-25T14:30:00+00:00,163.83999633789062,165.1199951171875,160.8699951171875,164.85000610351562,161.229736328125,91974200
AAPL,2022-02-28T14:30:00+00:00,163.05999755859375,165.4199981689453,162.42999267578125,165.1199951171875,161.4938201904297,95056600
AAPL,2022-03-01T14:30:00+00:00,164.6999969482422,166.60000610351562,161.97000122070312,163.1999969482422,159.61598205566406,83474400
AAPL,2022-03-02T14:30:00+00:00,164.38999938964844,167.36000061035156,162.9499969482422,166.55999755859375,162.9022216796875,79724800
AAPL,2022-03-03T14:30:00+00:00,168.47000122070312,168.91000366210938,165.5500030517578,166.22999572753906,162.57945251464844,76678400
AAPL,2022-03-04T14:30:00+00:00,164.49000549316406,165.5500030517578,162.10000610351562,163.1699981689453,159.5866241455078,83737200
AAPL,2022-03-07T14:30:00+00:00,163.36000061035156,165.02000427246094,159.0399932861328,159.3000030517578,155.80165100097656,96418800
AAPL,2022-03-08T14:30:00+00:00,158.82000732421875,162.8800048828125,155.8000030517578,157.44000244140625,153.9824981689453,131148300
AAPL,2022-03-09T14:30:00+00:00,161.47999572753906,163.41000366210938,159.41000366210938,162.9499969482422,159.3715057373047,91454900
AAPL,2022-03-10T14:30:00+00:00,160.1999969482422,160.38999938964844,155.97999572753906,158.52000427246094,155.03872680664062,105342000
AAPL,2022-03-11T14:30:00+00:00,158.92999267578125,159.27999877929688,154.5,154.72999572753906,151.33203125,96970100
AAPL,2022-03-14T14:30:00+00:00,151.4499969482422,154.1199951171875,150.10000610351562,150.6199951171875,147.31224060058594,108732100
AAPL,2022-03-15T14:30:00+00:00,150.89999389648438,155.57000732421875,150.3800048828125,155.08999633789062,151.68408203125,92964300
AAPL,2022-03-16T14:30:00+00:00,157.0500030517578,160.0,154.4600067138672,159.58999633789062,156.08526611328125,102300200
AAPL,2022-03-17T14:30:00+00:00,158.61000061035156,161.0,157.6300048828125,160.6199951171875,157.09266662597656,75615400
AAPL,2022-03-18T14:30:00+00:00,160.50999450683594,164.47999572753906,159.75999450683594,163.97999572753906,160.37887573242188,123511700
AAPL,2022-03-21T14:30:00+00:00,163.50999450683594,166.35000610351562,163.00999450683594,165.3800048828125,161.74813842773438,95811400
AAPL,2022-03-22T14:30:00+00:00,165.50999450683594,169.4199981689453,164.91000366210938,168.82000732421875,165.11253356933594,81532000
AAPL,2022-03-23T14:30:00+00:00,167.99000549316406,172.63999938964844,167.64999389648438,170.2100067138672,166.47207641601562,98062700
AAPL,2022-03-24T14:30:00+00:00,171.05999755859375,174.13999938964844,170.2100067138672,174.07000732421875,170.24728393554688,90131400
AAPL,2022-03-25T14:30:00+00:00,173.8800048828125,175.27999877929688,172.75,174.72000122070312,170.8829803466797,80546200
AAPL,2022-03-28T14:30:00+00:00,172.1699981689453,175.72999572753906,172.0,175.60000610351562,171.7436981201172,90371900
AAPL,2022-03-29T14:30:00+00:00,176.69000244140625,179.00999450683594,176.33999633789062,178.9600067138672,175.0299072265625,100589400
AAPL,2022-03-30T14:30:00+00:00,178.5500030517578,179.61000061035156,176.6999969482422,177.77000427246094,173.8660125732422,92633200
AAPL,2022-03-31T14:30:00+00:00,177.83999633789062,178.02999877929688,174.39999389648438,174.61000061035156,170.77542114257812,103049300
AAPL,2022-04-01T14:30:00+00:00,174.02999877929688,174.8800048828125,171.94000244140625,174.30999755859375,170.48199462890625,78751300
AAPL,2022-04-04T14:30:00+00:00,174.57000732421875,178.49000549316406,174.44000244140625,178.44000244140625,174.52130126953125,76468400
AAPL,2022-04-05T14:30:00+00:00,177.5,178.3000030517578,174.4199981689453,175.05999755859375,171.21551513671875,73401800
AAPL,2022-04-06T14:30:00+00:00,172.36000061035156,173.6300048828125,170.1300048828125,171.8300018310547,168.05645751953125,89058800
AAPL,2022-04-07T14:30:00+00:00,171.16000366210938,173.36000061035156,169.85000610351562,172.13999938964844,168.35964965820312,77594700
AAPL,2022-04-08T14:30:00+00:00,171.77999877929688,171.77999877929688,169.1999969482422,170.08999633789062,166.3546600341797,76575500
AAPL,2022-04-11T14:30:00+00:00,168.7100067138672,169.02999877929688,165.5,165.75,162.11000061035156,72246700
AAPL,2022-04-12T14:30:00+00:00,168.02000427246094,169.8699951171875,166.63999938964844,167.66000366210938,163.97802734375,79265200
AAPL,2022-04-13T14:30:00+00:00,167.38999938964844,171.0399932861328,166.77000427246094,170.39999389648438,166.65786743164062,70618900
AAPL,2022-04-14T14:30:00+00:00,170.6199951171875,171.27000427246094,165.0399932861328,165.2899932861328,161.6601104736328,75329400
AAPL,2022-04-18T14:30:00+00:00,163.9199981689453,166.60000610351562,163.57000732421875,165.07000732421875,161.44493103027344,69023900
AAPL,2022-04-19T14:30:00+00:00,165.02000427246094,167.82000732421875,163.91000366210938,167.39999389648438,163.72372436523438,67723800
AAPL,2022-04-20T14:30:00+00:00,168.75999450683594,168.8800048828125,166.10000610351562,167.22999572753906,163.5574493408203,67929800
AAPL,2022-04-21T14:30:00+00:00,168.91000366210938,171.52999877929688,165.91000366210938,166.4199981689453,162.7653045654297,87227800
AAPL,2022-04-22T14:30:00+00:00,166.4600067138672,167.8699951171875,161.5,161.7899932861328,158.2369384765625,84882400
AAPL,2022-04-25T14:30:00+00:00,161.1199951171875,163.1699981689453,158.4600067138672,162.8800048828125,159.30300903320312,96046400
AAPL,2022-04-26T14:30:00+00:00,162.25,162.33999633789062,156.72000122070312,156.8000030517578,153.3565216064453,95623200
AAPL,2022-04-27T14:30:00+00:00,155.91000366210938,159.7899932861328,155.3800048828125,156.57000732421875,153.131591796875,88063200
AAPL,2022-04-28T14:30:00+00:00,159.25,164.52000427246094,158.92999267578125,163.63999938964844,160.0463409423828,130216800
AAPL,2022-04-29T14:30:00+00:00,161.83999633789062,166.1999969482422,157.25,157.64999389648438,154.18785095214844,131747600
AAPL,2022-05-02T14:30:00+00:00,156.7100067138672,158.22999572753906,153.27000427246094,157.9600067138672,154.49110412597656,123055300
AAPL,2022-05-03T14:30:00+00:00,158.14999389648438,160.7100067138672,156.32000732421875,159.47999572753906,155.97769165039062,88966500
AAPL,2022-05-04T14:30:00+00:00,159.6699981689453,166.47999572753906,159.25999450683594,166.02000427246094,162.37408447265625,108256500
AAPL,2022-05-05T14:30:00+00:00,163.85000610351562,164.0800018310547,154.9499969482422,156.77000427246094,153.3271942138672,130525300
AAPL,2022-05-06T14:30:00+00:00,156.00999450683594,159.44000244140625,154.17999267578125,157.27999877929688,154.05197143554688,116124600
AAPL,2022-05-09T14:30:00+00:00,154.92999267578125,155.8300018310547,151.49000549316406,152.05999755859375,148.9391632080078,131577900
AAPL,2022-05-10T14:30:00+00:00,155.52000427246094,156.74000549316406,152.92999267578125,154.50999450683594,151.33885192871094,115366700
AAPL,2022-05-11T14:30:00+00:00,153.5,155.4499969482422,145.80999755859375,146.5,143.49327087402344,142689800
AAPL,2022-05-12T14:30:00+00:00,142.77000427246094,146.1999969482422,138.8000030517578,142.55999755859375,139.6341094970703,182602000
AAPL,2022-05-13T14:30:00+00:00,144.58999633789062,148.10000610351562,143.11000061035156,147.11000061035156,144.09072875976562,113990900
AAPL,2022-05-16T14:30:00+00:00,145.5500030517578,147.52000427246094,144.17999267578125,145.5399932861328,142.55296325683594,86643800
AAPL,2022-05-17T14:30:00+00:00,148.86000061035156,149.77000427246094,146.67999267578125,149.24000549316406,146.17706298828125,78336300
AAPL,2022-05-18T14:30:00+00:00,146.85000610351562,147.36000061035156,139.89999389648438,140.82000732421875,137.92982482910156,109742900
AAPL,2022-05-19T14:30:00+00:00,139.8800048828125,141.66000366210938,136.60000610351562,137.35000610351562,134.5310516357422,136095600
AAPL,2022-05-20T14:30:00+00:00,139.08999633789062,140.6999969482422,132.61000061035156,137.58999633789062,134.76609802246094,137426100
AAPL,2022-05-23T14:30:00+00:00,137.7899932861328,143.25999450683594,137.64999389648438,143.11000061035156,140.1728057861328,117726300
AAPL,2022-05-24T14:30:00+00:00,140.80999755859375,141.97000122070312,137.3300018310547,140.36000061035156,137.47927856445312,104132700
AAPL,2022-05-25T14:30:00+00:00,138.42999267578125,141.7899932861328,138.33999633789062,140.52000427246094,137.63600158691406,92482700
AAPL,2022-05-26T14:30:00+00:00,137.38999938964844,144.33999633789062,137.13999938964844,143.77999877929688,140.8291015625,90601500
AAPL,2022-05-27T14:30:00+00:00,145.38999938964844,149.67999267578125,145.25999450683594,149.63999938964844,146.56881713867188,90978500
AAPL,2022-05-31T14:30:00+00:00,149.07000732421875,150.66000366210938,146.83999633789062,148.83999633789062,145.78524780273438,103718400
AAPL,2022-06-01T14:30:00+00:00,149.89999389648438,151.74000549316406,147.67999267578125,148.7100067138672,145.6579132080078,74286600
AAPL,2022-06-02T14:30:00+00:00,147.8300018310547,151.27000427246094,146.86000061035156,151.2100067138672,148.10658264160156,72348100
AAPL,2022-06-03T14:30:00+00:00,146.89999389648438,147.97000122070312,144.4600067138672,145.3800048828125,142.39627075195312,88570300
AAPL,2022-06-06T14:30:00+00:00,147.02999877929688,148.57000732421875,144.89999389648438,146.13999938964844,143.14065551757812,71598400
AAPL,2022-06-07T14:30:00+00:00,144.35000610351562,149.0,144.10000610351562,148.7100067138672,145.6579132080078,67808200
AAPL,2022-06-08T14:30:00+00:00,148.5800018310547,149.8699951171875,147.4600067138672,147.9600067138672,144.9232635498047,53950200
AAPL,2022-06-09T14:30:00+00:00,147.0800018310547,147.9499969482422,142.52999877929688,142.63999938964844,139.71249389648438,69473000
AAPL,2022-06-10T14:30:00+00:00,140.27999877929688,140.75999450683594,137.05999755859375,137.1300048828125,134.31558227539062,91437900
AAPL,2022-06-13T14:30:00+00:00,132.8699951171875,135.1999969482422,131.44000244140625,131.8800048828125,129.17332458496094,122207100
AAPL,2022-06-14T14:30:00+00:00,133.1300048828125,133.88999938964844,131.47999572753906,132.75999450683594,130.0352783203125,84784300
AAPL,2022-06-15T14:30:00+00:00,134.2899932861328,137.33999633789062,132.16000366210938,135.42999267578125,132.6504364013672,91533000
AAPL,2022-06-16T14:30:00+00:00,132.0800018310547,132.38999938964844,129.0399932861328,130.05999755859375,127.3906478881836,108123900
AAPL,2022-06-17T14:30:00+00:00,130.07000732421875,133.0800018310547,129.80999755859375,131.55999755859375,128.85986328125,134520300
AAPL,2022-06-21T14:30:00+00:00,133.4199981689453,137.05999755859375,133.32000732421875,135.8699951171875,133.08140563964844,81000500
AAPL,2022-06-22T14:30:00+00:00,134.7899932861328,137.75999450683594,133.91000366210938,135.35000610351562,132.57211303710938,73409200
AAPL,2022-06-23T14:30:00+00:00,136.82000732421875,138.58999633789062,135.6300048828125,138.27000427246094,135.4321746826172,72433800
AAPL,2022-06-24T14:30:00+00:00,139.89999389648438,141.91000366210938,139.77000427246094,141.66000366210938,138.75259399414062,89116800
AAPL,2022-06-27T14:30:00+00:00,142.6999969482422,143.49000549316406,140.97000122070312,141.66000366210938,138.75259399414062,70207900
AAPL,2022-06-28T14:30:00+00:00,142.1300048828125,143.4199981689453,137.32000732421875,137.44000244140625,134.61920166015625,67083400
AAPL,2022-06-29T14:30:00+00:00,137.4600067138672,140.6699981689453,136.6699981689453,139.22999572753906,136.3724822998047,66242400
AAPL,2022-06-30T14:30:00+00:00,137.25,138.3699951171875,133.77000427246094,136.72000122070312,133.91397094726562,98964500
AAPL,2022-07-01T14:30:00+00:00,136.0399932861328,139.0399932861328,135.66000366210938,138.92999267578125,136.07861328125,71051600
AAPL,2022-07-05T14:30:00+00:00,137.77000427246094,141.61000061035156,136.92999267578125,141.55999755859375,138.65467834472656,73353800
AAPL,2022-07-06T14:30:00+00:00,141.35000610351562,144.1199951171875,141.0800018310547,142.9199981689453,139.98672485351562,74064300
AAPL,2022-07-07T14:30:00+00:00,143.2899932861328,146.5500030517578,143.27999877929688,146.35000610351562,143.34629821777344,66253700
AAPL,2022-07-08T14:30:00+00:00,145.25999450683594,147.5500030517578,145.0,147.0399932861328,144.0221405029297,64547800
AAPL,2022-07-11T14:30:00+00:00,145.6699981689453,146.63999938964844,143.77999877929688,144.8699951171875,141.89669799804688,63141600
AAPL,2022-07-12T14:30:00+00:00,145.75999450683594,148.4499969482422,145.0500030517578,145.86000061035156,142.8664093017578,77588800
AAPL,2022-07-13T14:30:00+00:00,142.99000549316406,146.4499969482422,142.1199951171875,145.49000549316406,142.50399780273438,71185600
AAPL,2022-07-14T14:30:00+00:00,144.0800018310547,148.9499969482422,143.25,148.47000122070312,145.42282104492188,78140700
AAPL,2022-07-15T14:30:00+00:00,149.77999877929688,150.86000061035156,148.1999969482422,150.1699981689453,147.08792114257812,76259900
AAPL,2022-07-18T14:30:00+00:00,150.74000549316406,151.57000732421875,146.6999969482422,147.07000732421875,144.05160522460938,81420900
AAPL,2022-07-19T14:30:00+00:00,147.9199981689453,151.22999572753906,146.91000366210938,151.0,147.90087890625,82982400
AAPL,2022-07-20T14:30:00+00:00,151.1199951171875,153.72000122070312,150.3699951171875,153.0399932861328,149.89906311035156,64823400
AAPL,2022-07-21T14:30:00+00:00,154.5,155.57000732421875,151.94000244140625,155.35000610351562,152.16163635253906,65086600
AAPL,2022-07-22T14:30:00+00:00,155.38999938964844,156.27999877929688,153.41000366210938,154.08999633789062,150.927490234375,66675400
AAPL,2022-07-25T14:30:00+00:00,154.00999450683594,155.0399932861328,152.27999877929688,152.9499969482422,149.81088256835938,53623900
AAPL,2022-07-26T14:30:00+00:00,152.25999450683594,153.08999633789062,150.8000030517578,151.60000610351562,148.4885711669922,55138700
AAPL,2022-07-27T14:30:00+00:00,152.5800018310547,157.3300018310547,152.16000366210938,156.7899932861328,153.57208251953125,78620700
AAPL,2022-07-28T14:30:00+00:00,156.97999572753906,157.63999938964844,154.41000366210938,157.35000610351562,154.1205596923828,81378700
AAPL,2022-07-29T14:30:00+00:00,161.24000549316406,163.6300048828125,159.5,162.50999450683594,159.1746368408203,101786900
AAPL,2022-08-01T14:30:00+00:00,161.00999450683594,163.58999633789062,160.88999938964844,161.50999450683594,158.19520568847656,67829400
AAPL,2022-08-02T14:30:00+00:00,160.10000610351562,162.41000366210938,159.6300048828125,160.00999450683594,156.72596740722656,59907000
AAPL,2022-08-03T14:30:00+00:00,160.83999633789062,166.58999633789062,160.75,166.1300048828125,162.72035217285156,82507500
AAPL,2022-08-04T14:30:00+00:00,166.00999450683594,167.19000244140625,164.42999267578125,165.80999755859375,162.40699768066406,55474100
AAPL,2022-08-05T14:30:00+00:00,163.2100067138672,165.85000610351562,163.0,165.35000610351562,162.18133544921875,56697000
AAPL,2022-08-08T14:30:00+00:00,166.3699951171875,167.80999755859375,164.1999969482422,164.8699951171875,161.7105712890625,60276900
AAPL,2022-08-09T14:30:00+00:00,164.02000427246094,165.82000732421875,163.25,164.9199981689453,161.75958251953125,63135500
AAPL,2022-08-10T14:30:00+00:00,167.67999267578125,169.33999633789062,166.89999389648438,169.24000549316406,165.996826171875,70170500
AAPL,2022-08-11T14:30:00+00:00,170.05999755859375,170.99000549316406,168.19000244140625,168.49000549316406,165.2611846923828,57149200
AAPL,2022-08-12T14:30:00+00:00,169.82000732421875,172.1699981689453,169.39999389648438,172.10000610351562,168.80201721191406,68039400
AAPL,2022-08-15T14:30:00+00:00,171.52000427246094,173.38999938964844,171.35000610351562,173.19000244140625,169.87109375,54091700
AAPL,2022-08-16T14:30:00+00:00,172.77999877929688,173.7100067138672,171.66000366210938,173.02999877929688,169.71417236328125,56377100
AAPL,2022-08-17T14:30:00+00:00,172.77000427246094,176.14999389648438,172.57000732421875,174.5500030517578,171.20504760742188,79542000
AAPL,2022-08-18T14:30:00+00:00,173.75,174.89999389648438,173.1199951171875,174.14999389648438,170.81268310546875,62290100
AAPL,2022-08-19T14:30:00+00:00,173.02999877929688,173.74000549316406,171.30999755859375,171.52000427246094,168.23309326171875,70346300
AAPL,2022-08-22T14:30:00+00:00,169.69000244140625,169.86000061035156,167.13999938964844,167.57000732421875,164.35882568359375,69026800
AAPL,2022-08-23T14:30:00+00:00,167.0800018310547,168.7100067138672,166.64999389648438,167.22999572753906,164.0253143310547,54147100
AAPL,2022-08-24T14:30:00+00:00,167.32000732421875,168.11000061035156,166.25,167.52999877929688,164.31954956054688,53841500
AAPL,2022-08-25T14:30:00+00:00,168.77999877929688,170.13999938964844,168.35000610351562,170.02999877929688,166.77166748046875,51218200
AAPL,2022-08-26T14:30:00+00:00,170.57000732421875,171.0500030517578,163.55999755859375,163.6199951171875,160.4844970703125,78961000
AAPL,2022-08-29T14:30:00+00:00,161.14999389648438,162.89999389648438,159.82000732421875,161.3800048828125,158.2874298095703,73314000
AAPL,2022-08-30T14:30:00+00:00,162.1300048828125,162.55999755859375,157.72000122070312,158.91000366210938,155.86480712890625,77906200
AAPL,2022-08-31T14:30:00+00:00,160.30999755859375,160.5800018310547,157.13999938964844,157.22000122070312,154.2071533203125,87991100
AAPL,2022-09-01T14:30:00+00:00,156.63999938964844,158.4199981689453,154.6699981689453,157.9600067138672,154.93299865722656,74229900
AAPL,2022-09-02T14:30:00+00:00,159.75,160.36000061035156,154.97000122070312,155.80999755859375,152.8241729736328,76957800
AAPL,2022-09-06T14:30:00+00:00,156.47000122070312,157.08999633789062,153.69000244140625,154.52999877929688,151.5686798095703,73714800
AAPL,2022-09-07T14:30:00+00:00,154.82000732421875,156.6699981689453,153.61000061035156,155.9600067138672,152.97129821777344,87449600
AAPL,2022-09-08T14:30:00+00:00,154.63999938964844,156.36000061035156,152.67999267578125,154.4600067138672,151.50003051757812,84923800
AAPL,2022-09-09T14:30:00+00:00,155.47000122070312,157.82000732421875,154.75,157.3699951171875,154.35426330566406,68028800
AAPL,2022-09-12T14:30:00+00:00,159.58999633789062,164.25999450683594,159.3000030517578,163.42999267578125,160.29811096191406,104956000
AAPL,2022-09-13T14:30:00+00:00,159.89999389648438,160.5399932861328,153.3699951171875,153.83999633789062,150.89190673828125,122656600
AAPL,2022-09-14T14:30:00+00:00,154.7899932861328,157.10000610351562,153.61000061035156,155.30999755859375,152.333740234375,87965400
AAPL,2022-09-15T14:30:00+00:00,154.64999389648438,155.24000549316406,151.3800048828125,152.3699951171875,149.45008850097656,90481100
AAPL,2022-09-16T14:30:00+00:00,151.2100067138672,151.35000610351562,148.3699951171875,150.6999969482422,147.8120574951172,162278800
AAPL,2022-09-19T14:30:00+00:00,149.30999755859375,154.55999755859375,149.10000610351562,154.47999572753906,151.5196533203125,81474200
AAPL,2022-09-20T14:30:00+00:00,153.39999389648438,158.0800018310547,153.0800018310547,156.89999389648438,153.89328002929688,107689800
AAPL,2022-09-21T14:30:00+00:00,157.33999633789062,158.74000549316406,153.60000610351562,153.72000122070312,150.77418518066406,101696800
AAPL,2022-09-22T14:30:00+00:00,152.3800048828125,154.47000122070312,150.91000366210938,152.74000549316406,149.81298828125,86652500
AAPL,2022-09-23T14:30:00+00:00,151.19000244140625,151.47000122070312,148.55999755859375,150.42999267578125,147.54725646972656,96029900
AAPL,2022-09-26T14:30:00+00:00,149.66000366210938,153.77000427246094,149.63999938964844,150.77000427246094,147.8807373046875,93339400
AAPL,2022-09-27T14:30:00+00:00,152.74000549316406,154.72000122070312,149.9499969482422,151.75999450683594,148.8517608642578,84442700
AAPL,2022-09-28T14:30:00+00:00,147.63999938964844,150.63999938964844,144.83999633789062,149.83999633789062,146.9685516357422,146691400
AAPL,2022-09-29T14:30:00+00:00,146.10000610351562,146.72000122070312,140.67999267578125,142.47999572753906,139.74961853027344,128138200
AAPL,2022-09-30T14:30:00+00:00,141.27999877929688,143.10000610351562,138.0,138.1999969482422,135.5516357421875,124925300
AAPL,2022-10-03T14:30:00+00:00,138.2100067138672,143.07000732421875,137.69000244140625,142.4499969482422,139.7201690673828,114311700
AAPL,2022-10-04T14:30:00+00:00,145.02999877929688,146.22000122070312,144.25999450683594,146.10000610351562,143.3002471923828,87830100
AAPL,2022-10-05T14:30:00+00:00,144.07000732421875,147.3800048828125,143.00999450683594,146.39999389648438,143.59446716308594,79471000
AAPL,2022-10-06T14:30:00+00:00,145.80999755859375,147.5399932861328,145.22000122070312,145.42999267578125,142.64305114746094,68402200
AAPL,2022-10-07T14:30:00+00:00,142.5399932861328,143.10000610351562,139.4499969482422,140.08999633789062,137.40542602539062,85925600
AAPL,2022-10-10T14:30:00+00:00,140.4199981689453,141.88999938964844,138.57000732421875,140.4199981689453,137.7290802001953,74899000
AAPL,2022-10-11T14:30:00+00:00,139.89999389648438,141.35000610351562,138.22000122070312,138.97999572753906,136.31668090820312,77033700
AAPL,2022-10-12T14:30:00+00:00,139.1300048828125,140.36000061035156,138.16000366210938,138.33999633789062,135.68894958496094,70433700
AAPL,2022-10-13T14:30:00+00:00,134.99000549316406,143.58999633789062,134.3699951171875,142.99000549316406,140.24984741210938,113224000
AAPL,2022-10-14T14:30:00+00:00,144.30999755859375,144.52000427246094,138.19000244140625,138.3800048828125,135.7281951904297,88598000
AAPL,2022-10-17T14:30:00+00:00,141.07000732421875,142.89999389648438,140.27000427246094,142.41000366210938,139.6809539794922,85250900
AAPL,2022-10-18T14:30:00+00:00,145.49000549316406,146.6999969482422,140.61000061035156,143.75,140.99526977539062,99136600
AAPL,2022-10-19T14:30:00+00:00,141.69000244140625,144.9499969482422,141.5,143.86000061035156,141.10316467285156,61758300
AAPL,2022-10-20T14:30:00+00:00,143.02000427246094,145.88999938964844,142.64999389648438,143.38999938964844,140.6421661376953,64522000
AAPL,2022-10-21T14:30:00+00:00,142.8699951171875,147.85000610351562,142.64999389648438,147.27000427246094,144.4477996826172,86548600
AAPL,2022-10-24T14:30:00+00:00,147.19000244140625,150.22999572753906,146.0,149.4499969482422,146.58602905273438,75981900
AAPL,2022-10-25T14:30:00+00:00,150.08999633789062,152.49000549316406,149.36000061035156,152.33999633789062,149.420654296875,74732300
AAPL,2022-10-26T14:30:00+00:00,150.9600067138672,151.99000549316406,148.0399932861328,149.35000610351562,146.4879608154297,88194300
AAPL,2022-10-27T14:30:00+00:00,148.07000732421875,149.0500030517578,144.1300048828125,144.8000030517578,142.02516174316406,109180200
AAPL,2022-10-28T14:30:00+00:00,148.1999969482422,157.5,147.82000732421875,155.74000549316406,152.75552368164062,164762400
AAPL,2022-10-31T14:30:00+00:00,153.16000366210938,154.24000549316406,151.9199981689453,153.33999633789062,150.4014892578125,97943200
AAPL,2022-11-01T14:30:00+00:00,155.0800018310547,155.4499969482422,149.1300048828125,150.64999389648438,147.76303100585938,80379300
AAPL,2022-11-02T14:30:00+00:00,148.9499969482422,152.1699981689453,145.0,145.02999877929688,142.2507781982422,93604600
AAPL,2022-11-03T14:30:00+00:00,142.05999755859375,142.8000030517578,138.75,138.8800048828125,136.21864318847656,97918500
AAPL,2022-11-04T14:30:00+00:00,142.08999633789062,142.6699981689453,134.3800048828125,138.3800048828125,135.95333862304688,140814800
AAPL,2022-11-07T14:30:00+00:00,137.11000061035156,139.14999389648438,135.6699981689453,138.9199981689453,136.48385620117188,83374600
AAPL,2022-11-08T14:30:00+00:00,140.41000366210938,141.42999267578125,137.49000549316406,139.5,137.0537109375,89908500
AAPL,2022-11-09T14:30:00+00:00,138.5,138.5500030517578,134.58999633789062,134.8699951171875,132.50489807128906,74917800
AAPL,2022-11-10T14:30:00+00:00,141.24000549316406,146.8699951171875,139.5,146.8699951171875,144.29446411132812,118854000
AAPL,2022-11-11T14:30:00+00:00,145.82000732421875,150.00999450683594,144.3699951171875,149.6999969482422,147.0748291015625,93979700
AAPL,2022-11-14T14:30:00+00:00,148.97000122070312,150.27999877929688,147.42999267578125,148.27999877929688,145.67971801757812,73374100
AAPL,2022-11-15T14:30:00+00:00,152.22000122070312,153.58999633789062,148.55999755859375,150.0399932861328,147.40887451171875,89868300
AAPL,2022-11-16T14:30:00+00:00,149.1300048828125,149.8699951171875,147.2899932861328,148.7899932861328,146.18077087402344,64218300
AAPL,2022-11-17T14:30:00+00:00,146.42999267578125,151.47999572753906,146.14999389648438,150.72000122070312,148.07696533203125,80389400
AAPL,2022-11-18T14:30:00+00:00,152.30999755859375,152.6999969482422,149.97000122070312,151.2899932861328,148.63694763183594,74829600
AAPL,2022-11-21T14:30:00+00:00,150.16000366210938,150.3699951171875,147.72000122070312,148.00999450683594,145.4144744873047,58724100
AAPL,2022-11-22T14:30:00+00:00,148.1300048828125,150.4199981689453,146.92999267578125,150.17999267578125,147.54640197753906,51804100
AAPL,2022-11-23T14:30:00+00:00,149.4499969482422,151.8300018310547,149.33999633789062,151.07000732421875,148.4208221435547,58301400
AAPL,2022-11-25T14:30:00+00:00,148.30999755859375,148.8800048828125,147.1199951171875,148.11000061035156,145.51272583007812,35195900
AAPL,2022-11-28T14:30:00+00:00,145.13999938964844,146.63999938964844,143.3800048828125,144.22000122070312,141.69093322753906,69246000
AAPL,2022-11-29T14:30:00+00:00,144.2899932861328,144.80999755859375,140.35000610351562,141.1699981689453,138.69435119628906,83763800
AAPL,2022-11-30T14:30:00+00:00,141.39999389648438,148.72000122070312,140.5500030517578,148.02999877929688,145.43406677246094,111380900
AAPL,2022-12-01T14:30:00+00:00,148.2100067138672,149.1300048828125,146.61000061035156,148.30999755859375,145.70921325683594,71250400
AAPL,2022-12-02T14:30:00+00:00,145.9600067138672,148.0,145.64999389648438,147.80999755859375,145.2179718017578,65447400
AAPL,2022-12-05T14:30:00+00:00,147.77000427246094,150.9199981689453,145.77000427246094,146.6300048828125,144.05865478515625,68826400
AAPL,2022-12-06T14:30:00+00:00,147.07000732421875,147.3000030517578,141.9199981689453,142.91000366210938,140.4039306640625,64727200
AAPL,2022-12-07T14:30:00+00:00,142.19000244140625,143.3699951171875,140.0,140.94000244140625,138.4684295654297,69721100
AAPL,2022-12-08T14:30:00+00:00,142.36000061035156,143.52000427246094,141.10000610351562,142.64999389648438,140.14845275878906,62128300
AAPL,2022-12-09T14:30:00+00:00,142.33999633789062,145.57000732421875,140.89999389648438,142.16000366210938,139.6670684814453,76097000
AAPL,2022-12-12T14:30:00+00:00,142.6999969482422,144.5,141.05999755859375,144.49000549316406,141.95619201660156,70462700
AAPL,2022-12-13T14:30:00+00:00,149.5,149.97000122070312,144.24000549316406,145.47000122070312,142.9190216064453,93886200
AAPL,2022-12-14T14:30:00+00:00,145.35000610351562,146.66000366210938,141.16000366210938,143.2100067138672,140.6986083984375,82291200
AAPL,2022-12-15T14:30:00+00:00,141.11000061035156,141.8000030517578,136.02999877929688,136.5,134.10630798339844,98931900
AAPL,2022-12-16T14:30:00+00:00,136.69000244140625,137.64999389648438,133.72999572753906,134.50999450683594,132.1511993408203,160156900
AAPL,2022-12-19T14:30:00+00:00,135.11000061035156,135.1999969482422,131.32000732421875,132.3699951171875,130.04872131347656,79592600
AAPL,2022-12-20T14:30:00+00:00,131.38999938964844,133.25,129.88999938964844,132.3000030517578,129.97994995117188,77432800
AAPL,2022-12-21T14:30:00+00:00,132.97999572753906,136.80999755859375,132.75,135.4499969482422,133.07470703125,85928000
AAPL,2022-12-22T14:30:00+00:00,134.35000610351562,134.55999755859375,130.3000030517578,132.22999572753906,129.91116333007812,77852100
AAPL,2022-12-23T14:30:00+00:00,130.9199981689453,132.4199981689453,129.63999938964844,131.86000061035156,129.5476531982422,63814900
AAPL,2022-12-27T14:30:00+00:00,131.3800048828125,131.41000366210938,128.72000122070312,130.02999877929688,127.749755859375,69007800
AAPL,2022-12-28T14:30:00+00:00,129.6699981689453,131.02999877929688,125.87000274658203,126.04000091552734,123.8297348022461,85438400
AAPL,2022-12-29T14:30:00+00:00,127.98999786376953,130.47999572753906,127.7300033569336,129.61000061035156,127.337158203125,75703700
AAPL,2022-12-30T14:30:00+00:00,128.41000366210938,129.9499969482422,127.43000030517578,129.92999267578125,127.65149688720703,77034200
AAPL,2023-01-03T14:30:00+00:00,130.27999877929688,130.89999389648438,124.16999816894531,125.06999969482422,122.87673950195312,112117500
AAPL,2023-01-04T14:30:00+00:00,126.88999938964844,128.66000366210938,125.08000183105469,126.36000061035156,124.14413452148438,89113600
AAPL,2023-01-05T14:30:00+00:00,127.12999725341797,127.7699966430664,124.76000213623047,125.0199966430664,122.82762908935547,80962700
AAPL,2023-01-06T14:30:00+00:00,126.01000213623047,130.2899932861328,124.88999938964844,129.6199951171875,127.34693908691406,87754700
AAPL,2023-01-09T14:30:00+00:00,130.47000122070312,133.41000366210938,129.88999938964844,130.14999389648438,127.86761474609375,70790800
AAPL,2023-01-10T14:30:00+00:00,130.25999450683594,131.25999450683594,128.1199951171875,130.72999572753906,128.4375,63896200
AAPL,2023-01-11T14:30:00+00:00,131.25,133.50999450683594,130.4600067138672,133.49000549316406,131.1490936279297,69458900
AAPL,2023-01-12T14:30:00+00:00,133.8800048828125,134.25999450683594,131.44000244140625,133.41000366210938,131.07049560546875,71379600
AAPL,2023-01-13T14:30:00+00:00,132.02999877929688,134.9199981689453,131.66000366210938,134.75999450683594,132.3968048095703,57809700
AAPL,2023-01-17T14:30:00+00:00,134.8300018310547,137.2899932861328,134.1300048828125,135.94000244140625,133.55613708496094,63646600
AAPL,2023-01-18T14:30:00+00:00,136.82000732421875,138.61000061035156,135.02999877929688,135.2100067138672,132.8389129638672,69672800
AAPL,2023-01-19T14:30:00+00:00,134.0800018310547,136.25,133.77000427246094,135.27000427246094,132.89785766601562,58280400
AAPL,2023-01-20T14:30:00+00:00,135.27999877929688,138.02000427246094,134.22000122070312,137.8699951171875,135.4522705078125,80223600
AAPL,2023-01-23T14:30:00+00:00,138.1199951171875,143.32000732421875,137.89999389648438,141.11000061035156,138.63548278808594,81760300
AAPL,2023-01-24T14:30:00+00:00,140.30999755859375,143.16000366210938,140.3000030517578,142.52999877929688,140.03057861328125,66435100
AAPL,2023-01-25T14:30:00+00:00,140.88999938964844,142.42999267578125,138.80999755859375,141.86000061035156,139.37229919433594,65799300
AAPL,2023-01-26T14:30:00+00:00,143.1699981689453,144.25,141.89999389648438,143.9600067138672,141.43548583984375,54105100
AAPL,2023-01-27T14:30:00+00:00,143.16000366210938,147.22999572753906,143.0800018310547,145.92999267578125,143.37094116210938,70555800
AAPL,2023-01-30T14:30:00+00:00,144.9600067138672,145.5500030517578,142.85000610351562,143.0,140.4923095703125,64015300
AAPL,2023-01-31T14:30:00+00:00,142.6999969482422,144.33999633789062,142.27999877929688,144.2899932861328,141.75967407226562,65874500
AAPL,2023-02-01T14:30:00+00:00,143.97000122070312,146.61000061035156,141.32000732421875,145.42999267578125,142.8796844482422,77663600
AAPL,2023-02-02T14:30:00+00:00,148.89999389648438,151.17999267578125,148.1699981689453,150.82000732421875,148.17518615722656,118339000
AAPL,2023-02-03T14:30:00+00:00,148.02999877929688,157.3800048828125,147.8300018310547,154.5,151.7906494140625,154357300
AAPL,2023-02-06T14:30:00+00:00,152.57000732421875,153.10000610351562,150.77999877929688,151.72999572753906,149.06919860839844,69858300
AAPL,2023-02-07T14:30:00+00:00,150.63999938964844,155.22999572753906,150.63999938964844,154.64999389648438,151.9380340576172,83322600
AAPL,2023-02-08T14:30:00+00:00,153.8800048828125,154.5800018310547,151.1699981689453,151.9199981689453,149.25587463378906,64120100
AAPL,2023-02-09T14:30:00+00:00,153.77999877929688,154.3300018310547,150.4199981689453,150.8699951171875,148.2242889404297,56007100
AAPL,2023-02-10T14:30:00+00:00,149.4600067138672,151.33999633789062,149.22000122070312,151.00999450683594,148.58837890625,57450700
AAPL,2023-02-13T14:30:00+00:00,150.9499969482422,154.25999450683594,150.9199981689453,153.85000610351562,151.38282775878906,62199000
AAPL,2023-02-14T14:30:00+00:00,152.1199951171875,153.77000427246094,150.86000061035156,153.1999969482422,150.74325561523438,61707600
AAPL,2023-02-15T14:30:00+00:00,153.11000061035156,155.5,152.8800048828125,155.3300018310547,152.83909606933594,65573800
AAPL,2023-02-16T14:30:00+00:00,153.50999450683594,156.3300018310547,153.35000610351562,153.7100067138672,151.24508666992188,68167900
AAPL,2023-02-17T14:30:00+00:00,152.35000610351562,153.0,150.85000610351562,152.5500030517578,150.1036834716797,59144100
AAPL,2023-02-21T14:30:00+00:00,150.1999969482422,151.3000030517578,148.41000366210938,148.47999572753906,146.0989532470703,58867200
AAPL,2023-02-22T14:30:00+00:00,148.8699951171875,149.9499969482422,147.16000366210938,148.91000366210938,146.5220489501953,51011300
AAPL,2023-02-23T14:30:00+00:00,150.08999633789062,150.33999633789062,147.24000549316406,149.39999389648438,147.0041961669922,48394200
AAPL,2023-02-24T14:30:00+00:00,147.11000061035156,147.19000244140625,145.72000122070312,146.7100067138672,144.3573455810547,55469600
AAPL,2023-02-27T14:30:00+00:00,147.7100067138672,149.1699981689453,147.4499969482422,147.9199981689453,145.54791259765625,44998500
AAPL,2023-02-28T14:30:00+00:00,147.0500030517578,149.0800018310547,146.8300018310547,147.41000366210938,145.0460968017578,50547000
AAPL,2023-03-01T14:30:00+00:00,146.8300018310547,147.22999572753906,145.00999450683594,145.30999755859375,142.9798126220703,55479000
AAPL,2023-03-02T14:30:00+00:00,144.3800048828125,146.7100067138672,143.89999389648438,145.91000366210938,143.57017517089844,52238100
AAPL,2023-03-03T14:30:00+00:00,148.0399932861328,151.11000061035156,147.3300018310547,151.02999877929688,148.6080322265625,70732300
AAPL,2023-03-06T14:30:00+00:00,153.7899932861328,156.3000030517578,153.4600067138672,153.8300018310547,151.36314392089844,87558000
AAPL,2023-03-07T14:30:00+00:00,153.6999969482422,154.02999877929688,151.1300048828125,151.60000610351562,149.16893005371094,56182000
AAPL,2023-03-08T14:30:00+00:00,152.80999755859375,153.47000122070312,151.8300018310547,152.8699951171875,150.41851806640625,47204800
AAPL,2023-03-09T14:30:00+00:00,153.55999755859375,154.5399932861328,150.22999572753906,150.58999633789062,148.1750946044922,53833600
AAPL,2023-03-10T14:30:00+00:00,150.2100067138672,150.94000244140625,147.61000061035156,148.5,146.11863708496094,68572400
AAPL,2023-03-13T14:30:00+00:00,147.80999755859375,153.13999938964844,147.6999969482422,150.47000122070312,148.05703735351562,84457100
AAPL,2023-03-14T14:30:00+00:00,151.27999877929688,153.39999389648438,150.10000610351562,152.58999633789062,150.14303588867188,73695900
AAPL,2023-03-15T14:30:00+00:00,151.19000244140625,153.25,149.9199981689453,152.99000549316406,150.53663635253906,77167900
AAPL,2023-03-16T14:30:00+00:00,152.16000366210938,156.4600067138672,151.63999938964844,155.85000610351562,153.35073852539062,76161100
AAPL,2023-03-17T14:30:00+00:00,156.0800018310547,156.74000549316406,154.27999877929688,155.0,152.51437377929688,98944600
AAPL,2023-03-20T14:30:00+00:00,155.07000732421875,157.82000732421875,154.14999389648438,157.39999389648438,154.87588500976562,73641400
AAPL,2023-03-21T14:30:00+00:00,157.32000732421875,159.39999389648438,156.5399932861328,159.27999877929688,156.7257537841797,73938300
AAPL,2023-03-22T14:30:00+00:00,159.3000030517578,162.13999938964844,157.80999755859375,157.8300018310547,155.2990264892578,75701800
AAPL,2023-03-23T14:30:00+00:00,158.8300018310547,161.5500030517578,157.67999267578125,158.92999267578125,156.38134765625,67622100
AAPL,2023-03-24T14:30:00+00:00,158.86000061035156,160.33999633789062,157.85000610351562,160.25,157.68020629882812,59196500
AAPL,2023-03-27T14:30:00+00:00,159.94000244140625,160.77000427246094,157.8699951171875,158.27999877929688,155.74183654785156,52390300
AAPL,2023-03-28T14:30:00+00:00,157.97000122070312,158.49000549316406,155.97999572753906,157.64999389648438,155.12188720703125,45992200
AAPL,2023-03-29T14:30:00+00:00,159.3699951171875,161.0500030517578,159.35000610351562,160.77000427246094,158.1918487548828,51305700
AAPL,2023-03-30T14:30:00+00:00,161.52999877929688,162.47000122070312,161.27000427246094,162.36000061035156,159.75634765625,49501700
AAPL,2023-03-31T14:30:00+00:00,162.44000244140625,165.0,161.91000366210938,164.89999389648438,162.25563049316406,68749800
AAPL,2023-04-03T14:30:00+00:00,164.27000427246094,166.2899932861328,164.22000122070312,166.1699981689453,163.50526428222656,56976200
AAPL,2023-04-04T14:30:00+00:00,166.60000610351562,166.83999633789062,165.11000061035156,165.6300048828125,162.97393798828125,46278300
AAPL,2023-04-05T14:30:00+00:00,164.74000549316406,165.0500030517578,161.8000030517578,163.75999450683594,161.13392639160156,51511700
AAPL,2023-04-06T14:30:00+00:00,162.42999267578125,164.9600067138672,162.0,164.66000366210938,162.0194854736328,45390100
AAPL,2023-04-10T14:30:00+00:00,161.4199981689453,162.02999877929688,160.0800018310547,162.02999877929688,159.43167114257812,47716900
AAPL,2023-04-11T14:30:00+00:00,162.35000610351562,162.36000061035156,160.50999450683594,160.8000030517578,158.22134399414062,47644200
AAPL,2023-04-12T14:30:00+00:00,161.22000122070312,162.05999755859375,159.77999877929688,160.10000610351562,157.53262329101562,50133100
AAPL,2023-04-13T14:30:00+00:00,161.6300048828125,165.8000030517578,161.4199981689453,165.55999755859375,162.90501403808594,68445600
AAPL,2023-04-14T14:30:00+00:00,164.58999633789062,166.32000732421875,163.82000732421875,165.2100067138672,162.5606689453125,49386500
AAPL,2023-04-17T14:30:00+00:00,165.08999633789062,165.38999938964844,164.02999877929688,165.22999572753906,162.580322265625,41516200
AAPL,2023-04-18T14:30:00+00:00,166.10000610351562,167.41000366210938,165.64999389648438,166.47000122070312,163.80044555664062,49923000
AAPL,2023-04-19T14:30:00+00:00,165.8000030517578,168.16000366210938,165.5399932861328,167.6300048828125,164.94186401367188,47720200
AAPL,2023-04-20T14:30:00+00:00,166.08999633789062,167.8699951171875,165.55999755859375,166.64999389648438,163.97756958007812,52456400
AAPL,2023-04-21T14:30:00+00:00,165.0500030517578,166.4499969482422,164.49000549316406,165.02000427246094,162.3737030029297,58337300
AAPL,2023-04-24T14:30:00+00:00,165.0,165.60000610351562,163.88999938964844,165.3300018310547,162.67874145507812,41949600
AAPL,2023-04-25T14:30:00+00:00,165.19000244140625,166.30999755859375,163.72999572753906,163.77000427246094,161.14378356933594,48714100
AAPL,2023-04-26T14:30:00+00:00,163.05999755859375,165.27999877929688,162.8000030517578,163.75999450683594,161.13392639160156,45498800
AAPL,2023-04-27T14:30:00+00:00,165.19000244140625,168.55999755859375,165.19000244140625,168.41000366210938,165.7093505859375,64902300
AAPL,2023-04-28T14:30:00+00:00,168.49000549316406,169.85000610351562,167.8800048828125,169.67999267578125,166.958984375,55275900
AAPL,2023-05-01T14:30:00+00:00,169.27999877929688,170.4499969482422,168.63999938964844,169.58999633789062,166.87042236328125,52472900
AAPL,2023-05-02T14:30:00+00:00,170.08999633789062,170.35000610351562,167.5399932861328,168.5399932861328,165.83724975585938,48425700
AAPL,2023-05-03T14:30:00+00:00,169.5,170.9199981689453,167.16000366210938,167.4499969482422,164.76473999023438,65136000
AAPL,2023-05-04T14:30:00+00:00,164.88999938964844,167.0399932861328,164.30999755859375,165.7899932861328,163.13134765625,81235400
AAPL,2023-05-05T14:30:00+00:00,170.97999572753906,174.3000030517578,170.75999450683594,173.57000732421875,170.78662109375,113453200
AAPL,2023-05-08T14:30:00+00:00,172.47999572753906,173.85000610351562,172.11000061035156,173.5,170.71771240234375,55962800
AAPL,2023-05-09T14:30:00+00:00,173.0500030517578,173.5399932861328,171.60000610351562,171.77000427246094,169.01547241210938,45326900
AAPL,2023-05-10T14:30:00+00:00,173.02000427246094,174.02999877929688,171.89999389648438,173.55999755859375,170.77674865722656,53724500
AAPL,2023-05-11T14:30:00+00:00,173.85000610351562,174.58999633789062,172.1699981689453,173.75,170.96371459960938,49514700
AAPL,2023-05-12T14:30:00+00:00,173.6199951171875,174.05999755859375,171.0,172.57000732421875,170.03750610351562,45533100
AAPL,2023-05-15T14:30:00+00:00,173.16000366210938,173.2100067138672,171.47000122070312,172.07000732421875,169.5448455810547,37266700
AAPL,2023-05-16T14:30:00+00:00,171.99000549316406,173.13999938964844,171.8000030517578,172.07000732421875,169.5448455810547,42110300
AAPL,2023-05-17T14:30:00+00:00,171.7100067138672,172.92999267578125,170.4199981689453,172.69000244140625,170.15574645996094,57951600
AAPL,2023-05-18T14:30:00+00:00,173.0,175.24000549316406,172.5800018310547,175.0500030517578,172.4811248779297,65496700
AAPL,2023-05-19T14:30:00+00:00,176.38999938964844,176.38999938964844,174.94000244140625,175.16000366210938,172.58949279785156,55809500
AAPL,2023-05-22T14:30:00+00:00,173.97999572753906,174.7100067138672,173.4499969482422,174.1999969482422,171.64358520507812,43570900
AAPL,2023-05-23T14:30:00+00:00,173.1300048828125,173.3800048828125,171.27999877929688,171.55999755859375,169.04232788085938,50747300
AAPL,2023-05-24T14:30:00+00:00,171.08999633789062,172.4199981689453,170.52000427246094,171.83999633789062,169.31825256347656,45143500
AAPL,2023-05-25T14:30:00+00:00,172.41000366210938,173.89999389648438,171.69000244140625,172.99000549316406,170.4513397216797,56058300
AAPL,2023-05-26T14:30:00+00:00,173.32000732421875,175.77000427246094,173.11000061035156,175.42999267578125,172.85552978515625,54835000
AAPL,2023-05-30T14:30:00+00:00,176.9600067138672,178.99000549316406,176.57000732421875,177.3000030517578,174.69810485839844,55964400
AAPL,2023-05-31T14:30:00+00:00,177.3300018310547,179.35000610351562,176.75999450683594,177.25,174.6488494873047,99625300
AAPL,2023-06-01T14:30:00+00:00,177.6999969482422,180.1199951171875,176.92999267578125,180.08999633789062,177.4471435546875,68901800
AAPL,2023-06-02T14:30:00+00:00,181.02999877929688,181.77999877929688,179.25999450683594,180.9499969482422,178.29452514648438,61996900
AAPL,2023-06-05T14:30:00+00:00,182.6300048828125,184.9499969482422,178.0399932861328,179.5800018310547,176.94464111328125,121946500
AAPL,2023-06-06T14:30:00+00:00,179.97000122070312,180.1199951171875,177.42999267578125,179.2100067138672,176.580078125,64848400
AAPL,2023-06-07T14:30:00+00:00,178.44000244140625,181.2100067138672,177.32000732421875,177.82000732421875,175.21046447753906,61944600
AAPL,2023-06-08T14:30:00+00:00,177.89999389648438,180.83999633789062,177.4600067138672,180.57000732421875,177.92010498046875,50214900
AAPL,2023-06-09T14:30:00+00:00,181.5,182.22999572753906,180.6300048828125,180.9600067138672,178.3043975830078,48900000
AAPL,2023-06-12T14:30:00+00:00,181.27000427246094,183.88999938964844,180.97000122070312,183.7899932861328,181.09283447265625,54274900
AAPL,2023-06-13T14:30:00+00:00,182.8000030517578,184.14999389648438,182.44000244140625,183.30999755859375,180.61985778808594,54929100
AAPL,2023-06-14T14:30:00+00:00,183.3699951171875,184.38999938964844,182.02000427246094,183.9499969482422,181.25051879882812,57462900
AAPL,2023-06-15T14:30:00+00:00,183.9600067138672,186.52000427246094,183.77999877929688,186.00999450683594,183.28025817871094,65433200
AAPL,2023-06-16T14:30:00+00:00,186.72999572753906,186.99000549316406,184.27000427246094,184.9199981689453,182.20628356933594,101256200
AAPL,2023-06-20T14:30:00+00:00,184.41000366210938,186.10000610351562,184.41000366210938,185.00999450683594,182.29493713378906,49799100
AAPL,2023-06-21T14:30:00+00:00,184.89999389648438,185.41000366210938,182.58999633789062,183.9600067138672,181.26036071777344,49515700
AAPL,2023-06-22T14:30:00+00:00,183.74000549316406,187.0500030517578,183.6699981689453,187.0,184.2557373046875,51245300
AAPL,2023-06-23T14:30:00+00:00,185.5500030517578,187.55999755859375,185.00999450683594,186.67999267578125,183.94044494628906,53117000
AAPL,2023-06-26T14:30:00+00:00,186.8300018310547,188.0500030517578,185.22999572753906,185.27000427246094,182.55113220214844,48088700
AAPL,2023-06-27T14:30:00+00:00,185.88999938964844,188.38999938964844,185.6699981689453,188.05999755859375,185.3001708984375,50730800
AAPL,2023-06-28T14:30:00+00:00,187.92999267578125,189.89999389648438,187.60000610351562,189.25,186.47271728515625,51216800
AAPL,2023-06-29T14:30:00+00:00,189.0800018310547,190.07000732421875,188.94000244140625,189.58999633789062,186.8077392578125,46347300
AAPL,2023-06-30T14:30:00+00:00,191.6300048828125,194.47999572753906,191.25999450683594,193.97000122070312,191.12344360351562,85213200
AAPL,2023-07-03T14:30:00+00:00,193.77999877929688,193.8800048828125,191.75999450683594,192.4600067138672,189.6356201171875,31458200
AAPL,2023-07-05T14:30:00+00:00,191.57000732421875,192.97999572753906,190.6199951171875,191.3300018310547,188.52220153808594,46920300
AAPL,2023-07-06T14:30:00+00:00,189.83999633789062,192.02000427246094,189.1999969482422,191.80999755859375,188.99514770507812,45094300
AAPL,2023-07-07T14:30:00+00:00,191.41000366210938,192.6699981689453,190.24000549316406,190.67999267578125,187.88174438476562,46815000
AAPL,2023-07-10T14:30:00+00:00,189.25999450683594,189.99000549316406,187.0399932861328,188.61000061035156,185.84210205078125,59922200
AAPL,2023-07-11T14:30:00+00:00,189.16000366210938,189.3000030517578,186.60000610351562,188.0800018310547,185.31993103027344,46638100
AAPL,2023-07-12T14:30:00+00:00,189.67999267578125,191.6999969482422,188.47000122070312,189.77000427246094,186.98509216308594,60750200
AAPL,2023-07-13T14:30:00+00:00,190.5,191.19000244140625,189.77999877929688,190.5399932861328,187.74378967285156,41342300
AAPL,2023-07-14T14:30:00+00:00,190.22999572753906,191.17999267578125,189.6300048828125,190.69000244140625,187.89161682128906,41616200
AAPL,2023-07-17T14:30:00+00:00,191.89999389648438,194.32000732421875,191.80999755859375,193.99000549316406,191.14317321777344,50520200
AAPL,2023-07-18T14:30:00+00:00,193.35000610351562,194.3300018310547,192.4199981689453,193.72999572753906,190.88699340820312,48288200
AAPL,2023-07-19T14:30:00+00:00,193.10000610351562,198.22999572753906,192.64999389648438,195.10000610351562,192.23690795898438,80507300
AAPL,2023-07-20T14:30:00+00:00,195.08999633789062,196.47000122070312,192.5,193.1300048828125,190.29580688476562,59581200
AAPL,2023-07-21T14:30:00+00:00,194.10000610351562,194.97000122070312,191.22999572753906,191.94000244140625,189.12327575683594,71951700
AAPL,2023-07-24T14:30:00+00:00,193.41000366210938,194.91000366210938,192.25,192.75,189.92135620117188,45377800
AAPL,2023-07-25T14:30:00+00:00,193.3300018310547,194.44000244140625,192.9199981689453,193.6199951171875,190.778564453125,37283200
AAPL,2023-07-26T14:30:00+00:00,193.6699981689453,195.63999938964844,193.32000732421875,194.5,191.64569091796875,47471900
AAPL,2023-07-27T14:30:00+00:00,196.02000427246094,197.1999969482422,192.5500030517578,193.22000122070312,190.3844451904297,47460200
AAPL,2023-07-28T14:30:00+00:00,194.6699981689453,196.6300048828125,194.13999938964844,195.8300018310547,192.95614624023438,48291400
AAPL,2023-07-31T14:30:00+00:00,196.05999755859375,196.49000549316406,195.25999450683594,196.4499969482422,193.56703186035156,38824100
AAPL,2023-08-01T14:30:00+00:00,196.24000549316406,196.72999572753906,195.27999877929688,195.61000061035156,192.73939514160156,35175100
AAPL,2023-08-02T14:30:00+00:00,195.0399932861328,195.17999267578125,191.85000610351562,192.5800018310547,189.75384521484375,50389300
AAPL,2023-08-03T14:30:00+00:00,191.57000732421875,192.3699951171875,190.69000244140625,191.1699981689453,188.36456298828125,61235200
AAPL,2023-08-04T14:30:00+00:00,185.52000427246094,187.3800048828125,181.9199981689453,181.99000549316406,179.3192901611328,115956800
AAPL,2023-08-07T14:30:00+00:00,182.1300048828125,183.1300048828125,177.35000610351562,178.85000610351562,176.22537231445312,97576100
AAPL,2023-08-08T14:30:00+00:00,179.69000244140625,180.27000427246094,177.5800018310547,179.8000030517578,177.161376953125,67823000
AAPL,2023-08-09T14:30:00+00:00,180.8699951171875,180.92999267578125,177.00999450683594,178.19000244140625,175.57504272460938,60378500
AAPL,2023-08-10T14:30:00+00:00,179.47999572753906,180.75,177.60000610351562,177.97000122070312,175.35826110839844,54686900
AAPL,2023-08-11T14:30:00+00:00,177.32000732421875,178.6199951171875,176.5500030517578,177.7899932861328,175.4174346923828,52036700
AAPL,2023-08-14T14:30:00+00:00,177.97000122070312,179.69000244140625,177.30999755859375,179.4600067138672,177.06517028808594,43675600
AAPL,2023-08-15T14:30:00+00:00,178.8800048828125,179.47999572753906,177.0500030517578,177.4499969482422,175.0819854736328,43622600
AAPL,2023-08-16T14:30:00+00:00,177.1300048828125,178.5399932861328,176.5,176.57000732421875,174.2137451171875,46964900
AAPL,2023-08-17T14:30:00+00:00,177.13999938964844,177.50999450683594,173.47999572753906,174.0,171.6780548095703,66062900
AAPL,2023-08-18T14:30:00+00:00,172.3000030517578,175.10000610351562,171.9600067138672,174.49000549316406,172.16152954101562,61172200
AAPL,2023-08-21T14:30:00+00:00,175.07000732421875,176.1300048828125,173.74000549316406,175.83999633789062,173.4934844970703,46311900
AAPL,2023-08-22T14:30:00+00:00,177.05999755859375,177.67999267578125,176.25,177.22999572753906,174.86489868164062,42038900
AAPL,2023-08-23T14:30:00+00:00,178.52000427246094,181.5500030517578,178.3300018310547,181.1199951171875,178.70298767089844,52722800
AAPL,2023-08-24T14:30:00+00:00,180.6699981689453,181.10000610351562,176.00999450683594,176.3800048828125,174.02626037597656,54945800
AAPL,2023-08-25T14:30:00+00:00,177.3800048828125,179.14999389648438,175.82000732421875,178.61000061035156,176.22650146484375,51449600
AAPL,2023-08-28T14:30:00+00:00,180.08999633789062,180.58999633789062,178.5500030517578,180.19000244140625,177.7854461669922,43820700
AAPL,2023-08-29T14:30:00+00:00,179.6999969482422,184.89999389648438,179.5,184.1199951171875,181.66297912597656,53003900
AAPL,2023-08-30T14:30:00+00:00,184.94000244140625,187.85000610351562,184.74000549316406,187.64999389648438,185.14585876464844,60813900
AAPL,2023-08-31T14:30:00+00:00,187.83999633789062,189.1199951171875,187.47999572753906,187.8699951171875,185.36293029785156,60794500
AAPL,2023-09-01T14:30:00+00:00,189.49000549316406,189.9199981689453,188.27999877929688,189.4600067138672,186.93173217773438,45766500
AAPL,2023-09-05T14:30:00+00:00,188.27999877929688,189.97999572753906,187.61000061035156,189.6999969482422,187.16851806640625,45280000
AAPL,2023-09-06T14:30:00+00:00,188.39999389648438,188.85000610351562,181.47000122070312,182.91000366210938,180.46914672851562,81755800
AAPL,2023-09-07T14:30:00+00:00,175.17999267578125,178.2100067138672,173.5399932861328,177.55999755859375,175.19052124023438,112488800
AAPL,2023-09-08T14:30:00+00:00,178.35000610351562,180.24000549316406,177.7899932861328,178.17999267578125,175.80226135253906,65551300
AAPL,2023-09-11T14:30:00+00:00,180.07000732421875,180.3000030517578,177.33999633789062,179.36000061035156,176.96649169921875,58953100
AAPL,2023-09-12T14:30:00+00:00,179.49000549316406,180.1300048828125,174.82000732421875,176.3000030517578,173.9473419189453,90370200
AAPL,2023-09-13T14:30:00+00:00,176.50999450683594,177.3000030517578,173.97999572753906,174.2100067138672,171.88523864746094,84267900
AAPL,2023-09-14T14:30:00+00:00,174.0,176.10000610351562,173.5800018310547,175.74000549316406,173.3948211669922,60895800
AAPL,2023-09-15T14:30:00+00:00,176.47999572753906,176.5,173.82000732421875,175.00999450683594,172.67457580566406,109259500
AAPL,2023-09-18T14:30:00+00:00,176.47999572753906,179.3800048828125,176.1699981689453,177.97000122070312,175.59507751464844,67257600
AAPL,2023-09-19T14:30:00+00:00,177.52000427246094,179.6300048828125,177.1300048828125,179.07000732421875,176.68035888671875,51826900
AAPL,2023-09-20T14:30:00+00:00,179.25999450683594,179.6999969482422,175.39999389648438,175.49000549316406,173.1481475830078,58436200
AAPL,2023-09-21T14:30:00+00:00,174.5500030517578,176.3000030517578,173.86000061035156,173.92999267578125,171.6089630126953,63149100
AAPL,2023-09-22T14:30:00+00:00,174.6699981689453,177.0800018310547,174.0500030517578,174.7899932861328,172.45748901367188,56725400
AAPL,2023-09-25T14:30:00+00:00,174.1999969482422,176.97000122070312,174.14999389648438,176.0800018310547,173.73025512695312,46172700
AAPL,2023-09-26T14:30:00+00:00,174.82000732421875,175.1999969482422,171.66000366210938,171.9600067138672,169.665283203125,64588900
AAPL,2023-09-27T14:30:00+00:00,172.6199951171875,173.0399932861328,169.0500030517578,170.42999267578125,168.15565490722656,66921800
AAPL,2023-09-28T14:30:00+00:00,169.33999633789062,172.02999877929688,167.6199951171875,170.69000244140625,168.4122314453125,56294400
AAPL,2023-09-29T14:30:00+00:00,172.02000427246094,173.07000732421875,170.33999633789062,171.2100067138672,168.92527770996094,51861100
AAPL,2023-10-02T14:30:00+00:00,171.22000122070312,174.3000030517578,170.92999267578125,173.75,171.4313507080078,52164500
AAPL,2023-10-03T14:30:00+00:00,172.25999450683594,173.6300048828125,170.82000732421875,172.39999389648438,170.099365234375,49594600
AAPL,2023-10-04T14:30:00+00:00,171.08999633789062,174.2100067138672,170.97000122070312,173.66000366210938,171.3426055908203,53020300
AAPL,2023-10-05T14:30:00+00:00,173.7899932861328,175.4499969482422,172.67999267578125,174.91000366210938,172.5758819580078,48527900
AAPL,2023-10-06T14:30:00+00:00,173.8000030517578,177.99000549316406,173.17999267578125,177.49000549316406,175.12147521972656,57266700
AAPL,2023-10-09T14:30:00+00:00,176.80999755859375,179.0500030517578,175.8000030517578,178.99000549316406,176.60142517089844,42390800
AAPL,2023-10-10T14:30:00+00:00,178.10000610351562,179.72000122070312,177.9499969482422,178.38999938964844,176.0094757080078,43698000
AAPL,2023-10-11T14:30:00+00:00,178.1999969482422,179.85000610351562,177.60000610351562,179.8000030517578,177.40065002441406,47551100
AAPL,2023-10-12T14:30:00+00:00,180.07000732421875,182.33999633789062,179.0399932861328,180.7100067138672,178.29849243164062,56743100
AAPL,2023-10-13T14:30:00+00:00,181.4199981689453,181.92999267578125,178.13999938964844,178.85000610351562,176.46334838867188,51427100
AAPL,2023-10-16T14:30:00+00:00,176.75,179.0800018310547,176.50999450683594,178.72000122070312,176.3350372314453,52517000
AAPL,2023-10-17T14:30:00+00:00,176.64999389648438,178.4199981689453,174.8000030517578,177.14999389648438,174.7859649658203,57549400
AAPL,2023-10-18T14:30:00+00:00,175.5800018310547,177.5800018310547,175.11000061035156,175.83999633789062,173.4934844970703,54764400
AAPL,2023-10-19T14:30:00+00:00,176.0399932861328,177.83999633789062,175.19000244140625,175.4600067138672,173.1185302734375,59302900
AAPL,2023-10-20T14:30:00+00:00,175.30999755859375,175.4199981689453,172.63999938964844,172.8800048828125,170.57301330566406,64244000
AAPL,2023-10-23T14:30:00+00:00,170.91000366210938,174.00999450683594,169.92999267578125,173.0,170.69139099121094,55980100
AAPL,2023-10-24T14:30:00+00:00,173.0500030517578,173.6699981689453,171.4499969482422,173.44000244140625,171.12550354003906,43816600
AAPL,2023-10-25T14:30:00+00:00,171.8800048828125,173.05999755859375,170.64999389648438,171.10000610351562,168.81674194335938,57157000
AAPL,2023-10-26T14:30:00+00:00,170.3699951171875,171.3800048828125,165.6699981689453,166.88999938964844,164.6629180908203,70625300
AAPL,2023-10-27T14:30:00+00:00,166.91000366210938,168.9600067138672,166.8300018310547,168.22000122070312,165.9751739501953,58499100
AAPL,2023-10-30T14:30:00+00:00,169.02000427246094,171.1699981689453,168.8699951171875,170.2899932861328,168.01751708984375,51131000
AAPL,2023-10-31T14:30:00+00:00,169.35000610351562,170.89999389648438,167.89999389648438,170.77000427246094,168.49114990234375,44846000
AAPL,2023-11-01T14:30:00+00:00,171.0,174.22999572753906,170.1199951171875,173.97000122070312,171.6484375,56934900
AAPL,2023-11-02T14:30:00+00:00,175.52000427246094,177.77999877929688,175.4600067138672,177.57000732421875,175.20040893554688,77334800
AAPL,2023-11-03T14:30:00+00:00,174.24000549316406,176.82000732421875,173.35000610351562,176.64999389648438,174.29266357421875,79829200
AAPL,2023-11-06T14:30:00+00:00,176.3800048828125,179.42999267578125,176.2100067138672,179.22999572753906,176.83827209472656,63841300
AAPL,2023-11-07T14:30:00+00:00,179.17999267578125,182.44000244140625,178.97000122070312,181.82000732421875,179.3936767578125,70530000
AAPL,2023-11-08T14:30:00+00:00,182.35000610351562,183.4499969482422,181.58999633789062,182.88999938964844,180.44940185546875,49340300
AAPL,2023-11-09T14:30:00+00:00,182.9600067138672,184.1199951171875,181.80999755859375,182.41000366210938,179.97586059570312,53763500
AAPL,2023-11-10T14:30:00+00:00,183.97000122070312,186.57000732421875,183.52999877929688,186.39999389648438,184.15484619140625,66133400
AAPL,2023-11-13T14:30:00+00:00,185.82000732421875,186.02999877929688,184.2100067138672,184.8000030517578,182.5740966796875,43627500
AAPL,2023-11-14T14:30:00+00:00,187.6999969482422,188.11000061035156,186.3000030517578,187.44000244140625,185.1823272705078,60108400
AAPL,2023-11-15T14:30:00+00:00,187.85000610351562,189.5,187.77999877929688,188.00999450683594,185.7454376220703,53790500
AAPL,2023-11-16T14:30:00+00:00,189.57000732421875,190.9600067138672,188.64999389648438,189.7100067138672,187.42501831054688,54412900
AAPL,2023-11-17T14:30:00+00:00,190.25,190.3800048828125,188.57000732421875,189.69000244140625,187.4052276611328,50922700
AAPL,2023-11-20T14:30:00+00:00,189.88999938964844,191.91000366210938,189.8800048828125,191.4499969482422,189.14401245117188,46505100
AAPL,2023-11-21T14:30:00+00:00,191.41000366210938,191.52000427246094,189.74000549316406,190.63999938964844,188.3437957763672,38134500
AAPL,2023-11-22T14:30:00+00:00,191.49000549316406,192.92999267578125,190.8300018310547,191.30999755859375,189.00572204589844,39617700
AAPL,2023-11-24T14:30:00+00:00,190.8699951171875,190.89999389648438,189.25,189.97000122070312,187.68185424804688,24048300
AAPL,2023-11-27T14:30:00+00:00,189.9199981689453,190.6699981689453,188.89999389648438,189.7899932861328,187.50401306152344,40552600
AAPL,2023-11-28T14:30:00+00:00,189.77999877929688,191.0800018310547,189.39999389648438,190.39999389648438,188.10667419433594,38415400
AAPL,2023-11-29T14:30:00+00:00,190.89999389648438,192.08999633789062,188.97000122070312,189.3699951171875,187.08909606933594,43014200
AAPL,2023-11-30T14:30:00+00:00,189.83999633789062,190.32000732421875,188.19000244140625,189.9499969482422,187.66207885742188,48794400
AAPL,2023-12-01T14:30:00+00:00,190.3300018310547,191.55999755859375,189.22999572753906,191.24000549316406,188.9365692138672,45704800
AAPL,2023-12-04T14:30:00+00:00,189.97999572753906,190.0500030517578,187.4499969482422,189.42999267578125,187.1483612060547,43389500
AAPL,2023-12-05T14:30:00+00:00,190.2100067138672,194.39999389648438,190.17999267578125,193.4199981689453,191.09031677246094,66628400
AAPL,2023-12-06T14:30:00+00:00,194.4499969482422,194.75999450683594,192.11000061035156,192.32000732421875,190.00355529785156,41089700
AAPL,2023-12-07T14:30:00+00:00,193.6300048828125,195.0,193.58999633789062,194.27000427246094,191.93006896972656,47477700
AAPL,2023-12-08T14:30:00+00:00,194.1999969482422,195.99000549316406,193.6699981689453,195.7100067138672,193.3527069091797,53406400
AAPL,2023-12-11T14:30:00+00:00,193.11000061035156,193.49000549316406,191.4199981689453,193.17999267578125,190.8531951904297,60943700
AAPL,2023-12-12T14:30:00+00:00,193.0800018310547,194.72000122070312,191.72000122070312,194.7100067138672,192.3647918701172,52696900
AAPL,2023-12-13T14:30:00+00:00,195.08999633789062,198.0,194.85000610351562,197.9600067138672,195.5756378173828,70404200
AAPL,2023-12-14T14:30:00+00:00,198.02000427246094,199.6199951171875,196.16000366210938,198.11000061035156,195.72384643554688,66831600
AAPL,2023-12-15T14:30:00+00:00,197.52999877929688,198.39999389648438,197.0,197.57000732421875,195.19033813476562,128538400
AAPL,2023-12-18T14:30:00+00:00,196.08999633789062,196.6300048828125,194.38999938964844,195.88999938964844,193.5305633544922,55751900
AAPL,2023-12-19T14:30:00+00:00,196.16000366210938,196.9499969482422,195.88999938964844,196.94000244140625,194.56790161132812,40714100
AAPL,2023-12-20T14:30:00+00:00,196.89999389648438,197.67999267578125,194.8300018310547,194.8300018310547,192.4833221435547,52242800
AAPL,2023-12-21T14:30:00+00:00,196.10000610351562,197.0800018310547,193.5,194.67999267578125,192.33509826660156,46482500
AAPL,2023-12-22T14:30:00+00:00,195.17999267578125,195.41000366210938,192.97000122070312,193.60000610351562,191.2681427001953,37149600
AAPL,2023-12-26T14:30:00+00:00,193.61000061035156,193.88999938964844,192.8300018310547,193.0500030517578,190.7247772216797,28919300
AAPL,2023-12-27T14:30:00+00:00,192.49000549316406,193.5,191.08999633789062,193.14999389648438,190.82354736328125,48087700
AAPL,2023-12-28T14:30:00+00:00,194.13999938964844,194.66000366210938,193.1699981689453,193.5800018310547,191.2483673095703,34049900
AAPL,2023-12-29T14:30:00+00:00,193.89999389648438,194.39999389648438,191.72999572753906,192.52999877929688,190.21102905273438,42672100
AAPL,2024-01-02T14:30:00+00:00,187.14999389648438,188.44000244140625,183.88999938964844,185.63999938964844,183.40402221679688,82488700
AAPL,2024-01-03T14:30:00+00:00,184.22000122070312,185.8800048828125,183.42999267578125,184.25,182.03073120117188,58414500
AAPL,2024-01-04T14:30:00+00:00,182.14999389648438,183.08999633789062,180.8800048828125,181.91000366210938,179.71893310546875,71983600
AAPL,2024-01-05T14:30:00+00:00,181.99000549316406,182.75999450683594,180.1699981689453,181.17999267578125,178.99774169921875,62379700
AAPL,2024-01-08T14:30:00+00:00,182.08999633789062,185.60000610351562,181.5,185.55999755859375,183.32496643066406,59144500
AAPL,2024-01-09T14:30:00+00:00,183.9199981689453,185.14999389648438,182.72999572753906,185.13999938964844,182.91001892089844,42841800
AAPL,2024-01-10T14:30:00+00:00,184.35000610351562,186.39999389648438,183.9199981689453,186.19000244140625,183.94740295410156,46792900
AAPL,2024-01-11T14:30:00+00:00,186.5399932861328,187.0500030517578,183.6199951171875,185.58999633789062,183.35462951660156,49128400
AAPL,2024-01-12T14:30:00+00:00,186.05999755859375,186.74000549316406,185.19000244140625,185.9199981689453,183.68063354492188,40477800
AAPL,2024-01-16T14:30:00+00:00,182.16000366210938,184.25999450683594,180.92999267578125,183.6300048828125,181.41822814941406,65603000
AAPL,2024-01-17T14:30:00+00:00,181.27000427246094,182.92999267578125,180.3000030517578,182.67999267578125,180.47964477539062,47317400
AAPL,2024-01-18T14:30:00+00:00,186.08999633789062,189.13999938964844,185.8300018310547,188.6300048828125,186.35800170898438,78005800
AAPL,2024-01-19T14:30:00+00:00,189.3300018310547,191.9499969482422,188.82000732421875,191.55999755859375,189.252685546875,68903000
AAPL,2024-01-22T14:30:00+00:00,192.3000030517578,195.3300018310547,192.25999450683594,193.88999938964844,191.55462646484375,60133900
AAPL,2024-01-23T14:30:00+00:00,195.02000427246094,195.75,193.8300018310547,195.17999267578125,192.82908630371094,42355600
AAPL,2024-01-24T14:30:00+00:00,195.4199981689453,196.3800048828125,194.33999633789062,194.5,192.15731811523438,53631300
AAPL,2024-01-25T14:30:00+00:00,195.22000122070312,196.27000427246094,193.11000061035156,194.1699981689453,191.83128356933594,54822100
AAPL,2024-01-26T14:30:00+00:00,194.27000427246094,194.75999450683594,191.94000244140625,192.4199981689453,190.10235595703125,44594000
AAPL,2024-01-29T14:30:00+00:00,192.00999450683594,192.1999969482422,189.5800018310547,191.72999572753906,189.420654296875,47145600
AAPL,2024-01-30T14:30:00+00:00,190.94000244140625,191.8000030517578,187.47000122070312,188.0399932861328,185.77513122558594,55859400
AAPL,2024-01-31T14:30:00+00:00,187.0399932861328,187.10000610351562,184.35000610351562,184.39999389648438,182.17893981933594,55467800
AAPL,2024-02-01T14:30:00+00:00,183.99000549316406,186.9499969482422,183.82000732421875,186.86000061035156,184.60931396484375,64885400
AAPL,2024-02-02T14:30:00+00:00,179.86000061035156,187.3300018310547,179.25,185.85000610351562,183.61148071289062,102551700
AAPL,2024-02-05T14:30:00+00:00,188.14999389648438,189.25,185.83999633789062,187.67999267578125,185.41941833496094,69668800
AAPL,2024-02-06T14:30:00+00:00,186.86000061035156,189.30999755859375,186.77000427246094,189.3000030517578,187.0199432373047,43490800
AAPL,2024-02-07T14:30:00+00:00,190.63999938964844,191.0500030517578,188.61000061035156,189.41000366210938,187.1285858154297,53439000
AAPL,2024-02-08T14:30:00+00:00,189.38999938964844,189.5399932861328,187.35000610351562,188.32000732421875,186.05174255371094,40962000
AAPL,2024-02-09T14:30:00+00:00,188.64999389648438,189.99000549316406,188.0,188.85000610351562,186.8134307861328,45155200
AAPL,2024-02-12T14:30:00+00:00,188.4199981689453,188.6699981689453,186.7899932861328,187.14999389648438,185.13174438476562,41781900
AAPL,2024-02-13T14:30:00+00:00,185.77000427246094,186.2100067138672,183.50999450683594,185.0399932861328,183.0445098876953,56529500
AAPL,2024-02-14T14:30:00+00:00,185.32000732421875,185.52999877929688,182.44000244140625,184.14999389648438,182.1641082763672,54630500
AAPL,2024-02-15T14:30:00+00:00,183.5500030517578,184.49000549316406,181.35000610351562,183.86000061035156,181.87725830078125,65434500
AAPL,2024-02-16T14:30:00+00:00,183.4199981689453,184.85000610351562,181.6699981689453,182.30999755859375,180.34393310546875,49752500
AAPL,2024-02-20T14:30:00+00:00,181.7899932861328,182.42999267578125,180.0,181.55999755859375,179.60205078125,53665600
AAPL,2024-02-21T14:30:00+00:00,181.94000244140625,182.88999938964844,180.66000366210938,182.32000732421875,180.35385131835938,41371400
AAPL,2024-02-22T14:30:00+00:00,183.47999572753906,184.9600067138672,182.4600067138672,184.3699951171875,182.38172912597656,52292200
AAPL,2024-02-23T14:30:00+00:00,185.00999450683594,185.0399932861328,182.22999572753906,182.52000427246094,180.5516815185547,45119700
AAPL,2024-02-26T14:30:00+00:00,182.24000549316406,182.75999450683594,180.64999389648438,181.16000366210938,179.2063751220703,40867400
AAPL,2024-02-27T14:30:00+00:00,181.10000610351562,183.9199981689453,179.55999755859375,182.6300048828125,180.66049194335938,54318900
AAPL,2024-02-28T14:30:00+00:00,182.50999450683594,183.1199951171875,180.1300048828125,181.4199981689453,179.4635467529297,48953900
AAPL,2024-02-29T14:30:00+00:00,181.27000427246094,182.57000732421875,179.52999877929688,180.75,178.80078125,136682600
AAPL,2024-03-01T14:30:00+00:00,179.5500030517578,180.52999877929688,177.3800048828125,179.66000366210938,177.72254943847656,73563100
AAPL,2024-03-04T14:30:00+00:00,176.14999389648438,176.89999389648438,173.7899932861328,175.10000610351562,173.2117156982422,81510100
AAPL,2024-03-05T14:30:00+00:00,170.75999450683594,172.0399932861328,169.6199951171875,170.1199951171875,168.28541564941406,95132400
AAPL,2024-03-06T14:30:00+00:00,171.05999755859375,171.24000549316406,168.67999267578125,169.1199951171875,167.29615783691406,68587700
AAPL,2024-03-07T14:30:00+00:00,169.14999389648438,170.72999572753906,168.49000549316406,169.0,167.177490234375,71765100
AAPL,2024-03-08T14:30:00+00:00,169.0,173.6999969482422,168.94000244140625,170.72999572753906,168.88882446289062,76267000
AAPL,2024-03-11T14:30:00+00:00,172.94000244140625,174.3800048828125,172.0500030517578,172.75,170.8870849609375,60139500
AAPL,2024-03-12T14:30:00+00:00,173.14999389648438,174.02999877929688,171.00999450683594,173.22999572753906,171.3618621826172,59825400
AAPL,2024-03-13T14:30:00+00:00,172.77000427246094,173.19000244140625,170.75999450683594,171.1300048828125,169.28453063964844,52488700
AAPL,2024-03-14T14:30:00+00:00,172.91000366210938,174.30999755859375,172.0500030517578,173.0,171.13436889648438,72913500
AAPL,2024-03-15T14:30:00+00:00,171.1699981689453,172.6199951171875,170.2899932861328,172.6199951171875,170.75843811035156,121752700
AAPL,2024-03-18T14:30:00+00:00,175.57000732421875,177.7100067138672,173.52000427246094,173.72000122070312,171.84657287597656,75604200
AAPL,2024-03-19T14:30:00+00:00,174.33999633789062,176.61000061035156,173.02999877929688,176.0800018310547,174.18112182617188,55215200
AAPL,2024-03-20T14:30:00+00:00,175.72000122070312,178.6699981689453,175.08999633789062,178.6699981689453,176.74322509765625,53423100
AAPL,2024-03-21T14:30:00+00:00,177.0500030517578,177.49000549316406,170.83999633789062,171.3699951171875,169.52194213867188,106181300
AAPL,2024-03-22T14:30:00+00:00,171.75999450683594,173.0500030517578,170.05999755859375,172.27999877929688,170.42210388183594,71160100
AAPL,2024-03-25T14:30:00+00:00,170.57000732421875,171.94000244140625,169.4499969482422,170.85000610351562,169.00753784179688,54288300
AAPL,2024-03-26T14:30:00+00:00,170.0,171.4199981689453,169.5800018310547,169.7100067138672,167.87982177734375,57388400
AAPL,2024-03-27T14:30:00+00:00,170.41000366210938,173.60000610351562,170.11000061035156,173.30999755859375,171.4409942626953,60273300
AAPL,2024-03-28T14:30:00+00:00,171.75,172.22999572753906,170.50999450683594,171.47999572753906,169.63075256347656,65672700
AAPL,2024-04-01T14:30:00+00:00,171.19000244140625,171.25,169.47999572753906,170.02999877929688,168.19638061523438,46240500
AAPL,2024-04-02T14:30:00+00:00,169.0800018310547,169.33999633789062,168.22999572753906,168.83999633789062,167.01918029785156,49329500
AAPL,2024-04-03T14:30:00+00:00,168.7899932861328,170.67999267578125,168.5800018310547,169.64999389648438,167.8204803466797,47691700
AAPL,2024-04-04T14:30:00+00:00,170.2899932861328,171.9199981689453,168.82000732421875,168.82000732421875,166.9994354248047,53704400
AAPL,2024-04-05T14:30:00+00:00,169.58999633789062,170.38999938964844,168.9499969482422,169.5800018310547,167.751220703125,42104800
AAPL,2024-04-08T14:30:00+00:00,169.02999877929688,169.1999969482422,168.24000549316406,168.4499969482422,166.6334228515625,37425500
AAPL,2024-04-09T14:30:00+00:00,168.6999969482422,170.0800018310547,168.35000610351562,169.6699981689453,167.8402557373047,42373800
AAPL,2024-04-10T14:30:00+00:00,168.8000030517578,169.08999633789062,167.11000061035156,167.77999877929688,165.9706573486328,49709300
AAPL,2024-04-11T14:30:00+00:00,168.33999633789062,175.4600067138672,168.16000366210938,175.0399932861328,173.15234375,91070300
AAPL,2024-04-12T14:30:00+00:00,174.25999450683594,178.36000061035156,174.2100067138672,176.5500030517578,174.6460723876953,101670900
AAPL,2024-04-15T14:30:00+00:00,175.36000061035156,176.6300048828125,172.5,172.69000244140625,170.82769775390625,73531800
AAPL,2024-04-16T14:30:00+00:00,171.75,173.75999450683594,168.27000427246094,169.3800048828125,167.55343627929688,73711200
AAPL,2024-04-17T14:30:00+00:00,169.61000061035156,170.64999389648438,168.0,168.0,166.18826293945312,50901200
AAPL,2024-04-18T14:30:00+00:00,168.02999877929688,168.63999938964844,166.5500030517578,167.0399932861328,165.23863220214844,43122900
AAPL,2024-04-19T14:30:00+00:00,166.2100067138672,166.39999389648438,164.0800018310547,165.0,163.22061157226562,68149400
AAPL,2024-04-22T14:30:00+00:00,165.52000427246094,167.25999450683594,164.77000427246094,165.83999633789062,164.0515594482422,48116400
AAPL,2024-04-23T14:30:00+00:00,165.35000610351562,167.0500030517578,164.9199981689453,166.89999389648438,165.10012817382812,49537800
AAPL,2024-04-24T14:30:00+00:00,166.5399932861328,169.3000030517578,166.2100067138672,169.02000427246094,167.197265625,48251800
AAPL,2024-04-25T14:30:00+00:00,169.52999877929688,170.61000061035156,168.14999389648438,169.88999938964844,168.05787658691406,50558300
AAPL,2024-04-26T14:30:00+00:00,169.8800048828125,171.33999633789062,169.17999267578125,169.3000030517578,167.47425842285156,44838400
AAPL,2024-04-29T14:30:00+00:00,173.3699951171875,176.02999877929688,173.10000610351562,173.5,171.6289520263672,68169400
AAPL,2024-04-30T14:30:00+00:00,173.3300018310547,174.99000549316406,170.0,170.3300018310547,168.49317932128906,65934800
AAPL,2024-05-01T14:30:00+00:00,169.5800018310547,172.7100067138672,169.11000061035156,169.3000030517578,167.47425842285156,50383100
AAPL,2024-05-02T14:30:00+00:00,172.50999450683594,173.4199981689453,170.88999938964844,173.02999877929688,171.16403198242188,94214900
AAPL,2024-05-03T14:30:00+00:00,186.64999389648438,187.0,182.66000366210938,183.3800048828125,181.4023895263672,163224100
AAPL,2024-05-06T14:30:00+00:00,182.35000610351562,184.1999969482422,180.4199981689453,181.7100067138672,179.7504425048828,78569700
AAPL,2024-05-07T14:30:00+00:00,183.4499969482422,184.89999389648438,181.32000732421875,182.39999389648438,180.43295288085938,77305800
AAPL,2024-05-08T14:30:00+00:00,182.85000610351562,183.07000732421875,181.4499969482422,182.74000549316406,180.7693328857422,45057100
AAPL,2024-05-09T14:30:00+00:00,182.55999755859375,184.66000366210938,182.11000061035156,184.57000732421875,182.57958984375,48983000
AAPL,2024-05-10T14:30:00+00:00,184.89999389648438,185.08999633789062,182.1300048828125,183.0500030517578,181.32156372070312,50759500
AAPL,2024-05-13T14:30:00+00:00,185.44000244140625,187.10000610351562,184.6199951171875,186.27999877929688,184.52105712890625,72044800
AAPL,2024-05-14T14:30:00+00:00,187.50999450683594,188.3000030517578,186.2899932861328,187.42999267578125,185.66021728515625,52393600
AAPL,2024-05-15T14:30:00+00:00,187.91000366210938,190.64999389648438,187.3699951171875,189.72000122070312,187.9285888671875,70400000
AAPL,2024-05-16T14:30:00+00:00,190.47000122070312,191.10000610351562,189.66000366210938,189.83999633789062,188.04745483398438,52845200
AAPL,2024-05-17T14:30:00+00:00,189.50999450683594,190.80999755859375,189.17999267578125,189.8699951171875,188.07716369628906,41282900
AAPL,2024-05-20T14:30:00+00:00,189.3300018310547,191.9199981689453,189.00999450683594,191.0399932861328,189.23611450195312,44361300
AAPL,2024-05-21T14:30:00+00:00,191.08999633789062,192.72999572753906,190.9199981689453,192.35000610351562,190.53375244140625,42309400
AAPL,2024-05-22T14:30:00+00:00,192.27000427246094,192.82000732421875,190.27000427246094,190.89999389648438,189.0974578857422,34648500
AAPL,2024-05-23T14:30:00+00:00,190.97999572753906,191.0,186.6300048828125,186.8800048828125,185.11541748046875,51005900
AAPL,2024-05-24T14:30:00+00:00,188.82000732421875,190.5800018310547,188.0399932861328,189.97999572753906,188.18614196777344,36327000
AAPL,2024-05-28T14:30:00+00:00,191.50999450683594,193.0,189.10000610351562,189.99000549316406,188.19606018066406,52280100
AAPL,2024-05-29T14:30:00+00:00,189.61000061035156,192.25,189.50999450683594,190.2899932861328,188.4932098388672,53068000
AAPL,2024-05-30T14:30:00+00:00,190.75999450683594,192.17999267578125,190.6300048828125,191.2899932861328,189.48379516601562,49889100
AAPL,2024-05-31T14:30:00+00:00,191.44000244140625,192.57000732421875,189.91000366210938,192.25,190.43470764160156,75158300
AAPL,2024-06-03T14:30:00+00:00,192.89999389648438,194.99000549316406,192.52000427246094,194.02999877929688,192.19789123535156,50080500
AAPL,2024-06-04T14:30:00+00:00,194.63999938964844,195.32000732421875,193.02999877929688,194.35000610351562,192.51487731933594,47471400
AAPL,2024-06-05T14:30:00+00:00,195.39999389648438,196.89999389648438,194.8699951171875,195.8699951171875,194.0205078125,54156800
AAPL,2024-06-06T14:30:00+00:00,195.69000244140625,196.5,194.1699981689453,194.47999572753906,192.6436309814453,41181800
AAPL,2024-06-07T14:30:00+00:00,194.64999389648438,196.94000244140625,194.13999938964844,196.88999938964844,195.03089904785156,53103900
AAPL,2024-06-10T14:30:00+00:00,196.89999389648438,197.3000030517578,192.14999389648438,193.1199951171875,191.29649353027344,97010200
AAPL,2024-06-11T14:30:00+00:00,193.64999389648438,207.16000366210938,193.6300048828125,207.14999389648438,205.19400024414062,172373300
AAPL,2024-06-12T14:30:00+00:00,207.3699951171875,220.1999969482422,206.89999389648438,213.07000732421875,211.05813598632812,198134300
AAPL,2024-06-13T14:30:00+00:00,214.74000549316406,216.75,211.60000610351562,214.24000549316406,212.21707153320312,97862700
AAPL,2024-06-14T14:30:00+00:00,213.85000610351562,215.1699981689453,211.3000030517578,212.49000549316406,210.4835968017578,70122700
AAPL,2024-06-17T14:30:00+00:00,213.3699951171875,218.9499969482422,212.72000122070312,216.6699981689453,214.62411499023438,93728300
AAPL,2024-06-18T14:30:00+00:00,217.58999633789062,218.6300048828125,213.0,214.2899932861328,212.26657104492188,79943300
AAPL,2024-06-20T14:30:00+00:00,213.92999267578125,214.24000549316406,208.85000610351562,209.67999267578125,207.70013427734375,86172500
AAPL,2024-06-21T14:30:00+00:00,210.38999938964844,211.88999938964844,207.11000061035156,207.49000549316406,205.53079223632812,241805100
AAPL,2024-06-24T14:30:00+00:00,207.72000122070312,212.6999969482422,206.58999633789062,208.13999938964844,206.17465209960938,80727000
AAPL,2024-06-25T14:30:00+00:00,209.14999389648438,211.3800048828125,208.61000061035156,209.07000732421875,207.0959014892578,55549700
AAPL,2024-06-26T14:30:00+00:00,211.5,214.86000061035156,210.63999938964844,213.25,211.23641967773438,66213200
AAPL,2024-06-27T14:30:00+00:00,214.69000244140625,215.74000549316406,212.35000610351562,214.10000610351562,212.0784149169922,49772700
AAPL,2024-06-28T14:30:00+00:00,215.77000427246094,216.07000732421875,210.3000030517578,210.6199951171875,208.6312255859375,82542700
AAPL,2024-07-01T14:30:00+00:00,212.08999633789062,217.50999450683594,211.9199981689453,216.75,214.703369140625,60402900
AAPL,2024-07-02T14:30:00+00:00,216.14999389648438,220.3800048828125,215.10000610351562,220.27000427246094,218.19012451171875,58046200
AAPL,2024-07-03T14:30:00+00:00,220.0,221.5500030517578,219.02999877929688,221.5500030517578,219.45803833007812,37369800
AAPL,2024-07-05T14:30:00+00:00,221.64999389648438,226.4499969482422,221.64999389648438,226.33999633789062,224.2028045654297,60412400
AAPL,2024-07-08T14:30:00+00:00,227.08999633789062,227.85000610351562,223.25,227.82000732421875,225.66883850097656,59085900
AAPL,2024-07-09T14:30:00+00:00,227.92999267578125,229.39999389648438,226.3699951171875,228.67999267578125,226.5207061767578,48076100
AAPL,2024-07-10T14:30:00+00:00,229.3000030517578,233.0800018310547,229.25,232.97999572753906,230.78012084960938,62627700
AAPL,2024-07-11T14:30:00+00:00,231.38999938964844,232.38999938964844,225.77000427246094,227.57000732421875,225.42120361328125,64710600
AAPL,2024-07-12T14:30:00+00:00,228.9199981689453,232.63999938964844,228.67999267578125,230.5399932861328,228.3631591796875,53046500
AAPL,2024-07-15T14:30:00+00:00,236.47999572753906,237.22999572753906,233.08999633789062,234.39999389648438,232.18670654296875,62631300
AAPL,2024-07-16T14:30:00+00:00,235.0,236.27000427246094,232.3300018310547,234.82000732421875,232.60275268554688,43234300
AAPL,2024-07-17T14:30:00+00:00,229.4499969482422,231.4600067138672,226.63999938964844,228.8800048828125,226.71885681152344,57345900
AAPL,2024-07-18T14:30:00+00:00,230.27999877929688,230.44000244140625,222.27000427246094,224.17999267578125,222.06321716308594,66034600
AAPL,2024-07-19T14:30:00+00:00,224.82000732421875,226.8000030517578,223.27999877929688,224.30999755859375,222.19198608398438,49151500
AAPL,2024-07-22T14:30:00+00:00,227.00999450683594,227.77999877929688,223.08999633789062,223.9600067138672,221.84530639648438,48201800
AAPL,2024-07-23T14:30:00+00:00,224.3699951171875,226.94000244140625,222.67999267578125,225.00999450683594,222.8853759765625,39960300
AAPL,2024-07-24T14:30:00+00:00,224.0,224.8000030517578,217.1300048828125,218.5399932861328,216.47645568847656,61777600
AAPL,2024-07-25T14:30:00+00:00,218.92999267578125,220.85000610351562,214.6199951171875,217.49000549316406,215.43638610839844,51391200
AAPL,2024-07-26T14:30:00+00:00,218.6999969482422,219.49000549316406,216.00999450683594,217.9600067138672,215.90191650390625,41601300
AAPL,2024-07-29T14:30:00+00:00,216.9600067138672,219.3000030517578,215.75,218.24000549316406,216.17930603027344,36311800
AAPL,2024-07-30T14:30:00+00:00,219.19000244140625,220.3300018310547,216.1199951171875,218.8000030517578,216.7340087890625,41643800
AAPL,2024-07-31T14:30:00+00:00,221.44000244140625,223.82000732421875,220.6300048828125,222.0800018310547,219.9830322265625,50036300
AAPL,2024-08-01T14:30:00+00:00,224.3699951171875,224.47999572753906,217.02000427246094,218.36000061035156,216.2981719970703,62501000
AAPL,2024-08-02T14:30:00+00:00,219.14999389648438,225.60000610351562,217.7100067138672,219.86000061035156,217.78399658203125,105568600
AAPL,2024-08-05T14:30:00+00:00,199.08999633789062,213.5,196.0,209.27000427246094,207.29400634765625,119548600
AAPL,2024-08-06T14:30:00+00:00,205.3000030517578,209.99000549316406,201.07000732421875,207.22999572753906,205.27325439453125,69660500
AAPL,2024-08-07T14:30:00+00:00,206.89999389648438,213.63999938964844,206.38999938964844,209.82000732421875,207.8388214111328,63516400
AAPL,2024-08-08T14:30:00+00:00,213.11000061035156,214.1999969482422,208.8300018310547,213.30999755859375,211.2958526611328,47161100
AAPL,2024-08-09T14:30:00+00:00,212.10000610351562,216.77999877929688,211.97000122070312,216.24000549316406,214.1981658935547,42201600
AAPL,2024-08-12T14:30:00+00:00,216.07000732421875,219.50999450683594,215.60000610351562,217.52999877929688,215.72543334960938,38028100
AAPL,2024-08-13T14:30:00+00:00,219.00999450683594,221.88999938964844,219.00999450683594,221.27000427246094,219.43438720703125,44155300
AAPL,2024-08-14T14:30:00+00:00,220.57000732421875,223.02999877929688,219.6999969482422,221.72000122070312,219.8806610107422,41960600
AAPL,2024-08-15T14:30:00+00:00,224.60000610351562,225.35000610351562,222.75999450683594,224.72000122070312,222.85577392578125,46414000
AAPL,2024-08-16T14:30:00+00:00,223.9199981689453,226.8300018310547,223.64999389648438,226.0500030517578,224.1747283935547,44340200
AAPL,2024-08-19T14:30:00+00:00,225.72000122070312,225.99000549316406,223.0399932861328,225.88999938964844,224.01605224609375,40687800
AAPL,2024-08-20T14:30:00+00:00,225.77000427246094,227.1699981689453,225.4499969482422,226.50999450683594,224.6309051513672,30299000
AAPL,2024-08-21T14:30:00+00:00,226.52000427246094,227.97999572753906,225.0500030517578,226.39999389648438,224.52183532714844,34765500
AAPL,2024-08-22T14:30:00+00:00,227.7899932861328,228.33999633789062,223.89999389648438,224.52999877929688,222.6673583984375,43695300
AAPL,2024-08-23T14:30:00+00:00,225.66000366210938,228.22000122070312,224.3300018310547,226.83999633789062,224.9581756591797,38677300
AAPL,2024-08-26T14:30:00+00:00,226.75999450683594,227.27999877929688,223.88999938964844,227.17999267578125,225.2953643798828,30602200
AAPL,2024-08-27T14:30:00+00:00,226.0,228.85000610351562,224.88999938964844,228.02999877929688,226.1383056640625,35934600
AAPL,2024-08-28T14:30:00+00:00,227.9199981689453,229.86000061035156,225.67999267578125,226.49000549316406,224.611083984375,38052200
AAPL,2024-08-29T14:30:00+00:00,230.10000610351562,232.9199981689453,228.8800048828125,229.7899932861328,227.88368225097656,51906300
AAPL,2024-08-30T14:30:00+00:00,230.19000244140625,230.39999389648438,227.47999572753906,229.0,227.1002655029297,52990800
AAPL,2024-09-03T14:30:00+00:00,228.5500030517578,229.0,221.1699981689453,222.77000427246094,220.9219512939453,50190600
AAPL,2024-09-04T14:30:00+00:00,221.66000366210938,221.77999877929688,217.47999572753906,220.85000610351562,219.01788330078125,43840200
AAPL,2024-09-05T14:30:00+00:00,221.6300048828125,225.47999572753906,221.52000427246094,222.3800048828125,220.53517150878906,36615400
AAPL,2024-09-06T14:30:00+00:00,223.9499969482422,225.24000549316406,219.77000427246094,220.82000732421875,218.98812866210938,48423000
AAPL,2024-09-09T14:30:00+00:00,220.82000732421875,221.27000427246094,216.7100067138672,220.91000366210938,219.077392578125,67180000
AAPL,2024-09-10T14:30:00+00:00,218.9199981689453,221.47999572753906,216.72999572753906,220.11000061035156,218.2840118408203,51591000
AAPL,2024-09-11T14:30:00+00:00,221.4600067138672,223.08999633789062,217.88999938964844,222.66000366210938,220.81283569335938,44587100
AAPL,2024-09-12T14:30:00+00:00,222.5,223.5500030517578,219.82000732421875,222.77000427246094,220.9219512939453,37455600
AAPL,2024-09-13T14:30:00+00:00,223.5800018310547,224.0399932861328,221.91000366210938,222.5,220.65419006347656,36766600
AAPL,2024-09-16T14:30:00+00:00,216.5399932861328,217.22000122070312,213.9199981689453,216.32000732421875,214.5254364013672,59357400
AAPL,2024-09-17T14:30:00+00:00,215.75,216.89999389648438,214.5,216.7899932861328,214.9915313720703,45519300
AAPL,2024-09-18T14:30:00+00:00,217.5500030517578,222.7100067138672,217.5399932861328,220.69000244140625,218.85919189453125,59894900
AAPL,2024-09-19T14:30:00+00:00,224.99000549316406,229.82000732421875,224.6300048828125,228.8699951171875,226.9713134765625,66781300
AAPL,2024-09-20T14:30:00+00:00,229.97000122070312,233.08999633789062,227.6199951171875,228.1999969482422,226.30690002441406,318679900
AAPL,2024-09-23T14:30:00+00:00,227.33999633789062,229.4499969482422,225.80999755859375,226.47000122070312,224.5912628173828,54146000
AAPL,2024-09-24T14:30:00+00:00,228.64999389648438,229.35000610351562,225.72999572753906,227.3699951171875,225.48377990722656,43556100
AAPL,2024-09-25T14:30:00+00:00,224.92999267578125,227.2899932861328,224.02000427246094,226.3699951171875,224.4920654296875,42308700
AAPL,2024-09-26T14:30:00+00:00,227.3000030517578,228.5,225.41000366210938,227.52000427246094,225.63253784179688,36636700
AAPL,2024-09-27T14:30:00+00:00,228.4600067138672,229.52000427246094,227.3000030517578,227.7899932861328,225.9003143310547,34026000
AAPL,2024-09-30T14:30:00+00:00,230.0399932861328,233.0,229.64999389648438,233.0,231.0670623779297,54541900
AAPL,2024-10-01T14:30:00+00:00,229.52000427246094,229.64999389648438,223.74000549316406,226.2100067138672,224.33340454101562,63285000
AAPL,2024-10-02T14:30:00+00:00,225.88999938964844,227.3699951171875,223.02000427246094,226.77999877929688,224.898681640625,32880600
AAPL,2024-10-03T14:30:00+00:00,225.13999938964844,226.80999755859375,223.32000732421875,225.6699981689453,223.7978973388672,34044200
AAPL,2024-10-04T14:30:00+00:00,227.89999389648438,228.0,224.1300048828125,226.8000030517578,224.91851806640625,37245100
AAPL,2024-10-07T14:30:00+00:00,224.5,225.69000244140625,221.3300018310547,221.69000244140625,219.8509063720703,39505400
AAPL,2024-10-08T14:30:00+00:00,224.3000030517578,225.97999572753906,223.25,225.77000427246094,223.89706420898438,31855700
AAPL,2024-10-09T14:30:00+00:00,225.22999572753906,229.75,224.8300018310547,229.5399932861328,227.63577270507812,33591100
AAPL,2024-10-10T14:30:00+00:00,227.77999877929688,229.5,227.1699981689453,229.0399932861328,227.13992309570312,28183500
AAPL,2024-10-11T14:30:00+00:00,229.3000030517578,229.41000366210938,227.33999633789062,227.5500030517578,225.6623077392578,31759200
AAPL,2024-10-14T14:30:00+00:00,228.6999969482422,231.72999572753906,228.60000610351562,231.3000030517578,229.38116455078125,39882100
AAPL,2024-10-15T14:30:00+00:00,233.61000061035156,237.49000549316406,232.3699951171875,233.85000610351562,231.9100341796875,64751400
AAPL,2024-10-16T14:30:00+00:00,231.60000610351562,232.1199951171875,229.83999633789062,231.77999877929688,229.85719299316406,34082200
AAPL,2024-10-17T14:30:00+00:00,233.42999267578125,233.85000610351562,230.52000427246094,232.14999389648438,230.22410583496094,32993800
AAPL,2024-10-18T14:30:00+00:00,236.17999267578125,236.17999267578125,234.00999450683594,235.0,233.05047607421875,46431500
AAPL,2024-10-21T14:30:00+00:00,234.4499969482422,236.85000610351562,234.4499969482422,236.47999572753906,234.51820373535156,36254500
AAPL,2024-10-22T14:30:00+00:00,233.88999938964844,236.22000122070312,232.60000610351562,235.86000061035156,233.90333557128906,38846600
AAPL,2024-10-23T14:30:00+00:00,234.0800018310547,235.13999938964844,227.75999450683594,230.75999450683594,228.8456573486328,52287000
AAPL,2024-10-24T14:30:00+00:00,229.97999572753906,230.82000732421875,228.41000366210938,230.57000732421875,228.65724182128906,31109500
AAPL,2024-10-25T14:30:00+00:00,229.74000549316406,233.22000122070312,229.57000732421875,231.41000366210938,229.49026489257812,38802300
AAPL,2024-10-28T14:30:00+00:00,233.32000732421875,234.72999572753906,232.5500030517578,233.39999389648438,231.46376037597656,36087100
AAPL,2024-10-29T14:30:00+00:00,233.10000610351562,234.3300018310547,232.32000732421875,233.6699981689453,231.73150634765625,35417200
AAPL,2024-10-30T14:30:00+00:00,232.61000061035156,233.47000122070312,229.5500030517578,230.10000610351562,228.19114685058594,47070900
AAPL,2024-10-31T14:30:00+00:00,229.33999633789062,229.8300018310547,225.3699951171875,225.91000366210938,224.03587341308594,64370100
AAPL,2024-11-01T14:30:00+00:00,220.97000122070312,225.35000610351562,220.27000427246094,222.91000366210938,221.06077575683594,65276700
AAPL,2024-11-04T14:30:00+00:00,220.99000549316406,222.7899932861328,219.7100067138672,222.00999450683594,220.1682586669922,44944500
AAPL,2024-11-05T14:30:00+00:00,221.8000030517578,223.9499969482422,221.13999938964844,223.4499969482422,221.5963134765625,28111300
AAPL,2024-11-06T14:30:00+00:00,222.61000061035156,226.07000732421875,221.19000244140625,222.72000122070312,220.87234497070312,54561100
AAPL,2024-11-07T14:30:00+00:00,224.6300048828125,227.8800048828125,224.57000732421875,227.47999572753906,225.5928955078125,42137700
AAPL,2024-11-08T14:30:00+00:00,227.1699981689453,228.66000366210938,226.41000366210938,226.9600067138672,225.32481384277344,38328800
AAPL,2024-11-11T14:30:00+00:00,225.0,225.6999969482422,221.5,224.22999572753906,222.61447143554688,42005600
AAPL,2024-11-12T14:30:00+00:00,224.5500030517578,225.58999633789062,223.36000061035156,224.22999572753906,222.61447143554688,40398300
AAPL,2024-11-13T14:30:00+00:00,224.00999450683594,226.64999389648438,222.75999450683594,225.1199951171875,223.49807739257812,48566200
AAPL,2024-11-14T14:30:00+00:00,225.02000427246094,228.8699951171875,225.0,228.22000122070312,226.57574462890625,44923900
AAPL,2024-11-15T14:30:00+00:00,226.39999389648438,226.9199981689453,224.27000427246094,225.0,223.3789520263672,47923700
AAPL,2024-11-18T14:30:00+00:00,225.25,229.74000549316406,225.1699981689453,228.02000427246094,226.37718200683594,44633700
AAPL,2024-11-19T14:30:00+00:00,226.97999572753906,230.16000366210938,226.66000366210938,228.27999877929688,226.6352996826172,36211800
AAPL,2024-11-20T14:30:00+00:00,228.05999755859375,229.92999267578125,225.88999938964844,229.0,227.35012817382812,35169600
AAPL,2024-11-21T14:30:00+00:00,228.8800048828125,230.16000366210938,225.7100067138672,228.52000427246094,226.8735809326172,42108300
AAPL,2024-11-22T14:30:00+00:00,228.05999755859375,230.72000122070312,228.05999755859375,229.8699951171875,228.2138671875,38168300
AAPL,2024-11-25T14:30:00+00:00,231.4600067138672,233.25,229.74000549316406,232.8699951171875,231.1922149658203,90152800
AAPL,2024-11-26T14:30:00+00:00,233.3300018310547,235.57000732421875,233.3300018310547,235.05999755859375,233.36647033691406,45986200
AAPL,2024-11-27T14:30:00+00:00,234.47000122070312,235.69000244140625,233.80999755859375,234.92999267578125,233.23736572265625,33498400
AAPL,2024-11-29T14:30:00+00:00,234.80999755859375,237.80999755859375,233.97000122070312,237.3300018310547,235.62008666992188,28481400
AAPL,2024-12-02T14:30:00+00:00,237.27000427246094,240.7899932861328,237.16000366210938,239.58999633789062,237.86383056640625,48137100
AAPL,2024-12-03T14:30:00+00:00,239.80999755859375,242.75999450683594,238.89999389648438,242.64999389648438,240.9017791748047,38861000
AAPL,2024-12-04T14:30:00+00:00,242.8699951171875,244.11000061035156,241.25,243.00999450683594,241.25918579101562,44383900
AAPL,2024-12-05T14:30:00+00:00,243.99000549316406,244.5399932861328,242.1300048828125,243.0399932861328,241.28897094726562,40033900
AAPL,2024-12-06T14:30:00+00:00,242.91000366210938,244.6300048828125,242.0800018310547,242.83999633789062,241.0904083251953,36870600
AAPL,2024-12-09T14:30:00+00:00,241.8300018310547,247.24000549316406,241.75,246.75,244.97222900390625,44649200
AAPL,2024-12-10T14:30:00+00:00,246.88999938964844,248.2100067138672,245.33999633789062,247.77000427246094,245.98489379882812,36914800
AAPL,2024-12-11T14:30:00+00:00,247.9600067138672,250.8000030517578,246.25999450683594,246.49000549316406,244.714111328125,45205800
AAPL,2024-12-12T14:30:00+00:00,246.88999938964844,248.74000549316406,245.67999267578125,247.9600067138672,246.17352294921875,32777500
AAPL,2024-12-13T14:30:00+00:00,247.82000732421875,249.2899932861328,246.24000549316406,248.1300048828125,246.34228515625,33155300
AAPL,2024-12-16T14:30:00+00:00,247.99000549316406,251.3800048828125,247.64999389648438,251.0399932861328,249.23130798339844,51694800
AAPL,2024-12-17T14:30:00+00:00,250.0800018310547,253.8300018310547,249.77999877929688,253.47999572753906,251.65374755859375,51356400
AAPL,2024-12-18T14:30:00+00:00,252.16000366210938,254.27999877929688,247.74000549316406,248.0500030517578,246.2628631591797,56774100
AAPL,2024-12-19T14:30:00+00:00,247.5,252.0,247.08999633789062,249.7899932861328,247.99032592773438,60882300
AAPL,2024-12-20T14:30:00+00:00,248.0399932861328,255.0,245.69000244140625,254.49000549316406,252.656494140625,147495300
AAPL,2024-12-23T14:30:00+00:00,254.77000427246094,255.64999389648438,253.4499969482422,255.27000427246094,253.43084716796875,40858800
AAPL,2024-12-24T14:30:00+00:00,255.49000549316406,258.2099914550781,255.2899932861328,258.20001220703125,256.3397216796875,23234700
AAPL,2024-12-26T14:30:00+00:00,258.19000244140625,260.1000061035156,257.6300048828125,259.0199890136719,257.15380859375,27237100
AAPL,2024-12-27T14:30:00+00:00,257.8299865722656,258.70001220703125,253.05999755859375,255.58999633789062,253.74853515625,42355300
AAPL,2024-12-30T14:30:00+00:00,252.22999572753906,253.5,250.75,252.1999969482422,250.38296508789062,35557500
AAPL,2024-12-31T14:30:00+00:00,252.44000244140625,253.27999877929688,249.42999267578125,250.4199981689453,248.61578369140625,39480700
AAPL,2025-01-02T14:30:00+00:00,248.92999267578125,249.10000610351562,241.82000732421875,243.85000610351562,242.09312438964844,55740700
AAPL,2025-01-03T14:30:00+00:00,243.36000061035156,244.17999267578125,241.88999938964844,243.36000061035156,241.60667419433594,40244100
AAPL,2025-01-06T14:30:00+00:00,244.30999755859375,247.3300018310547,243.1999969482422,245.0,243.23484802246094,45045600
AAPL,2025-01-07T14:30:00+00:00,242.97999572753906,245.5500030517578,241.35000610351562,242.2100067138672,240.46495056152344,40856000
AAPL,2025-01-08T14:30:00+00:00,241.9199981689453,243.7100067138672,240.0500030517578,242.6999969482422,240.95140075683594,37628900
AAPL,2025-01-10T14:30:00+00:00,240.00999450683594,240.16000366210938,233.0,236.85000610351562,235.1435546875,61710900
AAPL,2025-01-13T14:30:00+00:00,233.52999877929688,234.6699981689453,229.72000122070312,234.39999389648438,232.7112274169922,49630700
AAPL,2025-01-14T14:30:00+00:00,234.75,236.1199951171875,232.47000122070312,233.27999877929688,231.59927368164062,39435300
AAPL,2025-01-15T14:30:00+00:00,234.63999938964844,238.9600067138672,234.42999267578125,237.8699951171875,236.15621948242188,39832000
AAPL,2025-01-16T14:30:00+00:00,237.35000610351562,238.00999450683594,228.02999877929688,228.25999450683594,226.61544799804688,71759100
AAPL,2025-01-17T14:30:00+00:00,232.1199951171875,232.2899932861328,228.47999572753906,229.97999572753906,228.3230438232422,68488300
AAPL,2025-01-21T14:30:00+00:00,224.0,224.4199981689453,219.3800048828125,222.63999938964844,221.0359344482422,98070400
AAPL,2025-01-22T14:30:00+00:00,219.7899932861328,224.1199951171875,219.7899932861328,223.8300018310547,222.2173614501953,64126500
AAPL,2025-01-23T14:30:00+00:00,224.74000549316406,227.02999877929688,222.3000030517578,223.66000366210938,222.048583984375,60234800
AAPL,2025-01-24T14:30:00+00:00,224.77999877929688,225.6300048828125,221.41000366210938,222.77999877929688,221.1749267578125,54697900
AAPL,2025-01-27T14:30:00+00:00,224.02000427246094,232.14999389648438,223.97999572753906,229.86000061035156,228.20391845703125,94863400
AAPL,2025-01-28T14:30:00+00:00,230.85000610351562,240.19000244140625,230.80999755859375,238.25999450683594,236.54339599609375,75707600
AAPL,2025-01-29T14:30:00+00:00,234.1199951171875,239.86000061035156,234.00999450683594,239.36000061035156,237.63548278808594,45486100
AAPL,2025-01-30T14:30:00+00:00,238.6699981689453,240.7899932861328,237.2100067138672,237.58999633789062,235.8782196044922,55658300
AAPL,2025-01-31T14:30:00+00:00,247.19000244140625,247.19000244140625,233.44000244140625,236.0,234.29966735839844,100959800
AAPL,2025-02-03T14:30:00+00:00,229.99000549316406,231.8300018310547,225.6999969482422,228.00999450683594,226.3672332763672,73063300
AAPL,2025-02-04T14:30:00+00:00,227.25,233.1300048828125,226.64999389648438,232.8000030517578,231.1227264404297,45067300
AAPL,2025-02-05T14:30:00+00:00,228.52999877929688,232.6699981689453,228.27000427246094,232.47000122070312,230.79513549804688,39620300
AAPL,2025-02-06T14:30:00+00:00,231.2899932861328,233.8000030517578,230.42999267578125,233.22000122070312,231.53970336914062,29925300
AAPL,2025-02-07T14:30:00+00:00,232.60000610351562,234.0,227.25999450683594,227.6300048828125,225.989990234375,39707200
AAPL,2025-02-10T14:30:00+00:00,229.57000732421875,230.58999633789062,227.1999969482422,227.64999389648438,226.25833129882812,33115600
AAPL,2025-02-11T14:30:00+00:00,228.1999969482422,235.22999572753906,228.1300048828125,232.6199951171875,231.19796752929688,53718400
AAPL,2025-02-12T14:30:00+00:00,231.1999969482422,236.9600067138672,230.67999267578125,236.8699951171875,235.42196655273438,45243300
AAPL,2025-02-13T14:30:00+00:00,236.91000366210938,242.33999633789062,235.57000732421875,241.52999877929688,240.05349731445312,53614100
AAPL,2025-02-14T14:30:00+00:00,241.25,245.5500030517578,240.99000549316406,244.60000610351562,243.10472106933594,40896200
AAPL,2025-02-18T14:30:00+00:00,244.14999389648438,245.17999267578125,241.83999633789062,244.47000122070312,242.97552490234375,48822500
AAPL,2025-02-19T14:30:00+00:00,244.66000366210938,246.00999450683594,243.16000366210938,244.8699951171875,243.37306213378906,32204200
AAPL,2025-02-20T14:30:00+00:00,244.94000244140625,246.77999877929688,244.2899932861328,245.8300018310547,244.3271942138672,32316900
AAPL,2025-02-21T14:30:00+00:00,245.9499969482422,248.69000244140625,245.22000122070312,245.5500030517578,244.04891967773438,53197400
AAPL,2025-02-24T14:30:00+00:00,244.92999267578125,248.86000061035156,244.4199981689453,247.10000610351562,245.58944702148438,51326400
AAPL,2025-02-25T14:30:00+00:00,248.0,250.0,244.91000366210938,247.0399932861328,245.52980041503906,48013300
AAPL,2025-02-26T14:30:00+00:00,244.3300018310547,244.97999572753906,239.1300048828125,240.36000061035156,238.89065551757812,44433600
AAPL,2025-02-27T14:30:00+00:00,239.41000366210938,242.4600067138672,237.05999755859375,237.3000030517578,235.849365234375,41153600
AAPL,2025-02-28T14:30:00+00:00,236.9499969482422,242.08999633789062,230.1999969482422,241.83999633789062,240.36158752441406,56833400
AAPL,2025-03-03T14:30:00+00:00,241.7899932861328,244.02999877929688,236.11000061035156,238.02999877929688,236.57489013671875,47184000
AAPL,2025-03-04T14:30:00+00:00,237.7100067138672,240.07000732421875,234.67999267578125,235.92999267578125,234.48770141601562,53798100
AAPL,2025-03-05T14:30:00+00:00,235.4199981689453,236.5500030517578,229.22999572753906,235.74000549316406,234.29888916015625,47227600
AAPL,2025-03-06T14:30:00+00:00,234.44000244140625,237.86000061035156,233.16000366210938,235.3300018310547,233.89138793945312,45170400
AAPL,2025-03-07T14:30:00+00:00,235.11000061035156,241.3699951171875,234.75999450683594,239.07000732421875,237.60853576660156,46273600
AAPL,2025-03-10T14:30:00+00:00,235.5399932861328,236.16000366210938,224.22000122070312,227.47999572753906,226.0894012451172,72071200
AAPL,2025-03-11T14:30:00+00:00,223.80999755859375,225.83999633789062,217.4499969482422,220.83999633789062,219.48997497558594,76137400
AAPL,2025-03-12T14:30:00+00:00,220.13999938964844,221.75,214.91000366210938,216.97999572753906,215.653564453125,62547500
AAPL,2025-03-13T14:30:00+00:00,215.9499969482422,216.83999633789062,208.4199981689453,209.67999267578125,208.39817810058594,61368300
AAPL,2025-03-14T14:30:00+00:00,211.25,213.9499969482422,209.5800018310547,213.49000549316406,212.18492126464844,60107600
AAPL,2025-03-17T14:30:00+00:00,213.30999755859375,215.22000122070312,209.97000122070312,214.0,212.6917724609375,48073400
AAPL,2025-03-18T14:30:00+00:00,214.16000366210938,215.14999389648438,211.49000549316406,212.69000244140625,211.38980102539062,42432400
AAPL,2025-03-19T14:30:00+00:00,214.22000122070312,218.75999450683594,213.75,215.24000549316406,213.9241943359375,54385400
AAPL,2025-03-20T14:30:00+00:00,213.99000549316406,217.49000549316406,212.22000122070312,214.10000610351562,212.7911834716797,48862900
AAPL,2025-03-21T14:30:00+00:00,211.55999755859375,218.83999633789062,211.27999877929688,218.27000427246094,216.93568420410156,94127800
AAPL,2025-03-24T14:30:00+00:00,221.0,221.47999572753906,218.5800018310547,220.72999572753906,219.38063049316406,44299500
AAPL,2025-03-25T14:30:00+00:00,220.77000427246094,224.10000610351562,220.0800018310547,223.75,222.3821563720703,34493600
AAPL,2025-03-26T14:30:00+00:00,223.50999450683594,225.02000427246094,220.47000122070312,221.52999877929688,220.17575073242188,34466100
AAPL,2025-03-27T14:30:00+00:00,221.38999938964844,224.99000549316406,220.55999755859375,223.85000610351562,222.48158264160156,37094800
AAPL,2025-03-28T14:30:00+00:00,221.6699981689453,223.80999755859375,217.67999267578125,217.89999389648438,216.5679473876953,39818600
AAPL,2025-03-31T14:30:00+00:00,217.00999450683594,225.6199951171875,216.22999572753906,222.1300048828125,220.77207946777344,65299300
AAPL,2025-04-01T14:30:00+00:00,219.80999755859375,223.67999267578125,218.89999389648438,223.19000244140625,221.82562255859375,36412700
AAPL,2025-04-02T14:30:00+00:00,221.32000732421875,225.19000244140625,221.02000427246094,223.88999938964844,222.5213165283203,35905900
AAPL,2025-04-03T14:30:00+00:00,205.5399932861328,207.49000549316406,201.25,203.19000244140625,201.94784545898438,103419000
AAPL,2025-04-04T14:30:00+00:00,193.88999938964844,199.8800048828125,187.33999633789062,188.3800048828125,187.2283935546875,125910900
AAPL,2025-04-07T14:30:00+00:00,177.1999969482422,194.14999389648438,174.6199951171875,181.4600067138672,180.3507080078125,160466300
AAPL,2025-04-08T14:30:00+00:00,186.6999969482422,190.33999633789062,169.2100067138672,172.4199981689453,171.365966796875,120859500
AAPL,2025-04-09T14:30:00+00:00,171.9499969482422,200.61000061035156,171.88999938964844,198.85000610351562,197.63438415527344,184395900
AAPL,2025-04-10T14:30:00+00:00,189.07000732421875,194.77999877929688,183.0,190.4199981689453,189.25592041015625,121880000
AAPL,2025-04-11T14:30:00+00:00,186.10000610351562,199.5399932861328,186.05999755859375,198.14999389648438,196.9386749267578,87435900
AAPL,2025-04-14T14:30:00+00:00,211.44000244140625,212.94000244140625,201.16000366210938,202.52000427246094,201.28196716308594,101352900
AAPL,2025-04-15T14:30:00+00:00,201.86000061035156,203.50999450683594,199.8000030517578,202.13999938964844,200.90428161621094,51343900
AAPL,2025-04-16T14:30:00+00:00,198.36000061035156,200.6999969482422,192.3699951171875,194.27000427246094,193.0823974609375,59732400
AAPL,2025-04-17T14:30:00+00:00,197.1999969482422,198.8300018310547,194.4199981689453,196.97999572753906,195.77584838867188,52164700
AAPL,2025-04-21T14:30:00+00:00,193.27000427246094,193.8000030517578,189.80999755859375,193.16000366210938,191.97918701171875,46742500
AAPL,2025-04-22T14:30:00+00:00,196.1199951171875,201.58999633789062,195.97000122070312,199.74000549316406,198.5189666748047,52976400
AAPL,2025-04-23T14:30:00+00:00,206.0,208.0,202.8000030517578,204.60000610351562,203.3492431640625,52929200
AAPL,2025-04-24T14:30:00+00:00,204.88999938964844,208.8300018310547,202.94000244140625,208.3699951171875,207.09619140625,47311000
AAPL,2025-04-25T14:30:00+00:00,206.3699951171875,209.75,206.1999969482422,209.27999877929688,208.0006103515625,38222300
AAPL,2025-04-28T14:30:00+00:00,210.0,211.5,207.4600067138672,210.13999938964844,208.8553924560547,38743100
AAPL,2025-04-29T14:30:00+00:00,208.69000244140625,212.24000549316406,208.3699951171875,211.2100067138672,209.9188232421875,36827600
AAPL,2025-04-30T14:30:00+00:00,209.3000030517578,213.5800018310547,206.6699981689453,212.5,211.2009735107422,52286500
AAPL,2025-05-01T14:30:00+00:00,209.0800018310547,214.55999755859375,208.89999389648438,213.32000732421875,212.01596069335938,57365700
AAPL,2025-05-02T14:30:00+00:00,206.08999633789062,206.99000549316406,202.16000366210938,205.35000610351562,204.09466552734375,101010600
AAPL,2025-05-05T14:30:00+00:00,203.10000610351562,204.10000610351562,198.2100067138672,198.88999938964844,197.67416381835938,69018500
AAPL,2025-05-06T14:30:00+00:00,198.2100067138672,200.64999389648438,197.02000427246094,198.50999450683594,197.29647827148438,51216500
AAPL,2025-05-07T14:30:00+00:00,199.1699981689453,199.44000244140625,193.25,196.25,195.05027770996094,68536700
AAPL,2025-05-08T14:30:00+00:00,197.72000122070312,200.0500030517578,194.67999267578125,197.49000549316406,196.28269958496094,50478900
AAPL,2025-05-09T14:30:00+00:00,199.0,200.5399932861328,197.5399932861328,198.52999877929688,197.31634521484375,36453900
AAPL,2025-05-12T14:30:00+00:00,210.97000122070312,211.27000427246094,206.75,210.7899932861328,209.776123046875,63775800
AAPL,2025-05-13T14:30:00+00:00,210.42999267578125,213.39999389648438,209.0,212.92999267578125,211.90582275390625,51909300
AAPL,2025-05-14T14:30:00+00:00,212.42999267578125,213.94000244140625,210.5800018310547,212.3300018310547,211.3087158203125,49325800
AAPL,2025-05-15T14:30:00+00:00,210.9499969482422,212.9600067138672,209.5399932861328,211.4499969482422,210.43295288085938,45029500
AAPL,2025-05-16T14:30:00+00:00,212.36000061035156,212.57000732421875,209.77000427246094,211.25999450683594,210.24388122558594,54737900
AAPL,2025-05-19T14:30:00+00:00,207.91000366210938,209.47999572753906,204.25999450683594,208.77999877929688,207.7758026123047,46140500
AAPL,2025-05-20T14:30:00+00:00,207.6699981689453,208.47000122070312,205.02999877929688,206.86000061035156,205.8650360107422,42496600
AAPL,2025-05-21T14:30:00+00:00,205.1699981689453,207.0399932861328,200.7100067138672,202.08999633789062,201.11798095703125,59211800
AAPL,2025-05-22T14:30:00+00:00,200.7100067138672,202.75,199.6999969482422,201.36000061035156,200.39149475097656,46742400
AAPL,2025-05-23T14:30:00+00:00,193.6699981689453,197.6999969482422,193.4600067138672,195.27000427246094,194.33078002929688,78432900
AAPL,2025-05-27T14:30:00+00:00,198.3000030517578,200.74000549316406,197.42999267578125,200.2100067138672,199.24703979492188,56288500
AAPL,2025-05-28T14:30:00+00:00,200.58999633789062,202.72999572753906,199.89999389648438,200.4199981689453,199.4560089111328,45339700
AAPL,2025-05-29T14:30:00+00:00,203.5800018310547,203.80999755859375,198.50999450683594,199.9499969482422,198.98825073242188,51396800
AAPL,2025-05-30T14:30:00+00:00,199.3699951171875,201.9600067138672,196.77999877929688,200.85000610351562,199.88394165039062,70819900
AAPL,2025-06-02T14:30:00+00:00,200.27999877929688,202.1300048828125,200.1199951171875,201.6999969482422,200.72984313964844,35423300
AAPL,2025-06-03T14:30:00+00:00,201.35000610351562,203.77000427246094,200.9600067138672,203.27000427246094,202.2923126220703,46381600
AAPL,2025-06-04T14:30:00+00:00,202.91000366210938,206.24000549316406,202.10000610351562,202.82000732421875,201.84446716308594,43604000
AAPL,2025-06-05T14:30:00+00:00,203.5,204.75,200.14999389648438,200.6300048828125,199.66500854492188,55126100
AAPL,2025-06-06T14:30:00+00:00,203.0,205.6999969482422,202.0500030517578,203.9199981689453,202.93919372558594,46607700
AAPL,2025-06-09T14:30:00+00:00,204.38999938964844,206.0,200.02000427246094,201.4499969482422,200.48106384277344,72862600
AAPL,2025-06-10T14:30:00+00:00,200.60000610351562,204.35000610351562,200.57000732421875,202.6699981689453,201.69520568847656,54672600
AAPL,2025-06-11T14:30:00+00:00,203.5,204.5,198.41000366210938,198.77999877929688,197.8238983154297,60989900
AAPL,2025-06-12T14:30:00+00:00,199.0800018310547,199.67999267578125,197.36000061035156,199.1999969482422,198.24188232421875,43904600
AAPL,2025-06-13T14:30:00+00:00,199.72999572753906,200.3699951171875,195.6999969482422,196.4499969482422,195.50509643554688,51447300
AAPL,2025-06-16T14:30:00+00:00,197.3000030517578,198.69000244140625,196.55999755859375,198.4199981689453,197.46563720703125,43020700
AAPL,2025-06-17T14:30:00+00:00,197.1999969482422,198.38999938964844,195.2100067138672,195.63999938964844,194.69900512695312,38856200
AAPL,2025-06-18T14:30:00+00:00,195.94000244140625,197.57000732421875,195.07000732421875,196.5800018310547,195.63449096679688,45394700
AAPL,2025-06-20T14:30:00+00:00,198.24000549316406,201.6999969482422,196.86000061035156,201.0,200.03321838378906,96813500
AAPL,2025-06-23T14:30:00+00:00,201.6300048828125,202.3000030517578,198.9600067138672,201.5,200.53082275390625,55814300
AAPL,2025-06-24T14:30:00+00:00,202.58999633789062,203.44000244140625,200.1999969482422,200.3000030517578,199.3365936279297,54064000
AAPL,2025-06-25T14:30:00+00:00,201.4499969482422,203.6699981689453,200.6199951171875,201.55999755859375,200.59051513671875,39525700
AAPL,2025-06-26T14:30:00+00:00,201.42999267578125,202.63999938964844,199.4600067138672,201.0,200.03321838378906,50799100
AAPL,2025-06-27T14:30:00+00:00,201.88999938964844,203.22000122070312,200.0,201.0800018310547,200.11282348632812,73188600
AAPL,2025-06-30T14:30:00+00:00,202.00999450683594,207.38999938964844,199.25999450683594,205.1699981689453,204.1831512451172,91912800
AAPL,2025-07-01T14:30:00+00:00,206.6699981689453,210.19000244140625,206.13999938964844,207.82000732421875,206.82041931152344,78788900
AAPL,2025-07-02T14:30:00+00:00,208.91000366210938,213.33999633789062,208.13999938964844,212.44000244140625,211.41819763183594,67941800
AAPL,2025-07-03T14:30:00+00:00,212.14999389648438,214.64999389648438,211.80999755859375,213.5500030517578,212.52285766601562,34955800
AAPL,2025-07-07T14:30:00+00:00,212.67999267578125,216.22999572753906,208.8000030517578,209.9499969482422,208.94017028808594,50229000
AAPL,2025-07-08T14:30:00+00:00,210.10000610351562,211.42999267578125,208.4499969482422,210.00999450683594,208.9998779296875,42848900
AAPL,2025-07-09T14:30:00+00:00,209.52999877929688,211.3300018310547,207.22000122070312,211.13999938964844,210.12445068359375,48749400
AAPL,2025-07-10T14:30:00+00:00,210.50999450683594,213.47999572753906,210.02999877929688,212.41000366210938,211.38833618164062,44443600
AAPL,2025-07-11T14:30:00+00:00,210.57000732421875,212.1300048828125,209.86000061035156,211.16000366210938,210.14434814453125,39765800
AAPL,2025-07-14T14:30:00+00:00,209.92999267578125,210.91000366210938,207.5399932861328,208.6199951171875,207.6165771484375,38840100
AAPL,2025-07-15T14:30:00+00:00,209.22000122070312,211.88999938964844,208.9199981689453,209.11000061035156,208.10421752929688,42296300
AAPL,2025-07-16T14:30:00+00:00,210.3000030517578,212.39999389648438,208.63999938964844,210.16000366210938,209.14918518066406,47490500
AAPL,2025-07-17T14:30:00+00:00,210.57000732421875,211.8000030517578,209.58999633789062,210.02000427246094,209.00985717773438,48068100
AAPL,2025-07-18T14:30:00+00:00,210.8699951171875,211.7899932861328,209.6999969482422,211.17999267578125,210.16424560546875,48974600
AAPL,2025-07-21T14:30:00+00:00,212.10000610351562,215.77999877929688,211.6300048828125,212.47999572753906,211.4580078125,51377400
AAPL,2025-07-22T14:30:00+00:00,213.13999938964844,214.9499969482422,212.22999572753906,214.39999389648438,213.3687744140625,46404100
AAPL,2025-07-23T14:30:00+00:00,215.0,215.14999389648438,212.41000366210938,214.14999389648438,213.11996459960938,46989300
AAPL,2025-07-24T14:30:00+00:00,213.89999389648438,215.69000244140625,213.52999877929688,213.75999450683594,212.73184204101562,46022600
AAPL,2025-07-25T14:30:00+00:00,214.6999969482422,215.24000549316406,213.39999389648438,213.8800048828125,212.8512725830078,40268800
AAPL,2025-07-28T14:30:00+00:00,214.02999877929688,214.85000610351562,213.05999755859375,214.0500030517578,213.0204620361328,37858000
AAPL,2025-07-29T14:30:00+00:00,214.17999267578125,214.80999755859375,210.82000732421875,211.27000427246094,210.25384521484375,51411700
AAPL,2025-07-30T14:30:00+00:00,211.89999389648438,212.38999938964844,207.72000122070312,209.0500030517578,208.0444793701172,45512500
AAPL,2025-07-31T14:30:00+00:00,208.49000549316406,209.83999633789062,207.16000366210938,207.57000732421875,206.57162475585938,80698400
AAPL,2025-08-01T14:30:00+00:00,210.8699951171875,213.5800018310547,201.5,202.3800048828125,201.40658569335938,104434500
AAPL,2025-08-04T14:30:00+00:00,204.50999450683594,207.8800048828125,201.67999267578125,203.35000610351562,202.37193298339844,75109300
AAPL,2025-08-05T14:30:00+00:00,203.39999389648438,205.33999633789062,202.16000366210938,202.9199981689453,201.94400024414062,44155100
AAPL,2025-08-06T14:30:00+00:00,205.6300048828125,215.3800048828125,205.58999633789062,213.25,212.22430419921875,108483100
AAPL,2025-08-07T14:30:00+00:00,218.8800048828125,220.85000610351562,216.5800018310547,220.02999877929688,218.97169494628906,90224800
AAPL,2025-08-08T14:30:00+00:00,220.8300018310547,231.0,219.25,229.35000610351562,228.2468719482422,113854000
AAPL,2025-08-11T14:30:00+00:00,227.9199981689453,229.55999755859375,224.75999450683594,227.17999267578125,226.34388732910156,61806100
AAPL,2025-08-12T14:30:00+00:00,228.00999450683594,230.8000030517578,227.07000732421875,229.64999389648438,228.80479431152344,55626200
AAPL,2025-08-13T14:30:00+00:00,231.07000732421875,235.0,230.42999267578125,233.3300018310547,232.47125244140625,69878500
AAPL,2025-08-14T14:30:00+00:00,234.05999755859375,235.1199951171875,230.85000610351562,232.77999877929688,231.92327880859375,51916300
AAPL,2025-08-15T14:30:00+00:00,234.0,234.27999877929688,229.33999633789062,231.58999633789062,230.73764038085938,56038700
AAPL,2025-08-18T14:30:00+00:00,231.6999969482422,233.1199951171875,230.11000061035156,230.88999938964844,230.04022216796875,37476200
AAPL,2025-08-19T14:30:00+00:00,231.27999877929688,232.8699951171875,229.35000610351562,230.55999755859375,229.71144104003906,39402600
AAPL,2025-08-20T14:30:00+00:00,229.97999572753906,230.47000122070312,225.77000427246094,226.00999450683594,225.17820739746094,42263900
AAPL,2025-08-21T14:30:00+00:00,226.27000427246094,226.52000427246094,223.77999877929688,224.89999389648438,224.07228088378906,30621200
AAPL,2025-08-22T14:30:00+00:00,226.1699981689453,229.08999633789062,225.41000366210938,227.75999450683594,226.92176818847656,42477800
AAPL,2025-08-25T14:30:00+00:00,226.47999572753906,229.3000030517578,226.22999572753906,227.16000366210938,226.323974609375,30983100
AAPL,2025-08-26T14:30:00+00:00,226.8699951171875,229.49000549316406,224.69000244140625,229.30999755859375,228.46604919433594,54575100
AAPL,2025-08-27T14:30:00+00:00,228.61000061035156,230.89999389648438,228.25999450683594,230.49000549316406,229.6417236328125,31259500
AAPL,2025-08-28T14:30:00+00:00,230.82000732421875,233.41000366210938,229.33999633789062,232.55999755859375,231.70408630371094,38074700
AAPL,2025-08-29T14:30:00+00:00,232.50999450683594,233.3800048828125,231.3699951171875,232.13999938964844,231.28562927246094,39418400
AAPL,2025-09-02T14:30:00+00:00,229.25,230.85000610351562,226.97000122070312,229.72000122070312,228.8745574951172,44075600
AAPL,2025-09-03T14:30:00+00:00,237.2100067138672,238.85000610351562,234.36000061035156,238.47000122070312,237.59234619140625,66427800
AAPL,2025-09-04T14:30:00+00:00,238.4499969482422,239.89999389648438,236.74000549316406,239.77999877929688,238.89752197265625,47549400
AAPL,2025-09-05T14:30:00+00:00,240.0,241.32000732421875,238.49000549316406,239.69000244140625,238.80784606933594,54870400
AAPL,2025-09-08T14:30:00+00:00,239.3000030517578,240.14999389648438,236.33999633789062,237.8800048828125,237.0045166015625,48999500
AAPL,2025-09-09T14:30:00+00:00,237.0,238.77999877929688,233.36000061035156,234.35000610351562,233.48751831054688,66313900
AAPL,2025-09-10T14:30:00+00:00,232.19000244140625,232.4199981689453,225.9499969482422,226.7899932861328,225.955322265625,83440800
AAPL,2025-09-11T14:30:00+00:00,226.8800048828125,230.4499969482422,226.64999389648438,230.02999877929688,229.18341064453125,50208600
AAPL,2025-09-12T14:30:00+00:00,229.22000122070312,234.50999450683594,229.02000427246094,234.07000732421875,233.2085418701172,55824200
AAPL,2025-09-15T14:30:00+00:00,237.0,238.19000244140625,235.02999877929688,236.6999969482422,235.828857421875,42699500
AAPL,2025-09-16T14:30:00+00:00,237.17999267578125,241.22000122070312,236.32000732421875,238.14999389648438,237.27349853515625,63421100
AAPL,2025-09-17T14:30:00+00:00,238.97000122070312,240.10000610351562,237.72999572753906,238.99000549316406,238.11044311523438,46508000
AAPL,2025-09-18T14:30:00+00:00,239.97000122070312,241.1999969482422,236.64999389648438,237.8800048828125,237.0045166015625,44249600
AAPL,2025-09-19T14:30:00+00:00,241.22999572753906,246.3000030517578,240.2100067138672,245.5,244.59646606445312,163741300
AAPL,2025-09-22T14:30:00+00:00,248.3000030517578,256.6400146484375,248.1199951171875,256.0799865722656,255.13751220703125,105517400
AAPL,2025-09-23T14:30:00+00:00,255.8800048828125,257.3399963378906,253.5800018310547,254.42999267578125,253.4936065673828,60275200
AAPL,2025-09-24T14:30:00+00:00,255.22000122070312,255.74000549316406,251.0399932861328,252.30999755859375,251.3813934326172,42303700
AAPL,2025-09-25T14:30:00+00:00,253.2100067138672,257.1700134277344,251.7100067138672,256.8699951171875,255.9246063232422,55202100
AAPL,2025-09-26T14:30:00+00:00,254.10000610351562,257.6000061035156,253.77999877929688,255.4600067138672,254.51980590820312,46076300
AAPL,2025-09-29T14:30:00+00:00,254.55999755859375,255.0,253.00999450683594,254.42999267578125,253.4936065673828,40127700
AAPL,2025-09-30T14:30:00+00:00,254.86000061035156,255.9199981689453,253.11000061035156,254.6300048828125,253.69285583496094,37704300
AAPL,2025-10-01T14:30:00+00:00,255.0399932861328,258.7900085449219,254.92999267578125,255.4499969482422,254.5098419189453,48713900
AAPL,2025-10-02T14:30:00+00:00,256.5799865722656,258.17999267578125,254.14999389648438,257.1300048828125,256.1836853027344,42630200
AAPL,2025-10-03T14:30:00+00:00,254.6699981689453,259.239990234375,253.9499969482422,258.0199890136719,257.07037353515625,49155600
AAPL,2025-10-06T14:30:00+00:00,257.989990234375,259.07000732421875,255.0500030517578,256.69000244140625,255.74526977539062,44664100
AAPL,2025-10-07T14:30:00+00:00,256.80999755859375,257.3999938964844,255.42999267578125,256.4800109863281,255.53607177734375,31955800
AAPL,2025-10-08T14:30:00+00:00,256.5199890136719,258.5199890136719,256.1099853515625,258.05999755859375,257.1102294921875,36496900
AAPL,2025-10-09T14:30:00+00:00,257.80999755859375,258.0,253.13999938964844,254.0399932861328,253.10504150390625,38322000
AAPL,2025-10-10T14:30:00+00:00,254.94000244140625,256.3800048828125,244.0,245.27000427246094,244.3673095703125,61999100
AAPL,2025-10-13T14:30:00+00:00,249.3800048828125,249.69000244140625,245.55999755859375,247.66000366210938,246.74851989746094,38142900
AAPL,2025-10-14T14:30:00+00:00,246.60000610351562,248.85000610351562,244.6999969482422,247.77000427246094,246.85812377929688,35478000
AAPL,2025-10-15T14:30:00+00:00,249.49000549316406,251.82000732421875,247.47000122070312,249.33999633789062,248.4223175048828,33893600
AAPL,2025-10-16T14:30:00+00:00,248.25,249.0399932861328,245.1300048828125,247.4499969482422,246.53929138183594,39777000
AAPL,2025-10-17T14:30:00+00:00,248.02000427246094,253.3800048828125,247.27000427246094,252.2899932861328,251.36148071289062,49147000
AAPL,2025-10-20T14:30:00+00:00,255.88999938964844,264.3800048828125,255.6300048828125,262.239990234375,261.27484130859375,90483000
AAPL,2025-10-21T14:30:00+00:00,261.8800048828125,265.2900085449219,261.8299865722656,262.7699890136719,261.8028564453125,46695900
AAPL,2025-10-22T14:30:00+00:00,262.6499938964844,262.8500061035156,255.42999267578125,258.45001220703125,257.498779296875,45015300
AAPL,2025-10-23T14:30:00+00:00,259.94000244140625,260.6199951171875,258.010009765625,259.5799865722656,258.6246032714844,32754900
AAPL,2025-10-24T14:30:00+00:00,261.19000244140625,264.1300048828125,259.17999267578125,262.82000732421875,261.8527526855469,38253700
AAPL,2025-10-27T14:30:00+00:00,264.8800048828125,269.1199951171875,264.6499938964844,268.80999755859375,267.8207092285156,44888200
AAPL,2025-10-28T14:30:00+00:00,268.989990234375,269.8900146484375,268.1499938964844,269.0,268.0099792480469,41534800
AAPL,2025-10-29T14:30:00+00:00,269.2799987792969,271.4100036621094,267.1099853515625,269.70001220703125,268.7074279785156,51086700
AAPL,2025-10-30T14:30:00+00:00,271.989990234375,274.1400146484375,268.4800109863281,271.3999938964844,270.4011535644531,69886500
AAPL,2025-10-31T14:30:00+00:00,276.989990234375,277.32000732421875,269.1600036621094,270.3699951171875,269.37493896484375,86167100
AAPL,2025-11-03T14:30:00+00:00,270.4200134277344,270.8500061035156,266.25,269.04998779296875,268.05975341796875,50194600
AAPL,2025-11-04T14:30:00+00:00,268.3299865722656,271.489990234375,267.6199951171875,270.0400085449219,269.0461730957031,49274800
AAPL,2025-11-05T14:30:00+00:00,268.6099853515625,271.70001220703125,266.92999267578125,270.1400146484375,269.14581298828125,43683100
AAPL,2025-11-06T14:30:00+00:00,267.8900146484375,273.3999938964844,267.8900146484375,269.7699890136719,268.7771301269531,51204000
AAPL,2025-11-07T14:30:00+00:00,269.79998779296875,272.2900085449219,266.7699890136719,268.4700012207031,267.48193359375,48227400
AAPL,2025-11-10T14:30:00+00:00,268.9599914550781,273.7300109863281,267.4599914550781,269.42999267578125,268.6986083984375,41312400
AAPL,2025-11-11T14:30:00+00:00,269.80999755859375,275.9100036621094,269.79998779296875,275.25,274.5028381347656,46208300
AAPL,2025-11-12T14:30:00+00:00,275.0,275.7300109863281,271.70001220703125,273.4700012207031,272.7276306152344,48398000
AAPL,2025-11-13T14:30:00+00:00,274.1099853515625,276.70001220703125,272.0899963378906,272.95001220703125,272.2090759277344,49602800
AAPL,2025-11-14T14:30:00+00:00,271.04998779296875,275.9599914550781,269.6000061035156,272.4100036621094,271.6705322265625,47431300
AAPL,2025-11-17T14:30:00+00:00,268.82000732421875,270.489990234375,265.7300109863281,267.4599914550781,266.73394775390625,45018300
AAPL,2025-11-18T14:30:00+00:00,269.989990234375,270.7099914550781,265.32000732421875,267.44000244140625,266.7140197753906,45677300
AAPL,2025-11-19T14:30:00+00:00,265.5299987792969,272.2099914550781,265.5,268.55999755859375,267.8309631347656,40424500
AAPL,2025-11-20T14:30:00+00:00,270.8299865722656,275.42999267578125,265.9200134277344,266.25,265.5272521972656,45823600
AAPL,2025-11-21T14:30:00+00:00,265.95001220703125,273.3299865722656,265.6700134277344,271.489990234375,270.7530212402344,59030800
AAPL,2025-11-24T14:30:00+00:00,270.8999938964844,277.0,270.8999938964844,275.9200134277344,275.1710205078125,65585800
AAPL,2025-11-25T14:30:00+00:00,275.2699890136719,280.3800048828125,275.25,276.9700012207031,276.2181396484375,46914200
AAPL,2025-11-26T14:30:00+00:00,276.9599914550781,279.5299987792969,276.6300048828125,277.54998779296875,276.79656982421875,33431400
AAPL,2025-11-28T14:30:00+00:00,277.260009765625,279.0,275.989990234375,278.8500061035156,278.093017578125,20135600
AAPL,2025-12-01T14:30:00+00:00,278.010009765625,283.4200134277344,276.1400146484375,283.1000061035156,282.33148193359375,46587700
AAPL,2025-12-02T14:30:00+00:00,283.0,287.3999938964844,282.6300048828125,286.19000244140625,285.4131164550781,53669500
AAPL,2025-12-03T14:30:00+00:00,286.20001220703125,288.6199951171875,283.29998779296875,284.1499938964844,283.378662109375,43538700
AAPL,2025-12-04T14:30:00+00:00,284.1000061035156,284.7300109863281,278.5899963378906,280.70001220703125,279.93804931640625,43989100
AAPL,2025-12-05T14:30:00+00:00,280.5400085449219,281.1400146484375,278.04998779296875,278.7799987792969,278.02325439453125,47265800
AAPL,2025-12-08T14:30:00+00:00,278.1300048828125,279.6700134277344,276.1499938964844,277.8900146484375,277.1356506347656,38211800
AAPL,2025-12-09T14:30:00+00:00,278.1600036621094,280.0299987792969,276.9200134277344,277.17999267578125,276.4275817871094,32193300
AAPL,2025-12-10T14:30:00+00:00,277.75,279.75,276.44000244140625,278.7799987792969,278.02325439453125,33038300
AAPL,2025-12-11T14:30:00+00:00,279.1000061035156,279.5899963378906,273.80999755859375,278.0299987792969,277.2752380371094,33248000
AAPL,2025-12-12T14:30:00+00:00,277.8999938964844,279.2200012207031,276.82000732421875,278.2799987792969,277.52459716796875,39532900
AAPL,2025-12-15T14:30:00+00:00,280.1499938964844,280.1499938964844,272.8399963378906,274.1099853515625,273.3658752441406,50409100
AAPL,2025-12-16T14:30:00+00:00,272.82000732421875,275.5,271.7900085449219,274.6099853515625,273.8645324707031,37648600
AAPL,2025-12-17T14:30:00+00:00,275.010009765625,276.1600036621094,271.6400146484375,271.8399963378906,271.10205078125,50138700
AAPL,2025-12-18T14:30:00+00:00,273.6099853515625,273.6300048828125,266.95001220703125,272.19000244140625,271.45111083984375,51630700
AAPL,2025-12-19T14:30:00+00:00,272.1499938964844,274.6000061035156,269.8999938964844,273.6700134277344,272.9271240234375,144632000
AAPL,2025-12-22T14:30:00+00:00,272.8599853515625,273.8800048828125,270.510009765625,270.9700012207031,270.2344665527344,36571800
AAPL,2025-12-23T14:30:00+00:00,270.8399963378906,272.5,269.55999755859375,272.3599853515625,271.62066650390625,29642000
AAPL,2025-12-24T14:30:00+00:00,272.3399963378906,275.42999267578125,272.20001220703125,273.80999755859375,273.0667419433594,17910600
AAPL,2025-12-26T14:30:00+00:00,274.1600036621094,275.3699951171875,272.8599853515625,273.3999938964844,272.6578063964844,21521800
AAPL,2025-12-29T14:30:00+00:00,272.69000244140625,274.3599853515625,272.3500061035156,273.760009765625,273.0168762207031,23715200
AAPL,2025-12-30T14:30:00+00:00,272.80999755859375,274.0799865722656,272.2799987792969,273.0799865722656,272.33868408203125,22139600
AAPL,2025-12-31T14:30:00+00:00,273.05999755859375,273.67999267578125,271.75,271.8599853515625,271.12200927734375,27293600
